{"0.050102903486162934": [0], "0.048168745317039546": [388], "0.047146513602028754": [133], "0.04845048326161943": [136], "0.05066042379244932": [9], "0.04520716257784951": [268], "0.04733555373832075": [13], "0.04679468530420595": [148], "0.05017583261733457": [149], "0.045261101298939996": [408], "0.04802745382117786": [26], "0.05018757610612258": [27], "0.04335400115646049": [416], "0.04967172001751516": [34], "0.05019953569684477": [35], "0.049813710715519995": [49], "0.049384299547723116": [182], "0.04965249683866317": [55], "0.05023281481993833": [56], "0.05052625644208777": [58], "0.043623808306890714": [443], "0.04577757384280911": [316], "0.0492277987772477": [62], "0.039547908490351405": [449], "0.047636546953478714": [67], "0.041382518930120495": [328], "0.04762384451235774": [203], "0.04828415643404844": [77], "0.047443428619866654": [79], "0.04946744080144426": [209], "0.043985468263883394": [101], "0.05007141592897919": [105], "0.04436604802164238": [236], "0.04610745846796152": [367], "0.04825720456334514": [112], "0.046258228598344636": [113], "0.04732237997121347": [368], "0.04848161593201707": [116], "0.045156717306839844": [373], "0.04942999857287923": [3], "0.04992799051108876": [4], "0.05008693271158356": [5], "0.050711020725094445": [8], "0.04998090955912433": [10], "0.04977248781349813": [16], "0.0484633960976691": [19], "0.050468379617820136": [20], "0.050444991017179135": [28], "0.04976615979683269": [40], "0.04690731318009247": [43], "0.04935421447461421": [44], "0.04980077932387172": [53], "0.05070638442523448": [54], "0.05016178504879704": [57], "0.0451590135746949": [59], "0.04789244187941891": [68], "0.05022460372794158": [78], "0.047409919691134665": [80], "0.04954185573364631": [81], "0.04712318122416237": [82], "0.04864137548407754": [83], "0.04944825742128163": [92], "0.0481290851995431": [93], "0.04827165339043772": [100], "0.04972895480992753": [102], "0.049094351518172964": [104], "0.050073505247408355": [111], "0.047045230100417605": [117], "0.04049972219420197": [119], "0.04816857670666272": [128], "0.048181049530081795": [131], "0.04473308244770842": [141], "0.046754298669559984": [142], "0.0459993989262604": [153], "0.0431709630766098": [157], "0.050852207703195484": [170], "0.047548055184759186": [173], "0.050017548310536945": [191], "0.050312107151057175": [194], "0.047078662969675784": [204], "0.045187536329987434": [206], "0.04899378454958396": [210], "0.04774901275917918": [220], "0.050074870697026715": [222], "0.050211099371107376": [232], "0.04890904036966388": [233], "0.04692254110270692": [234], "0.04985487687950794": [240], "0.043175182999988244": [265], "0.04995887850693741": [266], "0.045667077328316284": [270], "0.0477830659959108": [276], "0.04812521048735248": [290], "0.048006150219558445": [291], "0.045806607766629086": [295], "0.04361426398542495": [299], "0.04873872901076579": [303], "0.04737944393559814": [319], "0.04988131005639244": [321], "0.047170781961687565": [324], "0.04866438525638658": [325], "0.046154375194878514": [327], "0.04897803585645219": [329], "0.046285774826107684": [330], "0.04545548760419846": [332], "0.04508741922346851": [342], "0.048348428994772444": [344], "0.047917998675444495": [345], "0.048139658401386815": [348], "0.04304700326158066": [350], "0.04844543693753215": [355], "0.04771611381756043": [356], "0.043659982457312": [366], "0.04673528212690638": [374], "0.04694262956163436": [391], "0.047640080753529275": [392], "0.04899785661077678": [393], "0.04721474785666094": [395], "0.0488243550201376": [396], "0.04838453659374142": [401], "0.04708690877824527": [409], "0.047957876161880485": [414], "0.04355077763048766": [417], "0.04466459730722535": [446], "0.04407061284411504": [450], "0.050487187735746196": [1], "0.05019786324979666": [2], "0.050004045457194855": [7], "0.047948873756922285": [267], "0.04955122527571915": [277], "0.04691649294700457": [278], "0.04870652338104667": [23], "0.04769108158836975": [154], "0.04859672670454892": [292], "0.04924507211005682": [38], "0.04965679799133569": [166], "0.048480314651755646": [168], "0.04756110875706821": [171], "0.04051618452300121": [430], "0.04574694125738295": [181], "0.03815882220295342": [438], "0.04189135423831112": [447], "0.04725001869022229": [66], "0.041918498485529705": [454], "0.04985985239538088": [72], "0.04849040714018417": [73], "0.049899302371662964": [75], "0.049779615086575066": [99], "0.0497234658530614": [103], "0.04057012077116036": [364], "0.04668051186817563": [114], "0.04601327847798727": [253], "0.05009613663930079": [132], "0.04740064127634579": [269], "0.05027238139046826": [18], "0.04568923532692081": [403], "0.047255064367494735": [415], "0.0479060744778665": [293], "0.04851748129021491": [294], "0.05040879666514863": [41], "0.04477109634313135": [432], "0.04817133230702213": [183], "0.048033105106642784": [184], "0.04892804401830644": [63], "0.04834167178748742": [207], "0.04741769905067044": [208], "0.04746888761529589": [343], "0.04732619006299948": [235], "0.047866303300852564": [237], "0.047600132922455705": [129], "0.049427109471816284": [6], "0.04842919162842374": [130], "0.0464680363287858": [256], "0.04981401722901319": [257], "0.044243733481173525": [389], "0.04039333973531632": [390], "0.045400285664689295": [400], "0.04908529704853549": [17], "0.047994607154100845": [146], "0.04557063744403335": [402], "0.047840401732157714": [284], "0.04987225938150643": [32], "0.046711500909657755": [163], "0.04875074819928923": [164], "0.045904059654591": [46], "0.04382549058330668": [308], "0.04474650721969303": [436], "0.04449711059969463": [314], "0.045075370546139706": [315], "0.047083516857734535": [60], "0.04763847817344682": [199], "0.04901808996719125": [205], "0.04440194158441268": [338], "0.04490123929769866": [339], "0.048250559898709904": [97], "0.0466789962510171": [98], "0.04303807631156712": [227], "0.047715413481533644": [108], "0.0489602199133366": [365], "0.04934852777564527": [252], "0.04624949523233849": [381], "0.047879523945591265": [258], "0.04207085489876717": [399], "0.04900526447307084": [144], "0.04398037018364596": [429], "0.04899229646199261": [76], "0.045082448933796836": [340], "0.04404339337530627": [213], "0.045408267765439186": [87], "0.04760076655668098": [216], "0.04835207490835109": [89], "0.047104316980562215": [228], "0.04903527170600744": [229], "0.044778419240893014": [109], "0.048542003317185": [120], "0.04879624627959112": [260], "0.04731416327087788": [386], "0.04466339339530627": [134], "0.04940047184819379": [147], "0.0474466054501681": [275], "0.0491390211429934": [150], "0.04868603428375469": [404], "0.04737423615055228": [285], "0.04924689993048655": [39], "0.04958870939689954": [50], "0.049156150964347285": [310], "0.0483470664613023": [185], "0.049229651500831806": [187], "0.04490320692096972": [317], "0.04990273067981529": [64], "0.049845897770846886": [74], "0.04754886815740404": [211], "0.050378065015253055": [217], "0.04702291505892879": [218], "0.047744383744991445": [219], "0.04761895571195901": [223], "0.04919842384731938": [115], "0.04469296398750658": [125], "0.04438317123546162": [383], "0.047279051314148036": [42], "0.04779804086513991": [11], "0.04391761797451455": [84], "0.04661736722567469": [384], "0.048998696863972964": [261], "0.04544512791702957": [272], "0.04853821264863785": [282], "0.04636950220840154": [289], "0.04664941037487967": [167], "0.048761123142204744": [169], "0.04056897411879903": [428], "0.04721724016109494": [174], "0.04131495816948232": [435], "0.04500616657197835": [188], "0.04920685808886967": [61], "0.04780060657757671": [196], "0.04627238234474865": [215], "0.04859292640895374": [118], "0.049071326300614615": [246], "0.04454396202180492": [283], "0.04537646727046568": [165], "0.0444854661362226": [424], "0.046819117511617075": [202], "0.043548622747272926": [341], "0.047490499680249876": [358], "0.04712634543765912": [363], "0.04987946339062867": [52], "0.04892052770254789": [180],