{"0.4255874673629243": [1, 226, 520], "0.44173441734417346": [364, 199, 257, 46], "0.5207667731629393": [101], "0.5077881619937694": [202, 213], "0.42894736842105263": [55], "0.4453551912568306": [640, 290, 841, 687], "0.4917043740573152": [1201, 691, 487], "0.4704184704184704": [196, 65, 14, 642, 119], "0.4534075104311544": [117, 265, 809], "0.47246376811594204": [252, 612, 765, 214, 1237], "0.5133858267716536": [63], "0.500768049155146": [778, 132, 1805], "0.4435374149659864": [939, 477, 448], "0.4766081871345029": [205], "0.4880239520958084": [653, 938, 151], "0.5497470489038786": [106], "0.4490358126721763": [170, 998, 356, 576], "0.4496551724137931": [894, 241, 131, 725], "0.535303776683087": [179, 674], "0.4663805436337625": [779, 1828], "0.4393530997304582": [883, 220], "0.4515235457063712": [871], "0.43524699599465955": [494, 504], "0.5174603174603175": [3, 333], "0.5258064516129032": [372, 232, 958, 275], "0.5101721439749609": [61], "0.47109826589595377": [267, 1342], "0.5249597423510467": [147, 1216, 440], "0.4961948249619482": [884, 496, 80, 649, 1228], "0.5397350993377483": [272], "0.46504992867332384": [441, 48, 502, 420], "0.4295125164690382": [544, 446], "0.4815361890694239": [464, 111], "0.4283837056504599": [268, 171, 917], "0.4858420268256334": [407, 172], "0.49319213313161875": [156, 211, 954], "0.5085803432137286": [694, 160, 125], "0.5062111801242236": [184, 85], "0.4851190476190476": [177, 893], "0.4822485207100592": [353, 227, 471, 489, 240], "0.45027624309392267": [527, 20, 343], "0.4604519774011299": [720, 920], "0.4872944693572496": [886, 798, 488, 34], "0.45850914205344584": [28, 92, 677, 582], "0.40396530359355637": [239], "0.4773060029282577": [1336, 32], "0.49244712990936557": [27, 325, 866, 869], "0.4969512195121951": [545, 525, 1204], "0.4399460188933873": [295, 1366], "0.4787077826725404": [327, 941], "0.4808259587020649": [836, 491, 70], "0.459802538787024": [498, 276, 425, 484], "0.4780058651026393": [429, 1320, 970, 1238], "0.4946889226100152": [312, 390, 72, 1339], "0.4465753424657534": [339, 435], "0.5224358974358975": [58], "0.44113667117726657": [763], "0.44718792866941015": [626], "0.4054726368159204": [979], "0.46438746438746437": [991, 492], "0.5283630470016207": [1512], "0.4611032531824611": [4, 927], "0.4670487106017192": [258, 843, 145], "0.5292207792207793": [424], "0.48439821693907875": [90, 977, 279, 173], "0.43699731903485256": [622], "0.422279792746114": [959, 21], "0.43351063829787234": [647], "0.4527777777777778": [624, 497], "0.43178807947019865": [769, 753], "0.42503259452411996": [246, 1232], "0.4992343032159265": [615], "0.39515151515151514": [909, 209], "0.40648379052369077": [47], "0.39563106796116504": [790, 486], "0.4244791666666667": [1383, 923], "0.5424292845257903": [1359], "0.49022556390977445": [452, 1401, 311, 280, 1543], "0.4163473818646232": [921], "0.4484181568088033": [960], "0.5191082802547771": [797], "0.48656716417910445": [306, 89, 194, 116, 335, 1894], "0.45403899721448465": [248, 621], "0.5415282392026578": [9], "0.5669565217391305": [1518], "0.4984709480122324": [322, 134], "0.5478991596638656": [45], "0.4894894894894895": [382], "0.5069984447900466": [254, 41], "0.3941958887545345": [681, 548], "0.4731494920174166": [200], "0.42782152230971127": [253, 475], "0.5046439628482973": [256, 1295], "0.4387617765814266": [453, 480, 181], "0.46175637393767704": [845, 243, 366, 1819], "0.49544072948328266": [706], "0.5275080906148867": [601, 1412], "0.5379537953795379": [285], "0.4591549295774648": [15, 428], "0.46839080459770116": [413, 1324], "0.5038639876352395": [120, 634, 185, 387, 1214], "0.444141689373297": [743, 391], "0.5125786163522013": [79, 122], "0.4738372093023256": [826, 242], "0.5109717868338558": [210], "0.5": [115], "0.38995215311004783": [751], "0.4745269286754003": [388], "0.5506756756756757": [605], "0.44054054054054054": [71], "0.5601374570446735": [1332], "0.42670157068062825": [867, 637], "0.49096385542168675": [603], "0.43293492695883135": [786], "0.5370675453047776": [176, 376], "0.45467224546722457": [744], "0.4836795252225519": [269, 1345], "0.5117739403453689": [190], "0.3990208078335373": [222], "0.4105793450881612": [533], "0.44474761255115963": [513], "0.3704545454545455": [771], "0.4069912609238452": [791, 277], "0.42392717815344605": [450], "0.4375838926174497": [777, 438], "0.42337662337662335": [908, 346], "0.40296662546353523": [655], "0.4152866242038217": [274], "0.4190231362467866": [466, 1519], "0.41794871794871796": [702], "0.4565826330532213": [638, 54, 984], "0.40197287299630086": [510], "0.39229843561973526": [445], "0.4340878828229028": [1870], "0.4217335058214748": [945], "0.42010309278350516": [400, 857, 103], "0.5326797385620915": [1423], "0.5150078988941548": [1212], "0.49770992366412214": [658], "0.5266558966074314": [38], "0.4759124087591241": [201, 443], "0.45722300140252453": [159, 374, 124, 1067], "0.46771879483500717": [874], "0.43007915567282323": [236], "0.5451505016722408": [245], "0.4553072625698324": [564], "0.4381720430107527": [577], "0.4429347826086957": [454, 87], "0.4174135723431498": [219], "0.48875562218890556": [39], "0.46906474820143884": [447], "0.4630681818181818": [784, 859], "0.38948626045400236": [882], "0.43064729194187584": [1260], "0.5158227848101266": [1218], "0.44596443228454175": [1784, 650], "0.3243781094527363": [62], "0.4358288770053476": [531], "0.4034653465346535": [465], "0.4195624195624196": [854], "0.4624113475177305": [255], "0.40801001251564456": [627], "0.3835294117647059": [468], "0.39659367396593675": [149], "0.4116161616161616": [974], "0.4024691358024691": [587], "0.5030864197530864": [1594], "0.3738532110091743": [165], "0.4752186588921283": [1485], "0.36919592298980747": [434]}