{"0.08096965341285361": [1], "0.07433615887468942": [352], "0.06522507416750123": [139], "0.07239675475994209": [175], "0.06967936011763477": [53], "0.06629712635957671": [342], "0.044694348657657756": [203], "0.05506291715691966": [245], "0.0735177935276268": [137], "0.06374710235183222": [85], "0.05645396679011925": [183], "0.06841657977169811": [132], "0.065774576650052": [44], "0.074395028102663": [25], "0.06046954218839331": [256], "0.07946898667827103": [323], "0.08101073944218118": [134], "0.08615954783709195": [282], "0.06999708346299727": [189], "0.07812611305683305": [35], "0.0443718265281065": [200], "0.04394677667595127": [112], "0.07205551219930137": [306], "0.05902203911294739": [88], "0.06597491693295944": [90], "0.07613117105280158": [94], "0.06728570762526592": [136], "0.05396652880751941": [252], "0.055491610061004844": [64], "0.054872223831400335": [107], "0.0779889514336657": [222], "0.07258784683345416": [287], "0.034173881017724526": [146], "0.059388630774289165": [96], "0.06306215513760698": [327], "0.07390604219407121": [168], "0.06773742431155354": [254], "0.06913719315597569": [121], "0.010714678123760944": [329], "0.06557238030357675": [103], "0.09013567936834883": [144], "0.0692396575646033": [185], "0.08659483160358293": [58], "0.09403357791547068": [195], "0.056479671337191235": [6], "0.07395766161734221": [239], "0.06812719614182845": [135], "0.03640162545076136": [196], "0.04216320816121591": [297], "0.055662032438995604": [237], "0.05548091495870995": [349], "0.05421643555626366": [214], "0.06098923414222783": [138], "0.06435921886275475": [296], "0.06363023869764636": [340], "0.0720122612766763": [17], "0.055929669244284004": [82], "0.05750888364197289": [75], "0.07786423415373504": [364], "0.060726307247305": [143], "0.04039844288881891": [235], "0.04959991904943497": [12], "0.03840277769704693": [23], "0.04647834146320748": [102], "0.04529344028574302": [207], "0.05300862694474109": [255], "0.06374210499105293": [332], "0.06524186457884995": [49], "0.06106898909955127": [337], "0.03692047659891627": [253], "0.043678012364741274": [110], "0.045219155705793046": [283], "0.04844911792091148": [39], "0.07322999755285797": [150], "0.04545256766308986": [319], "0.074835771486786": [160], "0.05846115286830738": [91], "0.04996409399436247": [307], "0.03992450255557166": [226], "0.03292904005671505": [227], "0.07655890048109981": [197], "0.06298195855953803": [55], "0.058338218159578764": [14], "0.052240814496899525": [361], "0.05445851540088559": [223], "0.06105476383420169": [251], "0.061689623291858744": [45], "0.09580617625369858": [320], "0.08008519203132472": [145], "0.06445046368603201": [204], "0.04047960618605682": [141], "0.05916816645261024": [289], "0.04073619599996291": [97], "0.07493314553294544": [61], "0.057836732062678003": [34], "0.06918320308684354": [147], "0.05650949989817757": [224], "0.06651872117983522": [117], "0.06966584854474658": [22], "0.07110927429350057": [257], "0.08570226685531505": [232], "0.06167248172414125": [234], "0.04880232448324739": [41], "0.02553634002632795": [259], "0.07074893485975661": [211], "0.04152511985482222": [249], "0.06597107019908059": [324], "0.04162159152334878": [344], "0.04568150037016878": [32], "0.05174546588754766": [178], "0.07042696719091958": [305], "0.0675838328424175": [182], "0.020257620102521127": [262], "0.011072761723441989": [233], "0.059699315275292014": [346], "0.0399088874852161": [47], "0.06110988885179485": [343], "0.036322661061520295": [310], "0.06138263917343116": [72], "0.070504415437518": [76], "0.05132376724043067": [8], "0.05201751250456312": [173], "0.07120238762003653": [202], "0.0531032834047634": [51], "0.07561602806042744": [311], "0.0565422359892733": [157], "0.018436104948416545": [184], "0.024693809239927627": [317], "0.04233302977543957": [155], "0.06904407294219109": [367], "0.04567284075821552": [225], "0.06540639760756056": [2], "0.03655657160891146": [331], "0.048613689764656035": [298], "0.05299838998149153": [350], "0.06281009303577953": [26], "0.056301167689706264": [124], "0.08499789506891936": [154], "0.07642960342228923": [198], "0.05293997684890942": [268], "0.06695959293651219": [284], "0.0498849168751216": [309], "0.06064024176490544": [354], "0.03749651958693505": [288], "0.05586465083262712": [52], "0.04037583451635921": [156], "0.06771127244035513": [89], "0.010212359768732204": [164], "0.06447435033321562": [37], "0.01520541669444917": [33], "0.07490228014213608": [299], "0.035159531542678084": [21], "0.037838255270204": [316], "0.04446609361236278": [31], "0.049726494535952986": [362], "0.05187798855858417": [312], "0.014143218047303284": [84], "0.06170163023422525": [265], "0.04729589645913105": [70], "0.06919021962046562": [7], "0.0665505846509235": [167], "0.07450026085312636": [244], "0.04441143426380499": [230], "0.05260138997314624": [105], "0.05835908923066096": [169], "0.07135988784541787": [261], "0.07105239458072664": [238], "0.06656383587455081": [272], "0.05132096560504602": [50], "0.08750165883931615": [314], "0.042051891685954836": [93], "0.058416541611865984": [368], "0.04598674156831449": [274], "0.09046937336696452": [190], "0.05306850677249156": [213], "0.04961587086327099": [5], "0.09344210017081636": [290], "0.07019551469148906": [236], "0.07095950283760677": [294], "0.0627514649936873": [295], "0.06965868793871757": [130], "0.0705653910465421": [163], "0.06287576120975762": [119], "0.04550001058422114": [186], "0.06872508933170239": [63], "0.0557865907996726": [313], "0.05710105921301394": [106], "0.0877829948075191": [365], "0.04436217284498247": [353], "0.05627620647205262": [67], "0.04401312944167752": [330], "0.06419896330355843": [125], "0.04654854701301332": [54], "0.056480172911858584": [27], "0.08348391126266896": [205], "0.04659846999608179": [279], "0.05823474536037017": [280], "0.0633264527131559": [18], "0.042075973282374356": [79], "0.055022252515797405": [318], "0.04301694203345428": [29], "0.08207058174824763": [78], "0.07919814008922493": [100], "0.050969350290069784": [209], "0.07197362211785618": [114], "0.06316365203359678": [217], "0.044500373030954415": [3], "0.03799624559594568": [260], "0.04752498445977688": [366], "0.0568450351675024": [87], "0.04894594370038863": [92], "0.08195480725757007": [113], "0.04357695664847235": [129], "0.010970578010216987": [95], "0.04428374592433038": [248], "0.059248558919985456": [109], "0.08890881559115227": [159], "0.03870360405527367": [9], "0.03079582243773404": [77], "0.05067289139911573": [171], "0.03682637229297479": [286], "0.07205126904913246": [360], "0.04690405086565898": [158], "0.05318539123814296": [36], "0.0581514125934824": [48], "0.06187691356363501": [276], "0.06398713421717547": [133], "0.04845032861004613": [65], "0.03862816230972553": [66], "0.05587139463117364": [4], "0.04860890994570556": [206], "0.05227074931771935": [126], "0.030604387119962148": [199], "0.039659535129855254": [304], "0.065372780959467": [285], "0.07124330975067902": [270], "0.04722135543811366": [345], "0.025208791740275863": [351], "0.02643292627725689": [341], "0.051652254233407704": [278], "0.04332871980847075": [161], "0.036649086918898975": [111], "0.04080796653678817": [187], "0.06305545355629284": [228], "0.04762200665143252": [303], "0.005229267399218535": [176], "0.05824495319582876": [179], "0.07220711446565842": [153], "0.0741005817288321": [128], "0.015437494048083353": [325], "0.0356918697404514": [152], "0.0255963618061038": [229], "0.03974583724309249": [328], "0.04829921541819004": [60], "0.06521640328551655": [69], "0.044336690750056244": [369], "0.048714616683538194": [221], "0.049744537929412073": [216], "0.04363604400282323": [357], "0.047176140467431245": [46], "0.06911703731964708": [326], "0.03740718098528677": [19], "0.05201146087225864": [308], "0.061468041063281874": [127], "0.028947121941768454": [335], "0.07760286844556363": [57], "0.06407504756408396": [315], "0.03535012360340483": [98],