{"0.03672654132072762": [1], "0.06314751888987985": [364], "0.07125570604405113": [101], "0.08255061446798459": [202], "0.047492859731407586": [55], "0.03474551950553794": [640], "0.047385968221854695": [1201], "0.07642222504471671": [196], "0.061168521147974796": [117], "0.061729486279758744": [252], "0.06146011607353655": [199], "0.0774902313457087": [63], "0.08619833434960161": [778], "0.05672143408851879": [939], "0.060163422765186124": [205], "0.08434169914797789": [653], "0.1258859002629111": [106], "0.054983705708162946": [170], "0.05493484370438332": [894], "0.09078511013166025": [179], "0.06032397823768112": [779], "0.048411982609495544": [883], "0.059887850380682804": [871], "0.046768025961527626": [494], "0.08124267820099242": [3], "0.08836299661826622": [372], "0.07071162035445684": [61], "0.06754635861267722": [267], "0.07994661160070698": [147], "0.04403599823210732": [257], "0.07256400021527473": [884], "0.03795814145346612": [46], "0.11441848297743917": [272], "0.05545637905882251": [441], "0.044092939632445795": [544], "0.05402515212759738": [464], "0.04188213710046829": [268], "0.06671549548657459": [407], "0.054641397142317645": [156], "0.05485777142302003": [694], "0.03631427516735136": [477], "0.05663966569966674": [333], "0.0751704816389593": [184], "0.04012736072847734": [226], "0.06490739929032013": [177], "0.06530912255566361": [160], "0.06137939183700755": [353], "0.04079318873732521": [527], "0.0658074565838706": [720], "0.04245626399715516": [886], "0.05763315085680643": [28], "0.019383405072775917": [239], "0.049412979873956916": [1336], "0.05481998037070175": [27], "0.08420741601894831": [674], "0.06991635919923093": [545], "0.04556120193323793": [295], "0.05531971672562837": [327], "0.07529574771879625": [836], "0.0632921407592702": [213], "0.05208304671203307": [498], "0.05115758464616472": [429], "0.05681688494152147": [312], "0.04293705587580259": [339], "0.04537564468676106": [504], "0.039765154026177356": [612], "0.07773583168987179": [58], "0.031241620472362633": [763], "0.061840702839110966": [626], "0.02720881310812927": [979], "0.06660952248628102": [132], "0.0741339837672149": [1216], "0.04962094407444944": [65], "0.029342435842400295": [171], "0.04860125416227876": [991], "0.07758478481613597": [1512], "0.03099974242535424": [4], "0.04860184894439886": [258], "0.05155872877539638": [424], "0.0426111506598545": [90], "0.0213331484490947": [622], "0.10577743939631132": [232], "0.035108541466775084": [325], "0.016472536026241092": [959], "0.038102345723137844": [977], "0.02151811355099911": [647], "0.05234258836033961": [440], "0.042935650759716865": [227], "0.02041217745161769": [446], "0.03292567589521931": [798], "0.026741441675104186": [624], "0.018763544082799705": [769], "0.02177871253035501": [246], "0.033183890129642124": [491], "0.036029673067082046": [615], "0.013803203730540973": [909], "0.03641490223445501": [241], "0.01292460294795054": [47], "0.010599839599458219": [790], "0.024323721008579352": [1383], "0.08749985931171803": [1359], "0.039249971039810885": [452], "0.019773746567537203": [921], "0.045813213763174376": [125], "0.02287223305671103": [960], "0.047239880764715574": [797], "0.03075361414521904": [306], "0.06136746175408571": [1401], "0.024074153394594983": [917], "0.031246280182698673": [248], "0.11709587833774245": [9], "0.043179114272958743": [1828], "0.11132352130655047": [1518], "0.06110934588658187": [998], "0.07609132653012754": [311], "0.08805021178162116": [322], "0.10678914418222854": [45], "0.04781337306078658": [471], "0.06186239075353519": [48], "0.06321944575194707": [382], "0.07890192580663867": [254], "0.007677302706613703": [681], "0.044149879987697795": [923], "0.08232042884980588": [200], "0.0928574410498526": [496], "0.0749818632527662": [89], "0.10150054465556851": [134], "0.07151704210471407": [92], "0.06203935845066339": [253], "0.07636251961003256": [256], "0.0529620546306175": [941], "0.0538272543822476": [453], "0.06594657777819721": [845], "0.0831525324136583": [706], "0.07051099866510757": [172], "0.0995197411772339": [601], "0.09889660419967766": [285], "0.0809168116600797": [80], "0.07191022794405832": [480], "0.0749571278293917": [15], "0.08008628579841946": [413], "0.07957910388124992": [120], "0.04664982868711155": [743], "0.07718797375481513": [79], "0.06965989311742177": [826], "0.0846758740059679": [211], "0.08738008387714626": [210], "0.08930783050254473": [194], "0.08035662824233764": [488], "0.07365437442591503": [448], "0.06485529406545439": [115], "0.05204255497573348": [21], "0.025444668315162768": [751], "0.05664371474762724": [634], "0.046496089190731026": [243], "0.07736904301955325": [492], "0.0369581263557847": [280], "0.08381534430063141": [388], "0.09094221581723123": [605], "0.06930160528261121": [71], "0.04424876271077571": [502], "0.05566120397110324": [14], "0.07144484885763737": [242], "0.06738272702460398": [85], "0.0975211258909907": [1332], "0.05030461334678146": [525], "0.057615403759826676": [954], "0.05655800580267939": [765], "0.05951986802920254": [1320], "0.05827792058695095": [116], "0.048031578916775494": [214], "0.035325345624123324": [867], "0.06241369221054722": [276], "0.06609135682996196": [390], "0.04894358777596789": [621], "0.0721984474878884": [603], "0.03744515702619777": [181], "0.062331809361929454": [185], "0.03726298029670707": [786], "0.06467772045623138": [938], "0.08603920492024493": [176], "0.04023307560953565": [744], "0.04937927581701538": [131], "0.014619854260598692": [520], "0.057134809903265055": [269], "0.07171502091778333": [190], "0.04642755984190545": [356], "0.023368745621093062": [548], "0.02444916677056138": [222], "0.03262093571038092": [533], "0.06516990546601611": [335], "0.03275720548748022": [513], "0.01762452028164476": [771], "0.04033762383745025": [791], "0.05299560171515963": [450], "0.03195965100857206": [20], "0.06212668843356524": [866], "0.04856804215752923": [869], "0.081064908921524": [376], "0.020657963239558222": [777], "0.04852620538836634": [387], "0.020003504742918714": [908], "0.03070074006803124": [435], "0.015600107555601038": [655], "0.016798017512187922": [274], "0.023096146869455": [438], "0.03490699042300538": [290], "0.02637211392603677": [841], "0.06441451480605244": [958], "0.018945102127094774": [466], "0.019546770584712457": [497], "0.016097873126016998": [702], "0.030287645846574847": [638], "0.013950546885856835": [510], "0.018012874764851187": [277], "0.05733969772299525": [41], "0.04240722558946564": [279], "0.04640399338321035": [54], "0.008299268931466014": [445], "0.02392333490454762": [1870], "0.03436003653625844": [173], "0.10080333705642511": [275], "0.06046408650776766": [265], "0.036026346838294296": [945], "0.0241555508416581": [400], "0.04028711566077986": [970], "0.04137513228634487": [489], "0.03197801133040354": [32], "0.029621181979566386": [920], "0.07958736046806025": [1423], "0.044605350584353755": [893], "0.06929913524455461": [1212], "0.04497290792844951": [34], "0.033759520404378546": [687], "0.05340001318038331": [658], "0.07194274418709204": [38], "0.044934125214423686": [201], "0.04354497093886639": [642], "0.03951073407193094": [159], "0.040323750146870944": [874], "0.04844218026000353": [151], "0.05491646079248897": [691], "0.03607691443020319": [753], "0.05288199749370839": [1894], "0.016190555978688608": [236], "0.08612278045825487": [245], "0.03596979196907026": [220], "0.028396755368009025": [564], "0.02161054638228386": [577], "0.03334623918184801": [454], "0.056646052192000654": [1805], "0.03331004381779677": [677], "0.04339418460980875": [582], "0.07008773915109212": [1412], "0.06671410088565856": [119], "0.060288772859585636": [72], "0.02532924790049007": [219], "0.044180978309061855": [420], "0.053633019671626335": [39], "0.06516094266795154": [240], "0.07808307516441508": [122], "0.06524954885023254": [447], "0.04466457616671701": [346], "0.0542034284721727": [374], "0.04758227389843332": [111],