{"0.0004296714821310483": [1269], "0.0014076875349968497": [1492], "0.013390381577060498": [1678], "0.002717307606306604": [1551], "0.003989290373777753": [1495], "0.0001982899363092474": [1666], "0.001368122304861596": [1625], "0.00037870374926018263": [1702], "0.008986562652851223": [1617], "0.021600618630457244": [1441], "0.0007561081215362863": [1440], "0.005219580721656671": [1604], "0.008075759490561621": [1598], "0.004180160719478074": [1871], "0.0014710261067915269": [1452], "0.006117835022268826": [1463], "0.004623432383844887": [1819], "0.0012936098023335434": [1453], "0.0045637714806522865": [1437], "0.0004986372501584895": [1870], "3.0165654740801852e-05": [1697], "0.009583594490332553": [1554], "0.0024935797138697126": [1886], "0.010376369242059579": [1857], "0.0013007045288168835": [1425], "0.004142523420899734": [1546], "0.006516312757709799": [1489], "0.002789027989967154": [1901], "0.0013837277039632407": [1898], "0.004651284359578376": [1471], "0.011139032648777253": [1563], "0.0019679552549025222": [1626], "0.0044034977589959565": [1703], "0.0005940973187954141": [1900], "0.00041361524726384985": [1903], "0.0006899063379212405": [1557], "0.0005638238317168489": [1658], "0.00011064054958329269": [1548], "0.006101959410616765": [1501], "0.006331306485274664": [1582], "0.013213439710805484": [1847], "0.005191106101373765": [1525], "0.0006000632804228546": [1433], "0.0009916943944698893": [1516], "0.0004141679283317279": [1431], "0.0006490663733038251": [1606], "0.0005774278089764578": [1805], "0.0014718888688715506": [1774], "0.0002660922592741152": [1533], "0.0019302915892087905": [1491], "0.001072197537826849": [1728], "0.012710777438299143": [1920], "0.011929753689376385": [1684], "0.003106036239330539": [1512], "0.0015216791230578117": [1894], "0.00029160656083147824": [1535], "0.0041332815365762885": [1635], "0.04060722357838439": [1655], "0.00396444974061895": [1427], "0.0005988860859639635": [1426], "0.003330184440826565": [1593], "0.008465647415910386": [1613], "0.0013152120178344469": [1459], "0.0006684409494989458": [1558], "0.004234032842824279": [1538], "0.0016001796041626908": [1524], "0.006496399117223557": [1579], "0.0037700130025935083": [1683], "0.00020916840708437172": [1614], "0.0005826414979857152": [1542], "0.02415582306638801": [1688], "0.004628764497983629": [1591], "0.023256070761108114": [1825], "0.0005344739094930419": [1583], "0.009452161693971494": [1761], "0.0016170501971445878": [1694], "0.002519966720775014": [1754], "0.003593053227927792": [1890], "0.0012989571939318652": [1790], "0.0012216512887170522": [1855], "0.0024861902873267987": [1616], "0.00041780500566045067": [1612], "0.0015945004461204045": [1802], "0.002282277353526116": [1706], "0.0012846277214955016": [1652], "0.004710528310834536": [1887], "0.0014748693054745525": [1792], "0.002041392059324559": [1711], "0.0021587649672091366": [1479], "0.0045376038998160735": [1789], "0.003129495575469387": [1573], "0.002106247796468021": [1713], "0.0017538387032561824": [1596], "0.0015632218189143875": [1884], "0.005371020160194151": [1549], "0.0013894300803593052": [1914], "0.00018009184220037393": [1873], "0.0014857235542481244": [1821], "0.0009895256691183837": [1848], "0.001278439642619409": [1671], "0.003394256421257794": [1692], "0.0032468091929563096": [1556], "0.00015912888122458636": [1605], "0.003762127756322686": [1526], "0.0008872941180882827": [1552], "0.0028299559459148225": [1467], "0.0019653230218566837": [1630], "0.0006364959855654444": [1769], "0.003346627313044788": [1643], "0.0012216921859099829": [1580], "0.0004228117810444884": [1807], "4.4654122789203274e-05": [1483], "0.0016243462201656707": [1493], "0.004232230059023224": [1772], "0.0028813690343635697": [1622], "0.0010049772039360367": [1485], "0.009609679199933628": [1731], "0.0005814342486928992": [1715], "0.002994142512240087": [1919], "0.008511975816803278": [1531], "0.0011506206629957247": [1735], "0.0005961209694551774": [1482], "0.0010443608954429635": [1877], "0.006679254693517821": [1717], "0.0027731408369286565": [1642], "0.0005211077292037132": [1695], "0.00037255049278190293": [1759], "0.0028969496730571506": [1503], "0.0004810485231731342": [1570], "0.0005192203744722526": [1670], "0.004548555710271511": [1707], "0.00021819714716621284": [1836], "0.0007046139378766597": [1863], "0.000316018630928004": [1490], "0.0009290834909995139": [1473], "0.0019378589440265305": [1428], "0.0014678771747573338": [1673], "0.004613247284068411": [1520], "0.0015124672217596794": [1545], "0.004157647525241771": [1889], "0.0038949176989341": [1700], "0.0015326257514410833": [1829], "0.004651799693685016": [1752], "0.00045042269369064704": [1585], "0.001212805239976613": [1766], "0.0008570281786026404": [1787], "0.004488893198983988": [1600], "0.00914300593378434": [1519], "0.001121101139364848": [1779], "0.00574559522964478": [1718], "0.0021416610323813545": [1921], "0.004535381310747861": [1749], "0.0024211372954357426": [1771], "0.011216070092645464": [1458], "0.0016967384166255751": [1659], "0.000740012856302164": [1893], "0.006466178317736741": [1517], "0.002164364721986523": [1680], "0.0002627164566001715": [1732], "0.036791497711575256": [1599], "0.004414937826851414": [1537], "0.00024972911525961394": [1762], "0.0001232410959266176": [1668], "8.154608814990137e-05": [1650], "0.0051159631046456926": [1628], "0.0015684600514895924": [1897], "0.0005111231487938991": [1555], "0.0042054618878505316": [1840], "3.710244043906673e-05": [1430], "0.003777811204506769": [1574], "0.003366002757364035": [1911], "0.008323578916857527": [1562], "0.0009169710647199442": [1883], "0.0028637867488737184": [1740], "0.0002852638126176589": [1468], "0.00828087537897899": [1547], "0.004972181869690972": [1716], "0.0007800352176487979": [1496], "0.00686359942128069": [1592], "0.0005528255080299993": [1601], "0.0037335183957047857": [1765], "0.003923421114662094": [1541], "0.0018676046737136835": [1845], "0.003022700713636203": [1858], "0.00167346424799809": [1443], "0.006226557484604081": [1831], "0.002901398832981276": [1908], "0.000891655814880255": [1480], "0.0005011804680219806": [1747], "0.003452122706866302": [1487], "0.0006322733196300708": [1842], "0.0017018098703076446": [1851], "0.006283844309066313": [1448], "0.004939814257777392": [1527], "0.00229083081154906": [1708], "0.001945470524415121": [1434], "0.003346279547312723": [1543], "0.0021100996236325686": [1876], "0.0007178287979400023": [1727], "0.004839694994749823": [1550], "0.0005683337915833561": [1775], "0.002014808510363143": [1529], "0.0021232030903064387": [1462], "0.0008250772514909479": [1559], "0.003121271557241965": [1882], "0.0029486303114378497": [1539], "0.0009896224313809654": [1608], "0.0036211228294316983": [1602], "0.0005302348099877504": [1631], "0.0039132109690266075": [1676], "0.00027350279692011417": [1514], "0.0012095714476626058": [1439], "0.0015454430019694898": [1498], "0.0007925062875372808": [1609], "0.00026638442594330183": [1457], "0.0014335197944991451": [1770], "0.0029797434349236054": [1667], "0.0016456627700149689": [1866], "0.001630516838737985": [1469], "0.0004706567037457057": [1575], "0.0004017587613137141": [1629], "0.002762183734019951": [1853], "0.0009743062187635409": [1725], "0.0009229931865494741": [1649], "0.00017975178360824906": [1435], "0.0010516571164407376": [1502], "0.0017825209625003337": [1505], "0.002981448385786979": [1880], "0.0009800049473834866": [1712], "0.00541587006090113": [1568], "0.000861847075561985": [1755], "0.004878320682003566": [1532], "0.000251759575645532": [1436], "0.0001358789799273906": [1917], "0.0006635810221154596": [1879], "0.00018730337489586285": [1915], "0.00035950562803675296": [1724], "0.00311602034289571": [1544], "0.001665285515976618": [1619], "0.005097412835723977": [1523], "0.00023828433981305943": [1460], "0.00038113587304566864": [1862], "0.00034086189128606316": [1912], "0.006365298642360175": [1698], "0.0002657642335832448": [1764],