{"0.6397379912663755": [1, 47, 59, 86], "0.6104166666666667": [3], "0.8542274052478134": [7, 126], "0.6411378555798687": [8, 15, 87, 5, 39, 83, 21, 90, 50, 66, 212, 222], "0.6142557651991615": [9, 12, 37, 80, 58, 31, 23, 53, 97, 26, 52, 77, 69, 61, 25], "0.6425438596491229": [10, 85, 42, 48, 219, 221], "0.6004098360655737": [11, 89, 2, 51, 64, 33, 75, 49, 67, 293, 284, 285, 288, 292, 286, 287, 289, 290, 291, 294, 283], "0.6116910229645094": [13], "0.7270471464019851": [14, 204], "0.9638157894736842": [16], "0.7146341463414634": [17, 63], "0.6704805491990846": [72, 70, 55, 235, 236, 238, 239, 240, 243, 246, 242, 241], "0.7026378896882494": [57], "0.7252475247524752": [46], "0.9832214765100671": [81], "0.7834224598930482": [19], "0.7128953771289538": [20, 28, 82, 152], "0.6720183486238532": [84, 40, 29, 36, 45, 68], "0.9932203389830508": [91, 24], "0.7043269230769231": [60, 118, 128], "1.0": [6, 74, 76], "0.6735632183908046": [18, 62, 92, 88], "0.6689497716894978": [27], "0.7493606138107417": [54], "0.8592375366568915": [34], "0.8567251461988304": [35, 4, 73], "0.7532133676092545": [30, 56, 98], "0.7111650485436893": [38], "0.8207282913165266": [44], "0.7551546391752577": [65, 178], "0.7288557213930348": [71, 200, 202, 209], "0.7918918918918919": [94, 22, 173], "0.9575163398692811": [95], "0.8517441860465116": [96, 125], "0.7690288713910761": [103, 43], "0.6569506726457399": [104, 107, 230], "0.6540178571428571": [108, 244], "0.8668639053254438": [110], "0.6599099099099099": [112, 115], "0.6016427104722792": [116, 142, 273], "0.7216748768472906": [117], "0.9099378881987578": [119, 111], "0.7343358395989975": [120], "0.7610389610389611": [127, 123, 124], "0.9272151898734177": [79], "0.6369565217391304": [32], "0.9965986394557823": [41], "0.7077294685990339": [100], "0.6554809843400448": [101], "0.9606557377049181": [105], "0.7234567901234568": [78], "0.7650130548302873": [121, 113], "0.8720238095238095": [109], "0.6053719008264463": [114], "0.9127725856697819": [122], "0.5907258064516129": [99], "0.8694362017804155": [102], "0.7060240963855422": [106], "0.5955284552845529": [93], "0.5943204868154158": [129, 185], "0.8492753623188406": [132, 134, 138, 147], "0.7199017199017199": [136, 139], "0.7455470737913485": [140, 145, 151, 144, 150, 146, 141, 148], "0.804945054945055": [161, 154, 170, 159], "0.6643990929705216": [168, 157, 156, 160], "0.7897574123989218": [177], "0.7771883289124668": [180, 183, 184, 179], "0.6453744493392071": [181, 176], "0.6894117647058824": [182, 226, 220, 223], "0.6274089935760171": [186, 190, 194, 195], "0.7512820512820513": [188, 189, 191, 192, 193, 196, 187, 198], "0.6813953488372093": [137, 133, 135], "0.6181434599156118": [153], "0.7813333333333333": [158], "0.73989898989899": [167], "0.6482300884955752": [199], "0.6910377358490566": [208, 205, 207, 206, 218, 229, 231, 225, 227], "0.7181372549019608": [210], "0.6041237113402061": [211, 216], "0.7094430992736077": [201], "0.6751152073732719": [203], "0.7163814180929096": [213], "0.6976190476190476": [214], "0.6959619952494062": [215], "0.6234042553191489": [217], "0.6383442265795207": [155, 233, 237, 234], "0.7571059431524548": [163], "0.6194503171247357": [164, 165, 162, 169], "0.6314655172413793": [174, 172, 175], "0.6341991341991342": [143, 149], "0.602880658436214": [197, 232], "0.6207627118644068": [224], "0.5979591836734693": [228], "0.6168421052631579": [171, 280, 274, 275, 276, 278, 279, 277, 281, 282], "0.5931174089068826": [130], "0.5967413441955194": [166, 245], "0.643956043956044": [259, 257, 250, 258, 261, 262, 254, 248, 255, 251, 253, 247, 252], "0.628755364806867": [256, 260, 249], "0.6328293736501079": [263, 267, 268, 269, 270, 266, 272, 264, 265, 271], "0.5386029411764706": [131]}