{"0.0008637543260236692": [1], "0.0008446472110686499": [364], "0.006398280510826624": [101], "0.005789869600636573": [202], "0.00017604660958376385": [55], "0.001556836509226672": [640], "0.003743719781611999": [1201], "0.003344226374829001": [196], "0.0018724638034453027": [117], "0.0036893381677357423": [252], "0.00047461469159845433": [199], "0.00517206008097644": [63], "0.006720925038628702": [778], "0.000970648491426534": [939], "0.002619498427108302": [205], "0.00593925125923447": [653], "0.02627738065748956": [106], "0.0023583835040196168": [170], "0.0009125304465530326": [894], "0.012821059848880698": [179], "0.0026503995829297296": [779], "0.0006081777993146846": [883], "0.0010014916081463173": [871], "0.0012080125997530648": [494], "0.008974307156750115": [3], "0.011928880679175035": [372], "0.007011806183925008": [61], "0.003727477311755667": [267], "0.010573519346560836": [147], "0.001701391837912539": [257], "0.007408839333618966": [884], "0.0011363557747130003": [46], "0.015377437036426547": [272], "0.0022871723195728427": [441], "0.00048095139388912436": [544], "0.0029058029010693123": [464], "0.0007680783721663147": [268], "0.005106205694055778": [407], "0.003910952500188921": [156], "0.0073804752378932486": [694], "0.001977300951401377": [477], "0.009204790051543909": [333], "0.006873583488885032": [184], "0.0004029064034087194": [226], "0.006208982225646764": [177], "0.005581249749311188": [160], "0.00310041194726831": [353], "0.0021981596784729817": [527], "0.004687302163256784": [720], "0.0027951258370292687": [886], "0.0027632630469088754": [28], "0.00023455505250199345": [239], "0.002280324648557087": [1336], "0.002701083448959022": [27], "0.0194040416571978": [674], "0.003362578906573878": [545], "0.000888066367291976": [295], "0.0027009301664190485": [327], "0.0038469682895797422": [836], "0.003739338117321871": [213], "0.005193187843546343": [498], "0.002398046057892841": [429], "0.003596787432937191": [312], "0.0016196890201373637": [339], "0.0006386349058540674": [504], "0.002617799070170322": [612], "0.00809778966291791": [58], "0.0005306481438734735": [763], "0.000518540952464516": [626], "0.00014215602934640576": [979], "0.006123888464479": [132], "0.00609653775863798": [1216], "0.002101728190987893": [65], "0.00032257920368155966": [171], "0.004593313617783834": [991], "0.0062802222212403535": [1512], "0.002424663732277885": [4], "0.0021100147121464814": [258], "0.010643231746564142": [424], "0.005187156477374701": [90], "0.0005848927146463365": [622], "0.01522490907674489": [232], "0.00419276539886623": [325], "0.0009504865928153706": [959], "0.003319557707550892": [977], "0.0012682505732098945": [647], "0.009594516952316045": [440], "0.004304575009330405": [227], "0.001092058519674147": [446], "0.0026628366841465675": [798], "0.0012814600795352626": [624], "0.0005364486679327116": [769], "0.0005943129411112608": [246], "0.006510430235682628": [491], "0.006804454861827483": [615], "0.00023519579717783332": [909], "0.002936855162427848": [241], "0.00017375623977673163": [47], "0.000359362378205949": [790], "0.00021348198832488708": [1383], "0.017768447538406337": [1359], "0.004178211561142714": [452], "0.00038821264118623033": [921], "0.007284069111868069": [125], "0.0012534934201231204": [960], "0.009092763391919027": [797], "0.005442088083003589": [306], "0.0042116212865446105": [1401], "0.00034765433377552076": [917], "0.0010386400542841967": [248], "0.021033320391632096": [9], "0.0009376811723561135": [1828], "0.030245331645033985": [1518], "0.0017895634785721382": [998], "0.0026673992072453324": [311], "0.006222091964671913": [322], "0.014779211762539934": [45], "0.00437048436294075": [471], "0.0024435504574472806": [48], "0.002705301799049289": [382], "0.007145963901413117": [254], "5.290838616809102e-05": [681], "0.00023732214378346247": [923], "0.002741007676620546": [200], "0.008450023220549953": [496], "0.003113297826430631": [89], "0.00530784963106772": [134], "0.003054676558927826": [92], "0.00013609938660080404": [253], "0.007247906709762319": [256], "0.003505527481693031": [941], "0.00046630130002518955": [453], "0.002123428715542041": [845], "0.005260001253482583": [706], "0.0037789358608313526": [172], "0.007481032789894296": [601], "0.010705864042188972": [285], "0.003096590679730556": [80], "0.0006912649458153457": [480], "0.0019422245799637116": [15], "0.0026937466749479264": [413], "0.005443937542534217": [120], "0.0005568576243935668": [743], "0.0046235772510294": [79], "0.004593792609678268": [826], "0.004657686463836199": [211], "0.008443966190347782": [210], "0.005250777194651745": [194], "0.0028806471265785255": [488], "0.0016528542989411765": [448], "0.004803955343289265": [115], "0.0006734815751019128": [21], "3.1636570841546056e-06": [751], "0.003255470519764174": [634], "0.001621023769076614": [243], "0.0015789907491704821": [492], "0.0037115800215296725": [280], "0.0025175860107675184": [388], "0.02141754890746067": [605], "0.0006316660073684878": [71], "0.0012180049406322934": [502], "0.002487224992740334": [14], "0.0025645797693624878": [242], "0.00530218388650964": [85], "0.025534204482561572": [1332], "0.004757662591372603": [525], "0.004111203370303074": [954], "0.0019890163865950413": [765], "0.0019357457537244613": [1320], "0.002096259862942829": [116], "0.0029432146047849435": [214], "0.0012026150692291244": [867], "0.0026389047549619706": [276], "0.005166173114542173": [390], "0.0017483870031485909": [621], "0.003941013450380162": [603], "0.0008124640656770367": [181], "0.004478956853011204": [185], "0.000704734855865762": [786], "0.003506590938587411": [938], "0.014660302568417959": [176], "0.0010862880123478713": [744], "0.002105922917946003": [131], "0.0012021665667925974": [520], "0.0021053850943683673": [269], "0.009084627879967009": [190], "0.0019598680776648694": [356], "0.00010472172402694437": [548], "0.00031774992905495714": [222], "0.00016278989945408946": [533], "0.00341301836709037": [335], "0.0022976246103462586": [513], "1.8985860566067133e-06": [771], "0.00018182508517330741": [791], "0.0007709703949575267": [450], "0.002024104745956035": [20], "0.004119961148490423": [866], "0.003418452720675973": [869], "0.017194008339863405": [376], "0.0009690336076996384": [777], "0.009458391540462834": [387], "0.0009206871866027861": [908], "0.001452129763832621": [435], "0.0001919585736183322": [655], "0.0009562935518507459": [274], "0.0014118917505739686": [438], "0.0025878710694453807": [290], "0.0013176014983657762": [841], "0.01439217315284163": [958], "0.0004975337915725408": [466], "0.0015950949731123954": [497], "0.0006305118315488161": [702], "0.0017129060088358085": [638], "0.0001414304620744371": [510], "0.0009901745077140404": [277], "0.005576975221597468": [41], "0.004506876298373147": [279], "0.002188537344091141": [54], "0.0002835893370393958": [445], "0.0007355606079276761": [1870], "0.002182726923624283": [173], "0.014848531406021331": [275], "0.0016866948211772014": [265], "0.002518559249291556": [945], "0.0007354511279658778": [400], "0.0038413133957692176": [970], "0.0033169368208584133": [489], "0.0011575181477298548": [32], "0.0014813770524532489": [920], "0.010218183514956788": [1423], "0.004072798359007943": [893], "0.00503938901579208": [1212], "0.00310850292964746": [34], "0.0011796114760361438": [687], "0.0042211280087981725": [658], "0.010553325235993402": [38], "0.0013822399472059317": [201], "0.00320916831059926": [642], "0.0007447468589897241": [159], "0.0011674022906790714": [874], "0.002562105386593572": [151], "0.004829994702765095": [691], "0.0008526418003766785": [753], "0.0036263615506880666": [1894], "0.0016082853969208604": [236], "0.01538438678632494": [245], "0.0004067796669553011": [220], "0.001521724088225043": [564], "0.0004656055316037041": [577], "0.0006138908770497908": [454], "0.0031120147276198114": [1805], "0.0025191917506779": [677], "0.0015136062485340978": [582], "0.010016164343003254": [1412],