{"0.002168850041991978": [1], "0.1000056166496772": [117], "0.12857137183383396": [3], "0.08284310091141418": [753], "0.08908534677045969": [859], "0.09564760131517822": [691], "0.12450531525813306": [884], "0.05633130083135681": [253], "0.10319426499436062": [1260], "0.12683478232131368": [77], "0.08239004592193695": [642], "0.09157792416165521": [1323], "0.09999151847027063": [1204], "0.08029421152731095": [441], "0.09861746496689756": [1245], "0.09231116686517386": [401], "0.10983782906848402": [74], "0.1055376263298021": [603], "0.09367479601194899": [706], "0.1021849937664394": [97], "0.1072295388463742": [1090], "0.0896752826386704": [426], "0.10620301736791211": [429], "0.09212608765877855": [1492], "0.1031665800320711": [440], "0.1243182681673623": [147], "0.09067073618660501": [720], "0.0839547963428308": [751], "0.07787743629218373": [333], "0.07309427001130002": [447], "0.07420239716353777": [164], "0.06748621492792431": [1485], "0.08085935235234117": [156], "0.09648259175073111": [428], "0.08013900642431923": [210], "0.08704191700593758": [290], "0.0780778286919752": [259], "0.07719471793526188": [694], "0.06974581160377256": [432], "0.08061058161702672": [200], "0.10778250331033486": [649], "0.0759381875078459": [487], "0.09269918240119983": [574], "0.10684041080588788": [20], "0.09058685190538887": [89], "0.10112074453161704": [122], "0.11795613921740851": [1362], "0.04593293660125212": [544], "0.12975742042122196": [215], "0.07291486491622337": [985], "0.07279697709718459": [162], "0.08900579918854312": [242], "0.0626888421762538": [656], "0.10383012032016353": [491], "0.0685780159836527": [1414], "0.07920814139383342": [372], "0.11939598175497423": [378], "0.081742604645805": [15], "0.11161033698148938": [882], "0.0807148093492017": [120], "0.04881386808091193": [159], "0.09949348865509335": [461], "0.051451290005782406": [498], "0.04864091862046848": [908], "0.0768037020596832": [158], "0.02906628486846427": [425], "0.07277419283019265": [55], "0.09223872082292092": [220], "0.06174532782618107": [178], "0.0612713121552007": [977], "0.05971522395436994": [14], "0.05811440645031119": [909], "0.08767908423143822": [295], "0.08558575039627184": [160], "0.050931355172327816": [34], "0.09272552338703048": [99], "0.0399072444390735": [880], "0.03514041001549323": [628], "0.04103800790974403": [27], "0.06547025653214841": [118], "0.04593819202251491": [653], "0.07843621950663983": [520], "0.07384627814989969": [18], "0.06460748238814341": [998], "0.037131957743846394": [245], "0.06107808712999291": [468], "0.058737550471989995": [272], "0.07419466308585619": [527], "0.0727631653945141": [626], "0.04261515506599079": [465], "0.03965994309359301": [970], "0.08965164792970932": [488], "0.0379439979169872": [778], "0.04275069441167709": [489], "0.053534894019518484": [460], "0.05391711332602132": [580], "0.03957122170885846": [486], "0.0361685357016668": [173], "0.0846154616697831": [275], "0.08037682110224809": [197], "0.04912740936596121": [502], "0.04862773083822117": [181], "0.03268613227224839": [106], "0.04702980355236895": [131], "0.04094983835773747": [353], "0.06535714595783816": [261], "0.043092090674477605": [464], "0.06725706284594406": [141], "0.09418008016024743": [250], "0.044326362757138055": [79], "0.06782628229820517": [531], "0.04324858164059778": [886], "0.05615982711978685": [54], "0.0774900303592358": [1209], "0.018280906659338663": [677], "0.08419616583558905": [343], "0.055672488117650624": [193], "0.06649292089800019": [39], "0.0749779880786611": [1067], "0.08291072558639322": [71], "0.08562873941516791": [366], "0.016570178531458236": [744], "0.02468374074235901": [797], "0.050166970747451925": [889], "0.03468469206995557": [621], "0.054454320433171756": [959], "0.04842643663880501": [232], "0.043341447098605795": [725], "0.04332124076127698": [650], "0.05032742736026953": [894], "0.070098783801287": [346], "0.04326001655695189": [845], "0.09716446714007243": [836], "0.03825969851718274": [763], "0.038648571576408185": [793], "0.05897629467916354": [183], "0.10631685811623953": [741], "0.06179113436232201": [72], "0.06320097304492144": [1392], "0.06969514814387134": [1342], "0.09159982623188684": [387], "0.0450302963241292": [504], "0.02197437469926423": [269], "0.07639867944023644": [435], "0.053622470167270224": [634], "0.02091984753069557": [165], "0.07734736715852163": [954], "0.06375434466037494": [779], "0.0008899986302496943": [62], "0.049970627426482894": [615], "0.05621055093454778": [478], "0.043890545900776415": [205], "0.02002291019285098": [38], "0.05268550904369645": [939], "0.04872500144782862": [219], "0.043235601339315824": [477], "0.05049529838774276": [921], "0.012477030298543598": [702], "0.04690690033175942": [407], "0.051482551625103914": [59], "0.04684454947300134": [809], "0.03777379906980396": [466], "0.0396093914697285": [339], "0.04952531320573186": [923], "0.06752149756883505": [420], "0.03542661286385058": [80], "0.05789027277106595": [866], "0.08446862028660869": [525], "0.0749090485704226": [285], "0.022575136461885307": [784], "0.09273761755720089": [267], "0.0863630747778648": [246], "0.04218953726689518": [790], "0.035428782202580715": [43], "0.031503336816466235": [871], "0.03764741003473052": [674], "0.07716877009791222": [198], "0.07100372944005943": [445], "0.03577771800421615": [63], "0.0395067524182415": [211], "0.0317617674513662": [257], "0.03449586445997873": [47], "0.015626608901218152": [213], "0.07468015961046079": [119], "0.05384335311170722": [1164], "0.04001695671655461": [236], "0.03479153142319164": [134], "0.04009836235500191": [453], "0.06016982752973064": [874], "0.022260873293607562": [110], "0.06431696705700687": [184], "0.046969324509923915": [577], "0.0407213324658199": [434], "0.044519037742508275": [252], "0.0554428916754874": [248], "0.010004229188215962": [533], "0.050331960195249985": [660], "0.06397860803202915": [270], "0.05081541932958569": [172], "0.03950454883919943": [510], "0.06318241563816049": [322], "0.020862085979346932": [374], "0.011856526757251185": [1238], "0.033511451920341474": [582], "0.03380175925159243": [893], "0.02653858227174756": [413], "0.025525621304177817": [867], "0.040338280303193134": [475], "0.01321563154871234": [854], "0.018594747536285886": [496], "0.027008572014860056": [513], "0.04776752711454512": [424], "0.03651343384017933": [743], "0.028432842047177234": [638], "0.02091585518334684": [771], "0.01401631770225637": [222], "0.0011426394428287545": [637]}