{"0.03160715137004962": [1], "0.005962737004595668": [128], "0.0032658783696592484": [129], "0.011708214626386403": [2], "0.022486202349898846": [8], "0.0009882274090955254": [9], "0.0016096141770134533": [74], "0.01364856410118719": [41], "0.0021439633124703326": [14], "0.004146805790671421": [79], "0.0034033373273759677": [111], "0.009768414825217927": [51], "0.03189517554817152": [85], "0.006322569699060349": [21], "0.012976923906059378": [93], "0.02277563357827877": [63], "0.008806619664408898": [117], "0.018088564221978153": [43], "0.0066109586088171825": [57], "0.008450898905251936": [125], "0.003508303452045693": [140], "0.014810350772794334": [61], "0.0060895773247435035": [116], "0.018708663596271168": [20], "0.003918687856435899": [23], "6.659341391136417e-06": [122], "0.035007093703991556": [130], "0.019923057670712695": [38], "0.0027260490632901994": [148], "0.006215129428921447": [52], "0.005256896478785187": [65], "0.000994902070464227": [133], "0.0017345076811241468": [62], "0.004077444444333327": [29], "0.0027324025448675635": [72], "0.003766557285163925": [75], "0.0017833598490068696": [11], "0.010592796921046066": [78], "0.0033836337609368743": [58], "0.012930020764353905": [97], "0.005427293650568805": [107], "0.0011612077272260494": [115], "0.004940909415579113": [56], "0.02477254119447853": [112], "0.0004930037156183597": [66], "0.026428003132358616": [136], "0.00402105309795685": [120], "0.0023565196577822176": [32], "0.012781591047096147": [4], "0.01819433198427991": [108], "0.0007998197518729657": [109, 18], "0.0024247901462219976": [44], "0.017059996130780037": [17], "0.006634076169600296": [84], "0.028655342655379133": [137], "0.05875881970280435": [144], "0.012941914856014109": [113], "0.0003080228073939489": [92], "0.0013011528482387096": [71], "0.0033895247370839196": [12], "0.0035112983409491417": [64], "0.001262231968533086": [118], "0.005590944852796085": [132], "0.010844406340109022": [147], "0.006831722620769072": [33], "0.005558643240911443": [45], "0.004248963772927255": [142], "0.010403906292986745": [6], "0.0009136720382961582": [98], "0.0022197366297822246": [114], "0.0030303572522805268": [40], "0.010310011608379448": [95], "0.004760648301400135": [99], "0.008549742635930214": [91], "0.005134713689393323": [55], "0.004360908882424724": [3], "0.0001859021683032809": [134], "0.00589493768200241": [7], "0.008000049268873398": [13], "0.004102891457618532": [19], "0.0056468803152187694": [26], "0.005308973103066753": [48], "0.011112823998770047": [59], "0.00026811364708836856": [60, 94], "0.006237688514054903": [80], "0.0039137830441241675": [88], "0.0030533323613807038": [102], "0.0": [105, 126, 67, 81, 34], "0.0053487482393145555": [145], "0.0014410985470661771": [24], "0.020605702859212753": [46], "0.012097173575615877": [76], "0.010762369977724782": [77], "0.003334522161966769": [101], "0.0075034584294258804": [127], "0.017444775213609123": [131], "0.0036754577635450527": [106], "0.0005096287951837582": [5], "0.00010889986419079751": [87], "0.0007126075301560902": [47], "0.00715423951215383": [104], "0.004092033540576334": [54], "0.0016223664106467847": [25], "0.004264729474198403": [90], "0.0016599108282227238": [15], "0.012653467308164591": [86], "0.00487762577602913": [143], "0.003231274827778733": [70], "0.007802153231775734": [141], "0.00047311433088228247": [123], "0.0010059020068288644": [30], "0.000804615441284203": [39], "0.000133269667895506": [49], "0.0002896021718941416": [28], "0.006933845657480749": [37], "0.0003682067165712286": [135], "0.00036946721711422103": [89], "0.00026818642778200937": [50], "0.0018653610280143134": [138], "0.003611237571690967": [53], "0.0024708540074560243": [69], "0.004412384065071973": [73], "0.0008585656598120352": [27], "0.00039566943492193947": [110], "0.0009806068714907801": [36], "0.0006991377211324435": [68], "0.0010377427920273828": [103], "0.00011946889927309676": [100], "0.00010179278983594238": [22, 121], "0.004926329389701797": [42], "2.8540034533441785e-05": [119, 82], "0.0002379898196328946": [83], "0.00024028003289676536": [146], "7.480704246863105e-05": [96], "0.0001364937486969427": [139]}