{"0.7588466579292268": [1], "0.5599613152804642": [128, 231, 486], "0.6925837320574163": [2], "0.6670506912442397": [3], "0.5632295719844358": [129], "0.6967509025270758": [130, 363], "0.8120617110799438": [6], "0.7845528455284553": [7], "0.6624713958810069": [8, 118, 10], "0.7730307076101469": [9], "0.5626822157434402": [131, 412], "0.6327868852459017": [134, 108, 293, 157], "0.8132022471910112": [12], "0.6376651982378855": [135, 287], "0.8143459915611815": [14], "0.735705209656925": [18], "0.6959134615384616": [19], "0.6639908256880734": [22, 23, 221, 364, 403], "0.7043795620437956": [31, 50, 132], "0.685207100591716": [42], "0.6355653128430296": [48, 101, 357], "0.7942386831275721": [51], "0.6732558139534883": [53], "0.6498316498316499": [55, 125, 386], "0.7461340206185567": [64, 421], "0.652027027027027": [70, 5, 43, 449], "0.7740641711229946": [71], "0.6534988713318285": [75, 4], "0.695078031212485": [77, 63], "0.7201492537313433": [86], "0.6594533029612756": [88, 158], "0.8464912280701754": [90], "0.5710059171597633": [92, 401], "0.7792732166890982": [94, 147], "0.6827830188679245": [96, 290], "0.660958904109589": [99, 316], "0.6709154113557358": [103], "0.5583413693346191": [104, 455], "0.6901072705601907": [107, 244], "0.6835891381345927": [109, 159], "0.630718954248366": [110, 142, 426], "0.7375796178343949": [111, 284], "0.6892857142857143": [113], "0.8008298755186722": [114], "0.7509727626459144": [115], "0.555662188099808": [116, 119, 439], "0.7310606060606061": [117], "0.6476510067114094": [120], "0.7679045092838196": [123, 271], "0.6483762597984323": [124, 16, 183], "0.6549773755656109": [126, 437], "0.6764018691588785": [127, 334], "0.6917562724014337": [17, 60], "0.7060975609756097": [24, 41, 168], "0.7292191435768262": [35, 273], "0.7095588235294118": [36, 148, 318], "0.75390625": [37], "0.7130541871921182": [39, 72, 163, 307], "0.7888283378746594": [40], "0.6975903614457831": [45], "0.6397790055248619": [47, 358], "0.6716937354988399": [66, 44], "0.650561797752809": [93], "0.5772681954137587": [95, 87], "0.564327485380117": [97, 89, 367], "0.6266233766233766": [256, 214, 232, 252, 270, 213, 288, 296], "0.6390728476821192": [11], "0.7347715736040609": [137], "0.6724738675958188": [27], "0.6617142857142857": [29], "0.7104294478527607": [161], "0.7319848293299621": [165, 28], "0.666283084004603": [167, 289], "0.6300326441784548": [170, 240, 241, 224, 294], "0.8391304347826087": [179], "0.6411960132890365": [206], "0.6320960698689956": [226, 122, 219, 73, 176], "0.6602052451539339": [227], "0.6564625850340136": [230, 182, 197], "0.5738354806739346": [233, 61], "0.5561959654178674": [234, 313], "0.625945945945946": [235, 238, 281, 298, 301], "0.6934131736526946": [243], "0.6655172413793103": [245], "0.5727002967359051": [514, 409], "0.6512935883014623": [265, 160], "0.6909307875894988": [393], "0.542642924086223": [395], "0.5975232198142415": [523], "0.5092348284960422": [530, 558, 559, 562, 563, 568], "0.7026699029126213": [277], "0.5715695952615992": [156], "0.5321691176470589": [543, 80], "0.7273869346733668": [302], "0.6107594936708861": [311], "0.6984318455971049": [59], "0.5878172588832488": [62, 420, 359], "0.6454849498327759": [68, 292], "0.658703071672355": [327, 186], "0.516042780748663": [201, 528], "0.7219451371571073": [335], "0.6146496815286624": [342, 187], "0.6632302405498282": [343], "0.7442159383033419": [222], "0.561046511627907": [482, 162, 430, 483], "0.619914346895075": [505, 433, 434, 442, 444, 453, 456, 458], "0.5693215339233039": [379], "0.6383682469680264": [13], "0.606282722513089": [15], "0.6440489432703004": [30], "0.6362637362637362": [32, 452], "0.6293478260869565": [139, 144, 153, 368], "0.6992753623188406": [140], "0.6419068736141907": [141, 261, 49], "0.6787807737397421": [145, 155], "0.7413572343149808": [149], "0.6876484560570071": [56, 228, 278], "0.6314067611777535": [69, 76, 200, 164], "0.6740395809080326": [79, 429], "0.6860189573459715": [266], "0.6273022751895991": [269, 356, 209], "0.6685912240184757": [272], "0.7451737451737451": [26], "0.646927374301676": [188, 323, 175], "0.5795795795795796": [102], "0.6868327402135231": [166], "0.7877551020408163": [85], "0.5755467196819085": [152], "0.5836693548387096": [91], "0.6341730558598029": [33], "0.5784215784215784": [217], "0.568762278978389": [223, 432], "0.6018711018711018": [100], "0.5178890876565295": [138], "0.5225631768953068": [143, 423, 431, 438, 441, 450, 193], "0.5993788819875776": [46], "0.5551294343240653": [105], "0.5842583249243188": [112], "0.5356151711378353": [259, 499], "0.5498575498575499": [263, 305], "0.6006224066390041": [136], "0.6153028692879915": [21], "0.5659824046920822": [407], "0.5244565217391305": [285, 220, 282], "0.5411214953271029": [34], "0.5493358633776091": [171, 207, 353], "0.5366079703429101": [299], "0.5872210953346856": [180], "0.5297346752058555": [54], "0.5239819004524887": [308], "0.5282846715328468": [67, 333, 106], "0.5278030993618961": [198], "0.5824949698189135": [203], "0.5258855585831063": [204], "0.5386046511627907": [78], "0.596292481977343": [81], "0.5331491712707183": [337], "0.543661971830986": [83, 405, 414], "0.5273224043715847": [341, 370], "0.5254083484573503": [346, 184, 192], "0.6647531572904707": [348], "0.5749751737835154": [351, 391], "0.5249320036264733": [354, 355, 372], "0.5263636363636364": [237], "0.5391061452513967": [247], "0.5346260387811634": [255, 535], "0.6678200692041523": [189, 314, 447], "0.6348684210526315": [262, 74], "0.6795774647887324": [279], "0.5451977401129944": [347, 524, 249], "0.6252699784017278": [350], "0.546742209631728": [361], "0.6245954692556634": [362, 371, 169, 205, 239, 336, 338, 344, 345], "0.6811764705882353": [365], "0.5316804407713499": [380, 377], "0.5083406496927129": [133], "0.5119363395225465": [146, 531, 539, 540, 541, 542, 547, 551, 553], "0.5056768558951965": [150], "0.6219119226638024": [191, 388, 443], "0.6779859484777517": [57], "0.5530085959885387": [210, 82, 306], "0.5371057513914657": [65, 121, 283], "0.5188172043010753": [202], "0.5128432240921169": [463, 584, 190, 267], "0.5017331022530329": [472, 375], "0.6114044350580782": [381], "0.48169717138103163": [181, 537], "0.5406162464985994": [38], "0.5615906886517944": [52, 280, 151, 218, 194], "0.6239224137931034": [174, 177, 328, 330], "0.6701388888888888": [178], "0.6748251748251748": [154, 276], "0.6942446043165468": [84, 331], "0.6404867256637168": [303], "0.6579545454545455": [309, 310], "0.6205787781350482": [312, 315, 317, 320], "0.6232508073196986": [324], "0.5704433497536946": [385], "0.5230352303523035": [525, 532, 533, 534, 577, 425], "0.5431519699812383": [416], "0.6075550891920252": [185], "0.5535372848948374": [476, 275], "0.5482954545454546": [491, 325, 326, 329], "0.5123893805309735": [573, 575, 578, 579, 498, 424, 546, 549], "0.5192825112107623": [322, 516, 517, 518, 511, 503, 479, 489, 332], "0.5807422266800402": [253], "0.5848484848484848": [383], "0.5446848541862653": [469], "0.5654296875": [470], "0.5351201478743068": [484], "0.5457115928369463": [508], "0.5169642857142858": [398], "0.5146666666666667": [493, 497, 502, 506, 509, 526], "0.5396085740913327": [500, 427], "0.5545977011494253": [510], "0.49444918872758326": [215, 216, 236], "0.5105820105820106": [98, 257], "0.5008650519031141": [25, 504, 422], "0.4991379310344828": [304, 321], "0.4927659574468085": [445, 448, 451, 457], "0.5012987012987012": [212, 560, 565, 566], "0.5216216216216216": [415, 417, 419], "0.5336405529953917": [260, 402], "0.5744047619047619": [172], "0.44848954298993027": [20], "0.4699675324675325": [291], "0.5074496056091148": [195, 295, 254], "0.551954242135367": [196, 248, 264], "0.5503802281368821": [258], "0.5594202898550724": [274], "0.5514285714285714": [286], "0.5488151658767773": [339, 369, 454], "0.5472589792060492": [435], "0.554066985645933": [446], "0.5026041666666666": [538, 471], "0.5114840989399293": [340, 387], "0.46246006389776356": [58, 390], "0.5087873462214412": [251],