{"0.9772727272727273": [0, 31], "0.712707182320442": [73], "0.9416058394160584": [30, 13, 18, 33, 34, 24, 26], "0.9347826086956522": [2, 4, 65, 7, 19, 49, 27], "0.9555555555555556": [29, 20, 12, 5], "0.9020979020979021": [87, 38, 77, 100, 50, 67, 75], "0.5944700460829493": [40], "0.9084507042253521": [21, 84, 109, 45, 55], "0.9280575539568345": [14, 28, 23, 9, 102, 10, 36], "0.8486842105263158": [17, 32, 98, 115], "0.6201923076923077": [43], "0.9485294117647058": [35, 6, 16, 8, 25], "0.6683937823834197": [86], "0.8657718120805369": [89, 113, 99], "0.9148936170212766": [59, 11, 42, 54, 61, 68], "0.6323529411764706": [72], "0.9699248120300752": [3], "0.6649484536082474": [63], "0.6113744075829384": [119], "0.5265306122448979": [129, 120], "0.9626865671641791": [37], "0.6386138613861386": [104], "0.8896551724137931": [90, 78, 80, 39, 51, 62], "0.8775510204081632": [60, 76, 121, 52, 56, 71, 82, 88, 108, 110], "0.6825396825396826": [81], "0.5536480686695279": [106], "0.75": [22], "0.9847328244274809": [1], "0.9214285714285714": [41, 47, 64, 15, 46, 48], "0.671875": [103], "0.8543046357615894": [117, 116, 118, 123], "0.8835616438356164": [44, 58, 74, 97, 111], "0.8958333333333334": [53, 69, 70, 85], "0.86": [66, 83, 114], "0.8716216216216216": [94, 105, 112], "0.8431372549019608": [122, 125, 127], "0.832258064516129": [128, 130], "0.5972222222222222": [79], "0.602803738317757": [101], "0.6935483870967742": [95], "0.7371428571428571": [96], "0.6417910447761194": [91, 92, 93], "0.5466101694915254": [126], "0.7413793103448276": [57], "0.6172248803827751": [107]}