{"0.005920291736682027": [1], "0.00774284067240973": [352], "0.002581394600599195": [139], "0.003978091320620272": [175], "0.0031639182451924696": [53], "0.002686446068700868": [342], "0.0006065307714078631": [203], "0.0019559358286996772": [245], "0.0025623222430893656": [137], "0.0022231342970966393": [85], "0.0015717458487202283": [183], "0.0022534206095304434": [132], "0.00240477879398936": [44], "0.003317123806017431": [25], "0.0013676509357952592": [256], "0.0035038325596506302": [323], "0.0033910499620415004": [134], "0.0068251370251524715": [282], "0.0023404759915800918": [189], "0.003959315591498064": [35], "0.0017441832195360825": [200], "0.0011894093632469655": [112], "0.004051729636577629": [306], "0.0018899255296687025": [88], "0.0018480575599528898": [90], "0.005878814995769326": [94], "0.0061963754787515415": [136], "0.001445569664690391": [252], "0.0020933730310507314": [64], "0.0012456897767620032": [107], "0.003948095197619157": [222], "0.0036691964288301598": [287], "0.001261282744137825": [146], "0.0017506671927494171": [96], "0.0018888170872227465": [327], "0.0030561659466705397": [168], "0.001617841984968876": [254], "0.004416575499595389": [121], "0.000288084608379142": [329], "0.0019056227844066733": [103], "0.0036072944216375726": [144], "0.0026884038130710842": [185], "0.004327464383054169": [58], "0.006097796693503741": [195], "0.001457009579075708": [6], "0.0025858259382363323": [239], "0.0021967638695357524": [135], "0.0013281008648422536": [196], "0.001448111962541507": [297], "0.0026089102307961867": [237], "0.0025888402728833277": [349], "0.003494369223114389": [214], "0.0012843980825622493": [138], "0.002266401339992971": [296], "0.001713926402388836": [340], "0.0030360722364211378": [17], "0.0020148713178693173": [82], "0.0018914589181719726": [75], "0.0030382870142990825": [364], "0.005558837871270802": [143], "0.001704404215340169": [235], "0.0033410494196508757": [12], "0.0009802464731525301": [23], "0.001537509250096154": [102], "0.0017142706792579352": [207], "0.0018029289542315617": [255], "0.0021387653966703866": [332], "0.0030348822566574314": [49], "0.0031628034714914037": [337], "0.0006337122588283992": [253], "0.0007065146023958525": [110], "0.000949158071811701": [283], "0.0017244532359261303": [39], "0.0027898623378280083": [150], "0.0012857628379209487": [319], "0.004506471705734762": [160], "0.002743229230178871": [91], "0.0009134596153095861": [307], "0.001346998092484025": [226], "0.00042946914107092353": [227], "0.0029777600167361453": [197], "0.002187001908213523": [55], "0.001149508248625811": [14], "0.001092471774105794": [361], "0.004030207973732279": [223], "0.002592627006329932": [251], "0.00374255945194464": [45], "0.005781661564890492": [320], "0.00448952079832283": [145], "0.006150179685260126": [204], "0.001735201196372516": [141], "0.0013760469553495546": [289], "0.0006658414508312347": [97], "0.00395411353482726": [61], "0.0011767837837841208": [34], "0.0019105774417314278": [147], "0.004153588589915196": [224], "0.002201250731481857": [117], "0.0035472545469052348": [22], "0.0032682270184592327": [257], "0.0045102317601960484": [232], "0.001889207702397533": [234], "0.00141062850122961": [41], "0.0002377213070578238": [259], "0.0026846028501586014": [211], "0.0023518265062985014": [249], "0.002902637632563308": [324], "0.001039171659121237": [344], "0.002447386875770414": [32], "0.003367560093579535": [178], "0.002809741584414532": [305], "0.002354847963891631": [182], "0.0020221996919719816": [262], "0.0003984301860948125": [233], "0.0018403805026144212": [346], "0.0009723207016258106": [47], "0.003763314572141174": [343], "0.00044113410297279206": [310], "0.0016116195307996023": [72], "0.003205653924706151": [76], "0.0007997022276566434": [8], "0.002291656580728606": [173], "0.002944562074513743": [202], "0.001270586494371759": [51], "0.002283187213916678": [311], "0.0014348247437368478": [157], "0.0005317232298259724": [184], "0.0004698433782596231": [317], "0.001490384874848595": [155], "0.0030251730101784123": [367], "0.002628757270194153": [225], "0.0021541962158878945": [2], "0.0012949333103067424": [331], "0.0013236381161673434": [298], "0.001007032532857549": [350], "0.0022753006004205475": [26], "0.0022000412512227906": [124], "0.0036141103991692695": [154], "0.0028614566368611962": [198], "0.0018185235989710581": [268], "0.0025590356197400486": [284], "0.005059032203579888": [309], "0.002675515067519011": [354], "0.0015520372192327834": [288], "0.0018397597514498022": [52], "0.001956736301594693": [156], "0.005077974317440651": [89], "0.00034159977599223975": [164], "0.0018888822958800882": [37], "0.001365065648776281": [33], "0.002544176784208558": [299], "0.001559982524773183": [21], "0.0017575304872925876": [316], "0.001205113941360988": [31], "0.0018384303594482815": [362], "0.0009868603823833257": [312], "0.0004382516425708882": [84], "0.001137890273026982": [265], "0.0012729909417285462": [70], "0.0020190222372388706": [7], "0.004431406385638959": [167], "0.0030722769292227214": [244], "0.0021240120444142264": [230], "0.0013908855931432844": [105], "0.004671215120484629": [169], "0.0031378905234428003": [261], "0.003176054618406525": [238], "0.0025494850966408912": [272], "0.0010368530852805321": [50], "0.00580021058015498": [314], "0.001155443486546618": [93], "0.004175990249552829": [368], "0.0010322197757848541": [274], "0.005331897037951299": [190], "0.0016963969681803293": [213], "0.0011941123134756701": [5], "0.009336704998148607": [290], "0.0028764817691614786": [236], "0.003737602338696251": [294], "0.0026123254400439748": [295], "0.0029433499848823563": [130], "0.0025464480091939245": [163], "0.0029765728298177586": [119], "0.0020677696333730716": [186], "0.0028555728826018595": [63], "0.0014660612434549683": [313], "0.0016806532104936716": [106], "0.00522682126106405": [365], "0.0013278851866132283": [353], "0.0012313762900520227": [67], "0.0020852314134872907": [330], "0.0026022171154755887": [125], "0.0011957457172940408": [54], "0.003274725253796006": [27], "0.004172745279146885": [205], "0.0021854600302312894": [279], "0.002129191550292257": [280], "0.002215089344329973": [18], "0.000834856868799098": [79], "0.001753809045522224": [318], "0.0004806297818674639": [29], "0.0029752359263842502": [78], "0.003997107363303362": [100], "0.0010835508709451465": [209], "0.00308832743438415": [114], "0.0027642418988826677": [217], "0.0009747422670723529": [3], "0.0010450381543624931": [260], "0.00211802652895742": [366], "0.002276057043527251": [87], "0.0024791051219857927": [92], "0.0035021423895359796": [113], "0.002311119658380209": [129], "0.00039565480615685715": [95], "0.0011206602536184577": [248], "0.0018377208014606031": [109], "0.0057823136646711825": [159], "0.0021783290227391583": [9], "0.001102994553440308": [77], "0.0008694411128985386": [171], "0.000732112754218865": [286], "0.006394119441325755": [360], "0.005930851813335769": [158], "0.003128661074786895": [36], "0.0016396459390086505": [48], "0.002185578620675138": [276], "0.0030619609149730898": [133], "0.000921466917921884": [65], "0.0005666518792481368": [66], "0.001419901609857896": [4], "0.0023734108205981865": [206], "0.0028050048831510703": [126], "0.00106098364686184": [199], "0.0008771334256533901": [304], "0.002564272408856089": [285], "0.0066443416036179": [270], "0.0015903981020497044": [345], "0.00020115024939913495": [351], "0.001285776139830128": [341], "0.0012962973475838147": [278], "0.002536477728435419": [161], "0.002961147452831462": [111], "0.0005690162623500248": [187], "0.0020468256038822428": [228], "0.0008605086588055917": [303], "0.0005365927117040104": [176], "0.0020555306060251223": [179], "0.004113521283704947": [153], "0.0031221393211781773": [128], "0.000782748806097874": [325], "0.0013835566843587671": [152], "0.0007871877445359112": [229], "0.0018719928729246103": [328], "0.001964776659588338": [60], "0.002062399458701689": [69], "0.001609481012930075": [369],