{"0.10757889209335837": [1], "0.00018511480490208861": [128], "0.019842572762024793": [2], "0.016614185185713417": [3], "3.4304711072407867e-05": [386], "0.012408450056923032": [9], "0.00420143340685643": [15], "0.0038145050910285356": [19], "0.003512160757051507": [26], "0.0057554723803224595": [29], "0.0019561318832827935": [34], "0.0005427151856011047": [39], "0.0022356654255566584": [45], "0.0016427447904695986": [50], "0.00045097378498572835": [188], "0.00014599168686181145": [213], "0.0": [597, 612, 534, 431, 439, 441, 450, 543, 539, 516, 643, 665, 637, 639, 536, 545, 567, 453, 509, 537, 641, 448, 578, 424, 585, 531, 463, 382, 490, 522, 551, 555, 564, 475, 523, 561, 562, 563, 574, 586, 626, 630, 636, 648, 649, 651, 652, 663, 420, 444, 476, 495, 474, 568, 521, 527, 598, 425, 437, 438, 576, 504, 432, 566, 618, 628, 505, 435, 469, 606, 449, 452, 627, 515, 573, 486, 538, 540, 541, 549, 487, 642, 440, 443, 582, 459, 460, 609, 617, 496, 608, 464, 633, 557, 524, 550, 442, 454, 461, 465, 467, 468, 470, 471, 604, 491, 492, 519, 530, 421, 552, 600, 602, 607, 619, 493, 621, 625, 629, 510, 558, 591, 595, 507, 508, 500, 427, 580, 577, 499, 512, 514, 647, 526, 528, 529, 532, 445, 446, 613, 593, 481, 436, 664, 581, 506, 535, 559, 451, 592, 472, 478, 605, 525, 426, 430, 590, 489, 596, 553, 434, 497, 659, 635, 456, 457, 603, 610, 503, 640, 520, 661, 422, 423, 560, 570, 572, 455, 462, 477, 480, 483, 484, 485, 501, 546, 473, 655, 656, 657, 632, 646, 547, 548, 571, 620, 624, 584, 622, 498, 594, 517, 653, 544, 554, 428, 429, 556, 575, 579, 588, 599, 623, 662, 565, 447, 583, 611, 615, 533, 502, 666, 433, 569, 511, 650, 479, 601, 614, 616, 645, 518, 660, 458, 419, 638, 658, 488, 494, 513, 587, 542, 644, 466, 631, 482], "0.00015621637244003396": [113], "0.00024472685088210497": [125], "0.00024279266177233892": [260], "0.02101951073170838": [5], "0.00030030618229844687": [262], "0.012821976184005874": [7], "0.02049270492395226": [8], "0.010652154429550973": [13], "0.008450638817615678": [22], "0.0004787813140529493": [278], "0.0008431581447021227": [153], "0.013035496264273893": [25], "0.00017342500285475894": [411, 323], "0.00037466568262448693": [163], "0.0049402919141835": [36], "0.008793054588295114": [41], "0.0005867290163706839": [170], "0.007400154099628426": [43], "0.0007979349659549169": [297], "6.19919824051149e-05": [300], "0.00024749888966802585": [312], "0.0007458946868100387": [186], "0.0001685825635287569": [320], "0.00034829638237202646": [193], "0.005822195077081566": [68], "0.0005964675081568318": [223], "0.0011944078507179915": [106], "0.003988208802937803": [109], "0.0029838324675526395": [116], "0.0017703042965201326": [120], "0.000318694047226119": [250], "7.261992046840849e-06": [325], "0.00278458369668469": [74], "0.002232974802598118": [80], "0.001364825670099596": [55], "0.01733540070694815": [6], "0.007164359451390944": [12], "0.001417356648186471": [140], "0.012879068125918493": [18], "0.0014586139350161596": [148], "0.001883651840029877": [31], "0.000603135806726156": [160], "8.476065373182442e-05": [162], "8.02857934146788e-05": [299], "0.0013136355951291322": [58], "0.000456585009931935": [71], "0.001176177459366698": [92], "0.0019314943951695604": [105], "0.018798256822542738": [4], "0.00016776305306348319": [388], "0.011185463517631646": [11], "0.0001546897126008859": [268], "0.010687173789576277": [14], "0.0007053500378652603": [143], "0.006442915107210024": [17], "0.001823152739732369": [145], "0.007681135266398407": [21], "0.0009066199469011684": [146], "0.010569466930059519": [23], "0.004216288651367043": [24], "0.0018540429819422406": [152], "0.0001975571340316211": [282], "0.0014625811761409988": [159], "0.008413371908943552": [32], "0.0036530233491104186": [33], "0.006431185412437251": [35], "0.0017829202674088552": [164], "0.003248743267401721": [38], "0.008692962105913058": [40], "4.872112835281837e-05": [301], "0.009761368783981204": [49], "9.429491749090003e-05": [305], "0.0005694222326290173": [184], "0.006083912400084864": [57], "0.0004318259946143775": [190], "0.002862583033955484": [63], "0.0048100282898076874": [65], "0.00632130390920064": [66], "0.005006449030287916": [70], "0.0011015793657700732": [202], "7.650386299427737e-05": [332], "0.001795451053658427": [84], "0.00026608570706309747": [215], "0.0016639863114079583": [89], "0.0009492187938986797": [91], "0.000270774010562631": [228], "0.0012231991032685117": [110], "0.00035118363381201766": [242], "0.0011954012361097524": [121], "0.0013968499025004493": [122], "0.0007106723796982686": [126], "0.0004020891717684496": [135], "0.020518521140619528": [10], "0.0004235408812630957": [269], "0.00408465137119616": [16], "5.8644973697258235e-05": [272], "5.229996902480544e-05": [402, 356], "0.0012201190852856312": [154], "0.0021083243070161265": [52], "0.0029272315357537645": [73], "0.002248599725720108": [77], "0.001590084514466255": [79], "0.0001489041337210722": [208], "1.701889250362342e-05": [342], "0.0003596193327689984": [220], "0.00047643097639516753": [224], "0.0023168390876073825": [98], "0.006964538432660816": [61], "0.003673370075360752": [51], "0.00028995743706818967": [216], "0.0010745991207727111": [67], "0.00015606839290679796": [201], "0.0049616656149609984": [47], "0.00020060909455374065": [209], "0.020405773743477306": [20], "9.755074241828566e-05": [183], "0.000786556164359952": [129], "0.002828593803326557": [141], "4.0947882704376375e-05": [397, 309], "3.0129361685077086e-05": [416], "0.00030879941397202334": [289], "0.0002907764404893507": [168], "0.00016501487312714288": [296], "0.0035046166722573794": [42], "0.0026275939237971127": [48], "0.0002652011908087326": [177], "1.1886773604544352e-05": [326], "0.0050894445494372945": [78], "0.0018593913187030082": [93], "0.00034871666366334737": [229], "0.00027300125278730496": [230], "0.005037244601853322": [59], "0.0012916293983225452": [142], "0.0006034769880729288": [112], "0.0016446416967914584": [114], "4.235509523991296e-05": [370], "0.01650290366215773": [27], "0.0002132542536468385": [284], "0.005244407663107762": [102], "6.681934680411517e-05": [367], "2.3224769516822032e-05": [368], "0.0001637796153658115": [279], "5.045373873066131e-05": [285], "9.821839180031631e-05": [417], "0.003646357246641239": [37], "0.002507078785044685": [104], "0.0021412912398157897": [205], "9.769467137163093e-05": [206], "8.877766300095964e-05": [207], "0.00022154880485559652": [271], "6.416728028224992e-05": [214], "0.0012747369463593054": [97], "4.7173013633089283e-05": [329], "8.107110547260103e-06": [364], "0.00040567950446812856": [222], "7.758673166190289e-06": [387], "0.0015066008487359082": [137], "0.000476770935075148": [266], "0.00014442736848454749": [408, 361], "0.0009143957569502719": [156], "0.008572175781886314": [28], "0.0004321680791630531": [294], "0.00546904975987523": [44], "0.0009382072329557746": [175], "0.0010701250694992186": [178], "0.008003439900147584": [53], "0.0030606374742042797": [69], "0.0023303373245883944": [72], "0.0005165396479696573": [218], "0.00031484535200880287": [248], "0.0003673584444171269": [245], "0.00041575480408758965": [246], "0.00022296678216786054": [247], "4.413258891258308e-05": [358], "0.0023850982971026433": [88], "0.0009833587326991391": [108], "2.9043387882630467e-05": [225], "4.3408024303458465e-05": [365], "3.5342943576588366e-05": [187], "0.00012610941443293354": [189], "0.007385840649312982": [30], "0.0006227328781764498": [259], "0.001671877538011901": [132], "0.0005946785511202903": [410], "0.0032533789865248687": [46], "0.0027310921783005185": [54], "0.0010684927913649457": [56], "2.719674764999376e-05": [316], "0.0033780544570842573": [64], "0.0003744399183181187": [194], "0.00017737857526693953": [196], "0.0007591623740219887": [203], "0.0019511520702449974": [87], "9.97253509114254e-05": [375], "0.00036243831968356795": [354], "0.00320505224742785": [99], "0.003370096582785557": [101], "0.0017857267031193668": [107], "0.0017435540464460517": [111],