{"0.00020096408196857175": [1, 59], "2.74040213466694e-05": [3], "0.006083819166004563": [7], "0.00021325344185665253": [8, 15, 87, 5, 39, 83, 21, 90, 50, 66], "3.5825929662157135e-05": [9, 12, 37, 80, 58, 31, 23, 53, 97, 26, 52, 77, 69, 61, 25], "0.00027040803883625645": [10, 85, 42, 48], "3.0533244650908178e-06": [11, 89, 2, 51, 64, 33, 75, 49, 67], "2.679008316237691e-05": [13], "0.0017535538541490366": [14], "0.01269390223673353": [16], "0.0014637208495151437": [17, 63], "0.0005767203508948726": [72], "0.0011702778153012763": [57], "0.0016476014041722933": [46], "0.014273469834548481": [81], "0.00333193699894347": [19], "0.0013683361846465341": [20, 28, 82], "0.0005969805417985791": [84, 29, 36, 45], "0.014667388195010143": [91], "0.0012592870705498168": [60], "0.01539374864314282": [6, 74, 76], "0.0006682236555725292": [18, 62, 92, 88], "0.014798867343571024": [24], "0.0005597390022931017": [27], "0.0006447715777632935": [40], "0.002302268541352555": [54], "0.0006284501163339292": [70], "0.006377685482946243": [34], "0.006152766200574532": [35, 4, 73], "0.0023842544407774837": [30, 56, 98], "0.001338761085115721": [38], "0.004695177905342634": [44], "0.0002008249991497483": [47], "0.0005778589192661249": [55], "0.002507232947263864": [65], "0.0017985854285439494": [71], "0.0036909971957970315": [94, 22], "0.012229022544267155": [95], "0.00596327292612183": [96], "0.0028515747848278238": [103], "0.00044329036906950374": [104, 107], "0.00036795467079004957": [108], "0.00666512127725054": [110], "0.0004905715072999904": [112, 115], "4.342335144820621e-06": [116], "0.0015143354253531515": [117], "0.0011616856661737995": [118, 128], "0.008875805444893045": [119, 111], "0.001704309378263468": [120], "0.005790546367636415": [125], "0.0023687851443395364": [127], "0.0006472329489831899": [68], "0.010150676799473216": [79], "0.002886376044505666": [43], "0.00024879400709559": [86], "0.00017794529773154048": [32], "0.01496072283516494": [41], "0.0012348900162597145": [100], "0.00042759886290017526": [101], "0.012246904407407952": [105], "0.0016152801309326106": [78], "0.00258564410811641": [121, 113], "0.0023738734238314013": [123], "0.0060842482240504045": [126], "0.0070298146159239305": [109], "3.861541959347529e-05": [114], "0.009285220985911297": [122], "0.0024922890018126056": [124], "0.0": [99, 197, 185, 228, 166, 245, 293, 284, 285, 288, 292, 286, 287, 289, 290, 291, 294, 283], "0.006761826911644216": [102], "0.001205548218636724": [106], "2.205330371721666e-07": [93], "2.0315265148550033e-06": [129], "0.005619716446695473": [132, 134, 138, 147], "0.001268303807480284": [136, 139], "0.0018292673891550442": [140, 145, 151, 144, 150, 146, 141, 148], "0.0011421832879197594": [152], "0.003719119858548656": [161, 154, 170, 159], "0.00036848720802533673": [168, 157, 156, 160], "0.003273754807839465": [173], "0.003219204209303835": [177], "0.0027876993181174653": [180, 183, 184, 179], "0.00019553678448201391": [181], "0.0007208039302650176": [182], "7.099607127181572e-05": [186, 190, 194, 195], "0.0020295663067954836": [188, 189, 191, 192, 193, 196, 187, 198], "0.0006267003465712208": [137, 133, 135], "3.2593762824563666e-05": [153], "0.002916805338801171": [158], "0.0017526242008987804": [167], "0.00022396819785056905": [199], "0.0014994209774996656": [200, 202, 209], "0.000767476067965797": [208, 205, 207, 206], "0.0012854914567803181": [210], "7.156072022525405e-07": [211, 216], "0.0010908479581062597": [201], "0.000545771499902301": [203], "0.001469612576600064": [204], "0.0001781782568025946": [212], "0.0012522721169900824": [213], "0.00089216460481988": [214], "0.0008689230607455328": [215], "6.712515278092938e-05": [217], "0.00014049910392031692": [155], "0.0022099856611336732": [163], "3.739055536535716e-05": [164, 165, 162, 169], "9.915988668660603e-05": [174, 172, 175], "0.0007596588808723096": [226], "0.00019670691495937665": [176], "0.00020032818400319573": [219, 221], "0.0003245507409842316": [230], "0.0007819839918020903": [218, 229, 231, 225, 227], "0.00014871863144722775": [143, 149], "0.0007571201873811131": [220, 223], "0.00018998267489495267": [222], "0.00015776990485635265": [233, 237, 234], "0.00048142354526546475": [235, 236, 238, 239, 240, 243, 246, 242, 241], "0.0021510122945732025": [178], "5.118268039328871e-05": [224], "9.74020914177069e-07": [232], "9.842737659052487e-07": [142], "2.7505287695580607e-05": [171], "3.0147098137144584e-05": [130], "0.0002915840286423087": [244], "0.00018816750758338796": [259, 257, 250, 258, 261, 262, 254, 248, 255, 251, 253, 247, 252], "3.8772055842587615e-05": [280, 274, 275, 276, 278, 279, 277, 281, 282], "8.124053675706752e-05": [256, 260, 249], "0.00011222292247934394": [263, 267, 268, 269, 270, 266, 272, 264, 265, 271], "2.385357340841802e-07": [273], "2.5409241239401806e-07": [131]}