{"0.9763948497854077": [0, 105, 5, 57, 222, 132], "0.9400826446280992": [388, 26, 93, 128, 131, 290, 348, 183, 286, 195], "0.922920892494929": [133, 82, 324, 409, 60, 228, 247, 22, 318], "0.9459459459459459": [136, 19, 355, 168, 73, 294, 130, 282, 323, 126, 21, 337, 312], "0.9869848156182213": [9], "0.8921568627450981": [268, 408, 320, 420, 425], "0.9266802443991853": [13, 319, 269, 208, 285, 42, 354], "0.9173387096774194": [148, 142, 374, 14, 322, 91], "0.978494623655914": [149, 27, 35, 56, 78, 232, 2], "0.8633776091081594": [416, 245, 198], "0.9680851063829787": [34, 55, 166, 200], "0.9701492537313433": [49, 16, 40, 53, 102, 99, 103, 257, 156, 48, 221], "0.9619450317124736": [182, 44, 252, 31, 121], "0.9848484848484849": [58, 1], "0.8666666666666667": [443, 366, 453], "0.8992094861660079": [316, 181, 403, 162, 224, 379, 158], "0.959915611814346": [62, 38, 39, 187, 115, 61, 264, 251], "0.8125": [449], "0.9323770491803278": [67, 220, 356, 392, 154, 199, 108, 216, 223, 47, 255, 197, 296, 176, 413], "0.8348623853211009": [328, 435], "0.9304703476482618": [203, 173, 171, 129, 211, 212, 94, 110, 160, 25, 309], "0.9439834024896265": [77, 344, 401, 89, 185, 273, 140, 51, 175, 378, 444, 65, 106, 179], "0.9285714285714286": [79, 80, 343, 275, 358, 239, 36], "0.9639830508474576": [209, 3, 92, 6, 147, 371, 250], "0.8716475095785441": [101, 429, 84, 407], "0.8766859344894027": [236, 389, 383, 377, 123, 334, 448], "0.9063745019920318": [367, 327, 263], "0.9420289855072463": [112, 100, 207, 97, 137, 301], "0.908183632734531": [113, 381, 215, 370, 238, 382, 352, 69], "0.9247967479674797": [368, 395, 66, 415, 235, 386, 174, 363, 214, 37], "0.9479166666666666": [116, 292, 120, 298, 398, 385], "0.8904109589041096": [373, 59, 342, 315, 241, 15], "0.974304068522484": [4, 10, 111, 191, 7, 64, 29], "0.9891304347826086": [8, 54], "0.9827213822894169": [20, 28, 41, 217, 33], "0.9191919191919192": [43, 234, 391, 278, 397], "0.9362139917695473": [68, 291, 345, 414, 267, 293, 12], "0.9660297239915074": [81, 277, 50, 85, 152], "0.9498956158663883": [83, 325, 23, 164, 260, 404, 118, 30], "0.9578947368421052": [104, 17, 150, 310, 246, 287], "0.9210526315789473": [117, 204, 218], "0.8242753623188406": [119, 430, 364, 428, 433], "0.883495145631068": [141, 432, 436, 134, 125, 326, 226], "0.904572564612326": [153, 372, 151, 418, 331], "0.8601134215500945": [157, 265, 227, 230, 225], "0.9912854030501089": [170], "0.9806034482758621": [194, 18], "0.888671875": [206, 340, 188, 193, 96], "0.9558823529411765": [210, 329, 393, 205, 144, 76, 229, 261, 172, 145, 297], "0.9538784067085954": [233, 63, 365, 180, 127, 201, 192], "0.9722222222222222": [240, 266, 321, 72, 75, 32, 74, 52, 189], "0.8974358974358975": [270, 402, 279, 70, 351], "0.9342915811088296": [276, 237, 284, 258, 219, 11, 196, 302, 271, 138, 45, 305, 95], "0.900990099009901": [295, 46, 90], "0.8683206106870229": [299, 346, 249], "0.9518828451882845": [303, 396, 169, 71, 88, 259, 231], "0.91": [330, 289, 375, 349, 124, 380], "0.8956692913385826": [332, 272, 313, 406, 143, 155, 178, 300], "0.8584905660377359": [350, 423, 336], "0.8650190114068441": [417, 341, 405, 357, 394], "0.8817829457364341": [446, 412, 421, 434], "0.8733205374280231": [450, 159], "0.7926829268292683": [438], "0.8410351201478743": [447, 454], "0.9154929577464789": [114, 163, 98, 202, 262, 307], "0.9027777777777778": [253, 361, 244], "0.9381443298969072": [184, 146, 254, 186, 243, 288, 274, 280, 419, 122], "0.9118236472945892": [256, 431], "0.8212996389891697": [390], "0.8939096267190569": [400, 87, 165, 248], "0.869980879541109": [308], "0.8783783783783784": [314, 424, 190], "0.8800773694390716": [338, 283, 24, 107], "0.8852140077821011": [339, 109, 317, 369], "0.8441558441558441": [399, 376, 410], "0.875": [213, 359], "0.9136546184738956": [384, 167, 360, 311], "0.8617424242424242": [161], "0.8504672897196262": [451], "0.8520599250936329": [347], "0.8198198198198198": [422, 353, 452], "0.78719723183391": [442], "0.8552631578947368": [281], "0.8272727272727273": [411], "0.8287795992714025": [333, 437], "0.8425925925925926": [427], "0.8379373848987108": [387, 135], "0.8394833948339483": [304], "0.8363970588235294": [362], "0.845724907063197": [242, 441], "0.803886925795053": [439, 426], "0.7913043478260869": [445], "0.7338709677419355": [455], "0.8869395711500975": [139], "0.8488805970149254": [177, 335], "0.794066317626527": [306], "0.7520661157024794": [86], "0.8257713248638838": [440]}