{"0.06904466771222272": [1], "0.030539239408984974": [128], "0.06353443409185824": [2], "0.06311027416470906": [3], "0.03187479396583667": [129], "0.0653020166358592": [130], "0.07198440776755283": [6], "0.0715593354316053": [7], "0.06231662807951836": [8], "0.07097250438604098": [9], "0.032332892240001944": [131], "0.058193701272003254": [134], "0.07228288154851728": [12], "0.0592147732241433": [135], "0.07168188627676357": [14], "0.06918907572481243": [18], "0.06486816285595466": [19], "0.06292640110307512": [22], "0.06587203842948752": [31], "0.06433413431805467": [42], "0.050566486526758415": [48], "0.06566363411917804": [50], "0.07173011159888795": [51], "0.06170865505218016": [53], "0.06057957276416478": [55], "0.06884312623006476": [64], "0.06105806591781032": [70], "0.07097712601963851": [71], "0.061208875732354354": [75], "0.06499598479456442": [77], "0.06800272934912939": [86], "0.06199607822106182": [88], "0.07238324939694953": [90], "0.03308781416144215": [92], "0.07148086424400055": [94], "0.06411739493355811": [96], "0.061435638453600075": [99], "0.05860123837508183": [101], "0.06148264097970952": [103], "0.0300485481998627": [104], "0.0648266605438663": [107], "0.05813440333722904": [108], "0.06441036271224701": [109], "0.05772712254733941": [110], "0.06879351064276872": [111], "0.0648515615119921": [113], "0.07145690166270913": [114], "0.0701213403721549": [115], "0.028532796443371134": [116], "0.055428451155315715": [117], "0.061683753113460624": [118], "0.060546965940253314": [120], "0.07082541764435615": [123], "0.06007858769928212": [124], "0.05923745830760601": [125], "0.0600921528079384": [126], "0.06358324107058301": [127], "0.06506702621542307": [17], "0.06665853932701292": [24], "0.06770416944360777": [35], "0.06721951530485305": [36], "0.07017286736077566": [37], "0.06692712887986997": [39], "0.07122492734836365": [40], "0.06571865452553696": [45], "0.04864404656890213": [47], "0.06542239461786584": [63], "0.06291842405003274": [66], "0.06108370299455234": [93], "0.036958429067267935": [95], "0.03209073817098312": [97], "0.05685449162551035": [256], "0.06482708956928376": [132], "0.0613726736906309": [5], "0.06243576491000372": [10], "0.05940043572201757": [11], "0.06798097814547295": [137], "0.05719955476886935": [142], "0.06366044523166375": [27], "0.062135616909760286": [29], "0.06507040541478804": [161], "0.0682542618723993": [165], "0.0624893460513376": [167], "0.060893146419950826": [43], "0.057584020556038965": [170], "0.07332944783010595": [179], "0.065108010486863": [60], "0.06765874646873565": [72], "0.05922479884174181": [206], "0.04285822077727194": [214], "0.058008669562077196": [226], "0.060986090636930085": [227], "0.05194763258676056": [230], "0.029549065667965755": [231], "0.05681022340259754": [232], "0.0323971896053731": [233], "0.02752839318119237": [234], "0.05667225812526496": [235, 238], "0.05706158949153677": [240, 241], "0.06474076459508718": [243], "0.06454833962269058": [244], "0.06243100781998934": [245], "0.056859930898294685": [252], "0.0261197544223702": [514], "0.0601973931520732": [265], "0.06364539011679848": [393], "0.020109773551117538": [395], "0.03098514147155305": [523], "0.010846189151249871": [530], "0.07002262458422133": [147], "0.06498486278546887": [277], "0.02604020815137487": [409], "0.03534726296115147": [156], "0.06827289192434044": [284], "0.016896638508319253": [543], "0.06787244373252828": [421], "0.06675352678377246": [41], "0.06610837756905566": [302], "0.010846189151249873": [558, 559, 562, 563, 568], "0.040578690732247215": [311], "0.06546380312855299": [59], "0.04051209423574539": [62], "0.05977062191794136": [68], "0.06074628395767998": [327], "0.014247199754936794": [201], "0.06680507078081621": [335], "0.041947269187510426": [342], "0.060647623726623585": [343], "0.06952891596468457": [222], "0.02542391299098809": [482], "0.06432184183886283": [363], "0.03687467430257412": [505], "0.028801616939203113": [379], "0.06156116105532363": [4], "0.0592922747185865": [13], "0.044482055003578165": [15], "0.060169427935933675": [16], "0.0625976644190807": [23], "0.05985621731254087": [30], "0.05905896088376791": [32], "0.05719354203660157": [139], "0.06605774626063717": [140], "0.05879826614746357": [141], "0.043994749986325285": [144], "0.06371186292438592": [145], "0.06623625764223576": [148], "0.06795500111804323": [149], "0.05125407304661937": [56], "0.05799291730471448": [69], "0.05801358323189407": [76], "0.06254897959050518": [79], "0.032224439087452594": [89], "0.05934656151811997": [261], "0.0639186427920601": [266], "0.057183267700677526": [269], "0.05695462857508856": [270], "0.06253472796301822": [272], "0.06760538528842772": [273], "0.06592991546545414": [26], "0.06234191140428601": [158], "0.06617863064044281": [168], "0.06282032290550128": [44], "0.06105728093636089": [182], "0.061359169074295235": [186], "0.04234787757809892": [187], "0.05944927537163881": [188], "0.06048601280454499": [221], "0.06478373907383347": [163], "0.021397349845556895": [102], "0.06155113571400608": [166], "0.06994970194451863": [85], "0.024241653917998242": [152], "0.06562096031558926": [28], "0.03531892524210574": [87], "0.03967067469387862": [91], "0.05803657901696934": [122], "0.0584477547017076": [33], "0.03722991067977397": [217], "0.057803512898219625": [219], "0.03252308998732363": [223], "0.05755435379288677": [224], "0.03893931779292379": [100], "0.06378289925080374": [228], "0.05808703291088387": [73], "0.05776699341467551": [200], "0.009489123209517083": [138], "0.010432075495483126": [143], "0.06275866266870361": [155], "0.06294810336806607": [159], "0.02830396221130091": [46], "0.022047342201829953": [105], "0.028359931890394003": [112], "0.021784985900900937": [119], "0.009851481414955848": [259], "0.011945253586325413": [263], "0.027258195266512627": [136], "0.0662978081686172": [271], "0.0357013843227645": [21], "0.021027899189016867": [407], "0.008046325327687098": [285], "0.0099317236829472": [34], "0.022474921683404613": [420], "0.007962714290262601": [423, 431, 438, 441, 450], "0.01540505306442847": [171], "0.009869483901665133": [299], "0.022720779546354198": [432], "0.02610724395931858": [180], "0.008746209616608996": [54], "0.008011103340167303": [308], "0.06475493644207404": [318], "0.008678393513609927": [67], "0.008605424044221788": [198], "0.02562349545232481": [203], "0.008260929400837218": [204], "0.00852836069278865": [333], "0.010303435035402429": [78], "0.034177716074529546": [81], "0.009098259789436678": [337], "0.011401245856525744": [83], "0.008418245055768731": [341], "0.008287243257592471": [346], "0.008019111180434219": [220], "0.038733447114047206": [348], "0.023534132412673422": [351], "0.00827358750812669": [354, 355], "0.03457022341863069": [356], "0.008924344646450338": [106], "0.008153732445416832": [237], "0.008743374438801356": [370], "0.008307267753397211": [372], "0.013372971817845027": [247], "0.00968394465760209": [255], "0.062054607366535154": [189], "0.0580993755771162": [262], "0.06363212143767803": [279], "0.06176618952916481": [289], "0.06647821854570432": [307], "0.06150619852711256": [314], "0.061211006870674274": [316], "0.05923512283896602": [323], "0.062112418611322794": [334], "0.026251430885825395": [347], "0.056399997173090625": [350], "0.05760913712632875": [357], "0.05833585358682458": [358], "0.03421002244257724": [359], "0.024627675358817457": [361], "0.05623106149369448": [362, 371], "0.06303212821483502": [365], "0.020044079201002752": [380], "0.00441865415734089": [133], "0.005684710324673648": [146], "0.004040897636985121": [150], "0.0583961325777287": [74], "0.05967289008073611": [175], "0.05953945804551615": [183], "0.05574967397832666": [191], "0.06018661892000625": [197], "0.02738859111925312": [207], "0.06110725324646729": [364], "0.06333044927264495": [57], "0.05706527717870985": [209], "0.02626180124317783": [210], "0.056915738656302416": [213], "0.059242671235453036": [437], "0.014966301973792036": [65],