{"0.49634193299961493": [1, 68, 754, 1059], "0.6260320543953375": [384], "0.5388795986622074": [2, 171, 394, 184, 799, 845], "0.5180868167202572": [3, 984, 1039], "0.5499146757679181": [7, 664, 619, 878], "0.5235580828594638": [8, 191, 968], "0.5205977382875606": [10, 204, 1121], "0.5441114394259181": [14, 633, 142, 622], "0.5964831096714484": [15, 178], "0.5544086021505377": [16, 479, 678, 686, 247], "0.5485106382978724": [17, 554, 532, 152, 316, 595], "0.5457239627434378": [18, 1012], "0.5506193934216147": [19, 410, 906], "0.5739091718610864": [22, 24, 524, 782, 580], "0.6158623984710941": [23], "0.5361896838602329": [25, 871, 1020, 84], "0.5330851943755169": [26, 745, 1094, 586, 250, 937, 1035], "0.5651030249890399": [27, 49, 332, 518, 134], "0.5023382696804365": [28, 227], "0.5276299631600491": [29, 683, 1159, 815, 620, 1032, 1088], "0.5162194633560272": [30, 274], "0.5513259195893926": [33, 34, 909, 762], "0.5350767953507679": [35, 551, 127, 717, 321], "0.532204789430223": [36, 904, 146, 594, 575], "0.5558430357912894": [38, 296, 501], "0.5577672003461704": [39], "0.5782862270076268": [40, 618], "0.611190137505927": [42, 203], "0.5698496905393458": [44, 396, 506, 644, 793, 707], "0.5241968279788531": [45, 32, 51, 495, 294, 861, 947, 1104], "0.6020551144325081": [46, 244], "0.5660957400087835": [47, 624, 240, 753], "0.6493702770780856": [48], "0.5759606791778373": [52, 708], "0.5811541929666366": [53, 143], "0.5393305439330544": [449, 584, 334, 385, 973, 779, 949], "0.5297986025482943": [322, 442, 405, 177], "0.5487441464452959": [450, 350, 635, 486], "0.5304526748971193": [451, 830, 991], "0.5452622673434856": [452, 742, 892, 573], "0.5187122736418511": [453, 932, 1126, 418], "0.5475785896346644": [454, 122, 843, 261], "0.5445711871567385": [455, 541, 407, 950, 810, 933], "0.5673415492957746": [456], "0.5468816291896479": [457, 89, 975], "0.5315463917525773": [458, 1134, 1010], "0.5108997225525168": [4, 225, 116], "0.5119142176330421": [5, 614, 179, 1148], "0.5216511533791987": [6, 970, 885], "0.504698512137823": [9, 13, 137, 120, 121, 1180], "0.4908606245239909": [11, 1109, 1110, 1114, 1116], "0.5048962005483745": [12, 954, 955, 1216, 1204], "0.584315503173164": [20, 327], "0.5214401294498382": [21, 307, 1074, 971, 951, 1036, 1090], "0.5125248508946322": [31, 200, 1191, 1172], "0.5572849113705145": [37, 777], "0.5473460721868365": [41, 881, 988], "0.5370833333333334": [43, 346, 552, 488, 242, 504, 797, 1048], "0.5295809367296631": [50, 279, 338, 924], "0.5289290110791958": [641, 834], "0.5480442176870748": [387, 657, 736, 151, 164, 82], "0.5816787003610109": [388, 192], "0.5570440795159897": [643, 734], "0.5893918609967993": [646], "0.5406879194630873": [519], "0.5466497031382528": [392, 149, 483, 859, 774], "0.5525075010715816": [648, 470, 967, 645, 944], "0.5448013524936602": [266, 676, 517, 792, 918, 493, 883, 858], "0.5798470535312641": [651, 589, 490, 699], "0.6155682903533907": [654], "0.599256159925616": [655], "0.5536941580756014": [400, 537, 494, 355, 888], "0.5937356057116536": [530, 269], "0.6129339039467427": [403], "0.5959315765141008": [531, 348], "0.5568034557235421": [661, 131, 186, 119, 836], "0.5680916703393566": [153], "0.5563228312473025": [665, 325, 767, 851, 328], "0.6060178655383168": [412, 183], "0.5653508771929825": [540, 675, 474, 509, 808], "0.5628820960698689": [669, 330, 726], "0.5736537605696485": [671, 582], "0.547811304717382": [293, 362, 220, 723], "0.6149809160305344": [167, 236], "0.5193392425463336": [558], "0.567591369440775": [559, 632, 739, 162, 790], "0.5626364033173287": [313], "0.5368596418159101": [463, 1030], "0.5953810623556582": [596, 369], "0.5638670166229222": [228, 694], "0.5926436781609196": [229, 371, 740], "0.5706064630367419": [613, 476], "0.5648553900087643": [621], "0.5409148132605959": [499, 170], "0.5690949227373069": [502, 751, 714], "0.5951061865189289": [253, 342, 234, 283, 185], "0.5822041553748871": [638, 496], "0.5337474120082816": [132, 670, 343, 1018], "0.5096876235666271": [391, 395, 397, 411, 169, 202, 235], "0.5744206773618539": [268], "0.5352990033222591": [144, 612], "0.5411418975650714": [145, 862, 1013], "0.5056885052961946": [280, 390, 1226, 1229], "0.5274140752864157": [406, 64, 402, 1050, 1158, 1014, 927], "0.5317656765676567": [409, 787, 564, 1138], "0.5195485691253526": [420, 715], "0.5121176003178387": [181, 182, 210, 312, 124, 1061], "0.521018593371059": [195, 1099], "0.5189210950080515": [326, 298, 102, 138, 913, 1183, 856], "0.5721260541500222": [205], "0.5551248923341947": [207, 748, 817], "0.6045966228893058": [344, 264, 189], "0.519758064516129": [351, 526, 565, 839, 1056], "0.5582503248159376": [376, 336, 840, 850, 770], "0.5269828291087489": [241, 221, 710], "0.5366361365528726": [382, 964, 757], "0.514365522745411": [514, 953, 823, 78], "0.5633741258741258": [520, 557, 872], "0.5663444639718805": [522, 237, 481, 813, 801], "0.5395562997069904": [542, 763, 889, 1043], "0.5532188841201717": [550, 570, 642, 915], "0.5529815529815529": [587, 76, 591, 784, 868], "0.6132254995242626": [592, 684], "0.5801080108010801": [617, 337], "0.5762181493071077": [500], "0.581941309255079": [548], "0.5246235246235246": [553, 1017], "0.5636204634892873": [555, 803], "0.5293634496919918": [556, 1139], "0.5308896210873146": [560, 492], "0.5877792977656179": [562, 378], "0.5438818565400844": [566, 752, 600, 917], "0.5597047329570126": [629, 469, 188, 682], "0.5867091488393263": [630], "0.5420521446593777": [631, 273, 768, 329], "0.5151878497202238": [634, 256, 832, 1145], "0.5749330954504906": [636], "0.5601912212081703": [637, 535, 607], "0.5503842869342442": [547, 738, 647], "0.5824672390420244": [549, 340], "0.5160128102481986": [561, 323, 168, 1141], "0.514160351017152": [536, 115, 896], "0.5176706827309236": [448, 934, 1130, 1182], "0.5328648201736255": [88, 825, 870], "0.5515618314077878": [473, 578], "0.5098892405063291": [475, 290, 303, 1208, 1177, 1170], "0.5265522875816994": [259, 276, 611], "0.5733985765124555": [262, 401, 656], "0.5856428895956384": [267], "0.49179702403662723": [521, 1211, 959], "0.5489778534923339": [398, 818], "0.5967592592592592": [275, 667], "0.5436524673133699": [408, 254, 785, 877], "0.5482773287962569": [305, 837, 658], "0.5131369426751592": [433, 510, 1085, 1093], "0.546417973717677": [190, 209, 773], "0.554170249355116": [196, 761, 820], "0.5402347024308466": [324, 1049], "0.5785457809694794": [199, 703], "0.5224969598702878": [201, 224, 724, 741, 466, 80], "0.537755527743012": [335, 681], "0.5920992191088654": [339, 625], "0.5668425681618294": [86, 737, 538], "0.6337266470009832": [214], "0.572380106571936": [219, 728, 583], "0.5182951347004423": [230, 899, 1150, 1008, 857, 1102], "0.48659871649679126": [288], "0.5769919427036705": [217, 302], "0.4551553672316384": [95], "0.5072805981896891": [226, 992], "0.4687272727272727": [356], "0.5174628663187475": [357, 1079, 1097, 1011], "0.43284083277367363": [358], "0.5357439733998337": [359, 459, 1083], "0.48641509433962266": [360], "0.4189145271368216": [361], "0.5501493811352967": [260, 166, 477, 844], "0.5459551037695891": [140, 1051], "0.5814163283716735": [270], "0.5153938424630148": [154, 523, 525], "0.5587342869527525": [285], "0.5203875656035527": [158, 243, 533, 291, 300, 798, 161, 886, 1201], "0.5222852512155591": [289, 980, 1186, 854], "0.5910132966529115": [165], "0.5631280034949759": [299, 759], "0.5400083787180562": [176, 700, 1041], "0.5397822445561139": [314], "0.5384294068504595": [206], "0.558008658008658": [215, 399], "0.545031712473573": [345, 976, 615, 804], "0.5282786885245901": [347], "0.5252648736756316": [349, 180, 117, 372, 1068], "0.5413691726165477": [352, 572], "0.5510902094912355": [353, 129, 688, 758], "0.6094562647754137": [354], "0.5907424381301558": [123], "0.5355213959285418": [150, 111, 516], "0.5780269058295964": [173, 746, 755], "0.5375312760633861": [72, 942, 882, 1009], "0.49292543021032503": [216, 1153, 1236], "0.4942484662576687": [218, 1266],