{"0.00024067727899206013": [0], "0.00021154153372230822": [388], "0.00020294783896630206": [133], "0.00022079742918536965": [136], "0.0002467266827541426": [9], "0.0001867729586297283": [268], "0.0002079932010042045": [13], "0.0002007664425961093": [148], "0.0002471921167397468": [149], "0.0001799802925697621": [408], "0.00022810101269792014": [26], "0.00024551132927584125": [27], "0.00016540501503086737": [416], "0.00023340574297940254": [34], "0.00024428605507103223": [35], "0.00023162782449732015": [49], "0.00022514453373187915": [182], "0.00023740366769885255": [55], "0.0002388453506658674": [56], "0.0002482090992417696": [58], "0.0001622218292296164": [443], "0.00017918638820355715": [316], "0.00022894770659840575": [62], "0.0001438148415762387": [449], "0.00021628682216245386": [67], "0.00014237138954607343": [328], "0.00020347887432680222": [203], "0.00022623914642673444": [77], "0.00020959119138663264": [79], "0.00022988757946231558": [209], "0.00016306378865288824": [101], "0.00024376415601259333": [105], "0.00016061314669468235": [236], "0.00019682873448260575": [367], "0.00021549189307839295": [112], "0.00019355001042943183": [113], "0.00019763003856218322": [368], "0.00023119916892984732": [116], "0.00018089144086935708": [373], "0.0002343237367967032": [3], "0.00024778219279621833": [4], "0.0002436266069165414": [5], "0.0002561608595693907": [8], "0.00024165625883247686": [10], "0.0002376519046777747": [16], "0.00021886067984600556": [19], "0.0002398704688336541": [20], "0.00024274554998500092": [28], "0.0002381497520041159": [40], "0.00020173093025970955": [43], "0.00022811892085498704": [44], "0.00023342872106813162": [53], "0.000256638685494924": [54], "0.00023386528693435696": [57], "0.0001786410411834802": [59], "0.00021411245117888218": [68], "0.00024103340657473404": [78], "0.00021335923185664": [80], "0.0002357297717783304": [81], "0.00020604397513979125": [82], "0.00022721895185011696": [83], "0.00023302919977417433": [92], "0.00021642395249705688": [93], "0.00021230247066895448": [100], "0.0002427969143631464": [102], "0.00022995509232910303": [104], "0.00022897343280755064": [111], "0.00020040350688842274": [117], "0.00013780910226944128": [119], "0.0002116151096423001": [128], "0.0002099953219472809": [131], "0.00017132639005060704": [141], "0.00020504515212219396": [142], "0.00019427182529273501": [153], "0.00015688511218762407": [157], "0.00025322363505311097": [170], "0.00021188983574233625": [173], "0.0002365696478618107": [191], "0.0002450059864735263": [194], "0.0001964893600642389": [204], "0.00016417289842713396": [206], "0.0002282492646189727": [210], "0.0002030791636524928": [220], "0.00024504499057694825": [222], "0.0002429319683169749": [232], "0.00022418047303456758": [233], "0.00020031768033622623": [234], "0.00024153477580978348": [240], "0.000158423021772106": [265], "0.0002282480456108303": [266], "0.00017774336060928322": [270], "0.00021314321055169685": [276], "0.00021591456599000247": [290], "0.00020141452967871966": [291], "0.00018845061996526985": [295], "0.00017389919802656293": [299], "0.000230094086954199": [303], "0.0002033455016106202": [319], "0.00023839973116060234": [321], "0.00020122856087709408": [324], "0.0002245806077571228": [325], "0.00018923597857054545": [327], "0.00023089468312320803": [329], "0.00020345727091678313": [330], "0.00018773491844084337": [332], "0.00018805910889436311": [342], "0.00021899388339960787": [344], "0.00021311862190232888": [345], "0.0002147752373740355": [348], "0.00015867576212640847": [350], "0.0002212970488974655": [355], "0.00020832504380018143": [356], "0.00015936063128627612": [366], "0.000208904747406357": [374], "0.00019879411410502702": [391], "0.00021611754505185415": [392], "0.00022889502041228244": [393], "0.00020876574071685992": [395], "0.00021936785864690392": [396], "0.00021402162929835816": [401], "0.00021006500560233552": [409], "0.00020798468414418096": [414], "0.00015735867125896388": [417], "0.00016910034369450874": [446], "0.0001668984957361125": [450], "0.00025417030125197905": [1], "0.00024412922198597387": [2], "0.00023815034261966592": [7], "0.0002085971898184605": [267], "0.00023407535519730412": [277], "0.0002018225098447399": [278], "0.000218325302675108": [23], "0.00021058274109959677": [154], "0.0002177778114066733": [292], "0.0002279882040005591": [38], "0.0002348764381546809": [166], "0.00021683381206597804": [168], "0.00021067208358137312": [171], "0.000140387071777427": [430], "0.00018160994741381914": [181], "0.0001113909491373087": [438], "0.00013755747210056154": [447], "0.00020521414219327447": [66], "0.00013855358093412153": [454], "0.00024115357294809543": [72], "0.00021689946764423694": [73], "0.00023534322905983474": [75], "0.00023605755079257327": [99], "0.00024277748782510118": [103], "0.00013946677734252193": [364], "0.00020044775525638334": [114], "0.0001781017709741579": [253], "0.00024138392400188186": [132], "0.00020190602940411067": [269], "0.0002505587577314111": [18], "0.00019013400873277547": [403], "0.0002049020408916145": [415], "0.0002146415298614332": [293], "0.00021349372709502802": [294], "0.0002483422323049358": [41], "0.00017106175953721903": [432], "0.0002114002545255449": [183], "0.00021326475768956217": [184], "0.00022211283275889085": [63], "0.00020592600383946878": [207], "0.0002000219251948351": [208], "0.00020796693972143117": [343], "0.0001956521360062319": [235], "0.0002037500739522324": [237], "0.00020729609586003108": [129], "0.00023478209612364496": [6], "0.00022368649883088048": [130], "0.00019640193644830767": [256], "0.00023205674191290892": [257], "0.00017541405597260132": [389], "0.0001310764481459024": [390], "0.00018047408618457076": [400], "0.00023228936642131088": [17], "0.00021707446076516521": [146], "0.00018914736138507372": [402], "0.00020588386033363668": [284], "0.0002400183807483055": [32], "0.0001956382874403583": [163], "0.00021282065795422063": [164], "0.0001767421995786845": [46], "0.00016554544853816217": [308], "0.0001700462219922174": [436], "0.00015987750419132533": [314], "0.0001899849735108924": [315], "0.00020999652266045254": [60], "0.00021677645617193723": [199], "0.0002260623019402252": [205], "0.00018120516514160125": [338], "0.0001663992773217625": [339], "0.00021543383799632824": [97], "0.0002001345503061499": [98], "0.0001722381969876132": [227], "0.00020703611402956938": [108], "0.00021918411814615983": [365], "0.00022911625168160838": [252], "0.00019262723910615728": [381], "0.00020158163592933227": [258], "0.00014463038744621536": [399], "0.00022770405456008032": [144], "0.0001608912368078297": [429], "0.0002290881199373386": [76], "0.00017590457645067222": [340], "0.00018339097332267646": [213], "0.0001786236044829227": [87], "0.0002213484361430459": [216], "0.00021864188154522343": [89], "0.00020769839576254402": [228], "0.00022333146699692863": [229], "0.00018078110406185974": [109], "0.00022377742917435733": [120], "0.00020710778669815936": [260], "0.00019642592651243247": [386], "0.0001824049566105043": [134], "0.0002384903501650703": [147], "0.00020987289982252267": [275], "0.00022597833522062022": [150], "0.0002218426407636033": [404], "0.00020362247149449217": [285], "0.00022715576661288492": [39], "0.0002296648377773225": [50], "0.00022242232847366467": [310], "0.00021929051002215667": [185], "0.0002305502296963483": [187], "0.00016701377474620925": [317], "0.0002505910458567279": [64], "0.00024326361218743325": [74], "0.0002127306028403512": [211], "0.0002525642325663507": [217], "0.0002020768920197974": [218], "0.00021813986700878162": [219], "0.00021866483605451645": [223], "0.00023328367259927278": [115], "0.00017988834557479248": [125], "0.000157706023499656": [383], "0.0002157885683946817": [42], "0.0002108462822319255": [11], "0.0001698235152766008": [84], "0.0001924225561964999": [384], "0.00022706947879386782": [261], "0.00018846971343800987": [272], "0.00021025115563205488": [282], "0.0001957886512165144": [289],