{"0.04359969723737961": [1, 59], "0.03511998821054869": [3], "0.08402165719068486": [7], "0.04380365567069988": [8, 15, 87, 5, 39, 83, 21, 90, 50, 66], "0.036047529194954325": [9, 12, 58, 31, 23, 26, 52, 77, 69, 61, 25], "0.04389473859710404": [10, 85, 42, 48], "0.03166823798924982": [11, 89, 2, 51, 64, 33, 75, 49], "0.03569969248976956": [13], "0.06402622388259749": [14], "0.09349941783411363": [16], "0.061132081380536676": [17, 63], "0.03604752919495433": [37, 80, 53, 97], "0.051872310277224984": [72], "0.0589432032600524": [57], "0.06387989199633202": [46], "0.09472878172874398": [81], "0.07434253875008531": [19], "0.06104099845413252": [20, 28, 82], "0.052266445894827214": [84, 29, 36, 45], "0.09539724603145715": [91], "0.05903428618645656": [60], "0.09565835101134669": [6, 74, 76], "0.05235752882123137": [18, 62, 92, 88], "0.09536330965162225": [24], "0.05185738905228322": [27], "0.05218750676774601": [40], "0.06872207509463006": [54], "0.05175943477030887": [70], "0.08434580372864971": [34], "0.08425472080224554": [35, 4, 73], "0.06913113193717405": [30, 56, 98], "0.06083704002081225": [38], "0.07986194541322555": [44], "0.043633633617214514": [47], "0.05206248746150694": [55], "0.0692222148635782": [65], "0.06420403853429688": [71], "0.07546458726085123": [94, 22], "0.09317223467542707": [95], "0.08381932011109304": [96], "0.07345482204895615": [103], "0.05034776360933629": [104, 107], "0.050051895001111624": [108], "0.0862598638946487": [110], "0.05345865635303704": [112, 115], "0.03754147486425787": [116], "0.06733715656973366": [117], "0.06364658503015867": [118, 128], "0.08999163825152301": [119, 111], "0.06979787450102755": [120], "0.08541637128586844": [125], "0.07428600285240282": [127], "0.051963393203629145": [68], "0.09099200111928797": [79], "0.07240778859276725": [43], "0.04347073637953761": [86], "0.043224576774670516": [32], "0.09556726808494252": [41], "0.06210319039599764": [100], "0.04995362799173408": [101], "0.09355750287304747": [105], "0.03166823798924983": [67], "0.0636747935871083": [78], "0.07458218418803071": [121, 113], "0.07427219745328384": [123], "0.08550745421227261": [126], "0.08658124910298164": [109], "0.03831910876368452": [114], "0.09008272117792718": [122], "0.07410743718438387": [124], "0.02915809833376874": [99], "0.08649016617657748": [102], "0.06189923196267737": [106], "0.030494511595181868": [93], "0.035173881263614766": [129], "0.08429383106834058": [132, 134, 138, 147], "0.06879329407844412": [136, 139], "0.07298128378564359": [140, 145, 151, 144, 150, 146, 141, 148], "0.06759474231907431": [152], "0.07862674306370761": [161, 154, 170, 159], "0.05843297931321215": [168, 157, 156, 160], "0.07684622697469286": [173], "0.07666652484112546": [177], "0.07436346919803545": [180, 183, 184], "0.054169705447539976": [181], "0.06305092191533847": [182], "0.05007588877030509": [186, 190, 194, 195], "0.07026965252080054": [188, 189, 191, 192, 193, 196, 187, 198], "0.061548266460147084": [137, 133, 135], "0.04693633035437538": [153], "0.07646780988647454": [158], "0.07155940636723762": [167], "0.05476911553090409": [199], "0.0660704973541851": [200, 202, 209], "0.06149523038853055": [208, 205, 207, 206], "0.06386220101345362": [210], "0.04366843726295817": [211, 216], "0.06391156417695204": [201], "0.05900316065771513": [203], "0.06584019507225633": [204], "0.052116168083568386": [212], "0.06342871536626536": [213], "0.061269782189032305": [214], "0.061267624152129524": [215], "0.04836166402355716": [217], "0.05219060691593912": [155], "0.07379839832208186": [163], "0.04717243058665778": [164, 165, 162, 169], "0.05064315443848507": [174, 172, 175], "0.058127168191428255": [226], "0.05433372597806007": [176], "0.051290133776887056": [219, 221], "0.05378220350770247": [230], "0.07436346919803544": [179], "0.058357470473357036": [218, 229, 231, 225, 227], "0.049767561437530555": [143, 149], "0.05811578708127089": [220, 223], "0.05104845038480091": [222], "0.048859143080192194": [233, 237, 234], "0.05343441004584677": [235, 236, 238, 239, 240, 243, 246, 242, 241], "0.07220453602080237": [178], "0.04340321171417202": [197], "0.0399706115307346": [185], "0.04704492319066003": [224], "0.0414494528104452": [228], "0.04285693348346056": [232], "0.04099300887822525": [142], "0.04670326674281468": [171], "0.03497840777319232": [130], "0.05127547686861369": [244], "0.0404911968272708": [166], "0.03949774022510276": [245], "0.04590962095427465": [259, 257, 250, 258, 261, 262, 254, 248, 255, 251, 253, 247, 252], "0.0336609181195516": [293, 284, 285, 288, 292, 286, 287, 289, 290, 291, 294], "0.03818042829864125": [280, 274, 275, 276, 278, 279, 277, 281, 282], "0.04375068777704157": [256, 260, 249], "0.04274043477801152": [263, 267, 268, 269, 270, 266, 272, 264, 265, 271], "0.035574468241636834": [273], "0.035217231084323945": [283], "0.015620495515396552": [131]}