{"0.6487523992322457": [1], "0.651252408477842": [352, 58, 232], "0.609009009009009": [139, 44], "0.6247689463955638": [175, 25], "0.6179159049360147": [53, 137, 17, 257, 211, 367], "0.6101083032490975": [342, 132, 135, 284, 119], "0.562396006655574": [203, 110, 331], "0.5888501742160279": [245, 138, 12, 14], "0.6024955436720143": [85, 91, 223, 133, 315], "0.5868055555555556": [183, 255, 173, 313, 126, 273], "0.5929824561403508": [256, 48], "0.6365348399246704": [323, 35, 222], "0.6353383458646616": [134], "0.6627450980392157": [282], "0.6134301270417423": [189, 185, 324, 89, 272], "0.5699831365935919": [200, 283, 288, 19], "0.5671140939597316": [112, 235, 303], "0.6259259259259259": [306, 197, 198, 261], "0.5940246045694201": [88, 346, 124, 36], "0.6046511627906976": [90, 103, 296, 117, 275], "0.6341463414634146": [94, 360], "0.6282527881040892": [136, 364], "0.5837651122625216": [252, 107, 51, 129, 60], "0.5919439579684763": [64, 75, 52, 87, 92, 73, 231], "0.6224677716390423": [287, 204, 76, 311, 299], "0.556836902800659": [146], "0.5878260869565217": [96, 157, 106], "0.5971731448763251": [327, 214, 234], "0.6236162361623616": [168, 244, 294], "0.6035714285714285": [254, 169, 18], "0.6201834862385321": [121, 202, 238], "0.513677811550152": [329], "0.6563106796116505": [144], "0.6746506986027944": [195], "0.58578856152513": [6, 67, 277], "0.6213235294117647": [239, 114], "0.5596026490066225": [196, 344], "0.571912013536379": [297, 319, 141, 8, 54, 201], "0.599290780141844": [237, 340, 300], "0.5950704225352113": [349, 178, 27, 280, 179, 216, 191], "0.5909090909090909": [82, 109], "0.6190476190476191": [143, 150, 326], "0.5633333333333334": [23, 47, 338], "0.5728813559322034": [102, 155, 70], "0.575809199318569": [207, 307, 249, 50, 345], "0.6003552397868561": [332, 55, 45, 37, 217, 276, 215], "0.6112115732368897": [49, 147], "0.6068222621184919": [337, 125, 285, 15], "0.5531914893617021": [253], "0.5787671232876712": [39, 361, 32, 225, 279, 158, 308, 192], "0.62708719851577": [160, 153, 128], "0.5661641541038526": [226, 93, 194, 116, 271], "0.5451612903225806": [227], "0.5982300884955752": [251], "0.678714859437751": [320], "0.6413662239089184": [145, 100], "0.5898778359511344": [289, 34, 265, 318, 80], "0.5586776859504132": [97, 187, 292], "0.6305970149253731": [61], "0.6057347670250897": [224, 2, 295, 69, 127], "0.6167883211678832": [22, 236, 130], "0.5748299319727891": [41, 298, 328, 221, 46, 83], "0.5331230283911672": [259, 325], "0.6156648451730419": [305, 163, 63], "0.6079136690647482": [182, 343], "0.5382165605095541": [262, 193], "0.5128983308042488": [233, 241], "0.5522875816993464": [310, 66, 98, 11], "0.5961199294532628": [72, 354, 368], "0.5264797507788161": [184], "0.5356576862123613": [317, 247], "0.5797598627787307": [350, 362], "0.6014234875444839": [26, 309, 228], "0.6462715105162524": [154, 205], "0.5847750865051903": [268, 206, 357, 322], "0.569023569023569": [156, 316, 3, 30], "0.5176110260336907": [164], "0.5289514866979655": [33, 243, 86], "0.5680672268907563": [21, 31, 274, 248, 334], "0.5738539898132428": [312, 230, 5, 353, 366, 171], "0.5256609642301711": [84, 355], "0.6123188405797102": [7, 167], "0.5827586206896552": [105, 213, 186, 330, 149], "0.6588693957115009": [314], "0.6679841897233202": [190], "0.6869918699186992": [290], "0.6614481409001957": [365], "0.5614617940199336": [79, 162], "0.5540983606557377": [29, 286], "0.6377358490566037": [78], "0.5767918088737202": [209, 9, 111, 369, 180], "0.560530679933665": [260], "0.6401515151515151": [113, 270], "0.52": [95], "0.6666666666666666": [159], "0.5577557755775577": [77, 304], "0.5709459459459459": [65, 166], "0.5807560137457045": [4, 24], "0.5487012987012987": [199, 220, 28], "0.528125": [351], "0.5513866231647635": [341, 246, 293], "0.5777777777777777": [278, 161], "0.48633093525179855": [176], "0.5642737896494157": [152, 302, 208], "0.5434083601286174": [229, 188], "0.5399361022364217": [335, 170], "0.6294227188081937": [57], "0.5390749601275917": [269], "0.5652173913043478": [43, 266], "0.555008210180624": [347], "0.555921052631579": [301], "0.5442834138486312": [16], "0.5273010920436817": [263, 13], "0.5478119935170178": [74], "0.5059880239520959": [258, 101], "0.5113464447806354": [10], "0.5208012326656395": [71], "0.49127906976744184": [118], "0.48216833095577744": [131], "0.5029761904761905": [339], "0.5105740181268882": [115], "0.5365079365079365": [333, 210], "0.5348101265822784": [59], "0.5052316890881914": [20], "0.5144596651445966": [250], "0.5314465408805031": [177, 348], "0.5168195718654435": [42], "0.49415204678362573": [148], "0.48985507246376814": [174], "0.46685082872928174": [336], "0.3939393939393939": [267], "0.5216049382716049": [359]}