{"0.12236670235342756": [1], "0.02988481250175361": [128], "0.08725539989253947": [2], "0.08345900429849346": [3], "0.020606649784289725": [386], "0.09510172022998271": [9], "0.05295871371969983": [15], "0.06135434353433193": [19], "0.05642576314938065": [26], "0.06753255834689315": [29], "0.04678941421426737": [34], "0.03519744418391256": [39], "0.053202647723786196": [45], "0.03809797005963068": [50], "0.013430868835827801": [188], "0.03136065279438324": [213], "0.005743196628719778": [597], "0.02861461067733704": [113], "0.03375772372359758": [125], "0.01974759468443049": [260], "0.0906553311856341": [5], "0.026145935857053416": [262], "0.08304241608283695": [7], "0.10314142918481929": [8], "0.07968573129529975": [13], "0.07456729890503407": [22], "0.03404328622991347": [278], "0.027829468285944712": [153], "0.08227940315567084": [25], "0.022604106583325387": [411, 323], "0.03503951747168089": [163], "0.07060895800688737": [36], "0.08994047022446265": [41], "0.058875113785452585": [170], "0.07026509239804832": [43], "0.032827032799580505": [297], "0.016907912360103226": [300], "0.052064880511002117": [312], "0.030206340310872607": [186], "0.01718182578697717": [320], "0.03153037881188764": [193], "0.08400643240219821": [68], "0.05700440896266681": [223], "0.010316171698592815": [612], "0.0413719359962221": [106], "0.0751832644648498": [109], "0.06890146687255713": [116], "0.06357114371317339": [120], "0.03555582294375402": [250], "0.00645203287239144": [325], "0.06998419744918871": [74], "0.07202108041612507": [80], "0.04078953979942102": [55], "0.09471895769436478": [6], "0.07533384881394041": [12], "0.03984167206584162": [140], "0.10012653927304727": [18], "0.025533807720816582": [148], "0.006980363679970118": [534, 431], "0.045116535259516866": [31], "0.022299940606439": [160], "0.01345415303753048": [162], "0.017910598853475537": [299], "0.04951275878330123": [58], "0.025076486293038776": [71], "0.036209222467855545": [92], "0.04058955530715855": [105], "0.08256019393510514": [4], "0.032177220869011425": [388], "0.07890682982585401": [11], "0.03335981867388572": [268], "0.07765966153916835": [14], "0.045360212807913254": [143], "0.06856658659552256": [17], "0.050701833957171406": [145], "0.093790748250979": [21], "0.04157679280635741": [146], "0.09041398704725583": [23], "0.0682877654316623": [24], "0.07101830512943536": [152], "0.03394700522336288": [282], "0.05340594023126144": [159], "0.09370760111204691": [32], "0.06224452844279684": [33], "0.08749770205933258": [35], "0.04753028480040337": [164], "0.05942271014192158": [38], "0.09312408486791084": [40], "0.025037764987400072": [301], "0.07613494080813688": [49], "0.03247176761947579": [305], "0.02298124638906528": [439, 441, 450], "0.04633179561439901": [184], "0.08391613696288737": [57], "0.03501248399883963": [190], "0.057758962803373774": [63], "0.0678751558038433": [65], "0.06739639603118491": [66], "0.0636234669578984": [70], "0.06726022735550506": [202], "0.03233218408085287": [332], "0.05520263560887091": [84], "0.034339597489189765": [215], "0.05129867002050411": [89], "0.04671087859233011": [91], "0.03280100040712795": [228], "0.05411598612034526": [110], "0.03805574676861493": [242], "0.05203934681989831": [121], "0.0445058005599996": [122], "0.03986977366312419": [126], "0.024413262304564698": [135], "0.09895224329541424": [10], "0.02006359040489092": [269], "0.05290286134153009": [16], "0.010942738115706457": [272], "0.014638597988603338": [402, 356], "0.03756139348458862": [154], "0.04329295450828397": [52], "0.04924941774594571": [73], "0.050063470249114714": [77], "0.04832775604367399": [79], "0.02315452133548628": [208], "0.008735232717499737": [342], "0.030324180922868184": [220], "0.028178902320143525": [224], "0.04737440065884943": [98], "0.06183806887152025": [61], "0.07902051355692491": [51], "0.023215555984288764": [216], "0.03362713497234977": [67], "0.01872730645920894": [201], "0.07258780695873779": [47], "0.02517797743831241": [209], "0.10092973870625262": [20], "0.022375472147742586": [183], "0.03682696895106987": [129], "0.07145147861458281": [141], "0.015062878528287334": [397, 309], "0.00922542104054555": [416], "0.03270959320065244": [289], "0.007591897638808684": [543], "0.026801158350386267": [168], "0.016992821628612972": [296], "0.04935331924131038": [42], "0.05646057423004894": [48], "0.024038327963066413": [177], "0.00953129938600589": [326], "0.04940445643521924": [78], "0.03985775404315913": [93], "0.05619056006797631": [229], "0.03071384644915655": [230], "0.07678474672945647": [59], "0.045486924477383756": [142], "0.034740678093288915": [112], "0.06242681762234652": [114], "0.011266451854302008": [370], "0.0986312939387753": [27], "0.02234674197115705": [284], "0.06463099801786235": [102], "0.0491324382655006": [367], "0.013192625801696176": [368], "0.018816889939958805": [279], "0.020597925509126307": [285], "0.015309605143942064": [417], "0.0729697742000662": [37], "0.06113405440696737": [104], "0.06554535677939496": [205], "0.01969963413228968": [206], "0.01562908391571475": [207], "0.021827221786238925": [271], "0.022111123811876864": [214], "0.0427646153728902": [97], "0.020853720406965197": [329], "0.007598017780531708": [364], "0.0044312888884336715": [539], "0.031825514613134064": [222], "0.012246221374869472": [387], "0.010605824072929546": [516, 643, 665, 637, 639], "0.06268122530296856": [137], "0.05026527850485011": [266], "0.04855726650735678": [408, 361], "0.05603165586077213": [156], "0.07605558324128947": [28], "0.054586337482106125": [294], "0.07960425604789015": [44], "0.057164858260542364": [175], "0.04204595500764089": [178], "0.08912982271858146": [53], "0.07296763540834737": [69], "0.060868422624305314": [72], "0.05139776052608751": [218], "0.051755251872147114": [248], "0.04932427425122278": [245], "0.05201681665814446": [246], "0.04979227482808415": [247], "0.01595304160666567": [358], "0.007254022232188448": [536], "0.05230215695972821": [88], "0.041612730455830145": [108], "0.021005510748026285": [225], "0.014067949967386242": [365], "0.017054252446448537": [187], "0.025454948472426076": [189], "0.07757054040450657": [30], "0.039860633776938666": [259], "0.040730213687413225": [132], "0.031085089294575735": [410], "0.01730477124881468": [545, 567, 453, 509], "0.06579824160226631": [46], "0.067056700245317": [54], "0.03826950418002024": [56], "0.018974898438878448": [316], "0.08038855522407751": [64], "0.030729108898437846": [194], "0.025548824893437964": [196], "0.043378164696989366": [203], "0.05292895952657803": [87], "0.01773987460174699": [375], "0.026908523860703817": [354], "0.04365402006582443": [99], "0.0705012998737659": [101], "0.04890631203727209": [107], "0.052488117372718884": [111], "0.054496937183303604": [115], "0.031046829904456282": [119], "0.04239428089412759": [76], "0.02366455022217631": [182], "0.003597012913230644": [537], "0.04899506071134155": [131], "0.012541838112683529": [641, 448], "0.03341024803401156": [185], "0.07907862595996264": [62], "0.05385011865570534": [85], "0.021361389197529675": [343], "0.027780095606881827": [217], "0.05747666587308148": [240], "0.06654424025905253": [118], "0.03823515859403333": [161], "0.061357543375197075": [165], "0.041659798471899316": [176], "0.011000991800067465": [211], "0.04841256349557761": [90], "0.00499753367647414": [578], "0.02217388912860228": [198], "0.04031077499067766": [136], "0.020572005420942167": [138], "0.028708828070658787": [254], "0.006635053884166907": [227], "0.003240573358859819": [424, 585], "0.018667014670408672": [531, 463], "0.07267837222125521": [150], "0.039368220305834305": [158], "0.06556486429003933": [171], "0.03961842005676934": [180], "0.025580299048793005": [310], "0.03334324553568827": [311], "0.06767444310412782": [221], "0.05338379250330437": [127], "0.008383450615556188": [307], "0.00592261170449895": [382], "0.02037555351394734": [384], "0.004667834518102785": [490],