{"0.04951130169508114": [2], "0.04336663819120238": [170], "0.04429863113890925": [566], "0.0374022289954417": [407], "0.046944656380259915": [315], "0.042500881625321806": [385], "0.050330939987858384": [167], "0.04269326947685494": [429], "0.0407668556760314": [366], "0.03870660010295476": [598], "0.03226046245777711": [56], "0.04728670193535723": [462], "0.053099276927460144": [119], "0.04248540208708219": [359], "0.04074021716188305": [525], "0.04602740493324128": [186], "0.048002815339982505": [443], "0.048355528522180585": [100], "0.04770708794858077": [372], "0.04974537772977072": [373], "0.03857073563215487": [222], "0.049441076222134506": [131], "0.04797411379019578": [201], "0.04090067140497325": [497], "0.04124911775215534": [181], "0.04161919841362217": [279], "0.04432070254072948": [63], "0.04146898191102725": [301], "0.05172148635050015": [96], "0.050590822135463696": [226], "0.04946707171397912": [84], "0.03510787491072362": [67], "0.06049621546025611": [328], "0.05618156701040473": [536], "0.0562179052618414": [289], "0.040342539043632046": [38], "0.03673138105879714": [168], "0.045447521679320396": [557], "0.056205091405018254": [383], "0.035696826371564294": [434], "0.03968526835762729": [326], "0.0429088856039829": [427], "0.05698024592314413": [465], "0.04757938249058556": [524], "0.03996395236757842": [431], "0.04845798624672521": [466], "0.03791165716049509": [474], "0.05643249801006404": [491], "0.055589416426959644": [109], "0.04908251773242423": [610], "0.027365018280363286": [71], "0.04156637073875945": [354], "0.04383260775166676": [85], "0.04599744827645175": [579], "0.03887817297184135": [382], "0.04931557294006987": [521], "0.03494802611473629": [459], "0.04643612361689923": [50], "0.045906761349784705": [400], "0.0488759036438128": [540], "0.045258275607665": [281], "0.03591656726526845": [590], "0.0472464893333488": [543], "0.040288466696186284": [585], "0.04451976108070321": [242], "0.048734890668113776": [296], "0.05455235766954515": [564], "0.01807226840913251": [69], "0.03121908816786666": [117], "0.04046024286508048": [59], "0.042464551014307746": [35], "0.04788628313175118": [284], "0.03543670862991465": [573], "0.05423161428223335": [154], "0.04687573837478812": [163], "0.07028651117860013": [46], "0.05384028520070246": [442], "0.025883678784089304": [380], "0.03287430632432552": [114], "0.042310825772713535": [53], "0.03719382575528122": [365], "0.033145994430943584": [237], "0.048177326119498744": [265], "0.04751024110754937": [197], "0.03996844987705932": [111], "0.03880942924120255": [248], "0.03970725783550437": [448], "0.05387982182820239": [523], "0.029569286839558263": [24], "0.043958899432767595": [136], "0.040149252969006684": [577], "0.039300104325115964": [565], "0.04044356805618221": [282], "0.033765465786826286": [26], "0.0498779754926352": [477], "0.040707689627901895": [162], "0.03652234702240204": [94], "0.03907960582698453": [87], "0.053329568581626796": [416], "0.033297963251428184": [562], "0.04184403224215402": [453], "0.03912292192288085": [468], "0.04333173265251185": [601], "0.04094891560279831": [155], "0.044298802875424946": [387], "0.04298407956118941": [318], "0.03652887882329736": [32], "0.04531422983430734": [324], "0.05467824308834488": [357], "0.05541501147313156": [7], "0.056495444580267694": [20], "0.04652087914943713": [125], "0.04859525088721435": [272], "0.04544226324433666": [402], "0.035657374712354195": [473], "0.0344591393414807": [520], "0.04050889927628497": [436], "0.047360181769510235": [260], "0.04555055967490682": [210], "0.05286216447609246": [412], "0.048755230564132605": [60], "0.03330796317774727": [424], "0.037153225673957554": [288], "0.040994390295677106": [157], "0.04608057208520698": [274], "0.060809206455826784": [258], "0.039483023645325035": [283], "0.04516129817807627": [582], "0.04960492425043871": [211], "0.03540265465666523": [302], "0.05563046883843462": [148], "0.03964210409215561": [599], "0.053494943385012914": [4], "0.030283209938472624": [52], "0.037812455318383766": [393], "0.04604094093273676": [9], "0.05391105494293117": [255], "0.04872150105032127": [331], "0.042537256585490256": [276], "0.03269475964051567": [485], "0.04369512428501505": [14], "0.03978032801333986": [207], "0.04796669181703908": [267], "0.048778224420898346": [603], "0.04246775623159733": [356], "0.042918496440141805": [378], "0.04290951394577862": [105], "0.03584233013191358": [379], "0.03544813510380124": [556], "0.03415069272308408": [55], "0.03718605788537727": [480], "0.04982268137356919": [102], "0.048323102025879645": [30], "0.04217337344719095": [180], "0.05832416291867843": [533], "0.040027557718268464": [147], "0.036630502944650895": [608], "0.041255365720100884": [405], "0.050356526178683005": [249], "0.04024424968370107": [262], "0.044269079411514076": [547], "0.036185673497287484": [291], "0.03833673702295727": [219], "0.0311817310675527": [344], "0.03595334085776979": [321], "0.036547128519367866": [572], "0.04169148293844739": [115], "0.03871414087670282": [538], "0.04618622709970867": [546], "0.042375884556260464": [106], "0.04516988985271887": [130], "0.04275688469132928": [552], "0.03147874854701067": [209], "0.02234044743181144": [240], "0.0449304722779487": [122], "0.03965917189226296": [419], "0.04598976316048712": [332], "0.039625185306825794": [452], "0.04553413047146536": [173], "0.046522083225902545": [72], "0.04513982533820721": [54], "0.04143957976700336": [406], "0.045276140537045546": [51], "0.031105974028914404": [475], "0.03264996380589951": [403], "0.05189757475779825": [317], "0.04647211243916679": [184], "0.04286800918181005": [113], "0.04619929790111513": [358], "0.04173011644042281": [45], "0.04803827253259944": [493], "0.04623337538777325": [104], "0.03702996835445357": [171], "0.03730881175407163": [185], "0.039365735960367874": [83], "0.0333712169810537": [164], "0.03342689594788745": [583], "0.03989420270951993": [39], "0.05547340423410078": [346], "0.046279519319920186": [257], "0.05480130365998589": [252], "0.03909630274663416": [91], "0.024852710344992958": [245], "0.0383099179871615": [569], "0.036730143521966525": [392], "0.04875205267030606": [190], "0.05077186999667777": [307], "0.02550822225172584": [36], "0.040842568197222616": [264], "0.04376587757761126": [225], "0.04007125366181303": [532], "0.03684161422928741": [595], "0.026833128494552144": [519], "0.04062172371852227": [88], "0.04575419652977979": [464], "0.05724644312926195": [574], "0.029914579288292435": [484], "0.03708103026323715": [401], "0.05415722463463519": [159], "0.04982643089931131": [231], "0.02598443392433768": [588], "0.03431965263607708": [80], "0.039691798965635336": [204], "0.03805554597152617": [451], "0.038131624548148405": [149], "0.044815414226434085": [351], "0.04293308883082738": [90], "0.04389555495979467": [593], "0.04418771466157023": [504], "0.025080501224505163": [320], "0.032779721343006656": [65], "0.040376773806048656": [528], "0.03153355046770158": [146], "0.049122182877229886": [604], "0.05496808855094414": [3], "0.037726205324511174": [455], "0.058444213583241804": [141], "0.053285531332217": [368], "0.038115810183409024": [23], "0.05421301126299578": [446], "0.04168995821135128": [421], "0.04424799852328683": [498], "0.05315607355244726": [121], "0.023997677986893295": [310], "0.04458138399966566": [457], "0.040889271518247866": [152], "0.02232026677874328": [134], "0.04170450322079206": [196], "0.04180260177809946": [489], "0.03433398830402878": [41], "0.04476243843456967": [191], "0.038918210392283006": [270], "0.03835898911127875": [176], "0.04482349279704101": [58], "0.041645386210232734": [74], "0.03182823978167111": [341], "0.03855813982140249": [612], "0.044969329030833": [343], "0.03965002774265208": [417], "0.03325736164030337": [578], "0.04034855607346988": [591], "0.03871448938047356": [492], "0.031415681220079684": [116], "0.04525527339507975": [66], "0.04044681761224363": [123], "0.055606235372346415": [156],