{"0.0052639545325657115": [0], "0.00045393694296882585": [73], "0.003789392348410435": [30], "0.002245831563050983": [2], "0.0025526605434963465": [4], "0.0039911027422471716": [29], "0.0012352830407507944": [87], "0.0017653535339492957": [38], "0.0002641537504030071": [40], "0.003981670173272207": [20], "0.0019876014080058373": [21], "0.0033349475149069465": [65], "0.003223870732381532": [12], "0.0028216627902451865": [13], "0.0025480858113211755": [14], "0.0034719869652370386": [17], "0.0023745735773613645": [18], "0.0018846314682156372": [28], "0.0021755359348994674": [7], "0.00042581726459300706": [43], "0.0028760159932399248": [35], "0.003127030277320119": [6], "0.0011274328111020979": [77], "0.0007062213594173706": [86], "0.0004540194984713151": [89], "0.00164333832372144": [59], "0.0026218505320609368": [33], "0.003575456590897821": [34], "0.00046609605489404443": [72], "0.00345636983052032": [3], "0.00035534828155386677": [63], "0.003224454225124502": [32], "0.0023471280944939513": [19], "6.528593401747553e-05": [119], "0.0": [129, 128, 130, 120], "0.005268877343312529": [5], "0.004774214230570172": [37], "0.003876210158986575": [16], "0.0023718420543502846": [84], "0.004699482303974168": [31], "0.00018262896029600577": [104], "0.001320345878633466": [109], "0.0006384054246009135": [113], "0.002110824838572799": [90], "0.0006039919927497312": [60], "0.000777625722124193": [81], "0.0023798829777811397": [23], "3.2520909234755466e-05": [106], "0.0020072631353896166": [11], "0.0009919681930988888": [22], "0.004458135905715563": [1], "0.0027906827531194766": [8], "0.002015798585644765": [9], "0.0020554159840231296": [24], "0.0035226361167243966": [26], "0.0017974648990246593": [41], "0.0027091079948088907": [49], "0.0008803995064213644": [76], "0.0007478585078472152": [78], "0.0009046769911983511": [80], "0.003693555476009061": [25], "0.002110823817210881": [45, 55], "0.00246115851308523": [47], "0.001512333262430654": [64], "0.00044314639770858926": [99], "0.0012221212993677056": [100], "0.0017142898889944832": [102], "0.0006964145585286592": [103], "0.00019790145637995168": [117], "0.0006986255638453124": [121], "0.003626216748916945": [27], "0.0016437529337732224": [10], "0.0016406551363091879": [15], "0.001853096847454951": [36], "0.0007555646414686913": [39], "0.0018096619553045138": [42], "0.0008647335298429462": [44], "0.0022509060718295527": [46], "0.0022021766476094": [48], "0.0011404910405773537": [50], "0.0010275133833495755": [51], "0.00045522464186005036": [52], "0.0011096399938916868": [53, 85], "0.0014016328776298422": [54], "0.000809537405047586": [56], "0.0009034333305562413": [58], "0.002136207161878367": [61], "0.0013642506132214686": [62], "0.00030037694757175927": [66], "0.0012260255545515778": [67], "0.0020128508956585344": [68], "0.0011826695639070444": [69], "0.0009333417788015272": [70], "0.0007103708566583893": [71], "0.0017490007819743858": [74], "0.0012097307520824387": [75], "0.0008534101279581407": [82, 108], "0.00043326862380283534": [83], "0.0008348120190982267": [88], "0.00043041171670579406": [94], "0.0007969065139669157": [97], "0.00017226845466443544": [98], "0.0005499352325313788": [105], "0.0005511310299848561": [110], "0.0007257298616990401": [111], "0.0006078859031342698": [112], "0.0012802384200596053": [114], "0.0007566783211751537": [115], "0.0003703101699293013": [116], "0.000489689279245773": [118], "0.0005222752726424398": [122], "0.0007820227251842046": [123], "8.938908456125492e-05": [125], "6.534771598095239e-05": [127], "0.00031438047900696594": [79], "0.00020055751792756019": [101], "0.0006911625206987243": [95], "0.0007539036418169827": [96], "0.00013202296715588145": [91, 92, 93], "2.5013239755629147e-05": [126], "0.0003415576053416002": [57], "0.0003460163036815247": [107]}