{"0.6040100250626567": [1426, 1493], "0.5617715617715617": [1545, 1815, 1774, 1663, 1649], "0.5765550239234449": [1797, 1429], "0.6243523316062176": [1837, 1443, 1533, 1768], "0.5835351089588378": [1520, 1592, 1782, 1792, 1789, 1920, 1648], "0.5965346534653465": [1585, 1564, 1835, 1759], "0.5427927927927928": [1525, 1632, 1580, 1737], "0.6025": [1500, 1428, 1656, 1714, 1821], "0.617948717948718": [1532, 1749], "0.5355555555555556": [1824, 1682, 1753], "0.5540229885057472": [1427, 1913, 1738], "0.5262008733624454": [1430, 1661], "0.5863746958637469": [1431, 1522, 1578], "0.5935960591133005": [1439, 1501, 1489], "0.6409574468085106": [1498, 1572], "0.5751789976133651": [1459, 1486, 1809], "0.6827195467422096": [1780], "0.6325459317585301": [1558], "0.6807909604519774": [1761], "0.6495956873315364": [1457, 1912, 1628, 1851, 1613], "0.6055276381909548": [1468, 1720], "0.5697399527186762": [1630, 1709, 1546], "0.6227390180878553": [1480, 1437, 1704, 1722], "0.5724465558194775": [1465, 1852], "0.46705426356589147": [1750], "0.5193965517241379": [1511, 1618, 1888], "0.625974025974026": [1563, 1866, 1909, 1911, 1594], "0.6713091922005571": [1665, 1552], "0.6478494623655914": [1666], "0.5950617283950618": [1452, 1764, 1752, 1748], "0.6276041666666666": [1458, 1477, 1902], "0.5878048780487805": [1751, 1802, 1783, 1743, 1617], "0.5565819861431871": [1471, 1528, 1451, 1650], "0.5391498881431768": [1475, 1521], "0.6211340206185567": [1434], "0.598014888337469": [1548, 1696, 1861, 1727], "0.600997506234414": [1895, 1482, 1885], "0.5821256038647343": [1705, 1766], "0.5320088300220751": [1435, 1637, 1760, 1603], "0.5604651162790698": [1516, 1670, 1820], "0.6731843575418994": [1673], "0.5683962264150944": [1574], "0.589242053789731": [1502, 1732, 1801], "0.6358839050131926": [1684, 1695], "0.6292428198433421": [1698], "0.667590027700831": [1700], "0.6620879120879121": [1708, 1765], "0.5921375921375921": [1798, 1674], "0.6070528967254408": [1664, 1767, 1907], "0.5477272727272727": [1483], "0.6602739726027397": [1833], "0.5052410901467506": [1441], "0.6925287356321839": [1551], "0.599502487562189": [1787], "0.6443850267379679": [1730], "0.5452488687782805": [1479, 1539, 1687], "0.5527522935779816": [1461, 1653, 1680, 1570], "0.5657276995305164": [1453, 1745, 1562], "0.5552995391705069": [1668, 1643], "0.5793269230769231": [1707, 1796, 1555], "0.5849514563106796": [1775, 1549, 1898], "0.5670588235294117": [1495, 1718, 1741, 1641], "0.6132315521628499": [1847, 1855, 1795, 1887], "0.6694444444444444": [1579], "0.6584699453551912": [1697], "0.6308900523560209": [1560], "0.6116751269035533": [1857], "0.6085858585858586": [1567, 1711, 1688, 1859], "0.6195372750642674": [1503], "0.5807228915662651": [1723], "0.5239130434782608": [1770], "0.646112600536193": [1916], "0.6513513513513514": [1757], "0.5440180586907449": [1819, 1519, 1919], "0.5630841121495327": [1731, 1712, 1702], "0.6375661375661376": [1625, 1675], "0.6147959183673469": [1838, 1719, 1790], "0.6531165311653117": [1822], "0.6163682864450127": [1763, 1843], "0.610126582278481": [1889], "0.5403587443946188": [1880, 1906, 1854], "0.6657458563535912": [1890], "0.5502283105022832": [1710, 1744, 1858], "0.5182795698924731": [1504, 1892], "0.5738095238095238": [1778, 1922, 1685], "0.5591647331786543": [1606, 1746], "0.5710900473933649": [1908], "0.5331858407079646": [1616], "0.5073684210526316": [1805], "0.5343680709534369": [1831], "0.5367483296213809": [1601], "0.5644028103044496": [1604], "0.5273522975929978": [1818, 1917], "0.5116772823779193": [1865], "0.5285087719298246": [1836, 1647], "0.5779376498800959": [1772], "0.5379464285714286": [1779], "0.5415730337078651": [1681], "0.5171673819742489": [1863, 1883], "0.5138592750533049": [1807, 1739], "0.4839357429718876": [1524], "0.5": [1538, 1713], "0.5160599571734475": [1706, 1877], "0.4908350305498982": [1803], "0.4948665297741273": [1897, 1910], "0.5296703296703297": [1799, 1800, 1735], "0.5149572649572649": [1872], "0.49183673469387756": [1609], "0.470703125": [1715]}