{"0.008642680179893739": [1], "0.01482735145298018": [98], "0.003665723666678888": [193], "0.0014210171786079623": [227], "0.000950449250803302": [232], "0.0032065446583479907": [201], "0.001431401186230377": [218], "0.0008652193857514159": [235], "0.004853838897533559": [143], "0.004735346366226829": [175], "0.002719111626489515": [176], "0.015299649655725672": [18], "0.0018946860812104574": [115], "0.008310732245175931": [146], "0.004446391662568688": [154], "0.005697834957910807": [29], "0.0017050847585925644": [190], "0.00953982622493758": [31], "0.004664282031024621": [10], "0.007680988918379953": [15], "0.001965312029231271": [144], "0.00042188731875652077": [156], "0.004806045792877118": [35], "0.004796687450618576": [169], "0.003589196679042741": [46], "0.0011782051596779732": [53], "0.0010436958525981727": [100], "0.0006478289522763761": [117], "0.008574844453970857": [5], "0.005401255752201417": [135], "0.0038558731225976084": [136], "0.0012294270143889054": [138], "0.008997387072886666": [14], "0.003613673620318369": [16], "0.0034689088551187745": [19], "0.00437699657644512": [20], "0.0048989227278350925": [27], "0.001926804294097185": [28], "0.010620445191274518": [30], "0.0026183061943715505": [33], "0.0032235288969694976": [36], "0.003532609935637954": [39], "0.0030217369116938976": [42], "0.006274141802470962": [62], "0.004932475344664739": [71], "0.003385469431810921": [75], "0.003679014991827461": [80], "0.008236654669204126": [105], "0.0006584874993663813": [2], "0.000501835207973659": [4], "0.006627463232510873": [6], "0.0012654838647453476": [7], "0.0065211095630122165": [8], "0.0005127928880112697": [9], "0.003701093872658785": [11], "0.0003056329775344666": [12], "0.0007194244302714114": [13], "0.000896614361850718": [17], "0.0014127746699386305": [38], "0.004058691906525939": [54], "0.0016828575160619734": [103], "0.0005986405575562319": [104], "0.002634504162490899": [171], "8.106586355549213e-05": [3], "0.000489361355980644": [257], "0.0005985320601338937": [243], "0.0008951745453289866": [248], "0.005377013249888023": [134], "7.133869306991328e-05": [247], "0.0012028169576978546": [150], "0.0038886684123353565": [159], "0.002257129658260337": [160], "0.00334108456699618": [182], "0.0021012050772588613": [191], "0.0031437799544719192": [192], "0.001683884857574524": [203], "0.0023489508912181937": [204], "0.0010259122186524485": [205], "0.0005673191910214999": [96], "0.0005097973160553578": [73], "0.0005363240502154901": [74], "0.0004264852093529398": [111], "0.0007117311757408922": [116], "0.007633502107126432": [141], "0.0008954890862621349": [21], "0.0075733610401784585": [26], "0.004189359615474636": [179], "0.0008387513801875533": [70], "0.001078615683566176": [83], "0.0002585393244285767": [93], "0.0003811282535217393": [55], "0.0004688852464711848": [24], "0.007266716567150646": [147], "0.0015487799191340244": [151], "0.002906625172111824": [177], "0.004104273882293316": [180], "0.0038921687889317083": [198], "0.06356446611631496": [118], "0.006209292693359729": [58], "0.0006389043940623587": [221], "0.000795556283903191": [222], "0.00111745085732888": [223], "0.0008368791017760797": [224], "0.001242940145322451": [225], "0.00046479562456201273": [264], "0.0003796133733270172": [278], "0.003944693707507603": [197], "0.0016564742266598383": [212], "0.0024172015652056634": [214], "0.000579790689290014": [245], "0.0008957060212086983": [246], "0.0007395142757368291": [22], "0.0002226199103311379": [23], "0.0005219298115029436": [25], "0.0004012387202929139": [32], "0.0006049581833656511": [34], "0.0022227782945482715": [37], "0.0009932886426741144": [40], "0.000996386880545298": [41], "0.00032050048478543677": [145], "0.0003918437008924398": [149], "0.007464860601251782": [153], "0.0001407844785452505": [158], "0.00031113618919077383": [161], "0.0019168958131073072": [87], "0.0017912561682050163": [114], "0.0007908977217325799": [219], "2.0259842409330522e-05": [220], "0.0010028189053702152": [61], "0.010268806678183529": [68], "0.002726778939697205": [199], "0.0019543364394760034": [102], "0.0004813058415733716": [238], "0.000992687522267218": [239], "0.00012571716958208358": [240], "0.0002773119717360885": [241], "6.529424097689946e-05": [242], "0.0003362525246001336": [258], "0.0003207186467952791": [266], "0.0004584540799651272": [267], "0.00022011817254917327": [275], "0.00037758216082714306": [277], "0.002244420156521205": [213], "0.00193425100945655": [215], "0.0013118985028736066": [226], "0.0014975983801772735": [233], "0.0009133902382264834": [250], "0.0007293021866057554": [251], "0.0004381898268997914": [265], "0.000346360094228391": [260], "0.00033949294673203434": [261], "0.00021365897668182762": [276], "0.0002765700814513081": [113], "0.0003801041053497077": [148], "0.00024126932414071062": [262], "0.003553368684766588": [186], "6.290811086325133e-05": [217], "0.011923203642764068": [112], "0.0003793557155293568": [172], "0.00022266282622361813": [173], "0.0003333507409580179": [174], "0.001141946849453476": [59], "0.0003854838168584914": [263], "0.00024162099877571576": [181], "0.0011576212918612066": [206], "0.0014721911255697647": [208], "0.002284012015344722": [50], "0.0032131569588017125": [57], "0.0008746870627604742": [72], "0.009909915059252658": [77], "0.0019187147659040279": [79], "0.0002368894337674609": [82], "0.0005437751330860139": [85], "0.0012787608648689459": [90], "0.0009685464734749025": [91], "0.0007920724804390038": [95], "0.0007511948732843092": [48], "0.0003556589590739968": [63], "0.00010947258446785114": [78], "0.00019801819660303453": [81], "0.0006674395369930093": [89], "0.0001952984378110027": [92], "0.0005811544851541181": [97], "0.0002532762546232217": [43], "0.007269647960566872": [45], "0.00546606272906577": [52], "0.007589764357526446": [86], "0.020109809164529282": [56], "0.038196003467782506": [49], "0.0002315408306856946": [84], "0.0004493857508129383": [60], "0.012298081591612893": [66], "0.0002718206637952679": [94], "0.005497610575262118": [47], "0.00044218211952853524": [69], "0.000710427971305078": [76], "0.0005660793335426557": [108], "0.0013286143803102584": [109], "0.0036519437150541074": [110], "0.007993980475293313": [139], "0.0021864328197362904": [166], "0.0005069778802913408": [167], "0.0002659392832754061": [170], "0.0029106604750369705": [187], "0.00294392661181225": [188], "0.0046140518842571095": [65], "0.0011362585398819714": [140], "0.0002389421360387305": [168], "0.0017553818461518331": [155], "0.00022735593533662843": [99], "0.00021602141043700854": [101], "2.985695444154534e-05": [256], "0.0007984936967301951": [207], "0.0015824891941076309": [216], "0.0008381557224903663": [236], "0.0005643576234537479": [253], "0.00036536643452962913": [254], "0.000863083298463464": [255], "0.0002953607309987728": [137], "0.00013845527835005514": [163], "0.002680259762942349": [200], "0.0005545546354417986": [249], "9.779787825384745e-05": [228], "0.0015071754477153625": [230], "0.00016746719724745993": [189], "0.0033289196147554146": [196], "0.009590996782707379": [106], "0.0010904434677173982": [142], "0.0009629475223929288": [152], "0.0011573216510010705": [51], "0.0013958685110829888": [67], "0.008279932369380192": [162], "0.001071338406713012": [229], "0.0005472123845998675": [231], "0.002122219842132559": [184], "0.0002996363929712347": [165], "0.0016004164878478976": [64], "0.00026195230094136143": [88], "0.0004890526534948545": [44], "0.0003963976163213497": [178], "0.002722664423669588": [202], "0.00527903633272633": [164], "0.0003889072690492758": [157], "0.0008995636056946661": [185], "0.0008210616314282105": [183], "0.0007469311472530299": [194], "0.004281004058681198": [195], "0.0004918850947624036": [244], "0.0012504926574589965": [234], "0.0003501640219361812": [273], "0.0002097349351914227": [279], "7.271147744951352e-05": [107], "6.215741213596e-05": [209], "1.6168867731640897e-05": [210], "0.0001519548726809748": [211],