{"0.0": [1, 62, 637], "0.016870914476216643": [117], "0.006526028623055709": [3], "0.008922264709168818": [753], "0.004831611429809458": [859], "0.006625870356673649": [691], "0.021945101050667538": [884], "0.0021841319219809635": [253], "0.006046177901081044": [1260], "0.012464153866238765": [77], "0.00489635754060339": [642], "0.002495193009481627": [1323], "0.0037866808046800597": [1204], "0.002912095653084015": [441], "0.003496525412333803": [1245], "0.006402159978857372": [401], "0.006541461460538695": [74], "0.009146619341413257": [603], "0.013698342888804161": [706], "0.0039028023585558707": [97], "0.009022945800049937": [1090], "0.004356300300237341": [426], "0.0036103995424936054": [429], "0.002160948546837658": [1492], "0.0055930657588728165": [440], "0.007045867717955745": [147], "0.004015780245792516": [720], "0.00539073091185467": [751], "0.004356150552346841": [333], "0.0048872153459378065": [447], "0.0020018545894937745": [164], "0.008490218897122726": [1485], "0.00476306883963378": [156], "0.010552301681982524": [428], "0.007846262614126196": [210], "0.003241832855259359": [290], "0.005701700255877749": [259], "0.0046060127945134165": [694], "0.0015130463802846088": [432], "0.005319098585127077": [200], "0.007453820185278313": [649], "0.0027556518903272416": [487], "0.005428717458308354": [574], "0.005628056233780517": [20], "0.0024689216034618905": [89], "0.010826809892284203": [122], "0.007938851310701907": [1362], "0.002726412215510096": [544], "0.008554519334563809": [215], "0.002635757442708784": [985], "0.003373526083926763": [162], "0.002939761765432286": [242], "0.002533046518117968": [656], "0.005204727686876687": [491], "0.0017671628780282435": [1414], "0.005396835900288034": [372], "0.008589028624108907": [378], "0.005091949500347025": [15], "0.018084636246662303": [882], "0.006585096782209269": [120], "0.0011770706252397943": [159], "0.004641467525106153": [461], "0.0021180290297929806": [498], "0.004320322079788761": [908], "0.003298193036488797": [158], "0.0004181008553888183": [425], "0.0035475225529171804": [55], "0.004868812269053349": [220], "0.0020748279847537386": [178], "0.0017426229414185782": [977], "0.004266876397246765": [14], "0.003954674722822427": [909], "0.006867641837672961": [295], "0.009392825139577496": [160], "0.0029405307142682767": [34], "0.00820824065358198": [99], "0.0017443532088584346": [880], "0.0023657737777022683": [628], "0.010893952435076156": [27], "0.003546257366911564": [118], "0.003476811628637775": [653], "0.007086197519224626": [520], "0.006041696847440155": [18], "0.004589595600116561": [998], "0.001430010503045905": [245], "0.00415707044369152": [468], "0.006319515504350149": [272], "0.010804945224213977": [527], "0.007620980976067027": [626], "0.0019577511632845714": [465], "0.0022548033801514087": [970], "0.007327415350293805": [488], "0.002112558040670626": [778], "0.0013952876557445984": [489], "0.0035480088375609395": [460], "0.0014189771297707142": [580], "0.002727651524080407": [486], "0.0015534628447765669": [173], "0.009147759894953023": [275], "0.008538768448891204": [197], "0.0011765566999533974": [502], "0.001740314893087589": [181], "0.00028444974815513256": [106], "0.002629964876004673": [131], "0.00107583564525283": [353], "0.0030223011066767016": [261], "0.0013742970560536394": [464], "0.0037970414962104682": [141], "0.01070470718837266": [250], "0.0018808075988512576": [79], "0.008164072306118897": [531], "0.0013181110079899712": [886], "0.0032028179974785656": [54], "0.002422774628001231": [1209], "0.0005121215521945797": [677], "0.007577886858024465": [343], "0.0028874087054485222": [193], "0.0051560466521147295": [39], "0.005099034560381219": [1067], "0.0037378048816320646": [71], "0.008444306968274598": [366], "0.0007768547596912502": [744], "0.0011665442866871257": [797], "0.002498014561421599": [889], "0.0011296644477652158": [621], "0.004285259218861259": [959], "0.0035110317558725546": [232], "0.001036625082956258": [725], "0.0018879359963971732": [650], "0.0017512038531051538": [894], "0.00448427293369454": [346], "0.0020202625103642306": [845], "0.012870447724913149": [836], "0.001913977359331004": [763], "0.0012989064149756188": [793], "0.0039038422655544532": [183], "0.006440022533495526": [741], "0.004138670224721194": [72], "0.001976055078134421": [1392], "0.004440799622435754": [1342], "0.00603900683814264": [387], "0.004600657878284018": [504], "0.000388937063842078": [269], "0.007465156260181445": [435], "0.006627245216759893": [634], "0.0001575972579809378": [165], "0.004785822469245253": [954], "0.002271451998420497": [779], "0.0015373371540807848": [615], "0.0033499278504485813": [478], "0.0006389120794954107": [205], "0.00034246033395335824": [38], "0.015101852341093772": [939], "0.0030765968885086404": [219], "0.002239834305107646": [477], "0.004045489718018289": [921], "9.037369023262297e-05": [702], "0.003962777090840332": [407], "0.0024798056139994757": [59], "0.0020658391147321065": [809], "0.0017852285761527568": [466], "0.0015826598677691267": [339], "0.0034008273853504095": [923], "0.0051740866245918475": [420], "0.0011868582140251308": [80], "0.0032057646370132775": [866], "0.00773866969594736": [525], "0.00415189699636654": [285], "0.00017469920782080365": [784], "0.010894237289398008": [267], "0.011376139215895973": [246], "0.002630928170106769": [790], "0.001151240873088737": [43], "0.0006191976976357376": [871], "0.0023544482521248434": [674], "0.0063933212289868655": [198], "0.007043706536905109": [445], "0.0007041621026984392": [63], "0.0014341957525002172": [211], "0.000891512760477006": [257], "0.0009359180622986659": [47], "1.2370726901317775e-05": [213], "0.004603690873071062": [119], "0.0023784583195772995": [1164], "0.001758922643181242": [236], "0.0007810080382538602": [134], "0.0013055256595753278": [453], "0.004875876658731427": [874], "0.0008590591064965832": [110], "0.007122508309495437": [184], "0.0021869775929572064": [577], "0.00044117722038833693": [434], "0.0014930430958533152": [252], "0.003998554175984203": [248], "4.187003541008708e-06": [533], "0.0011766779908639548": [660], "0.0033187633050314573": [270], "0.0035586468834481614": [172], "0.0017718185763219603": [510], "0.011603351350495512": [322], "0.00023504418486222512": [374], "5.1952584462976565e-05": [1238], "0.0006410447825886223": [582], "0.0017860417670713332": [893], "0.0007703617032328603": [413], "0.0008343865425589613": [867], "0.0021623314652616707": [475], "0.00014387074969691028": [854], "0.00012739693143776424": [496], "0.0007176403795099366": [513], "0.0024999666711567514": [424], "0.0018511578070957524": [743], "0.0011895299115973971": [638], "0.00035811527098397603": [771], "0.0001063019028708878": [222]}