{"0.707808564231738": [1], "0.7533512064343163": [98], "0.667458432304038": [193, 176, 192], "0.6108695652173913": [227, 216, 64], "0.6030042918454935": [232, 230], "0.6611764705882353": [201, 177, 57], "0.6069114470842333": [218, 152], "0.5928270042194093": [235, 61], "0.6955445544554455": [143], "0.7025": [175, 135], "0.771978021978022": [18, 112], "0.6386363636363637": [115, 214], "0.741424802110818": [146, 153], "0.6853658536585366": [154, 8, 54], "0.7007481296758105": [29], "0.6328828828828829": [190, 33], "0.7317708333333334": [31], "0.687041564792176": [10, 136, 65, 164], "0.7042606516290727": [15, 179], "0.65807962529274": [144], "0.5817805383022774": [156, 222, 219, 239], "0.6921182266009852": [35, 71], "0.6738609112709832": [169, 39, 80], "0.6565420560747663": [46], "0.5915789473684211": [53, 250], "0.5688259109311741": [100, 2, 96], "0.58298755186722": [117, 7, 48], "0.7223650385604113": [5, 147], "0.6216814159292036": [138, 208], "0.7095959595959596": [14, 86], "0.6820388349514563": [16, 197], "0.6627358490566038": [19, 159, 188], "0.669047619047619": [20, 75, 196], "0.6706443914081146": [27, 198], "0.63718820861678": [28], "0.7336814621409922": [30, 105], "0.6722488038277512": [36], "0.6643026004728132": [42], "0.7113924050632912": [62], "0.5499021526418787": [4], "0.7060301507537688": [6], "0.562": [9, 74, 85, 157], "0.6314606741573033": [11, 204, 151, 87, 202], "0.5291902071563088": [12], "0.5642570281124498": [13, 111, 264, 161], "0.5805785123966942": [17, 104, 21, 245], "0.6189427312775331": [38], "0.6148796498905909": [103, 205, 140], "0.6504629629629629": [171, 37, 199, 213], "0.5063063063063064": [3], "0.5676767676767677": [257, 181], "0.5854166666666667": [243, 70, 167], "0.5841995841995842": [248, 251], "0.683698296836983": [134], "0.5281954887218046": [247, 242], "0.623059866962306": [150, 114], "0.655011655011655": [160], "0.6534883720930232": [182], "0.6444954128440367": [191], "0.6286353467561522": [203, 184], "0.5608782435129741": [73, 55, 32, 262, 60, 69], "0.5781893004115226": [116, 236], "0.7394736842105263": [141], "0.7242268041237113": [26, 68], "0.5940803382663847": [83, 255], "0.5332068311195446": [93, 228], "0.5520628683693517": [24, 43, 163, 189], "0.6887254901960784": [180], "0.5991471215351812": [118, 59, 185], "0.6771084337349398": [58], "0.5793814432989691": [221, 49, 231, 178], "0.6043010752688172": [223], "0.5903361344537815": [224, 194], "0.6122004357298475": [225, 233], "0.5653923541247485": [278, 277, 148], "0.6272321428571429": [212], "0.5966029723991507": [246], "0.589098532494759": [22, 40], "0.5531496062992126": [23, 276], "0.5758196721311475": [25, 149, 249, 252], "0.573469387755102": [34, 174, 244], "0.6082251082251082": [41, 109], "0.56312625250501": [145, 173, 95, 44], "0.5393474088291746": [158, 240, 63], "0.5146520146520146": [220], "0.6357466063348416": [102], "0.5665322580645161": [238, 263, 91, 108, 170], "0.548828125": [241], "0.558648111332008": [258, 261], "0.546692607003891": [266], "0.5723014256619144": [267, 265], "0.5509803921568628": [275], "0.6244444444444445": [215], "0.6095444685466378": [226, 234], "0.5711382113821138": [260, 76, 165], "0.5477582846003899": [113], "0.6803874092009685": [186, 52], "0.5342205323193916": [217, 88], "0.5746421267893661": [172], "0.6135371179039302": [206, 142, 67, 183], "0.6430205949656751": [50], "0.5770020533880903": [72], "0.727979274611399": [77], "0.6162280701754386": [79], "0.5311909262759924": [82], "0.6004273504273504": [90, 229], "0.5174953959484346": [78, 92], "0.5262172284644194": [81, 280], "0.5575396825396826": [89, 137], "0.5553359683794467": [97, 168], "0.6972704714640199": [45, 47], "0.7849162011173184": [56], "0.5435203094777563": [84], "0.7574123989218329": [66], "0.530188679245283": [94, 99], "0.6596244131455399": [110, 200], "0.6990049751243781": [139], "0.6459770114942529": [166], "0.6658767772511849": [187, 195], "0.648960739030023": [155], "0.5352380952380953": [101], "0.5232774674115456": [256], "0.5866388308977035": [207], "0.5699797160243407": [253], "0.5564356435643565": [254, 211], "0.7260981912144703": [106], "0.5953389830508474": [51], "0.7433862433862434": [162], "0.5597609561752988": [273], "0.5424710424710425": [279, 269, 282], "0.5194085027726433": [107], "0.5414258188824663": [209, 281], "0.518450184501845": [210], "0.5542406311637081": [268], "0.5445736434108527": [270, 271], "0.5017857142857143": [237], "0.4120234604105572": [128, 129, 130, 131, 132, 133, 119, 120, 121, 122, 123, 124, 125, 126, 127], "0.5109090909090909": [272], "0.503584229390681": [274], "0.49734513274336284": [259]}