{"0.09849837107823352": [0], "0.06416429994290875": [73], "0.09644909412062135": [30], "0.0966770091093958": [2], "0.09669220696349795": [4], "0.09775597968032856": [29], "0.09480038038942966": [87], "0.09442148445493331": [38], "0.03200116552650666": [40], "0.09769137235055775": [20], "0.09466920232429137": [21], "0.09649608354506842": [65], "0.09786275380171161": [12], "0.09705802199807392": [13], "0.09603866751947383": [14], "0.08284900815011563": [17], "0.09736817647006359": [18], "0.0966424232467148": [28], "0.0968766613854153": [7], "0.040148371510428944": [43], "0.09761142447441937": [35], "0.0978767633284779": [6], "0.09509371035342334": [77], "0.053813643415268515": [86], "0.09197575250269417": [89], "0.09567039745107918": [59], "0.09724054271647321": [33], "0.09688379086219216": [34], "0.04299317250005859": [72], "0.09887246134162862": [3], "0.05301807283617298": [63], "0.08380748864418698": [32], "0.09701866643400527": [19], "0.039161099296861464": [119], "0.010952463970660466": [129], "0.09735140407398202": [5], "0.09775689150239505": [37], "0.09711414566415193": [16], "0.09489424272418434": [84], "0.09896211025270069": [31], "0.04646957210390172": [104], "0.09539593313347844": [109], "0.09159364898235314": [113], "0.09309202944794927": [90], "0.09310284297197768": [60], "0.05576494522564395": [81], "0.09624440953394788": [23], "0.019614173547389868": [106], "0.0952867526203441": [11], "0.07031684607891556": [22], "0.09938787652040056": [1], "0.09775772032761398": [8], "0.09649819467092405": [9], "0.09772542522968558": [24], "0.09702370581664879": [26], "0.0961120792382638": [41], "0.09704598349440315": [49], "0.0926947687879488": [76], "0.09435378645685553": [78], "0.09407591301595153": [80], "0.09756544753811101": [25], "0.09510843733786405": [45, 55], "0.09608939871853375": [47], "0.09640313317391673": [64], "0.09209008645343855": [99], "0.0948706225597858": [100], "0.0968433623197887": [102], "0.05403133717210633": [103], "0.09112819529735712": [117], "0.09292169222253371": [121], "0.09623993196008966": [27], "0.09693794115775611": [10], "0.09629432722609974": [15], "0.09667437427915135": [36], "0.09431794490958412": [39], "0.09543762541028954": [42], "0.09337934161253257": [44], "0.09584329734614909": [46], "0.09586706840584983": [48], "0.09498159888430026": [50], "0.09377583081379551": [51], "0.09347804812378911": [52], "0.0942551377272095": [53], "0.09595295669875267": [54], "0.09261847889628172": [56], "0.09314621897914833": [58], "0.09513325934667048": [61], "0.09354331693081483": [62], "0.09149466953866658": [66], "0.09488765067255456": [67], "0.09526354818224465": [68], "0.09408462638856661": [69], "0.094725371482196": [70], "0.09277276359046427": [71], "0.0928048058931225": [74], "0.09488699772172526": [75], "0.09259940843583125": [82, 108], "0.0912159159727404": [83], "0.09425513772720952": [85], "0.09249401002453808": [88], "0.09272410517968267": [94], "0.09356071036526431": [97], "0.09038287306527293": [98], "0.0925606302659395": [105], "0.09329269529833799": [110], "0.09370350483250257": [111], "0.09231543914507358": [112], "0.09094457514153094": [114], "0.0895915987466411": [115], "0.09061357203174264": [116], "0.09070661186158269": [118], "0.08948269048952061": [122], "0.09034554169074754": [123], "0.08983242100882002": [125], "0.08995378581364254": [127], "0.08856563122232342": [128, 130], "0.03350434431546725": [79], "0.035738405212632454": [101], "0.057966955823816856": [95], "0.06759217361764039": [96], "0.04735747837381559": [91, 92, 93], "0.018131850312412406": [126], "0.07049885087255026": [57], "0.03933089702794857": [107], "0.011166135085457033": [120]}