{"0.9484240687679083": [1], "0.5364667747163695": [128, 332, 135, 347], "0.6990496304118268": [2], "0.6881496881496881": [3, 9], "0.521259842519685": [386, 320, 225], "0.5953237410071942": [15], "0.6112650046168052": [19], "0.6018181818181818": [26], "0.6316793893129771": [29], "0.5786713286713286": [34, 79], "0.5502909393183707": [39, 242, 523, 561, 562, 563, 574, 586, 626, 630, 636, 648, 649, 651, 652, 663, 420, 444, 476, 495, 258, 243], "0.5900178253119429": [45, 114], "0.5667808219178082": [50, 294, 76, 95], "0.5135764158262219": [188], "0.5390879478827362": [213, 173, 334, 352, 348], "0.49886963074604374": [597, 578], "0.5347334410339257": [113, 261, 281], "0.5417348608837971": [125, 153, 185, 270, 275], "0.5245641838351822": [260], "0.7110633727175081": [5], "0.533011272141707": [262, 411, 323, 373, 322], "0.6810699588477366": [7], "0.7314917127071823": [8], "0.6707193515704154": [13], "0.6322827125119389": [22], "0.5475599669148056": [278, 186, 333], "0.662": [25, 41], "0.5453047775947282": [163, 324], "0.6163873370577281": [36], "0.5731601731601732": [170, 90, 144], "0.6365384615384615": [43], "0.5521267723102585": [297, 291], "0.5216706067769897": [300, 316, 375, 330, 287, 394, 640, 520, 661, 422, 423, 560, 570, 572, 455, 462, 477, 480, 483, 484, 485, 501], "0.560067681895093": [312, 337, 134, 197], "0.5399673735725938": [193, 359], "0.6408518877057116": [68], "0.570198105081826": [223, 99], "0.5115919629057187": [612, 235], "0.5605419136325148": [106, 143, 178, 180, 181], "0.6210131332082551": [109, 66], "0.6007259528130672": [116, 141, 115, 233], "0.5874001774622892": [120], "0.5412919051512673": [250, 268, 288, 396, 413, 363], "0.5015151515151515": [325], "0.6023657870791629": [74, 16], "0.6029143897996357": [80], "0.562446898895497": [55, 203], "0.6997885835095138": [6], "0.638996138996139": [12], "0.5662959794696322": [140], "0.7057569296375267": [18], "0.5338709677419354": [148], "0.5034220532319391": [534, 431, 659], "0.575152041702867": [31, 169], "0.5321543408360129": [160, 216], "0.5147744945567652": [162, 368, 474], "0.5184025058731402": [299, 545, 567, 453, 509, 524, 550, 442, 454, 461, 465, 467, 468, 470, 471, 604, 491, 492, 336, 517, 653, 544, 554, 428, 429, 556, 575, 579, 588, 599, 623], "0.5766550522648084": [58], "0.5351657235246564": [71], "0.5539748953974896": [92, 367], "0.5736568457538995": [105, 167], "0.6931937172774869": [4], "0.5426229508196722": [388, 212], "0.6817713697219362": [11], "0.6646586345381527": [14, 53], "0.6347075743048898": [17], "0.5832599118942732": [145, 84, 98], "0.6713995943204868": [21, 32], "0.5648464163822525": [146], "0.6727642276422764": [23], "0.6123959296947271": [24], "0.5974729241877257": [152, 54, 96], "0.5404081632653062": [282, 252, 415], "0.5837742504409171": [159, 85], "0.6084558823529411": [33], "0.646484375": [35], "0.5771578029642546": [164, 111, 174], "0.605672461116194": [38, 69], "0.6700404858299596": [40], "0.5287539936102237": [301, 328], "0.6560951437066402": [49], "0.5395273023634882": [305], "0.5241488519398259": [439, 441, 450, 296, 418], "0.5581787521079258": [184, 238], "0.6383799421407907": [57], "0.5480132450331126": [190, 112], "0.5985533453887885": [63], "0.6158139534883721": [65], "0.6274881516587678": [70], "0.5868794326241135": [202, 104, 171], "0.5408496732026143": [215, 220], "0.5801928133216476": [89, 107, 165], "0.5682403433476395": [91, 142, 240], "0.5439605587510271": [228], "0.5822339489885664": [110], "0.5711820534943917": [121, 93], "0.5692175408426483": [122, 172], "0.5591216216216216": [126, 266, 360], "0.7195652173913043": [10], "0.5274900398406375": [269, 208, 339, 308], "0.5100154083204931": [272, 395], "0.5192156862745098": [402, 356, 417, 187, 399, 327], "0.5558354324097398": [154, 321, 331, 351, 405, 406], "0.5781659388646289": [52, 179, 283], "0.5796847635726795": [73, 123, 155], "0.5756521739130435": [77], "0.5057295645530939": [342, 522, 551, 555, 564, 475, 425, 437, 438, 576, 504], "0.5435139573070608": [224, 244, 407], "0.6310772163965681": [61], "0.6257088846880907": [51], "0.5507487520798668": [67, 264], "0.5237341772151899": [201, 279, 341], "0.6169617893755824": [47], "0.5334407735697019": [209, 196, 345], "0.7266739846322722": [20], "0.5266507557677009": [183, 138, 310, 290, 642, 440, 443, 582, 459, 460, 609, 617, 496, 346], "0.5572390572390572": [129], "0.516783762685402": [397, 309, 456, 457, 603, 610, 503], "0.5080583269378358": [416], "0.5444078947368421": [289, 292], "0.5045731707317073": [543, 307], "0.5355987055016181": [168], "0.5969341749323716": [42], "0.5931899641577061": [48, 78], "0.5317269076305221": [177, 189, 369, 412], "0.5068912710566615": [326, 385, 535, 559, 451, 592, 472, 478, 546, 473], "0.5658119658119658": [229], "0.5386493083807974": [230, 222, 354, 210, 280], "0.6239396795475967": [59, 64, 62], "0.5111969111969112": [370, 516, 643, 665, 637, 639, 557, 519, 530, 421, 552, 600, 602, 607, 619, 493, 621, 625, 629, 510, 512, 489], "0.708779443254818": [27], "0.5258141382049245": [284, 274, 255, 353], "0.6101382488479262": [102], "0.5229067930489731": [285], "0.6181139122315593": [37], "0.5889679715302492": [205, 87, 86], "0.5220820189274448": [206], "0.5171875": [207, 553, 434, 497], "0.5279106858054227": [271], "0.5249801744647106": [214, 343, 306, 349, 313], "0.5619694397283531": [97, 248, 246, 350, 389, 94], "0.5208497246262785": [329], "0.5041888804265042": [364], "0.5003779289493575": [539], "0.5127807900852053": [387, 391, 195], "0.5884444444444444": [137], "0.5549036043587594": [408, 361], "0.5741543798785776": [156], "0.6402321083172147": [28], "0.6298763082778306": [44], "0.5721694036300777": [175], "0.5863596102745793": [72, 133], "0.5638841567291312": [218, 108, 132, 239], "0.5586497890295359": [245, 176], "0.5577085088458298": [247, 303], "0.516380655226209": [358, 514, 647, 526, 528, 529, 532, 445, 446, 613], "0.5": [536], "0.5910714285714286": [88], "0.5179968701095462": [365, 304, 525, 426, 430], "0.6483839373163565": [30], "0.5544388609715243": [259, 226], "0.5448559670781893": [410], "0.609015639374425": [46, 101], "0.5563025210084034": [56], "0.5430680885972108": [194], "0.5484672742336372": [119, 199, 273], "0.5296": [182, 319, 355, 357, 302, 372, 400], "0.49550898203592814": [537], "0.5706896551724138": [131, 124], "0.5104086353122591": [641, 448, 381, 449, 452, 627, 538, 540, 541, 549, 487, 558, 584, 622, 498], "0.5308740978348035": [217, 366, 231], "0.5915996425379804": [118, 82], "0.5498338870431894": [161], "0.5108024691358025": [211, 435, 469, 606, 427, 580, 318], "0.5270700636942676": [198, 338, 166], "0.5525876460767947": [136], "0.5369018653690186": [254], "0.5018953752843063": [227], "0.4921933085501859": [424, 585], "0.5175918686473807": [531, 463, 377, 376, 393, 401], "0.6129629629629629": [150], "0.5535117056856187": [158, 383], "0.5382113821138211": [311], "0.5937219730941704": [221], "0.5827464788732394": [127], "0.5011355034065103": [382, 565, 447, 583, 611, 615], "0.5204402515723271": [384], "0.4947683109118087": [490, 593], "0.5253968253968254": [380], "0.6107011070110702": [60], "0.6245283018867924": [75], "0.6221804511278195": [81], "0.5905441570026762": [100], "0.6034639927073838": [103], "0.5842894969108562": [139], "0.6073394495412844": [157], "0.5776614310645725": [200, 374], "0.563404255319149": [241], "0.5672664952870609": [249], "0.5595942519019442": [257, 147], "0.5697074010327022": [295], "0.5516666666666666": [344], "0.5629251700680272": [378, 130, 232], "0.530448717948718": [149, 276], "0.5200314218381775": [286, 293, 234, 237], "0.5233201581027668": [204, 263], "0.4958801498127341": [568, 608, 635], "0.5746527777777778": [83, 151], "0.49811888638073737": [521, 527, 598, 591, 595, 507, 508], "0.5567703952901598": [191], "0.5300240192153723": [403, 315], "0.5151750972762645": [432, 566, 618, 628], "0.5926589077887198": [117], "0.49292628443782577": [505], "0.5119876256767208": [317], "0.5462046204620462": [256], "0.5143745143745144": [515, 573, 486, 371],