{"0.48668280871670705": [1269, 1484], "0.5214007782101168": [1492, 1625, 1665], "0.5885797950219619": [1678], "0.5338645418326693": [1551, 1706, 1829, 1876], "0.551440329218107": [1495, 1840], "0.4956843403205919": [1666, 1490, 1577], "0.5": [1702, 1464, 1783, 1656, 1500], "0.5877192982456141": [1617], "0.6203703703703703": [1441, 1825], "0.5160462130937099": [1440, 1848, 1735, 1695, 1505, 1619], "0.5537190082644629": [1604, 1501, 1676], "0.5734664764621968": [1598, 1563], "0.5461956521739131": [1871, 1593], "0.5254901960784314": [1452, 1659, 1559], "0.5521978021978022": [1463, 1437, 1703, 1591, 1600], "0.5417789757412399": [1819, 1546, 1538, 1767], "0.5234375": [1453, 1766, 1708, 1455], "0.4969097651421508": [1870, 1555, 1553], "0.4222689075630252": [1697], "0.575107296137339": [1554], "0.5425101214574899": [1886, 1479, 1858, 1667], "0.5809248554913294": [1857, 1684], "0.5134099616858238": [1425, 1583, 1560], "0.5614525139664804": [1489], "0.5345744680851063": [1901, 1573, 1821, 1434], "0.53315649867374": [1898], "0.5454545454545454": [1471, 1890, 1700, 1716, 1602], "0.5367156208277704": [1626, 1754, 1919, 1882, 1880, 1798, 1808], "0.5062972292191436": [1900, 1631, 1647], "0.48086124401913877": [1903, 1497, 1476], "0.4920440636474908": [1557, 1478], "0.5025": [1658, 1542, 1790, 1552, 1496, 1918], "0.4244984160506864": [1548], "0.5646067415730337": [1582, 1527], "0.5759312320916905": [1847, 1562], "0.5583333333333333": [1525, 1752], "0.5140664961636828": [1433, 1585, 1851], "0.4962962962962963": [1516], "0.4902439024390244": [1431, 1710, 1475], "0.49814126394052044": [1606], "0.4987593052109181": [1805, 1862, 1634], "0.5114503816793893": [1774, 1439, 1773, 1569], "0.46581691772885286": [1533], "0.5248041775456919": [1491, 1713, 1493, 1765, 1649, 1466, 1530], "0.5227568270481144": [1728, 1877, 1842, 1696, 1839], "0.5851528384279476": [1920], "0.5352862849533955": [1512, 1711, 1816, 1841], "0.526867627785059": [1894, 1428, 1545], "0.4878640776699029": [1535], "0.5622377622377622": [1635, 1590], "0.6251944012441679": [1655], "0.5432432432432432": [1427, 1749, 1532, 1544], "0.5082174462705437": [1426, 1570, 1629, 1674, 1923], "0.5685997171145686": [1613, 1519], "0.5187096774193548": [1459, 1874, 1648, 1885], "0.4908424908424908": [1558, 1807], "0.5261780104712042": [1524, 1792, 1875, 1791], "0.5718349928876245": [1579, 1701], "0.5403225806451613": [1683, 1541], "0.4740566037735849": [1614, 1444, 1446], "0.631083202511774": [1688], "0.5868613138686132": [1761, 1731], "0.5317460317460317": [1694], "0.5153846153846153": [1855, 1883, 1480, 1866, 1725], "0.5282522996057819": [1616, 1884, 1689], "0.5075757575757576": [1612, 1755, 1438, 1806], "0.5180412371134021": [1802, 1872], "0.5241199478487614": [1652, 1596, 1630], "0.548431105047749": [1887, 1537], "0.5491803278688525": [1789, 1556, 1523, 1734], "0.5447154471544715": [1549, 1692, 1911], "0.5127551020408163": [1914, 1769, 1704, 1906, 1572, 1504], "0.49385749385749383": [1873, 1514, 1796], "0.522077922077922": [1671, 1510, 1913], "0.48201438848920863": [1605], "0.536": [1526, 1622, 1462, 1770, 1470], "0.5388739946380697": [1467], "0.5381526104417671": [1643, 1921, 1529], "0.5310435931307794": [1580, 1642, 1924], "0.4610091743119266": [1483, 1687], "0.5499316005471956": [1772, 1550, 1539], "0.5147247119078106": [1485, 1451], "0.5069356872635561": [1715, 1775, 1575, 1899, 1892, 1449, 1644], "0.5710227272727273": [1531, 1831], "0.5101522842639594": [1482], "0.5654008438818565": [1717, 1568], "0.5006226650062267": [1759, 1670, 1595, 1638], "0.5410497981157469": [1503], "0.5669957686882934": [1707, 1835], "0.49264705882352944": [1836, 1436], "0.5088607594936709": [1863, 1660, 1865], "0.5121019108280255": [1473, 1502, 1879, 1834, 1566, 1465, 1905], "0.5207253886010362": [1673, 1897, 1764, 1757], "0.543978349120433": [1520], "0.547683923705722": [1889, 1574, 1740], "0.5173745173745173": [1787, 1779], "0.5529573590096286": [1718, 1628], "0.5296442687747036": [1771, 1469, 1623], "0.5937961595273265": [1458], "0.50187265917603": [1893], "0.5677966101694916": [1517, 1698, 1603], "0.5303430079155673": [1680, 1786], "0.4831730769230769": [1732], "0.6320754716981132": [1599], "0.47238542890716806": [1762, 1597], "0.4757396449704142": [1668, 1743], "0.46853146853146854": [1650], "0.4791418355184744": [1430, 1675], "0.4797136038186158": [1468], "0.5552486187845304": [1547], "0.5606694560669456": [1592], "0.5095057034220533": [1601, 1747, 1768], "0.5324503311258278": [1845, 1443], "0.5469387755102041": [1908], "0.5374331550802139": [1487, 1699, 1513, 1477, 1811], "0.556786703601108": [1448], "0.5395973154362416": [1543], "0.5193798449612403": [1727, 1522, 1756, 1521, 1587, 1681], "0.5167095115681234": [1608, 1609, 1578, 1518], "0.5108005082592122": [1498, 1907], "0.5031289111389237": [1457], "0.5289473684210526": [1853, 1581, 1679], "0.4696261682242991": [1435], "0.5037593984962406": [1712, 1461, 1813], "0.4626006904487917": [1917], "0.5050251256281407": [1915, 1724, 1868, 1651], "0.49507389162561577": [1460, 1499], "0.4855072463768116": [1912, 1672], "0.48905109489051096": [1564, 1828, 1721], "0.49144254278728605": [1854, 1507], "0.4407894736842105": [1654, 1830], "0.4843373493975904": [1669, 1640], "0.44175824175824174": [1804], "0.5575589459084604": [1664], "0.4975247524752475": [1645, 1803, 1850, 1663], "0.5200517464424321": [1528], "0.451685393258427": [1627], "0.5591098748261474": [1641], "0.5012468827930174": [1677, 1904], "0.48964677222898906": [1916], "0.5043914680050188": [1657, 1888, 1511], "0.45629965947786605": [1784, 1760], "0.4679860302677532": [1442], "0.47461629279811096": [1881], "0.47743467933491684": [1685], "0.5056603773584906": [1742], "0.48727272727272725": [1576, 1794], "0.4491620111731844": [1785], "0.42902881536819637": [1624], "0.38653846153846155": [1793, 1817], "0.4532130777903044": [1633], "0.43838604143947657": [1486], "0.44419889502762433": [1778], "0.46635730858468677": [1922], "0.4317937701396348": [1474], "0.3746505125815471": [1594], "0.47686832740213525": [1902], "0.459954233409611": [1826], "0.4652777777777778": [1661], "0.46366782006920415": [1691], "0.4178794178794179": [1823], "0.44567627494456763": [1777], "0.4403066812705367": [1540], "0.4369565217391304": [1636], "0.48259303721488594": [1818], "0.42138364779874216": [1586], "0.3824928639391056": [1618], "0.4542372881355932": [1565], "0.4388646288209607": [1758], "0.3817663817663818": [1639], "0.4364820846905538": [1861], "0.3876567020250723": [1780], "0.39723320158102765": [1739], "0.3933463796477495": [1646], "0.4486607142857143": [1682]}