{"0.5359572400388727": [1], "0.5362177929022849": [2, 57, 789, 385, 328], "0.5297790585975024": [645, 263, 271, 64, 479, 335], "0.54361754558896": [10, 6, 35], "0.578395385422129": [268, 211], "0.550949050949051": [403, 141, 138], "0.5249881009043312": [409, 402, 755, 763], "0.5307988450433109": [31, 398, 505, 323], "0.7518745739604635": [172], "0.5417485265225933": [47, 76, 930, 846, 319, 194, 294], "0.5685567010309278": [48, 131, 102], "0.5498504486540379": [179, 204, 90, 297, 305, 225, 127], "0.566512583461736": [444], "0.5212665406427222": [449, 694, 896, 760, 569, 577], "0.5668036998972251": [455, 245], "0.5526052104208417": [463, 752, 679, 234, 119, 292, 153, 214], "0.5078268876611418": [468, 748, 931, 965, 734], "0.5601828339258507": [639, 603, 139, 260, 352], "0.5406862745098039": [26, 249, 333], "0.5292706333973128": [29, 821, 5, 69, 576, 519, 594], "0.5274988043998087": [32, 401, 75, 663, 633, 723], "0.524488825487399": [7, 504, 379, 625], "0.5225011842728564": [16, 459, 391, 536, 567, 595, 599], "0.5343992248062015": [20, 493], "0.521759697256386": [392, 737, 751, 404, 483, 559], "0.4913140311804009": [648, 867, 814, 369], "0.5341404358353511": [267], "0.5383113714006833": [653, 83, 326], "0.5295247239558329": [15, 36, 23, 33, 571], "0.5269947443860488": [655, 408, 497], "0.5009082652134423": [657, 652, 800, 809], "0.5193032015065914": [405, 644, 453, 617, 624], "0.5444225074037512": [27], "0.5197926484448633": [687, 749, 410, 704], "0.5205285512033978": [50, 641, 473, 759, 722, 507, 547, 550, 606], "0.5331077815369744": [51, 265, 72, 53, 713], "0.5151798225128444": [699, 665, 769], "0.7627939142461964": [62], "0.5302884615384615": [448, 438, 446, 541], "0.5364785992217899": [79, 273, 13], "0.50503663003663": [719, 817, 953], "0.5071264367816092": [720, 693, 774], "0.5149393090569561": [729, 678], "0.5829809725158562": [230], "0.7052429667519181": [241], "0.6043835616438357": [248], "0.5412168792934249": [640, 801, 296], "0.5252380952380953": [901, 815, 888, 481], "0.49285075960679176": [902, 873], "0.5786988457502623": [264, 143], "0.49774368231046934": [778, 951, 924, 276], "0.5367396593673966": [269, 41, 826, 330], "0.5391006842619745": [270, 467, 284, 246], "0.5388373229115779": [910, 756, 295], "0.4897868561278863": [786, 947, 852, 898, 906, 952, 881], "0.5636177823198774": [915], "0.4970707525912573": [917, 373], "0.5118329466357309": [790, 865, 922], "0.48419666374012293": [1045, 1046, 1058, 1066, 1004, 431], "0.5222537878787878": [672, 461, 635, 485, 610, 515], "0.5054995417048579": [805], "0.5038830516217451": [934, 718], "0.5264916467780429": [939, 34, 582, 513], "0.6196629213483146": [173, 244], "0.5735829433177327": [813], "0.5183270676691729": [688, 920, 843], "0.5372625426205553": [945, 22, 19], "0.5099398982894129": [692, 686, 837, 840, 544, 779], "0.5048054919908467": [948, 681, 851], "0.5446913580246914": [695, 189, 213], "0.5598984771573604": [56], "0.5043438500228624": [823], "0.5476663356504469": [701, 396, 250, 247], "0.4975191700496166": [962], "0.5287631831255992": [844, 684, 447, 632], "0.5285098227120268": [890, 584, 320], "0.506660542030317": [726, 900, 849, 949], "0.525488327775131": [856, 646, 464, 721, 506, 555, 564, 518], "0.5780922431865828": [353], "0.6310068649885584": [614], "0.5501246882793017": [490, 872, 466, 182], "0.5610376398779248": [757], "0.5656410256410257": [630], "0.5370009737098345": [887, 60, 81], "0.5089986155976004": [762, 703, 859, 876, 671], "0.8056975894813733": [123], "0.5137401024685608": [766, 803, 685, 543], "0.5310544053923929": [388, 39, 528], "0.5108846688281612": [390, 708, 730], "0.7508509189925119": [58], "0.5523284927391087": [63, 148, 229], "0.527246653919694": [643, 3, 548, 514], "0.5163857677902621": [394, 745, 717], "0.5178403755868545": [783, 733, 489, 557], "0.547394540942928": [659, 787, 177, 238, 162, 168, 183, 242], "0.5139794967381174": [661, 799], "0.5104118463674225": [662, 697, 650], "0.557070707070707": [25], "0.5452298566485417": [666, 310, 191, 299, 304, 226, 206, 184], "0.5433497536945813": [676, 240], "0.5087638376383764": [680, 612], "0.5180836073273838": [698, 669, 458, 583, 383, 593], "0.5188146754468486": [705, 502, 572, 511, 520, 615], "0.5190588235294118": [706, 579, 552, 618, 522], "0.5673868312757202": [68, 591], "0.5398923152227117": [73, 178, 262, 288, 101], "0.5290167865707434": [84, 272, 49, 673, 329, 542], "0.5854564755838642": [472], "0.5080608014739751": [731, 623, 350], "0.5156615240766713": [732, 935, 964, 533, 526, 492], "0.5113583681038479": [736, 738, 715, 727, 631, 654, 598], "0.6320916905444126": [231], "0.4979683972911964": [761, 818, 768], "0.5239904988123515": [8, 777, 503, 491, 516, 525, 384, 556, 574], "0.5300336376741951": [46, 70, 65, 810, 465, 517], "0.5313102119460501": [40, 266], "0.5277511961722487": [24, 961, 478, 566], "0.523741690408357": [30, 750, 524], "0.5454995054401582": [9, 496], "0.5351770984958758": [18], "0.5220066256507335": [55, 664, 498], "0.534917555771096": [4, 291, 332, 321, 317], "0.5857673924588422": [71], "0.5414825724104074": [43, 66, 782, 601, 155], "0.592373791621912": [14, 235], "0.6713329275715155": [52, 210], "0.5320791123974915": [85], "0.5173545966228893": [642, 772, 545, 600, 573], "0.5247383444338725": [395, 462, 586, 540, 554], "0.5045745654162854": [907, 963, 848, 972], "0.5333655705996132": [17, 11, 311], "0.624929178470255": [146], "0.5234931181775035": [407, 578], "0.5539929683576093": [793, 159, 109], "0.534658264663112": [894, 54], "0.5401567091087169": [796], "0.5059633027522936": [932, 860, 863, 781, 607], "0.5975081256771397": [37, 236], "0.5006808896958693": [933, 835], "0.5257387988560533": [682, 580, 488, 538, 605], "0.5120705663881151": [689, 627], "0.511595547309833": [828], "0.5644831115660184": [61, 140, 103], "0.5075931891394385": [832, 918, 711], "0.5144589552238806": [954, 754, 744], "0.5020482476103778": [956, 412, 256], "0.7153047989623865": [80], "0.6207090602138435": [209], "0.5556675062972293": [82, 125, 356], "0.5503992015968064": [880, 197, 108, 150], "0.514699020065329": [764, 893, 460, 853], "0.5380487804878049": [42, 314], "0.5338818973862536": [44], "0.5282567049808429": [59, 587, 561], "0.540951446787641": [74], "0.531566265060241": [12, 393], "0.5393643031784842": [67, 45, 224], "0.5375243664717348": [77, 470, 312], "0.5354368932038835": [78], "0.5323359073359073": [21], "0.5428149606299213": [28, 293, 185], "0.5207743153918791": [38, 660, 626, 549], "0.5981561822125814": [380], "0.4869757174392936": [903, 926, 825], "0.5068933823529411": [784, 471], "0.48826914563966356": [913], "0.47956521739130437": [1040, 1051, 1073, 691], "0.5015916325602546": [925, 857], "0.505731315910133": [942], "0.5097042513863216": [944, 710], "0.5142191142191143": [696, 535, 529], "0.5604674796747967": [702], "0.5041133455210237": [958, 775, 806, 812, 836, 819, 869], "0.5013636363636363": [854, 937, 820, 882], "0.5202830188679245": [747, 397, 454, 590, 495, 512, 553, 622], "0.5796111403047819": [620], "0.6168903803131991": [124], "0.5161441272812354": [647, 677, 773, 611], "0.512546468401487": [400, 683, 758, 523, 712], "0.5132619823173569": [656, 596], "0.575378195096505": [451], "0.6438995913601868": [198], "0.5168697282099344": [724], "0.5229966808914177": [474, 670, 486], "0.5175973721257625": [637, 651, 389, 482], "0.5166276346604215": [771, 636, 399, 797, 829, 957, 950, 382, 510], "0.5127847512784751": [905, 807, 714, 707, 690, 709], "0.5185707569346497": [785, 816, 629, 487, 613], "0.5064279155188246": [921, 941, 827, 916], "0.6328169822145726": [308], "0.5227488151658768": [445, 740, 456, 589, 546, 521], "0.5073597056117756": [833, 966], "0.5195478097032501": [716], "0.5356969402622632": [850, 649], "0.5774869109947643": [560], "0.6053787047200878": [324], "0.5259895088221268": [452, 500], "0.5688499226405364": [457, 575], "0.6390498261877172": [469], "0.5154205607476635": [765, 674, 531, 534], "0.5200377180575201": [351], "0.5135009310986964": [770, 776, 927, 928],