{"0.6230200633579726": [2, 131, 466, 211, 331, 410], "0.6063720452209661": [170, 547, 285, 539], "0.6069958847736625": [566, 427, 242, 593, 137, 126, 376], "0.5888223552894212": [407, 474, 393, 572, 451, 415, 463, 199, 447, 584], "0.6145833333333334": [315, 125, 184, 250, 483], "0.6045081967213115": [385, 318, 378, 472, 251, 537, 95, 232], "0.6236786469344608": [167, 100, 610, 540, 477, 60, 469], "0.607621009268795": [429, 601, 478, 78, 377], "0.5953582240161454": [366, 599, 607, 363], "0.5917753259779338": [598, 248, 565, 87, 325], "0.5722599418040737": [56], "0.6197478991596639": [462, 284, 603, 493, 190, 132, 515, 486, 440], "0.632368703108253": [119, 96, 307], "0.6082474226804123": [359, 589], "0.5989847715736041": [525, 38, 577, 528, 417, 25, 502, 494], "0.615866388308977": [186, 163, 104, 191, 456], "0.6184486373165619": [443, 546, 464, 596], "0.6203995793901157": [372, 201, 265], "0.625": [373, 521, 102, 231, 604, 93, 313], "0.5882352941176471": [222, 522, 118, 375], "0.594758064516129": [497, 431, 59, 91, 176, 33, 37, 487, 169, 316, 433, 166], "0.597165991902834": [181, 279, 448, 262, 208, 418, 349], "0.609504132231405": [63, 281, 402, 582, 54, 498, 31, 371], "0.6008146639511202": [301, 453, 283, 532, 204, 609, 311], "0.6243386243386243": [226, 411], "0.6210526315789474": [84, 587], "0.5818540433925049": [67, 254, 244, 516, 107, 408], "0.6614349775784754": [328, 258], "0.6469298245614035": [536], "0.644808743169399": [289, 148], "0.5841584158415841": [168, 434, 590, 187, 44, 345], "0.612668743509865": [557, 274, 225, 343], "0.6455142231947484": [383, 491, 3, 156, 205], "0.594159113796576": [326, 382, 585, 365, 452, 23, 575, 500, 527, 396], "0.6483516483516484": [465], "0.6171548117154811": [524, 30, 101, 194, 422], "0.64340239912759": [109, 255, 368, 446], "0.5587121212121212": [71, 36], "0.6002034587995931": [354, 162, 405, 106, 552, 591, 16, 305, 322], "0.608875128998968": [85, 124], "0.6139438085327783": [579, 72, 51, 66, 77, 353, 381, 292], "0.5801376597836775": [459], "0.6165099268547545": [50, 543, 9, 263, 471], "0.6152241918665277": [400, 173], "0.6190975865687304": [296, 92], "0.6427015250544662": [564], "0.5407882676443629": [69, 75], "0.5739299610894941": [117, 146, 297], "0.5995934959349594": [35, 436, 492, 123, 42, 212, 306], "0.5807086614173228": [573, 578, 172, 238, 580], "0.6364617044228694": [154, 6], "0.6941176470588235": [46], "0.6378378378378379": [442, 357], "0.5581835383159887": [380], "0.5750487329434698": [114, 333, 86, 241, 514], "0.6038894575230297": [53, 180, 406, 45, 489, 138, 203], "0.5795677799607073": [237, 321, 362], "0.6133056133056133": [197, 130, 332, 358, 351, 544, 414], "0.5959595959595959": [111, 150, 461, 213, 247], "0.6371490280777538": [523], "0.5673076923076923": [24, 273, 568], "0.6051282051282051": [136, 229, 218], "0.6020408163265306": [282, 356, 152, 228, 391, 530, 153], "0.5824284304047384": [26, 79, 128, 558, 545], "0.5876494023904383": [94, 302, 392, 529, 394], "0.6385281385281385": [416, 235], "0.5772994129158513": [562, 55, 164, 553, 509, 200], "0.5935613682092555": [468, 207, 147, 569, 149, 455, 467, 61], "0.601427115188583": [155, 196, 505, 177], "0.6032719836400818": [387, 276, 105, 115, 605], "0.5847373637264618": [32, 379, 129, 512, 246, 350, 570, 428, 277], "0.6107660455486542": [324, 14, 122, 615], "0.6406080347448425": [7, 4, 73], "0.6476399560922064": [20, 40], "0.6223628691983122": [272, 266, 43], "0.5830039525691699": [473, 556, 374, 314, 439, 413], "0.5812807881773399": [520, 82], "0.6178010471204188": [260, 267, 243, 145, 300, 606], "0.610134436401241": [210, 286, 548], "0.6399132321041214": [412, 275], "0.576171875": [424, 485, 475, 293, 348, 280, 503, 135], "0.5864811133200796": [288, 608, 420, 347, 597, 312], "0.596562184024267": [157, 419, 270, 612, 309, 81, 395, 27, 89, 361, 179, 140, 404, 576, 139, 495], "0.5667627281460135": [52, 386], "0.5905905905905906": [480, 160, 323, 435, 174, 476], "0.6504961411245865": [533], "0.6256627783669141": [249, 19], "0.5870646766169154": [291, 99, 481], "0.591182364729459": [219, 185, 508, 234, 21, 592], "0.5711519845111326": [344], "0.5923694779116466": [538, 268, 278, 510, 342, 352], "0.5717054263565892": [209, 295], "0.5503731343283582": [240], "0.5756097560975609": [403, 535, 11, 195], "0.6289978678038379": [317], "0.6120331950207469": [113, 257, 259], "0.5894105894105894": [171, 595, 29, 444, 227], "0.59": [83], "0.5784313725490197": [583, 482], "0.5983772819472617": [39, 223, 217, 554, 206], "0.6441048034934498": [346, 159], "0.6420021762785637": [252, 437, 70, 175], "0.555032925682032": [245, 501], "0.5977710233029382": [264, 88, 330, 470, 151, 388, 47, 230, 479], "0.5619047619047619": [519, 214], "0.6519337016574586": [574], "0.5684007707129094": [484, 97, 594], "0.5858987090367428": [401], "0.5592417061611374": [588, 320, 236], "0.5789990186457311": [80, 426, 384], "0.6057494866529775": [90, 421, 108, 561, 613], "0.6113989637305699": [504, 457, 58, 22, 12, 409], "0.5767350928641252": [65, 560, 256, 202, 611], "0.6606942889137738": [141], "0.6357758620689655": [121, 178], "0.5545112781954887": [310], "0.5519176800748363": [134, 133, 103], "0.5835806132542037": [41, 441, 541, 618, 18, 193], "0.6026557711950971": [74], "0.5728155339805825": [341, 142, 299, 334, 449], "0.5733722060252673": [116, 399], "0.5640535372848948": [329], "0.6217070600632244": [534, 198, 261, 110], "0.6462212486308871": [432], "0.5700483091787439": [450, 425], "0.6413043478260869": [98], "0.6296691568836713": [602, 460], "0.592964824120603": [563, 120, 507, 559], "0.6490649064906491": [143, 355], "0.6330472103004292": [360], "0.5402930402930403": [28], "0.55765595463138": [496], "0.5651340996168582": [49, 304, 581], "0.5473098330241187": [511], "0.6555555555555556": [192], "0.6512141280353201": [364], "0.5778648383937316": [490, 499, 15], "0.6263269639065817": [144], "0.6562847608453838": [215], "0.6276595744680851": [13], "0.5566037735849056": [64, 303, 17], "0.5853174603174603": [5, 526, 571, 555, 506, 531, 614], "0.5744888023369036": [127, 445, 369, 370], "0.6541019955654102": [188], "0.5624404194470924": [340, 158, 183], "0.5339366515837104": [48], "0.5656759348034516": [319, 294], "0.5689488910318226": [389, 542], "0.5329719963866305": [287], "0.5560791705937794": [616], "0.635091496232508": [76, 586], "0.5571293673276676": [337, 398], "0.560303893637227": [336], "0.5239786856127886": [239], "0.6310160427807486": [367, 221], "0.5597722960151803": [62], "0.5705996131528046": [438], "0.5694980694980695": [298, 430], "0.6283280085197018": [189], "0.5447830101569714": [390], "0.5635148042024832": [161], "0.5258467023172906": [517], "0.5608365019011406": [327], "0.6303418803418803": [550], "0.517998244073749": [233], "0.5539906103286385": [224], "0.5282005371530887": [488], "0.5478180129990715": [617], "0.5368516833484986": [68], "0.5452865064695009": [600]}