{"0.6604651162790698": [1, 2, 41, 38], "0.570281124497992": [128], "0.5634920634920635": [129, 72, 17], "0.6794258373205742": [8], "0.5525291828793775": [9, 56, 26], "0.5278810408921933": [74, 58, 60, 94], "0.5546875": [14, 98], "0.5378787878787878": [79, 40], "0.5772357723577236": [111, 142], "0.6228070175438597": [51], "0.6859903381642513": [85], "0.6339285714285714": [21, 59], "0.5991561181434599": [93, 23, 65], "0.6893203883495146": [63], "0.5568627450980392": [117], "0.6147186147186147": [43, 3], "0.5795918367346938": [57, 116, 78], "0.5966386554621849": [125, 140], "0.6698113207547169": [61], "0.568": [20, 101], "0.47019867549668876": [122], "0.6484018264840182": [130], "0.5867768595041323": [148, 29, 91, 145], "0.5748987854251012": [52, 77], "0.505338078291815": [133, 11, 143], "0.5298507462686567": [62], "0.5892116182572614": [75], "0.6454545454545455": [97], "0.5916666666666667": [107, 108, 12, 46], "0.5259259259259259": [115, 134], "0.5725806451612904": [112], "0.4930555555555556": [66, 39], "0.6513761467889908": [136], "0.5819672131147541": [120, 127], "0.5107913669064749": [32, 71, 114, 54, 90], "0.5941422594142259": [4, 137], "0.4965034965034965": [109, 18, 70], "0.5461538461538461": [44, 48], "0.5503875968992248": [84], "0.5358490566037736": [144], "0.5": [113, 99, 73], "0.49477351916376305": [92], "0.5843621399176955": [64, 76], "0.5399239543726235": [118], "0.5220588235294118": [132], "0.6311111111111111": [147], "0.5201465201465202": [33], "0.5089605734767025": [45, 15], "0.6042553191489362": [6, 102], "0.6367713004484304": [95], "0.5338345864661654": [55, 88], "0.6120689655172413": [7], "0.5419847328244275": [13, 86], "0.5482625482625483": [19], "0.6255506607929515": [80], "0.5239852398523985": [105, 126], "0.5657370517928287": [24], "0.461038961038961": [131], "0.42771084337349397": [106], "0.4913494809688581": [5], "0.42388059701492536": [87], "0.4896551724137931": [47, 28], "0.5144927536231884": [104], "0.4797297297297297": [25], "0.5182481751824818": [141], "0.48135593220338985": [123], "0.47491638795986624": [30, 49, 69], "0.5126353790613718": [37], "0.4423676012461059": [135, 89, 68], "0.45222929936305734": [50], "0.46254071661237783": [138], "0.4879725085910653": [53], "0.4479495268138801": [27], "0.42011834319526625": [110], "0.44936708860759494": [36], "0.43962848297213625": [103], "0.4057142857142857": [100], "0.3641025641025641": [22, 121], "0.3622448979591837": [67, 81], "0.4382716049382716": [42], "0.3631713554987212": [119, 82], "0.4507936507936508": [83], "0.39664804469273746": [146, 96], "0.35858585858585856": [34], "0.46405228758169936": [139]}