{"0.0015398602055336607": [2], "0.0012401765292891097": [170], "0.0011928257462885381": [566], "0.0009288828895910452": [407], "0.001379108663847035": [315], "0.0012663842373044625": [385], "0.001490624186424369": [167], "0.0014724366484969687": [429], "0.0009574428222045152": [366], "0.0009318889916598977": [598], "0.0005501075134934068": [56], "0.001613185062618826": [462], "0.001702880654742133": [119], "0.0014481194887293457": [359], "0.001076063729685216": [525], "0.0015694468956412647": [186], "0.001475280559653106": [443], "0.0016920399707954913": [100], "0.0016032114214127938": [372], "0.0016466468754798196": [373], "0.000798971516847482": [222], "0.0015386488198272797": [131], "0.0016158980651791264": [201], "0.0008682916869608463": [497], "0.0009812598277305902": [181], "0.0009608394068721746": [279], "0.0014106242400609415": [63], "0.0011920940128594736": [301], "0.001856326804223123": [96], "0.0016450211129163173": [226], "0.0015324848081844566": [84], "0.0007657273771045538": [67], "0.00250595318929067": [328], "0.0021691962638402773": [536], "0.002109341729559676": [289], "0.0011239309929515912": [38], "0.0007441583070431661": [168], "0.0014336845870532768": [557], "0.002040004935173154": [383], "0.0008307981058328653": [434], "0.0009867663142171163": [326], "0.0013550366287432725": [427], "0.0021979541368313572": [465], "0.0014048894952030015": [524], "0.0009641541603872514": [431], "0.0017098476028558547": [466], "0.00087305935168531": [474], "0.002038777379725971": [491], "0.00203317169782548": [109], "0.001627321144031155": [610], "0.0003519022210289308": [71], "0.001086197587989364": [354], "0.0013591852622212585": [85], "0.00138961331804973": [579], "0.0010670462380564462": [382], "0.0016643936109191008": [521], "0.0006768832147213448": [459], "0.0015123379342505726": [50], "0.001522118546401414": [400], "0.001574795501170872": [540], "0.0012371573401888964": [281], "0.0007928030718104271": [590], "0.001454998285599533": [543], "0.0009522244460683662": [585], "0.0012206466316038412": [242], "0.0014434334438084577": [296], "0.002129244687837094": [564], "0.0002636079888622943": [69], "0.000707859107904106": [117], "0.000927262975633011": [59], "0.0009863550310665933": [35], "0.001500637385036135": [284], "0.000690099260843366": [573], "0.0018669999967382187": [154], "0.0014935448362739748": [163], "0.003110722019991423": [46], "0.0018529987048317713": [442], "0.00040296873734181686": [380], "0.0006344561101351277": [114], "0.0012125039969463447": [53], "0.0011959858042937645": [365], "0.0007807880814239823": [237], "0.0015618037623474983": [265], "0.0013081394063246268": [197], "0.0010867509834356704": [111], "0.0009460709222264823": [248], "0.0011023596763136529": [448], "0.0018523259026195084": [523], "0.0005178762004698335": [24], "0.0011757586155960189": [136], "0.0011867037175193223": [577], "0.0008869945446013909": [565], "0.001286343828573372": [282], "0.0008594283672299843": [26], "0.0015039354036510382": [477], "0.0012515086035278639": [162], "0.0008977244119680332": [94], "0.0009768118046454611": [87], "0.00200372534219114": [416], "0.0007040715719986912": [562], "0.0011377477389304916": [453], "0.0010280781610474729": [468], "0.0012782187377154087": [601], "0.0012787389781213946": [155], "0.0010202844610620973": [387], "0.0011985613998143222": [318], "0.0007884633152770065": [32], "0.0013268089759750825": [324], "0.0018299051937348178": [357], "0.001956451306644103": [7], "0.002241349048301234": [20], "0.0013893050455641466": [125], "0.0016698047250743558": [272], "0.0012106881629560561": [402], "0.000789523790388479": [473], "0.0007629970981559863": [520], "0.001166078184475192": [436], "0.0014967694385718405": [260], "0.0012479591859022696": [210], "0.0021665195260851403": [412], "0.0016290096247640472": [60], "0.0006886004514826576": [424], "0.0008236853799346558": [288], "0.000969984314776712": [157], "0.0013437110862878137": [274], "0.0024642245773807054": [258], "0.0013426772032184367": [283], "0.0012648785416306913": [582], "0.0015262611573961676": [211], "0.00098645279747795": [302], "0.0020872785138671547": [148], "0.0010189473387722083": [599], "0.0021442107923225827": [4], "0.0004617520887942239": [52], "0.000844048467985585": [393], "0.0015947127428376003": [9], "0.0021852184637766803": [255], "0.0016911704379439809": [331], "0.0011855682868789595": [276], "0.0006947105858491077": [485], "0.00152556318967527": [14], "0.000946275410446948": [207], "0.0014199064862114251": [267], "0.0014235996913940956": [603], "0.0010937439762010936": [356], "0.0011565905245526271": [378], "0.0010926402337090033": [105], "0.0008129950680788956": [379], "0.0007671702044492434": [556], "0.0006457293005035187": [55], "0.0009597396764650073": [480], "0.0016011329432774667": [102], "0.001298190274496952": [30], "0.0012451607944059615": [180], "0.0021165757270533974": [533], "0.0009390314776203137": [147], "0.0008754710207015982": [608], "0.001128380963994377": [405], "0.0015661387252838405": [249], "0.0010467549338575163": [262], "0.0012211744643019643": [547], "0.000927448793284817": [291], "0.0009500953839619164": [219], "0.0005610545153992327": [344], "0.0005945113177878118": [321], "0.000976545415435021": [572], "0.0012340749440960517": [115], "0.0009951463964019947": [538], "0.0017195118871243037": [546], "0.0010649055450957544": [106], "0.001518481510101457": [130], "0.0010355166457394062": [552], "0.0005532300546677556": [209], "0.00032107741177183073": [240], "0.0013523839336882868": [122], "0.0010781337678811684": [419], "0.0014460868348769047": [332], "0.0010017996523291764": [452], "0.001545186956920582": [173], "0.0014035123351537342": [72], "0.0012258765863111453": [54], "0.0013308315258111476": [406], "0.0014479577752463018": [51], "0.0007520474648775279": [475], "0.0006852421477917305": [403], "0.0016007593352362513": [317], "0.0014324818359399863": [184], "0.0016467166784270753": [113], "0.0013568857960835332": [358], "0.0012232447076775327": [45], "0.0015126556065201433": [493], "0.00151639910661": [104], "0.000909689919175831": [171], "0.0010353178980273719": [185], "0.0007701840564360333": [83], "0.0007543335727464833": [164], "0.0007409054031589901": [583], "0.0011494333837277892": [39], "0.0020398403819216425": [346], "0.0013296582548495519": [257], "0.0020119660672892436": [252], "0.0010323086155781004": [91], "0.0003632978127087408": [245], "0.0010417421296452331": [569], "0.0009405142679118697": [392], "0.0014554094031326262": [190], "0.0019229689176807423": [307], "0.00041665665199132573": [36], "0.001140047202560051": [264], "0.0016280114461675245": [225], "0.0012325945183775478": [532], "0.0009918287191413645": [595], "0.0004739169399159111": [519], "0.0010244937010231553": [88], "0.0017061567454328358": [464], "0.002309560703921041": [574], "0.0005805745716757898": [484], "0.0007860392697938798": [401], "0.0022935098794071795": [159], "0.0016841200884006825": [231], "0.00044822109626615233": [588], "0.0006846890735153197": [80], "0.001282799073194124": [204], "0.0008693192909225987": [451], "0.0010492118287354485": [149], "0.0015079638118924027": [351], "0.0013431530701904027": [90], "0.0012390717179094023": [593], "0.0015002001520816918": [504], "0.0004786932978943082": [320], "0.0007922905090802465": [65], "0.0011617778444293738": [528], "0.0006610617676882608": [146], "0.0016719484650089271": [604], "0.0023133878409192965": [3], "0.0010543438100595218": [455], "0.0027121562042182698": [141], "0.0023017881158061567": [368], "0.00110268562862474": [23], "0.0022000509581114602": [446], "0.0012803111075878493": [421], "0.0013272991406479279": [498], "0.0019250092858362365": [121], "0.0003527486767041444": [310], "0.0013425805072756571": [457], "0.0013043306987491642": [152], "0.00034332974303502806": [134], "0.0011703318688708326": [196], "0.0012603607948086886": [489], "0.0008611352666604627": [41], "0.001680884059654281": [191], "0.001166261943361209": [270], "0.0010520832777296135": [176],