{"0.18211359118148282": [1098], "0.18880394684816604": [1513], "0.1881787767991741": [1518], "0.1681572801288906": [1207], "0.16530739244430592": [1144], "0.17128059493672432": [1115], "0.11670632774282386": [1114], "0.1639318287499007": [1193], "0.11100101817239133": [1108], "0.13971975925647576": [1365], "0.09836042833429162": [1196], "0.1309848356923054": [1191], "0.08773139125859214": [1209], "0.16592144678040363": [1157], "0.17596107583620502": [1295], "0.12865984639814157": [1625], "0.1369513779346766": [1181], "0.1666454599516404": [1109], "0.17748046951007104": [1210], "0.15497645859559078": [1658], "0.09442667593220956": [1105], "0.15015911695042872": [1221], "0.08825125416052458": [1130], "0.056497050337034685": [1416], "0.10252179981726423": [1190], "0.1834813876342098": [1590], "0.07929510013528525": [1168], "0.18645117024086097": [1164], "0.15696042649747555": [1159], "0.15391820714138135": [1179], "0.09063570111041512": [1352], "0.08100974179657616": [1232], "0.15439471828805393": [1245], "0.09133831786631537": [1374], "0.1537339589897778": [1205], "0.03967033614455567": [1373], "0.11853530264143293": [1100], "0.14793636185328835": [1202], "0.12548003249464268": [1378], "0.11895887316442022": [1260], "0.059711225959794646": [1377], "0.10632702179572817": [1580], "0.12709113550506887": [1148], "0.13041603958041867": [1149], "0.07975928517157312": [1769], "0.03665086552441875": [1332], "0.1201847545702246": [1391], "0.09097424842580609": [1327], "0.08779818409841436": [1393], "0.08299906070541103": [1320], "0.10995968041569239": [1395], "0.08446392907599985": [1401], "0.041257226729850174": [1547], "0.05201283245793918": [1261], "0.08722807041684473": [1362], "0.06711491681212227": [1460], "0.10001647820167574": [1702], "0.08108026952487657": [1701], "0.11225994358087461": [1383], "0.08200588688325433": [1385], "0.07721328069889552": [1307], "0.07322765392991118": [1363], "0.12108840177664287": [1142], "0.036619060384135725": [1399], "0.032440007433770644": [1246], "0.03528267566805529": [1305], "0.03578575157102533": [1323], "0.05612703407668081": [1660], "0.03275552829899355": [1535], "0.06534267548509705": [1485], "0.04227183988128467": [1469], "0.04418126539293065": [1594], "0.030868740696954763": [1525], "0.03150447001445145": [1238], "0.0542396998565715": [1613], "0.01244183048392233": [1784]}