{"101.38712126829722": [0], "14.243851993766988": [73], "27.673201021767852": [30], "29.772637815385124": [32], "50.65069582933494": [8], "37.57061165980236": [11], "18.33405268467544": [51], "41.334421930944536": [20], "5.3754576141094255": [118], "51.697716437950426": [2], "60.72117110706746": [3], "15.209109967578552": [69], "38.36899183287172": [9], "22.567817882065977": [43], "46.6893529170973": [13], "44.3885044003013": [14], "40.32020311183037": [18], "6.58380657102484": [114], "8.83867005550532": [96], "55.33591744777299": [5], "45.818050660877": [16], "42.43824478251448": [19], "26.364967631832922": [36], "8.563774229367093": [103], "37.61644070288624": [24], "35.4428179664784": [26], "43.25965737961474": [4], "40.510553837403535": [17], "30.38336895860121": [37], "20.358622911965266": [52], "16.00633998545554": [66], "45.831117663865925": [12], "40.0457879498328": [15], "59.916511930170145": [1], "44.58740714912783": [10], "21.043802166279363": [47], "33.865892379994456": [29], "26.841770327063607": [39], "33.87614330004319": [25], "18.951963871131472": [58], "35.608877465410664": [21], "10.408268371989825": [87], "22.406618681636107": [38], "24.997011869025357": [40], "22.700814225709603": [42], "9.448696158626513": [89], "18.196036924421275": [61], "46.21309945985381": [7], "14.281742221324386": [65], "31.22509980174529": [28], "13.370399959065908": [70], "11.975160021217434": [80], "12.469791054515376": [81], "18.467825210275464": [59], "35.97248707784785": [22], "26.58453262313401": [41], "26.512320734323687": [35], "52.085528889846174": [6], "12.014093744512763": [77], "8.08963768440585": [86], "13.084438727544953": [76], "24.21306828101659": [45], "23.474105615901674": [46], "10.441748787677373": [95], "14.90639802835168": [74], "6.503719022019948": [108], "20.264664409886187": [49], "11.337950103865651": [82], "10.147301629012764": [93], "10.410879440795187": [91], "10.246555004342778": [92], "9.00744976022105": [101], "9.44781947958265": [102], "31.893572886305982": [27], "16.311621034057193": [63], "30.2953351297154": [33], "7.8318461925359735": [112], "17.1470517554951": [57], "30.501581283506482": [34], "15.173842413009131": [68], "15.206604789939117": [56], "6.78279796563681": [104], "30.66813120401105": [31], "24.613253811348716": [44], "19.850929753589458": [54], "18.736969110228898": [60], "17.362442117613632": [62], "17.33053512909178": [64], "13.215630907045435": [71], "14.552848298170117": [75], "12.711442232379339": [78], "9.9392112906352": [83], "10.806073191723584": [88], "18.739275301202454": [55], "7.147090032591645": [107], "7.347314253566172": [111], "12.339972070932534": [72], "6.48233028506831": [106], "36.75081084766223": [23], "9.949690472108337": [97], "8.293072949830389": [105], "2.1158725662736675": [127], "5.1216657218123265": [119], "1.1922540814466513": [129], "11.829365207856432": [84], "9.319095724808355": [99], "19.006140375815917": [50], "5.448346012885763": [115], "7.6366759198393535": [109], "6.577138696495228": [113], "7.330381491346146": [90], "20.44994161105352": [48], "10.92849790614769": [94], "14.530277538901842": [67], "19.13053460382811": [53], "11.814056236882731": [85], "12.56974296909511": [79], "9.278958954498071": [100], "8.704458859878933": [98], "5.587959272096874": [117], "4.172424023877892": [121], "7.06050662202012": [110], "4.3484215917430715": [122], "5.983957694806675": [116], "3.604276280133279": [123], "3.9533664594813906": [125], "1.659144168914296": [128], "1.5276099862853707": [130], "3.1876487111410743": [120], "3.519115060548358": [126]}