{"951.410331146277": [5], "466.3234457219349": [45], "1552.190159982688": [19], "1172.8258860697483": [94], "421.4866619835726": [31], "816.5416066302954": [65], "288.16078946606456": [101], "944.24355620838": [103], "781.2128329235684": [43], "2225.9897553138335": [16], "705.3933477350823": [56], "245.70732604420425": [61], "1259.2366081007538": [136], "866.145877702076": [137], "2432.9290457454294": [138], "1496.5625384753137": [139], "1223.212404476562": [140], "1187.2591353184441": [144], "1104.6686602904217": [146], "1195.68748504764": [148], "932.839843655052": [150], "869.5150347545303": [151], "933.4095720997502": [152], "2163.204507623939": [154], "933.4075525711266": [156], "979.2445723386397": [30], "1576.849200057919": [34], "837.3676650519956": [168], "1901.4082731335552": [41], "315.40645377031063": [175], "608.8508508498961": [176], "904.8012835343864": [179], "1734.6206434947078": [184], "1069.8955654124188": [187], "1457.252628289852": [188], "1906.355761190991": [189], "356.91909363631777": [190], "1848.1528717878634": [192], "583.7024448113291": [194], "1296.6006933567273": [196], "122.53944279134238": [197], "1404.7530790667654": [198], "1094.1187066514312": [73], "1069.005286659084": [79], "1958.667850767232": [95], "2400.258931740693": [105], "1117.5214911812402": [109], "1617.9910766335618": [111], "1716.8627928229494": [113], "967.1443866036765": [118], "1901.5436494482121": [121], "2428.997482304341": [122], "1037.5361733867546": [123], "402.3703684196466": [259], "1214.8354146181046": [229], "132.04519535526845": [293], "3013.04735095125": [6], "1871.9807504861715": [74], "435.7692506583721": [280], "1167.318100946304": [227], "480.068881025389": [230], "561.4646654997981": [233], "1057.7248556688983": [141], "558.7720108151412": [239], "455.4928736894305": [241], "368.8585015831438": [212], "111.44070566184003": [1], "126.88098896339748": [3], "871.9213859721708": [7], "209.02915828101234": [8], "285.8469432688218": [9], "237.82822963568262": [10], "140.53705094588292": [11], "268.4080641301987": [12], "87.80293072284142": [13], "679.5767727170074": [14], "341.8157335496284": [15], "687.4596775622471": [17], "667.9856770553898": [256], "1329.7193891050542": [201], "687.4568320186955": [203], "519.10937269099": [236], "2082.267186410111": [173], "1040.9994657331633": [215], "3222.8842868151555": [24], "1403.1103939373356": [120], "806.5251857008609": [208], "1266.646818503297": [191], "235.99227275595356": [282], "1913.8835688568893": [132], "2198.4133423536164": [76], "1928.9149536549453": [4], "2109.98733494604": [134], "1118.5761364270372": [145], "1895.7595722045157": [22], "2126.159985527225": [161], "1288.1020466758373": [44], "1620.2039416382386": [177], "1513.4242212530373": [180], "824.7377646785258": [181], "569.2586717558129": [54], "2213.000444122386": [183], "1559.3230163032556": [182], "670.5133010353719": [186], "1555.6837361803712": [193], "594.5388522690887": [195], "672.1822329942582": [81], "1263.0149560169837": [91], "900.2033100393979": [96], "304.36468643747094": [98], "1365.0831973139489": [102], "1072.3546816399905": [110], "1191.5182191345782": [117], "1708.7832615340171": [119], "2095.1651820313314": [125], "1482.6913996816832": [126], "915.48373592146": [127], "299.99172301044274": [108], "795.0428838179213": [18], "189.17860111006243": [107], "534.6943277968011": [162], "1603.8420195595513": [167], "1243.586008182728": [170], "1472.0149588571014": [158], "1430.2861687759848": [35], "1065.2748255248403": [20], "469.71945403736953": [237], "513.3636691279432": [219], "210.79154431979995": [37], "410.4378868501064": [72], "797.429725649664": [57], "579.3881875757933": [46], "338.63445126856953": [80], "253.4858779293116": [84], "200.5791405862762": [87], "61.3765450115419": [89], "321.3789839012266": [58], "451.13865015727475": [60], "508.37850193651735": [38], "837.3209087408421": [71], "438.89168821271085": [40], "345.06045691304934": [42], "432.04818259970534": [26], "378.2513729763645": [59], "908.3488773027171": [257], "250.9263331992854": [53], "322.47582576163654": [160], "307.67112776518655": [171], "879.0541253212762": [157], "699.9613937655554": [205], "841.231413969858": [263], "513.2815259062484": [250], "737.8205437860225": [199], "1298.6268540989277": [200], "930.0255824463412": [204], "683.2587713796172": [207], "1553.8201180350602": [209], "1074.2673620712828": [210], "232.89682001782714": [211], "391.04243722206536": [153], "663.1433847451846": [266], "1142.7214147738507": [202], "1135.9028273629883": [213], "452.45368781287357": [222], "1141.7729631677662": [218], "649.8346616453985": [262], "417.77307037433644": [164], "499.712315476198": [165], "582.0176938228427": [100], "844.7435129504817": [124], "406.8022573660891": [264], "1461.1146010497002": [147], "1180.7272762309458": [163], "556.0953714645194": [220], "832.5016270975161": [231], "384.6293633577892": [234], "670.5974855396639": [240], "567.8039534971567": [246], "553.4590918881283": [247], "723.2758321103596": [248], "1103.4513165020264": [255], "505.9360025868667": [133], "476.64604150319116": [106], "749.8175772260273": [28], "212.31228080294912": [244], "562.7352181726634": [253], "467.8554692435075": [272], "339.5636261701912": [281], "285.4289694202506": [169], "807.2711110830512": [206], "182.88462248953218": [216], "698.876657696978": [214], "320.7882442259067": [217], "628.6976989113866": [128], "401.93464432428647": [268], "575.057809680076": [258], "591.8004067597934": [260], "943.8331590503398": [261], "282.5586491276967": [221], "535.9336678028598": [223], "928.1436252028656": [225], "1231.9147523025902": [254], "670.9764254343883": [82], "200.5237009428922": [83], "325.6719995551861": [115], "226.2513507957956": [85], "390.59858965670173": [29], "604.4314733683084": [275], "488.0038135061398": [276], "265.32056318333395": [277], "151.9641015598524": [284], "177.63242013658075": [287], "310.6102397185494": [172], "753.7017383552338": [226], "430.74782917989296": [278], "136.56219568324053": [32], "282.0749315219": [78], "209.57771943674933": [114], "137.0548827924787": [90], "956.7433622462742": [235], "645.644591186519": [249], "835.2736083673663": [36], "492.34501207634116": [52], "392.54780449461015": [112], "335.29113077215476": [155], "1484.9460966784661": [159], "180.90920053844195": [174], "610.6250051414489": [178], "437.88371525155094": [269], "179.44230295805696": [51], "496.69916263859636": [55], "512.4655566174163": [68], "88.86679829384505": [86], "270.24067425725787": [88], "396.0400642335669": [23], "249.97115848404297": [27], "545.9168289734034": [39], "367.2321052245606": [47], "377.1986035046364": [48], "439.2839588790833": [50], "573.9353345638516": [62], "168.8230049655633": [64], "335.0009872345024": [70], "376.9750286028006": [92], "659.8173554252328": [238], "937.6777569123989": [242], "355.4561051028153": [63], "407.0699965690544": [135], "311.6122707215784": [265], "567.0062033281787": [243], "453.83379820795693": [251], "550.707135017179": [252], "257.9449537214161": [77], "365.9000083777808": [149], "425.9477997470123": [267], "392.1805956357349": [270], "704.1624631846402": [274], "251.9472910062755": [279], "160.7039873450631": [285], "93.52388023736059": [288], "99.293998030673": [292], "412.65491153177226": [66], "403.44826328739157": [143], "324.91475104986813": [21], "353.03990800981995": [271], "176.7396411837555": [286], "77.61759261161657": [97], "138.92601436524853": [75], "213.66933280491997": [25], "301.8288557718462": [69], "176.69198666042112": [273], "82.88499755111107": [290], "107.517425595463": [142], "70.31919664401282": [291], "289.4482311494325": [224], "42.05462691899228": [49], "84.81680277305375": [2], "132.09001089279963": [67], "100.97881867139156": [33], "203.86064582616223": [104], "61.185721704304335": [116], "118.9891727466013": [289], "100.01401601707202": [294], "14.501053960504118": [99], "77.59958463542448": [232], "11.900761639575574": [185],