{"6.2429465063542215": [128], "103.8855193743286": [1], "38.0394830321387": [2], "38.35662449663965": [3], "2.475932137668238": [386], "28.014238250418042": [9], "19.93886073039132": [15], "17.007829537027554": [19], "15.740098455977003": [26], "17.327327482503627": [29], "15.26550318241154": [34], "14.722807823818226": [39], "13.894712400636537": [45], "10.073845167916625": [50], "4.985316351181905": [188], "4.100158499917864": [213], "1.500802686615807": [597], "5.9108744655770185": [113], "6.477580244147114": [125], "3.8995764261663863": [260], "33.78884486239384": [5], "3.7990732258540767": [262], "32.45131958503598": [7], "31.969320559124583": [8], "22.48859246957616": [13], "18.90139565089724": [22], "3.079402433965785": [278], "6.568752009492336": [153], "18.599341141522874": [25], "2.956033542901634": [411], "5.297544862249471": [163], "15.764012376845955": [36], "14.831336879704986": [41], "5.625788176966745": [170], "14.565988853748888": [43], "3.1450608895957455": [297], "2.3795604217106447": [300], "2.7750121206807536": [312], "4.3778288038100435": [186], "2.7199756197414366": [320], "4.20175203444915": [193], "2.2399053891006515": [323], "11.960688852518754": [68], "4.008365087334861": [223], "1.826506327690807": [612], "8.076296465214547": [106], "8.265647087491857": [109], "7.034487344775837": [116], "7.450226185845908": [120], "3.9404056324181465": [250], "2.88893607760539": [325], "10.88994222185258": [74], "9.937542284267005": [80], "11.235563615211595": [55], "33.605643237680916": [6], "24.322301363636836": [12], "6.912836698662998": [140], "20.07157363956031": [18], "6.909804993072281": [148], "1.7358038354290377": [534], "16.94165615175335": [31], "5.195520449482248": [160], "5.330101659056803": [162], "3.8048643743310073": [299], "1.9765838120024966": [431], "11.810959553081023": [58], "8.10592030825311": [71], "8.630651076252649": [92], "8.871431419607207": [105], "33.467524684232025": [4], "2.144858623289433": [388], "24.208355215967742": [11], "3.576548988241309": [268], "22.025281791243334": [14], "6.413534187581745": [143], "21.54210399389634": [17], "6.075925733065457": [145], "19.911011352474716": [21], "6.664174636771835": [146], "18.81571893039073": [23], "18.35345847073793": [24], "6.231222684966438": [152], "3.9138579970667102": [282], "5.445084313741682": [159], "16.656288542972206": [32], "16.677730674915896": [33], "15.211147440156916": [35], "5.493783015896051": [164], "14.205895001019755": [38], "14.761655441202846": [40], "2.270804203998976": [301], "13.280030649524335": [49], "2.06502950717542": [305], "1.5896763697742826": [439], "4.057887722101083": [184], "11.653998078582697": [57], "1.0303552251168608": [441], "4.596877119683581": [190], "11.879714269394663": [63], "11.700475176641518": [65], "11.05121021183533": [66], "1.51164478963429": [450], "10.155186862026538": [70], "4.80201371378908": [202], "2.874500913119188": [332], "9.725710379066932": [84], "4.927890512261668": [215], "8.654028043917759": [89], "8.054356119789897": [91], "3.786898947762328": [228], "8.62696714289722": [110], "3.496391675740777": [242], "7.271769270545734": [121], "7.71804047329535": [122], "6.810972030924186": [126], "6.798376372151327": [135], "26.318768510821446": [10], "3.2038375225723077": [269], "21.649278888969892": [16], "3.447116413163037": [272], "2.5508775919985665": [402], "6.274240599023715": [154], "12.150167102833397": [52], "10.942168725775426": [73], "10.910545010579439": [77], "10.265022620317396": [79], "4.220049362284072": [208], "2.0018431828352803": [342], "4.115012516115546": [220], "3.7310143470116817": [224], "8.492141332037821": [98], "2.8807434471365116": [356], "6.657705870550603": [134], "11.423103026654843": [61], "1.5335297150151548": [645], "1.5755573812795691": [518], "3.7392923596837964": [265], "3.8519623647849444": [273], "19.831755939800274": [20], "1.385397866803385": [660], "6.254212978262895": [151], "6.7303913020611805": [157], "3.0487561616781202": [288], "3.1809030748179774": [292], "3.392353419879213": [298], "5.407399370959466": [180], "2.2965910314385685": [318], "2.023973639546198": [319], "2.379940112788787": [322], "4.436168323333441": [197], "1.778634786601075": [458], "4.954163041906151": [212], "9.745908370197123": [86], "4.249203810174053": [216], "2.7233160791962012": [346], "8.078644163202219": [93], "2.129509521484168": [355], "2.569285107098676": [357], "3.653673494084858": [243], "3.405527517158668": [244], "7.778058911106027": [119], "2.62459180321137": [364], "9.828239308285283": [83], "9.19966673527546": [85], "12.432048584435641": [51], "11.534950047001718": [67], "4.305993227823057": [201], "11.78579088142254": [47], "4.690903822805489": [209], "5.79977866458994": [183], "6.757390658112557": [129], "6.180885835646478": [141], "2.0491500763628983": [397], "2.8045762083220125": [416], "3.1203388433121853": [289], "1.1115089112194405": [543], "5.786199925423258": [168], "3.7765745504651385": [296], "14.660716685693739": [42], "13.310617984829936": [48], "5.946297781260527": [177], "2.223639204722851": [309], "2.2452198146035176": [326], "10.888074321426872": [78], "3.9171389061038244": [229], "3.4117225605433643": [230], "11.578588389744949": [59], "6.793186798002122": [142], "7.151936119348248": [112], "7.348099162377922": [114], "2.8316273726676924": [370], "17.96716925898348": [27], "3.958254676148492": [284], "8.557547409659215": [102], "2.376207157614824": [367], "2.3844386453961306": [368], "3.6586132465364507": [279], "3.2106789612446773": [285], "2.8276693075374517": [417], "14.48359477039348": [37], "8.974032690120142": [104], "4.163287303536636": [205], "4.497297971132143": [206], "4.477323465829989": [207], "3.2465184202433877": [271], "4.6887970886685135": [214], "8.910121620054886": [97], "2.737771689127876": [329], "1.8840276762344288": [539], "4.7116557798284155": [222], "2.0547189277864795": [387], "4.12601284225123": [194], "3.255946781051611": [235], "5.825845302436001": [173], "3.2783904417601346": [236], "2.858247007823155": [404], "1.2666622444298767": [662], "1.866222816547595": [516], "1.0727062723218188": [643], "6.076266609017142": [137], "3.9274187538137375": [266], "2.720454406560177": [408], "1.5123791358733554": [665], "6.871480779204316": [156], "17.575696951480914": [28], "3.014206493345434": [294], "13.25483599569707": [44], "5.332359200044256": [175], "5.246773720420642": [178], "12.096785718298397": [53], "10.509095221155938": [69], "10.83985219172074": [72], "4.7561963072881905": [218], "3.3148045022966737": [248], "2.850450709740324": [361], "3.1804354843329463": [245], "3.9857591080150723": [246], "3.6529339089898833": [247], "1.0521728869395544": [637], "1.4311422374954856": [639], "2.7860018541078797": [358], "1.0917766645197902": [536], "9.35182938659647": [88], "2.396897545843901": [353], "3.5926315376102766": [264], "2.2282069560354802": [401], "6.89252327362665": [149], "2.566087941678": [373], "1.1051465136572554": [569], "3.7951730116801503": [283], "1.1539982074373052": [511], "11.053266168189088": [64], "6.449621696786427": [139], "8.960480592664444": [90], "8.594645373880256": [108], "3.3398688922055326": [225], "2.208735496439844": [365], "4.092753381742694": [187], "4.260646192458869": [189], "14.775811125020105": [30], "3.5998959835731523": [259], "6.413834769662249": [132], "2.0867105128983416": [410], "1.8093885800273326": [545], "13.634953755981666": [46], "11.516981894537563": [54], "9.766817231348316": [56], "1.4195444532084838": [567], "2.763530334616993": [316], "4.196113901592524": [196], "1.553448365055381": [453], "4.995640244086475": [203], "9.90001036501193": [87], "2.3082927122757293": [375], "2.654926073771626": [354], "8.748001892868253": [99], "8.285251921353812": [101], "8.232573645100567": [107], "8.784036641253087": [111], "7.563770430119516": [115], "1.5678234900555155": [509], "10.206759450943524": [76], "5.760274050013381": [182], "1.238970630592494": [537], "6.239553842391155": [131],