{"159.5135270628956": [77], "75.43526536967174": [45], "2.914480812804052": [302], "75.72178602331066": [15], "74.58309652485963": [52], "2.9758848273291414": [318], "328.2030918144615": [102], "20.276290426310602": [201], "10.083741976464145": [202], "38.980257758556505": [205], "10.098455669873617": [210], "12.57705808935961": [212], "32.46609090689337": [181], "28.165473448757457": [186], "63.86567162403486": [156], "73.59375512832368": [157], "31.070446315360815": [155], "2.837683576992096": [300], "6.952737293723342": [301], "55.01589750129398": [197], "10.249859384926655": [207], "25.59434105778414": [178], "154.00970187702112": [53], "126.48678415495448": [28], "42.920642946448": [22], "78.5789755361668": [1], "45.78858719227998": [34], "64.76817673208177": [36], "111.45341368494483": [8], "39.38826391912458": [41], "20.243531317684923": [42], "10.607148484422407": [169], "214.45910125734895": [13], "30.36367301251906": [174], "18.584539061161887": [175], "41.06264266190911": [184], "40.613040880869754": [59], "15.513589245786159": [57], "5.566446493669153": [26], "69.87424433824718": [159], "41.996813093334026": [224], "61.12052394589318": [70], "4.754536968087922": [283], "63.58986613201716": [51], "40.6113994258669": [55], "37.510071609696126": [90], "105.1820967133731": [30], "32.12911132123553": [127], "17.12786092759269": [27], "103.95505437599178": [19], "19.218636880001018": [264], "20.934756715814924": [238], "18.676715430220813": [153], "13.003242920171626": [251], "17.59831227011624": [125], "57.801775546322034": [2], "59.69669477148761": [12], "73.07579567643302": [43], "30.598247763442146": [98], "11.076586635070337": [99], "45.51449437464458": [9], "21.962406081720893": [105], "11.640783679527695": [106], "11.904679775075161": [107], "21.79656680735392": [24], "125.61476933301078": [33], "9.229619475014726": [44], "11.574858714633985": [262], "7.551865189628358": [265], "37.3968443846072": [138], "4.757144655905961": [269], "21.872963533013134": [272], "6.071275396775222": [273], "9.935507651113507": [246], "7.227389847577534": [281], "22.6484533201558": [64], "11.798280814739668": [67], "31.95148844668356": [68], "34.66225179019156": [37], "105.62488261368937": [38], "11.79440638849749": [69], "14.485242045939225": [50], "45.503002211889395": [58], "19.362001662251334": [142], "188.5254141975884": [16], "17.141884367770253": [20], "45.018964597645976": [79], "22.68989817269495": [62], "34.22571023692797": [192], "6.631416226809547": [256], "6.079441580758668": [257], "6.751103545540375": [259], "5.186883543272975": [266], "7.771450481941265": [268], "25.530873069411236": [182], "113.92487621507304": [122], "69.47945806299298": [96], "40.44270926483895": [5], "33.46442709421022": [39], "20.648572474753784": [108], "10.292539973366079": [113], "10.883562287764173": [114], "82.88814567530554": [56], "35.71006866761309": [29], "11.662236114126284": [73], "11.946046616776366": [48], "45.475128054153195": [21], "59.05233107761968": [131], "7.244661016534989": [139], "35.85044910240657": [120], "18.65651763062482": [115], "17.834599374487684": [117], "29.472699855754243": [187], "14.70172438685961": [166], "43.0910076476477": [171], "35.1070868588901": [71], "10.43960490584988": [143], "48.210710168045445": [18], "10.32008608242398": [147], "20.228509451782138": [148], "10.4266200142854": [149], "30.18168808576942": [86], "8.791999145420633": [234], "11.915003500761367": [235], "35.70108459544129": [215], "4.292792547803678": [129], "5.742496315605367": [130], "32.80266301778232": [237], "22.58768943389652": [242], "9.33487145526264": [267], "21.027551659121066": [304], "7.26541327759603": [305], "3.8181155481860736": [311], "3.4200204105121363": [312], "2.4817812683748444": [313], "5.182022677415751": [286], "10.501404685557356": [133], "40.30242523890637": [126], "21.47627958490237": [83], "19.359542399967122": [152], "39.41741387017376": [31], "29.969628689659423": [170], "25.853540094631757": [172], "39.84059400879934": [87], "3.056398538889497": [66], "27.505487873931855": [229], "3.896269970427176": [54], "23.056580658037063": [89], "12.496244091194676": [188], "13.243564132757122": [165], "18.513469590228013": [124], "11.672603482141163": [7], "76.69725084272672": [137], "11.875925148088754": [17], "20.586177458403757": [40], "17.99501396969442": [220], "9.98643958568301": [225], "9.403834432414753": [226], "12.712656312873293": [227], "18.860494347287055": [230], "18.57399447697872": [231], "9.123299812491766": [232], "2.3389255450335686": [390], "30.4058929123038": [14], "42.8342787716802": [75], "10.003783769573047": [121], "13.56396461872538": [222], "10.51050198887519": [49], "10.9140526561213": [46], "22.858241044587395": [162], "20.16269140922604": [199], "20.2760072614323": [208], "9.360637427551426": [240], "9.589949088599782": [244], "8.486889347395241": [250], "22.868596126859252": [65], "15.931541471362829": [6], "22.074436613952617": [63], "11.888416383171863": [61], "13.370489559247222": [101], "18.706514978700984": [4], "10.977745732202731": [180], "10.505946073802763": [185], "31.598149223125215": [92], "6.049942465335382": [258], "22.123729801872376": [134], "21.985058300623376": [136], "10.653853032634203": [141], "10.377684561172758": [144], "10.220423805433551": [150], "3.5655564267003808": [280], "21.263350205654167": [32], "5.053238892847878": [323], "4.136394680102545": [324], "1.5715281048302714": [329], "3.805417267094221": [335], "11.64398158577711": [94], "11.852169240157203": [97], "22.4674560664562": [103], "27.315039944005065": [241], "7.46367860222675": [78], "7.490188837986579": [82], "22.520196990317633": [25], "10.138237126463691": [140], "10.205019344812655": [146], "1.1375320589767406": [287], "11.053479882952558": [23], "2.546872709358332": [401], "1.6483137795597513": [405], "10.722981995492479": [161], "10.53462219978933": [154], "30.477317323003483": [163], "2.531618180062919": [423], "1.7604750900235415": [426], "3.6555592826613976": [409], "1.4493411734987807": [410], "1.8422165204119785": [413], "1.4339199052681302": [412], "11.077030132244982": [325], "6.147447639544091": [337], "1.0456973057860517": [339], "2.425551080223179": [345], "1.8487810726478824": [346], "1.8353115405081186": [347], "13.627359583026042": [247], "8.911846355813665": [248], "8.70948158476908": [249], "11.757549090964687": [35], "2.8538940055103508": [151], "22.70645295349902": [81], "10.828933572711662": [128], "15.684632179435088": [160], "7.322409410320371": [189], "2.984680194200145": [328], "21.4471756560252": [218], "8.930192047743418": [104], "7.392942388295685": [233], "6.030908570180481": [239], "11.770237521300894": [252], "9.45157489745385": [196], "9.265075877706364": [228], "42.902154895011996": [135], "10.113862957269905": [211], "14.278786739479699": [168], "10.0312513687932": [191], "16.156553003979408": [198], "10.805572945779648": [158], "8.447166589806702": [219], "3.5785166018989245": [309], "10.085972668761382": [164], "13.871715685653415": [110], "20.82884017885227": [193], "20.724079756513145": [194], "10.804528627848521": [195], "10.114229538662688": [190], "6.753880965679764": [260], "6.136040612883201": [261], "13.053121887571026": [100], "31.40754846598124": [95], "22.77995262883728": [3], "11.87077448356691": [10], "30.08445400043877": [11], "11.5872296443086": [72], "11.39713806442854": [74], "11.846708319223454": [80], "7.343548342798087": [245], "7.8850075513847315": [253], "2.974324637778807": [330], "9.53171977405867": [214], "10.737070826567145": [217], "10.492187229261097": [132], "6.044000357875442": [173], "1.6597766193545134": [402], "4.6970116608879495": [403], "1.4829771359771513": [407], "10.315467913200777": [203], "12.03257723683998": [204], "10.88052753632012": [209], "3.8587615879430084": [375], "5.76691333410106": [340], "1.1095108740747106": [379], "2.8971373650868575": [366], "2.475780058511794": [284], "2.1793695083678863": [285], "6.34727311466119": [254],