{"153.30141902993736": [1528], "70.75078037095574": [1538], "175.5483885340504": [1532], "217.44049149569128": [1656], "176.61187414969388": [1617], "302.4347594902405": [1498], "340.4182224612187": [1625], "385.2951223434927": [1890], "316.17542295555637": [1628], "229.53052360772395": [1889], "61.48697872293078": [1483], "196.48542094694747": [1522], "130.91142064269508": [1516], "76.51152045190639": [1897], "135.588109675619": [1650], "206.204350316025": [1480], "105.27138821070515": [1475], "260.2025744542783": [1563], "50.631726054871436": [1750], "317.2345314062956": [1664], "394.9318012033094": [1665], "360.50787302015567": [1698], "438.27421890872773": [1697], "333.1674887003225": [1666], "304.8514698165579": [1912], "94.48896453212461": [1872], "31.47863799379113": [1715], "135.29066520104604": [1898], "174.43507447892935": [1751], "100.00452598443906": [1706], "378.7069329457179": [1708], "180.23504541123918": [1718], "187.1071913775196": [1852], "315.0728745744975": [1613], "122.33930932875212": [1649], "171.5570692025195": [1459], "177.8933604809895": [1502], "177.84805034789204": [1434], "55.41437781617589": [1735], "138.92868564768855": [1580], "198.35927565966222": [1714], "331.2631809115212": [1558], "116.56888602894348": [1723], "207.7990306894866": [1486], "177.7013449944347": [1427], "198.03799218577774": [1429], "257.37807927889463": [1431], "353.17956087576897": [1437], "345.0856382193453": [1458], "214.00372998790547": [1722], "256.41101308897925": [1859], "337.4408825196876": [1780], "257.84369692260674": [1920], "373.1306636271969": [1765], "196.53916534285224": [1670], "419.46754791227244": [1675], "252.52068857571345": [1680], "175.1765082435135": [1681], "147.04135739048277": [1687], "117.10432634168055": [1744], "90.32382269905983": [1883], "169.1407165268403": [1743], "107.88087302410615": [1713], "99.82816329594601": [1877], "325.70015666528985": [1851], "89.63218392004983": [1854], "215.74799349048166": [1720], "417.4074397565184": [1673], "287.38021247670616": [1761], "174.5297769487713": [1779], "133.9258589514907": [1668], "96.47006303348371": [1461], "276.158185440201": [1560], "165.24589709314657": [1705], "209.09073232741997": [1572], "295.953761802493": [1684], "341.56101492925956": [1695], "277.3956853608046": [1477], "119.43002869684297": [1479], "227.27126627853283": [1801], "231.5808296907696": [1843], "422.7453605916751": [1822], "165.78215844062456": [1468], "280.8943343026245": [1745], "297.34334494586574": [1908], "156.84990561729452": [1815], "79.48572850228364": [1824], "158.78731374965176": [1471], "276.78493869928855": [1795], "275.9198197587082": [1757], "184.35070982997996": [1763], "195.9870510845091": [1731], "336.6025240525232": [1700], "343.44848782640844": [1579], "286.68776268223525": [1552], "165.82902089292048": [1562], "348.1727241077707": [1833], "330.99742799378214": [1916], "243.1429694978218": [1909], "213.05169365330283": [1443], "305.78674232779554": [1457], "193.81791298757582": [1711], "227.4511298915207": [1674], "247.27223747270264": [1749], "112.10084692908539": [1453], "135.5557259896848": [1682], "261.1625583972887": [1907], "123.81265562447594": [1732], "247.94485312479756": [1759], "171.9764458594684": [1809], "214.25310218468883": [1707], "130.76511717244645": [1737], "171.69883491203947": [1782], "121.31678839068788": [1653], "112.89283949869701": [1549], "244.4147665046305": [1503], "295.6354912197843": [1578], "201.80109728032275": [1592], "136.5348643414619": [1465], "213.6616280369598": [1439], "288.42618091415164": [1719], "274.55256247178727": [1688], "114.66440732886956": [1539], "254.45052143506356": [1837], "152.9286326685921": [1606], "187.83871694873736": [1647], "142.47085598085434": [1906], "78.45181358766051": [1917], "319.7215908018327": [1902], "58.745395473824566": [1441], "261.5167463618781": [1482], "59.50578835858553": [1770], "195.6189908955718": [1696], "257.93616913508504": [1663], "244.88313567956098": [1661], "137.43965585696964": [1504], "133.03448285442107": [1797], "125.65666841826656": [1545], "205.858029186381": [1500], "133.06004385307313": [1712], "308.64928510241947": [1594], "187.18956512115614": [1564], "208.75301641962977": [1567], "190.3783018548528": [1752], "162.63512665284964": [1520], "177.24716085722162": [1428], "295.34869340343175": [1533], "122.54723245031737": [1435], "201.3865318912863": [1866], "183.8517511504062": [1493], "115.13648352629205": [1451], "241.2976824041175": [1855], "152.22132645975984": [1787], "323.4012831653718": [1911], "67.48707943269535": [1637], "168.10732499023183": [1495], "266.8620051941143": [1704], "148.3686679864134": [1648], "197.97381421827086": [1861], "92.85434502238121": [1880], "205.95752054319138": [1727], "259.5358748124026": [1887], "109.00753503022071": [1913], "156.33454281587035": [1604], "121.6896362313268": [1919], "113.81066952595233": [1741], "247.77570484387294": [1838], "200.89704082886928": [1574], "167.49701797974808": [1767], "64.67746312447306": [1800], "196.88224115284274": [1748], "100.98768665058888": [1774], "225.68754310016396": [1685], "200.1375500523986": [1922], "208.45337509344867": [1730], "371.45749605766497": [1551], "206.32985399935058": [1426], "147.76297429963853": [1820], "129.11405085661247": [1802], "71.83371648055237": [1888], "176.66124366811175": [1783], "143.1124181651135": [1603], "146.09544889385091": [1501], "144.32247789807528": [1766], "38.03977541853383": [1799], "168.2605968298111": [1857], "164.32405894972945": [1895], "38.31596715911099": [1910], "191.50842547727808": [1847], "160.78246100436183": [1821], "96.10077109038133": [1511], "258.0136434099029": [1452], "121.09185871126941": [1641], "138.00026282766942": [1789], "91.09050866639492": [1616], "204.41874328692947": [1790], "100.239329690349": [1643], "114.15217273084471": [1835], "62.170111546656436": [1521], "109.64027517405664": [1778], "143.4037657888209": [1796], "181.995749358514": [1792], "119.3810883138979": [1798], "144.7300487437053": [1775], "137.29076879601246": [1885], "183.9831519751234": [1585], "100.70253578002807": [1525], "50.905068576501534": [1519], "165.29479323435223": [1764], "154.55211528674118": [1746], "173.20761867276332": [1548], "157.04074807026993": [1489], "53.13142720752108": [1807], "99.10032402474208": [1709], "200.04108114810415": [1555], "167.27858300368243": [1570], "211.6465599403713": [1768], "53.22175939254457": [1524], "91.92741454611046": [1630], "70.96396477907018": [1618], "56.226696691012684": [1760], "41.38104782985573": [1753], "71.2103955890433": [1739], "95.78845910256626": [1632], "122.60064173760169": [1702], "137.0039747155203": [1738], "136.83860709719923": [1772], "71.25595353066572": [1818], "24.11368658974158": [1803], "48.51831885471937": [1430], "87.9369680645085": [1819], "115.1920246276034": [1546], "44.45042876825211": [1863], "78.70470483013978": [1836], "61.92540976504272": [1601], "73.3193611981984": [1865], "89.40649196219267": [1831], "46.65993942423836": [1892], "61.271824525940346": [1710], "102.29832367010079": [1858], "52.791492070947136": [1805], "23.753380353475674": [1609]}