{"51.398391404665794": [1202], "34.89005539216271": [1196], "55.11441345090762": [1149], "35.408167553400084": [1378], "26.633003030777534": [1168], "119.88629923261196": [1157], "56.075258120681": [1181], "74.9665015365607": [1245], "158.49939180853096": [1210], "17.755316068297216": [1362], "175.53441732533838": [1115], "205.6145603642837": [1518], "22.214064555840714": [1327], "106.49386668540065": [1513], "148.59123500829338": [1098], "158.75885833855426": [1207], "135.49629565899923": [1144], "72.53407729266408": [1114], "146.65415771082203": [1193], "43.86885473219844": [1108], "62.31649430062232": [1365], "63.94209806675967": [1205], "149.57002616417333": [1295], "47.40980693271429": [1148], "20.342254833501162": [1320], "117.344393954792": [1590], "80.30270169266322": [1191], "87.95249482143674": [1159], "192.37183693057062": [1164], "26.506270461934097": [1702], "62.89758680900825": [1260], "19.709980990223187": [1209], "77.16536821467547": [1221], "18.882955041634364": [1701], "95.53048117249817": [1109], "28.128533344486808": [1383], "70.0209708067803": [1625], "21.68326227136722": [1352], "42.9339842491184": [1130], "56.814161277874064": [1179], "80.38321885299703": [1658], "39.65614246609854": [1142], "11.465096670607759": [1246], "8.972160382337139": [1399], "30.640978478952434": [1580], "20.127345342819535": [1232], "14.561721014142226": [1460], "22.298642705585227": [1395], "28.989863483935608": [1105], "16.75882371303256": [1374], "15.530538169044668": [1660], "40.810617631309036": [1190], "14.318782105653767": [1307], "8.605746844891076": [1547], "43.01436045796837": [1100], "11.372095758725555": [1416], "15.958677515209358": [1401], "16.67522697333178": [1769], "26.174644219643625": [1391], "19.066075281279677": [1385], "9.171565004493068": [1238], "8.476121063460853": [1305], "19.31013364937442": [1393], "6.7205752192559": [1332], "16.89118147107407": [1613], "19.8118779814984": [1485], "14.958806970742092": [1363], "5.401670687602089": [1323], "7.149790513524831": [1469], "14.604001946181715": [1261], "10.228727378136366": [1373], "5.374734323798244": [1525], "3.270109474970047": [1784], "12.887833347393926": [1377], "9.269886941804405": [1594], "3.6013237859310236": [1535]}