{"32.10251670866251": [5], "73.14308665480715": [55], "20.140867553591946": [87], "41.85678399737356": [47], "29.739537659113743": [25], "27.053625087211547": [64], "60.489913613324376": [43], "63.78241355179539": [140], "67.46426419983283": [108], "26.88027869924853": [118], "68.82387793757417": [57], "85.33152229486707": [61], "110.73099741361371": [63], "18.693388427720087": [128], "36.09155535199162": [129], "77.09368589442954": [2], "101.58192543357613": [1], "58.203887076437525": [8], "10.78242304250329": [9], "17.490538641424994": [74], "117.26329630415013": [41], "9.076395649110722": [14], "26.102995286879395": [79], "23.96422722255979": [111], "50.46458265732976": [51], "88.0513994626932": [85], "15.673224970187277": [21], "53.22805862612193": [93], "22.361949040398613": [48], "43.36172377474547": [37], "27.431436493373266": [78], "16.224374418002373": [135], "8.837309260371274": [88], "44.85366303402236": [6], "26.777561684626267": [131], "21.51191509391671": [109], "23.540309465647407": [96], "22.706691241195582": [110], "57.32464814156301": [117], "52.93547573094004": [114], "85.0450032042721": [20], "75.50256425246235": [125], "56.58456039825812": [44], "38.697218577149755": [56], "45.670282505910116": [115], "37.184556623798855": [12], "52.39222253882831": [27], "81.58988198725993": [45], "33.438415176346716": [36], "43.00057235601864": [46], "40.628803249113226": [53], "50.715173682532715": [33], "40.80202109199971": [76], "44.81664401044604": [4], "70.71825225563781": [116], "63.86081240841098": [132], "18.81990510468917": [15], "20.550682979981836": [122], "17.998585821353505": [24], "17.919499200581683": [143], "30.608859899340217": [70], "10.060749891958668": [103], "8.199296899818899": [50], "94.56081698713035": [23], "29.437418078731877": [90], "22.94471154773151": [71], "33.29403780516462": [77], "63.59100147833058": [138], "15.999315899945847": [3], "22.418234424226313": [142], "25.981993749508554": [39], "30.674099440157487": [137], "61.409678745595706": [62], "52.920433969636036": [104], "28.306567092123192": [54], "32.38328535666076": [59], "41.855524590549564": [29], "12.606702806522515": [123], "27.47116816192575": [52], "78.82585369813832": [65], "35.46669840969754": [133], "29.422249809964793": [107], "64.50717914359743": [112], "26.841308675606133": [28], "54.93191546071702": [97], "22.00098684151542": [148], "23.728914682455734": [72], "25.9398705308796": [75], "50.339652307981844": [136], "21.143071188506493": [11], "23.62408994153014": [120], "35.84869736679803": [147], "12.114912756909675": [101], "16.80030800790138": [113], "21.35401388401968": [18], "17.951716170838196": [84], "13.95019543107539": [19], "28.628105924685624": [130], "14.905322460974265": [38], "49.47723636322846": [17], "36.1943937658793": [86], "24.49536282739722": [40], "7.992006617242103": [13], "5.490946470686547": [126], "9.927626543746868": [89], "24.315696077539503": [99], "30.437021430763288": [144], "23.164410941199023": [58], "10.251281677316138": [98], "25.009285009636354": [80], "31.354120488005137": [95], "14.530187041038875": [119], "3.11623652238032": [105], "6.9262631043667335": [67], "17.873662261060456": [42], "12.52366439876549": [22], "16.189363836921977": [121], "6.145379906726842": [92], "28.070931612684372": [69], "11.600584525599992": [66], "16.343675794833796": [32], "20.678772061540926": [146], "41.750866348852036": [68], "10.197500242817108": [141], "7.535773875503955": [30], "19.754675662005926": [73], "24.045200888583853": [145], "16.448892899497565": [106], "8.92693952344487": [127], "12.774867046107572": [7], "8.592740070208597": [83], "10.969179584432244": [26], "14.321142999959543": [102], "8.23750744931502": [91], "6.309582092104598": [34], "3.931568883216264": [100], "4.138390707582111": [81], "3.2807358932373543": [134], "7.939943864503587": [82], "5.321998522554058": [94], "9.22385164833791": [60], "6.251584957121041": [139], "2.2806621717286837": [49]}