{"938.3344195676519": [188], "659.7197226787484": [317], "512.8942282758245": [366], "930.0645262404304": [167], "425.1809544987998": [58], "602.7196351225101": [70], "260.72715889025": [399], "270.0626777624954": [160], "498.1877682210421": [443], "440.3418316470516": [196], "290.62792817568265": [608], "442.09405878814226": [360], "581.3121123874198": [170], "524.824489548209": [19], "274.73628123889665": [538], "581.9979068152342": [460], "498.7783971132741": [469], "343.5680775896254": [33], "393.2720607313182": [150], "278.8654727133774": [5], "567.7804288767248": [301], "649.8643438589484": [231], "424.1058325605363": [448], "709.5654761366707": [262], "255.24387215600578": [86], "260.93591493303376": [572], "384.8565365262282": [189], "318.5520475699079": [489], "440.9379904293526": [147], "593.2988991950109": [100], "315.26907186910387": [595], "490.22113411095813": [40], "289.95120554066204": [316], "392.37130853089104": [607], "350.0255181273492": [449], "196.03921833847764": [386], "400.40481475988173": [520], "684.5552773755434": [201], "429.4022047154553": [401], "522.4552383602054": [51], "738.0722591422059": [211], "483.2707989361818": [85], "381.60406690980847": [407], "431.1644158709598": [251], "253.12495733223494": [428], "387.4218659178073": [453], "678.8024533252709": [215], "719.6053831646398": [143], "391.9802449044466": [425], "611.872119140524": [234], "343.8023625390187": [431], "258.60356195097756": [352], "397.2083741184323": [38], "227.19509978127482": [333], "701.2809056487688": [343], "451.10045714246604": [124], "356.8610550740484": [136], "752.3351023890971": [521], "641.9999059693668": [603], "591.6979985884377": [7], "392.5445555511564": [583], "588.5513521467071": [351], "617.0528676661478": [391], "450.9392059214395": [272], "289.66182073507645": [115], "355.7997025803539": [198], "293.0866116711222": [200], "1029.67886538655": [442], "382.0148005519114": [571], "673.3417286908036": [154], "453.5514700603543": [76], "680.1136092356178": [159], "465.28278727399265": [532], "407.99040054512295": [285], "284.0770054108927": [79], "520.6979680519298": [45], "605.3320870409761": [176], "310.7474581131892": [496], "691.5943827968949": [505], "860.8865503613105": [523], "730.3493720662465": [427], "1043.0647850299868": [524], "847.1915783593741": [465], "777.2461324868971": [536], "507.39471969520446": [281], "457.67897964668083": [356], "392.80017665374834": [580], "382.5894325662742": [330], "623.0685410403843": [125], "341.4494804714945": [118], "578.340855004265": [93], "275.4380730041422": [146], "559.7158113180388": [229], "241.61246076003675": [254], "375.0454072926127": [537], "267.35045658488986": [418], "186.03266530881976": [246], "643.0232822467327": [432], "351.1839630772462": [25], "274.2576323735431": [61], "362.948695152036": [305], "609.252143887856": [98], "505.4375438846574": [4], "497.1577785715889": [325], "332.44544859290573": [293], "396.6159317094485": [461], "119.78749831604439": [617], "563.6974150954303": [498], "587.5121943875398": [191], "561.7065497529939": [515], "629.2751315004676": [252], "262.5133400699258": [556], "541.0399055039564": [105], "357.1059674232459": [11], "653.6920912041328": [491], "968.3523235582014": [235], "321.8256811499574": [243], "271.3642238973193": [218], "301.7248806185706": [171], "322.68163355319865": [238], "380.0701635631987": [113], "403.37903717036227": [259], "173.15470754584854": [214], "304.78082925157497": [209], "798.5409540390873": [50], "533.7443232932686": [479], "540.9329782069682": [540], "586.6773290985669": [121], "403.13151358640704": [274], "458.56595702640846": [90], "554.4721835998147": [606], "662.1643025773353": [557], "448.40047941293875": [566], "310.36711380558893": [29], "696.3312565393363": [383], "312.56199344686195": [15], "586.2433435588853": [109], "365.165524352466": [474], "318.8967851725179": [207], "418.956805068839": [225], "391.9229174352456": [283], "335.3747122854549": [204], "532.8455304805511": [406], "781.6050795152157": [289], "568.7514978136891": [533], "445.53206762776705": [13], "616.7131526397915": [210], "534.9253536777362": [358], "280.6684271809374": [298], "236.20128523676686": [614], "262.06397330675253": [485], "280.8963339579664": [541], "628.0922117057116": [54], "572.9899329994629": [440], "303.44843628018634": [573], "624.9767276435066": [126], "733.666451115881": [355], "472.7991140053136": [84], "425.4848476855697": [155], "363.9753654213511": [500], "258.1834636486338": [434], "595.928457159285": [582], "589.5920902180343": [267], "812.0091678311267": [493], "305.52500212639325": [379], "237.5474893671604": [618], "440.1538090084877": [315], "558.7678345549276": [148], "247.3443766547736": [219], "269.78983673100015": [552], "367.07089278686664": [494], "746.6158492083335": [3], "559.5843686541518": [455], "832.5261613861827": [141], "658.3912737101703": [368], "583.4632236505021": [23], "850.934460771199": [446], "688.226022592271": [378], "345.5028875465908": [47], "942.7126275078509": [119], "351.9231342256038": [137], "253.7691412318461": [472], "401.9940528733395": [376], "236.75972031224066": [562], "353.71079429447883": [78], "442.11796267457925": [95], "464.5689716498902": [265], "449.1340146900189": [223], "1075.1666814746056": [586], "520.7070749764342": [334], "628.4370785331956": [436], "324.16323616905635": [177], "141.64192894724238": [64], "301.78256484273294": [42], "474.1317331352412": [43], "172.38317663569129": [370], "329.9558639193856": [612], "92.01678859274797": [28], "321.2576040188239": [408], "508.27584351642537": [232], "495.5570158959849": [89], "505.75698779874335": [318], "183.7662016646088": [241], "348.00378904956034": [349], "231.8589767535711": [329], "74.6256857535312": [287], "644.4014333173435": [400], "313.2593812419384": [473], "710.6512414982819": [416], "408.5146250723719": [596], "534.541308739303": [6], "296.32250704760986": [415], "623.2858431020527": [152], "255.83228281702964": [481], "636.8128275932322": [437], "415.5320889473947": [14], "396.88982432654575": [266], "421.3299209829132": [589], "191.75101007888156": [297], "556.0245327308551": [30], "321.937066360092": [433], "386.7509326676599": [331], "612.2719479100296": [275], "637.807706476464": [357], "230.94282740258498": [424], "242.0021594861241": [476], "484.7403533540829": [60], "552.1210655746515": [457], "635.3154220351271": [550], "412.9517518453201": [106], "524.2489239698335": [156], "415.3864026778619": [190], "292.8993607208424": [426], "200.01106546604237": [202], "358.4130681031796": [24], "333.14327205072317": [230], "368.0923574616448": [486], "550.3009819329394": [77], "386.27277416577016": [206], "241.20764380691477": [26], "551.4705912594131": [197], "570.9223198911648": [409], "302.84520699991504": [39], "287.87921869393466": [570], "298.6987125861175": [463], "586.9063497492773": [587], "399.10130547029456": [212], "569.4492897266548": [192], "464.7110518756701": [247], "462.3055539249843": [412], "469.66303426652627": [405], "724.8285450022075": [175], "451.74838085535634": [381], "513.9776273315867": [385], "554.0190488225605": [284], "363.29296581012744": [326], "590.0773108990113": [346], "308.60144211842663": [277], "349.08122734183945": [111], "312.0823091572166": [168], "233.01461021853243": [450], "502.20021593312407": [404], "469.57156276892914": [157], "312.05585286521836": [594], "384.3093333962048": [186], "293.74991868158247": [392], "231.24223971246175": [522], "288.19762135782383": [268], "456.86034171206484": [534], "469.8956602996979": [615], "320.65054507341097": [172], "1009.5099368151559": [63], "336.92156887827105": [264], "320.1904902400838": [377], "398.6311250615722": [456], "417.3324061936934": [35], "363.98711209456053": [393], "288.9032617136321": [114], "360.27235404899176": [565], "466.190819511588": [579], "458.0994335437363": [322], "505.5560761764835": [59], "185.39159416497685": [320], "806.3397427616757": [367], "644.8506101074906": [372],