{"39.8541064006629": [866], "56.038255125354496": [246], "49.608603452884594": [753], "50.0610113264587": [859], "109.94187337425213": [3], "69.85585164350798": [691], "56.456868999348224": [720], "96.68185781045763": [97], "47.4417387315141": [120], "101.09767481735824": [1245], "46.366009353329744": [200], "123.80248690320141": [378], "78.45861989297316": [884], "38.15542059651127": [39], "50.37551224362966": [372], "11.905266368884263": [165], "18.236767271321497": [425], "28.489369673002805": [763], "58.080324334293195": [295], "49.66601212996716": [520], "23.181279467771162": [650], "99.59965526279073": [1492], "91.69101616623068": [20], "44.81235831352671": [158], "92.47442099068442": [440], "74.79782619044269": [836], "27.517758077928633": [27], "42.15072440470399": [447], "38.2909218930081": [253], "48.91877699580207": [197], "67.09890433957052": [461], "31.87032978447509": [407], "43.60854543396017": [248], "28.740112079578424": [252], "27.452041084640612": [743], "39.564436697130304": [272], "44.444134255590875": [162], "73.15382960588616": [428], "19.459116377634217": [173], "48.53715984391563": [445], "35.62274527721359": [874], "13.327915133060356": [413], "40.77566710997704": [420], "52.45753685711159": [510], "46.37047414246253": [346], "27.31414479649337": [181], "28.437472406387965": [59], "25.087502690838157": [211], "49.419241998520185": [89], "12.00998437921099": [582], "31.065337103163593": [193], "18.49548311504083": [871], "28.05315709106616": [498], "36.374681845624885": [1392], "118.2429001539144": [147], "57.90729083686336": [741], "41.09864968394975": [290], "103.55845496483349": [1323], "55.872758449710865": [441], "36.92127095537057": [998], "35.89500944093368": [939], "7.620492861027618": [702], "45.48443297916789": [488], "76.13081569907715": [1204], "69.67398751998786": [603], "83.08710945491742": [1362], "33.26621647877333": [779], "48.40373612497046": [18], "57.38977536981493": [99], "31.83736538348832": [219], "39.76670639784066": [55], "48.72022065779582": [285], "59.973995791174936": [343], "24.352655129166983": [502], "19.27916943796902": [134], "26.988677054022194": [79], "113.64503912453426": [1260], "23.780985773683312": [466], "60.447527133045966": [525], "54.735821597548465": [71], "32.78195815517236": [894], "46.077117649589376": [333], "68.67235948934876": [882], "66.79073522185847": [366], "57.9417644151535": [160], "105.67930639898191": [267], "51.29655345631207": [220], "5.36919971245233": [1238], "35.43823428536238": [183], "73.1967784183944": [649], "35.08276898556054": [1209], "37.5849960042445": [1342], "28.995338629718844": [889], "56.32434329378389": [574], "62.60150823269037": [706], "48.31626460925816": [432], "54.13210012679503": [491], "59.1944792526489": [387], "67.85221845022315": [426], "141.2440272970049": [215], "38.084908115133764": [468], "48.19475627729774": [15], "34.542632367129464": [977], "26.406368103684596": [513], "40.48810871543128": [634], "46.52153744700848": [751], "23.25255087593122": [489], "44.19593549527145": [435], "31.19585439420723": [880], "29.005655683123933": [970], "36.29259166324357": [653], "19.237069345197423": [257], "51.73622054759774": [250], "15.718290446826792": [110], "48.66374112578917": [275], "35.84655315959859": [487], "37.090318795404215": [656], "51.64786818190983": [259], "20.100058015169616": [205], "104.79413289440531": [1090], "96.69234401123452": [122], "31.828367422466755": [486], "37.60826628010747": [504], "29.721650691296905": [893], "21.742262839025567": [867], "13.803132132987868": [269], "68.01927183033948": [242], "34.64716504769524": [1414], "39.88409501327525": [921], "42.50371024731364": [14], "47.8692248727109": [184], "98.400618311868": [429], "43.02462136791293": [909], "23.406552629116938": [464], "23.60337718821812": [245], "37.33548708853774": [424], "44.28834595390098": [626], "22.57807526671227": [43], "25.291526705913476": [159], "47.11829561432633": [210], "37.607493731852585": [985], "73.31182636061953": [117], "41.47033252276237": [531], "78.63958952848041": [198], "22.395875133519052": [47], "28.18803646703122": [886], "32.50524094726697": [615], "51.55067236564603": [156], "83.61250782322396": [77], "109.52396460290424": [74], "14.107586064808357": [744], "22.218615364104654": [674], "26.785535226188955": [580], "58.86723682073298": [119], "49.61340412345217": [642], "59.961142805021964": [1485], "34.823366723001214": [72], "52.04348032719023": [322], "33.65026283269263": [577], "37.88046439458378": [660], "21.461280353127382": [63], "56.096107686001915": [164], "57.63256213752888": [270], "16.538304123104094": [106], "24.70308889496447": [465], "36.05365801551716": [954], "58.76272578511162": [401], "30.98268188037376": [544], "30.75680868015843": [477], "40.55037350838142": [1067], "28.04953970528352": [1164], "52.67924276601991": [527], "29.699143619080978": [959], "36.63912522543048": [141], "43.83868516828895": [172], "29.07544456858321": [628], "20.6333657534053": [778], "30.807985739711945": [118], "27.35707965973327": [923], "41.73753457112649": [478], "35.45644698963096": [54], "31.334055152568006": [845], "32.24935480284772": [232], "22.5079726529094": [793], "8.217281971782262": [222], "24.1416595737256": [790], "30.658888773922364": [908], "13.524910685973573": [771], "37.73362080736471": [261], "42.58729165587199": [694], "24.285832846345794": [638], "16.193999982412453": [797], "21.61456973612588": [621], "23.704499751759176": [475], "13.809732684022437": [677], "20.19514471841621": [80], "23.248052904615424": [339], "42.50751376487369": [34], "6.315215968091218": [533], "9.806518426328969": [496], "25.908396366852386": [809], "8.728734040226957": [374], "12.488046617908921": [784], "27.595117520249303": [131], "16.71797210349783": [434], "9.58708164418528": [213], "11.291662038057295": [38], "31.86045407124784": [178], "23.90575151202373": [353], "26.192924537688214": [236], "20.128913748966568": [725], "32.25423389736929": [460], "10.638780004129064": [854], "1.0647521893413396": [1], "21.84266722206816": [453], "1.4811006940948688": [637], "1.0742992766190955": [62]}