{"38.43876244886746": [96], "31.76811241831624": [224], "41.43820281265377": [70], "48.88223261449896": [12], "36.9157473614855": [144], "48.011947723949184": [21], "30.099043784187053": [280], "39.93574823122963": [102], "36.18831637123571": [110], "30.335154501945194": [273], "21.413842515119423": [437], "43.956500357418996": [55], "29.00442658654957": [282], "40.510594629882334": [60], "34.52089048154833": [159], "32.2466707192553": [227], "28.16764549002494": [325], "51.85776203124791": [7], "26.678169065979247": [394], "41.179070092499884": [75], "37.46300647828387": [141], "37.66232601615118": [113], "37.009742232217526": [124], "26.220247073624808": [386], "31.58784504915402": [263], "51.41578668609894": [9], "37.04022209529265": [137], "51.80253336803379": [11], "37.81452674128885": [139], "30.88351195419526": [272], "25.4084182274094": [404], "31.950453518319254": [279], "30.626961037855036": [284], "24.677376843173107": [413], "34.914653033990646": [158], "46.7103275700571": [32], "35.52770292672721": [160], "29.53671183084881": [286], "35.345401174023856": [163], "24.87808781330794": [419], "46.180938160586805": [37], "44.94580901063916": [38], "28.433198214387982": [293], "30.006123548069016": [295], "35.08635585041407": [169], "24.866323670269566": [423], "42.780889477150566": [48], "34.874101366114914": [176], "33.55656373782466": [178], "33.52523838800034": [179], "29.59005609658088": [307], "22.96826729867637": [434], "21.76251917108264": [443], "40.42654429216486": [61], "21.232841344041184": [445], "20.37864490492103": [447], "34.65770967127166": [192], "20.702682106152672": [448], "34.19471760568934": [194], "34.49629572696482": [197], "32.82952694862342": [198], "41.53197129161233": [71], "33.21506262879375": [199], "29.933853048505476": [327], "29.554750265634095": [329], "41.05615168029167": [80], "26.62225477955931": [337], "41.56908296808997": [82], "41.7816123083115": [83], "32.56603878787454": [210], "40.34219161150751": [85], "33.3525729864609": [211], "33.31462840966059": [212], "27.19593841101435": [351], "31.150324896073506": [225], "32.78938058275548": [228], "26.036054378208846": [376], "38.84399409303956": [103], "31.689006134701184": [250], "32.92539994839696": [235], "32.94322988819886": [236], "27.160640999506672": [362], "32.30716889065898": [243], "38.543400818592275": [116], "32.46989939883496": [245], "38.420483937982894": [118], "31.629007209853405": [252], "31.823167760543498": [248], "38.44999154286674": [122], "45.1821562021274": [36], "29.299567088602505": [331], "30.065077405607333": [305], "39.33340522784691": [84], "39.39812936270188": [95], "32.81519328067911": [242], "39.45152970922335": [94], "27.601979918453466": [363], "30.887652706318136": [283], "33.23942851063939": [221], "36.823607419382405": [128], "37.42481287310164": [129], "54.88229178809231": [2], "37.13747485599414": [131], "31.749812633606297": [256], "29.712395595333838": [258], "31.53745528289055": [260], "31.58103810733186": [261], "26.04913305010024": [385], "37.74691365910993": [138], "26.934799753156682": [396], "25.95986822282863": [400], "36.6485263601419": [147], "49.02300121402714": [20], "48.48907984279327": [22], "46.09340697009647": [25], "27.090597226614044": [281], "23.79353207220806": [412], "45.9071857463547": [31], "35.78070348825731": [162], "30.64197558505169": [298], "30.727025336526133": [299], "22.002362673440114": [429], "30.37526911189939": [302], "29.53981696167047": [309], "43.44021854167681": [54], "34.893572875987665": [183], "29.014572383447877": [312], "29.970097287048706": [313], "42.03862091566024": [62], "28.49829003970776": [328], "31.64411267643206": [205], "33.458452583990216": [217], "39.03599190867882": [98], "38.23165260755079": [99], "26.516219800810152": [366], "27.461173653795456": [378], "26.940854298776678": [381], "37.97369941521244": [126], "35.69963004606227": [161], "30.186755757969294": [291], "44.28900349067433": [39], "38.3846552601924": [107], "30.706484501389593": [267], "48.97605422624192": [13], "33.938725416017355": [206], "33.201157721833965": [207], "32.614294761315094": [208], "25.40873489542919": [399], "35.20244503528364": [149], "34.202443302897635": [185], "21.96115663591845": [446], "46.63385360444849": [24], "45.24132773449838": [30], "27.627956880514624": [306], "39.903422192023655": [69], "46.54096314556114": [34], "53.25939866255896": [3], "30.408889055211084": [259], "26.199320008638868": [393], "31.72824788904835": [268], "48.79238007475085": [15], "35.60910259361005": [146], "45.14420500900434": [33], "43.28529942078162": [52], "28.552199263363146": [308], "20.421705816998166": [441], "42.75719340680732": [63], "29.352856391370747": [322], "17.194882818739828": [455], "27.585021675262368": [342], "28.367388770655307": [348], "31.417836597121575": [240], "31.503326242851163": [253], "31.994912785716352": [254], "42.87897159999676": [45], "37.011386174078105": [135], "36.128327370323255": [130], "52.79156708818038": [4], "37.541072414471145": [133], "37.62014313718083": [136], "35.23508139794363": [153], "47.83885707813489": [28], "46.8175879436231": [35], "43.66206984716876": [50], "33.6491404178196": [187], "34.742098519896444": [189], "42.864679104943846": [64], "34.80632578272402": [196], "31.326642009882466": [204], "32.46643326216304": [213], "33.63444290973858": [215], "40.50931558275551": [88], "28.50340026742869": [345], "33.326296589512744": [218], "40.21518956399223": [92], "28.506908266126818": [349], "28.808537304889505": [352], "39.10490775826818": [100], "28.032872629090274": [356], "32.31051747529832": [231], "32.073742551911074": [232], "32.46257238425226": [241], "26.236667438152804": [370], "31.101354977805848": [249], "25.91910951611851": [380], "31.746491207840666": [257], "37.43357412104719": [132], "29.488022069198376": [262], "31.32880769399499": [264], "49.81956239543442": [14], "31.626346192925116": [269], "26.254238802433708": [398], "48.421655336561145": [17], "30.392983074707736": [278], "25.4183132305058": [409], "35.50860628563715": [154], "47.19125189115631": [29], "24.05213177375502": [414], "35.46803343412587": [164], "24.527623562917952": [415], "35.13774739087255": [168], "35.60052495826818": [174], "28.93831177295465": [311], "34.07553788541214": [184], "43.86708381958259": [57], "34.87343057363255": [186], "42.686208853729454": [65], "29.995950002599045": [321], "29.03168108071002": [323], "20.953865962973655": [450], "41.651926272171025": [72], "28.314980357392937": [335], "27.396376183697274": [339], "39.46381696040281": [87], "28.486647551371814": [344], "28.01345969071642": [347], "32.17539959239032": [226], "27.656530877357593": [359], "31.16221923328415": [239], "27.41124367511031": [367], "27.06827847475536": [374], "43.25452163809032": [59], "34.221531348398045": [175], "28.38978474477559": [355], "42.00585233155039": [67], "27.706892314479322": [358], "46.946404364268155": [23], "31.256782620359367": [251], "26.186656537081262": [383], "39.239980811707774": [97], "42.80448807778265": [46], "24.229334932874764": [411], "30.59297591744497": [285], "34.487912577767304": [173], "37.75453683832813": [119], "40.23429119272349": [68], "41.25045121369813": [66], "35.30082166689365": [140], "27.020742829449148": [379], "35.870563081261686": [156], "36.19933156394228": [157], "31.165293659401794": [266], "33.88470273700527": [220], "31.700507209680133": [209], "51.810519411816685": [10], "37.40458187527419": [142], "36.126871410634806": [155], "30.278294719650297": [288], "30.171641322155505": [289], "30.762631576676412": [297], "45.97560287707896": [42], "41.693115678159224": [47], "34.62507331653608": [180], "32.617632334758994": [202], "27.127012650768243": [361], "27.69624211687846": [368], "27.48649808242642": [369], "27.29784647373212": [372], "45.24605837403518": [26], "24.18232699724295": [410], "33.412787970024375": [177], "28.64873172463339": [333], "26.20937486016646": [357], "37.737985796063846": [123],