{"1": 1.0000000000000002, "2": 0.611229052237358, "3": 0.672549901635285, "4": 0.4582662442409759, "5": 0.88198649533903, "6": 0.5961729931572025, "7": 0.40553438074955517, "8": 1.0000000000000002, "9": 0.7977378435180813, "10": 0.5296374057463495, "11": 0.7388876251541403, "12": 0.8428422136312425, "13": 0.9971058903643176, "14": 0.7097686593395667, "15": 0.7540410467812133, "16": 1.0000000000000002, "17": 0.4363604069535181, "18": 0.8915722471960859, "19": 0.9971058903643176, "20": 0.35265789151487187, "21": 0.7243206350462836, "22": 0.7838094375469417, "23": 0.31988973938479126, "24": 0.6090355741815079, "25": 0.5804687958156706, "26": 0.030162016352341038, "27": 0.2666380550353825, "28": 1.0000000000000002, "29": 0.6653717420742992, "30": 1.0000000000000002, "31": 0.6764140557556391, "32": 0.6817962319779165, "33": 1.0000000000000002, "34": 0.7852471484598617, "35": 0.523781089777674, "36": 0.9362123216457686, "37": 0.7779607801008028, "38": 1.0000000000000002, "39": 0.7581476259413766, "40": 0.5764134903370325, "41": 0.8051347077209873, "42": 0.6989926306383384, "43": 0.7631365988287573, "44": 0.17184407799036305, "45": 0.7079844646163574, "46": 0.15896649887507064, "47": 0.15896649887507064, "48": 0.3906684074310795, "49": 0.14999564337714671, "50": 0.253608998100701, "51": 0.9665874573190506, "52": 0.8601781510797069, "53": 1.0000000000000002, "54": 0.032889849423950804, "55": 0.8160507554536257, "56": 0.9946415713591993, "57": 0.4498411427428994, "58": 0.8351333144715488, "59": 0.8767958981634698, "60": 0.43501394952943045, "61": 0.45359506198184013, "62": 0.7033388947327562, "63": 0.7033388947327562, "64": 0.6004812654706325, "65": 0.7033388947327562, "66": 0.032889849423950804, "67": 0.30621766920097454, "68": 0.7293282341273768, "69": 0.31358913668480154, "70": 0.8619106154371314, "71": 0.6451905493324476, "72": 0.45962161969379106, "73": 0.26749872726446355, "74": 0.44312364711818825, "75": 0.7656353213813992, "76": 0.23688643110602625, "77": 1.0000000000000002, "78": 0.15471862849163204, "79": 0.7990855985053814, "80": 0.4520126981420708, "81": 0.5634050458101433, "82": 0.08795445973563491, "83": 0.6951995634098486, "84": 0.42810368240465874, "85": 0.012829174208299779, "86": 0.5826570872431488, "87": 0.6411639261624192, "88": 0.17174501375090798, "89": 0.2694503819438933, "90": 0.4864048593669821, "91": 0.04002143081498061, "92": 0.6470139192287924, "93": 0.024803587711539954, "94": 0.32112244437132687, "95": 0.2694503819438933, "96": 0.9452415529903434, "97": 0.2978915213957664, "98": 0.6359400109705708, "99": 0.41588032523748136, "100": 0.1381632151847661, "101": 0.26946048698924674, "102": 1.0000000000000002, "103": 0.5483862826111525, "104": 0.2496104990696326, "105": 0.5743195168947445, "106": 0.4199661270760922, "107": 0.4231155993266881, "108": 0.40838587014552796, "109": 0.15493861619885158, "110": 0.5458672068009133, "111": 0.48508424990951493, "112": 0.48508424990951493, "113": 0.33628368037350126, "114": 0.28428964104544746, "115": 0.5734747053824737, "116": 0.5054531290084466, "117": 0.5707954910620732, "118": 0.3751893354946823, "119": 0.4980798855302783, "120": 0.7832365198948702, "121": 0.37203986324408644, "122": 1.0000000000000002, "123": 0.5160954488948932, "124": 0.5846587035429787, "125": 0.47427273394176706, "126": 0.8352460647408656, "127": 0.8129633741398844, "128": 0.18719126060005845, "129": 0.03250315746422513, "130": 0.042612428959320235, "131": 0.9167837300650981, "132": 0.4933456174150091, "133": 0.3654344836049991, "134": 0.42460208846785996, "135": 0.8283260550185652, "136": 0.6875996994292682, "137": 0.9078389853084676, "138": 0.5745522754510682, "139": 0.14828658590024318, "140": 0.49561757086163066, "141": 0.33990286507031614, "142": 0.3190497321184374, "143": 0.38462382337656553, "144": 0.3290167899605434, "145": 0.014653627823640717, "146": 0.4930639447124989, "147": 0.3910775330989167, "148": 0.5274954097795239, "149": 0.3607760504480979, "150": 0.31922015146114696, "151": 0.012829174208299779, "152": 0.586709902705231, "153": 0.45913172071597347, "154": 0.3932519844562077, "155": 0.5753746170104448, "156": 0.6835712839547468, "157": 0.9665874573190506, "158": 0.47360763493443214, "159": 0.8769753732650805, "160": 0.28177186098618157, "161": 0.3932519844562077, "162": 0.6667177953690625, "163": 0.6417243756093204, "164": 0.49424712482826333, "165": 0.39693033332369204, "166": 0.514562727721438, "167": 0.02781486948000118, "168": 0.40810958522993235, "169": 0.5001204649712664, "170": 0.7662220374221583, "171": 0.8766256564201944, "172": 0.5069542175479986, "173": 0.14441590047008757, "174": 0.7896217722843256, "175": 0.6382447242638306, "176": 0.11181354466071224, "177": 0.05495850733547279, "178": 0.5066646960378438, "179": 0.05495850733547279, "180": 0.38925981557639844, "181": 0.6479365410400761, "182": 0.6614167766514593, "183": 0.11256143762465033, "184": 0.8076630331997136, "185": 0.39260274435344367, "186": 0.6545828011693149, "187": 0.33535471934976296, "188": 0.19639870754005287, "189": 0.16414626248514955, "190": 0.38259485132716453, "191": 0.3806099873657939, "192": 0.8110677285228101, "193": 0.6904743528657195, "194": 0.6930279790148512, "195": 0.3794624032508962, "196": 0.22182727490920853, "197": 0.8486259747943636, "198": 0.5569577042960726, "199": 0.4332439428263204, "200": 0.6067810580997343, "201": 0.5710055513233734, "202": 0.3157566163581838, "203": 0.5143782109705856, "204": 0.5618356539780209, "205": 0.8331175862656632, "206": 0.008037642961201626, "207": 0.3072739345864316, "208": 0.6671682582113098, "209": 0.4892041000967809, "210": 0.3880922225293364, "211": 0.4989968694656483, "212": 0.467799531775402, "213": 0.11524065194505087, "214": 0.29655455648020845, "215": 0.7411942014292191, "216": 0.15748252874628063, "217": 0.24097240329511468, "218": 0.3667301475909291, "219": 0.26511840916720447, "220": 0.5256128902104222, "221": 0.26511840916720447, "222": 0.3038197071436075, "223": 0.2977978884369649, "224": 0.6311055205950468, "225": 0.4105066411677375, "226": 0.4136390892440058, "227": 0.44506242040192723, "228": 0.40332011812319596, "229": 0.6671724952263812, "230": 0.5560258110694323, "231": 0.5718582931940492, "232": 0.40735716891714163, "233": 0.18534666575909725, "234": 0.18324297146614996, "235": 0.21182822560985284, "236": 0.025135655159600635, "237": 0.4565925091168314, "238": 0.4526877535911512, "239": 0.19006965087358257, "240": 0.39634341249991223, "241": 0.5823701083044847, "242": 0.41255979211152577, "243": 0.02781486948000118, "244": 0.4012284661592253, "245": 0.14459256116433897, "246": 0.30922529568312324, "247": 0.3670678239190774, "248": 0.3394468459029153, "249": 0.3394468459029153, "250": 0.38316028261941626, "251": 0.4560355029242651, "252": 0.2529623966181009, "253": 0.14459256116433897, "254": 0.13918947895153122, "255": 0.3318151372564542, "256": 0.3258141158059945, "257": 0.3258141158059945, "258": 0.17656130018443517, "259": 0.2941917119925794, "260": 0.28539253534355613, "261": 0.28539253534355613, "262": 0.3329974619953523, "263": 0.1418655762206391, "264": 0.34530223944187693, "265": 0.28739918423143207, "266": 0.27568554287688907, "267": 0.30765508471891717, "268": 0.34009442055792466, "269": 0.16907075952898892, "270": 0.2478284590987416, "272": 0.4968406202381152, "273": 0.19814297863536795, "274": 0.33264866576794105, "275": 0.2478284590987416, "276": 0.10161776774328893, "277": 0.10161776774328893, "278": 0.10669274768723855, "279": 0.10161776774328893, "280": 0.1654754456459106, "281": 0.2008221929557685, "282": 0.10937196200763909, "283": 0.1886896833358596, "284": 0.02517634355240477, "285": 0.02517634355240477, "286": 0.24557829057862549, "287": 0.005358428640801085, "288": 0.1656378313325851, "289": 0.16245431073333416, "290": 0.18301532704863305, "291": 0.08259623044113741, "292": 0.20051506554252752, "293": 0.04260136705170949, "294": 0.1398147086981461, "295": 0.22622501021921643, "296": 0.1656378313325851,