{"0.9986291980808775": [1], "1.0000000000000002": [2, 8, 41, 63, 65, 85, 97], "0.49132282576061664": [3], "0.9919644897026667": [4], "0.6980809536597568": [5, 25, 47, 114], "0.7775413421223457": [6], "0.3199171678339096": [7], "0.3987615447880229": [9], "0.6481060430376833": [11, 58], "0.8992239470811673": [12], "0.24865789483227532": [13], "0.3291358107400097": [14], "0.505844202693162": [15], "0.8723937633284339": [17], "0.4788619366556672": [18], "0.43815559956932926": [19], "0.9946081791181176": [20, 43, 44, 57, 108, 116, 125], "0.551446623565234": [21], "0.2974468384807117": [22, 119], "0.9966643819968017": [23], "0.6213013685687832": [24], "0.3153975106069188": [26], "0.8038618269075324": [27, 53, 68, 138], "0.4161156069673079": [28], "0.9993145990404388": [29, 51], "0.24993417020580547": [30], "0.42456495362234703": [32], "0.8150436539906618": [33], "0.1906740043315203": [34], "0.797556138079568": [36], "0.5953571862792308": [37, 99], "0.472297805285432": [38], "0.6391646430064958": [39], "0.6727150199770233": [40], "0.3294188559510878": [42, 121], "0.8251875881921696": [45], "0.8510712658578898": [46], "0.5835022882008922": [48], "0.155355002768516": [49], "0.3075185393229476": [50], "0.8111725986964975": [52], "0.5885991060966713": [54], "0.7391542407919884": [55, 104, 132], "0.787795530254316": [56], "0.6830352001395614": [59], "0.3011665558687673": [60], "0.9974868631482753": [61], "0.996344528215673": [62], "0.7484925664248201": [64], "0.443996672054823": [66], "0.2115502658863288": [67], "0.6862331271786197": [69, 96], "0.6681619993170803": [70], "0.6424685294837887": [71], "0.7134888187646025": [72], "0.3948644362410099": [73], "0.6908602516877832": [74], "0.7166873565758888": [75], "0.8628373156636929": [76], "0.8506871664730328": [77], "0.6821753664490218": [78], "0.6165557828773442": [79], "0.7032893997235111": [80, 95], "0.19101362232021296": [81], "0.2563735513484801": [82], "0.2203119175594916": [83], "0.49939858022178296": [84], "0.5768967006656847": [86], "0.6273305302705398": [87], "0.28342549313654264": [88], "0.3612757905730743": [89], "0.5786950622310099": [90], "0.3372398611332993": [91], "0.27001303044375097": [92], "0.995293580077679": [93], "0.1989448146296745": [94], "0.32518418122833564": [98], "0.08214657426446324": [100], "0.4093549787193596": [101], "0.34955508106188093": [102], "0.2585896238578321": [103], "0.15787152749744293": [105], "0.3333148193001733": [106], "0.9246205911549876": [107], "0.4354545452810307": [109], "0.6513913105053396": [110], "0.6982315185572644": [111], "0.8932560630118441": [112], "0.33875886120754645": [113], "0.8741024940693063": [115], "0.9574925147000469": [117], "0.7691885833691685": [118], "0.7358149390687899": [120], "0.8052224747383653": [122], "0.3727265196728781": [123], "0.2281212512661595": [126], "0.3238924933993655": [127], "0.5065744476948979": [128], "0.86658877412097": [129], "0.6751385832641921": [130], "0.3613908734214639": [131], "0.9676744599294294": [133], "0.17561259022966758": [134], "0.5337472555808835": [135], "0.9678763392374014": [136], "0.5932826793203404": [137], "0.14375650496281067": [139], "0.9959789810372404": [140], "0.3282879443678116": [141], "0.5849501619405304": [142], "0.476907102880192": [143], "0.37754348936845966": [144], "0.7265620261147119": [145], "0.6656964836125039": [146], "0.7443626868557428": [147], "0.6630520784483485": [148]}