{"101.33333333333334": [0], "103.0": [1, 2, 3, 5, 6, 10, 16, 19, 26], "101.7237584175084": [4], "102.96875": [7, 13], "102.0": [8, 20, 23, 24], "100.23333333333335": [9], "101.26558742183742": [11], "102.80208333333334": [12], "102.63541666666667": [14], "102.45649651274651": [15], "35.13541666666667": [17], "102.90625": [18, 28, 31], "93.72264610389612": [21], "26.753466209716215": [22], "102.51945947570948": [25], "100.18564213564214": [27], "101.49662698412698": [29], "96.89593554593556": [30], "31.572916666666668": [32], "101.07314213564214": [33], "102.52291666666667": [34], "102.67013888888889": [35], "102.40780122655123": [36], "101.52344276094277": [37], "100.54569504569506": [38], "101.75199314574314": [39], "9.904025372775372": [40], "101.40515572390572": [41], "91.68872053872055": [42], "10.060064935064938": [43], "101.55700156325156": [44], "101.80778018278019": [45], "102.25247715247716": [46], "100.63292748917749": [47], "100.65129870129871": [48], "101.29826839826839": [49], "98.19082792207793": [50], "93.66188371813374": [51], "101.3093314093314": [52], "98.44510281385283": [53], "101.23576839826839": [54], "100.97913961038961": [55], "95.03408189033189": [56], "34.45896164021164": [57], "101.1585527898028": [58], "99.38161075036075": [59], "100.55539021164022": [60], "98.81025432900434": [61], "100.80560666185666": [62], "20.053802910052916": [63], "100.5854737854738": [64], "101.14719516594516": [65], "99.36497414622414": [66], "100.80152417027418": [67], "95.89435425685427": [68], "100.04832852332852": [69], "100.05477392977393": [70], "99.59604076479076": [71], "19.377155483405488": [72], "29.12920574795576": [73], "95.58631854256855": [74], "98.8233615921116": [75], "95.69508778258779": [76], "98.9720177970178": [77], "98.76982022607024": [78], "8.045529701779701": [79], "98.17215007215007": [80], "22.991038359788362": [81], "95.56890331890332": [82], "98.70779220779221": [83], "96.78800505050505": [84], "97.16755050505051": [85], "22.864583333333336": [86], "93.97583874458874": [87], "99.4594666907167": [88], "96.85294612794613": [89], "91.47641293891294": [90], "13.207001563251563": [91, 92, 93], "97.82470238095237": [94], "24.950538119288126": [95], "29.75016534391535": [96], "98.86111712361713": [97], "87.40722402597402": [98], "91.44145021645022": [99], "98.07004569504569": [100], "10.162632275132275": [101], "97.2109547859548": [102], "18.857494588744593": [103], "20.00734427609428": [104], "95.5342261904762": [105], "5.974275493025493": [106], "8.022053872053872": [107], "93.2005741943242": [108], "95.84196729196731": [109], "91.42825276575277": [110], "92.30877224627226": [111], "95.16826599326599": [112], "86.67241161616161": [113], "92.1049031986532": [114], "84.92882395382395": [115], "88.42703823953823": [116], "91.11838023088023": [117], "85.30279581529581": [118], "17.552038239538238": [119], "0.7924663299663299": [120], "92.23575336700337": [121], "84.28250661375661": [122], "84.57693602693602": [123], "83.61454425204425": [125], "2.775907888407888": [126], "89.24788059163059": [127], "83.16525372775372": [128, 130], "2.298587061087061": [129]}