{"1": 0.9983248873873873, "2": 0.6222499292101203, "3": 0.8216334599482356, "4": 0.5499035752136078, "5": 0.6100491152930689, "6": 1.0, "7": 1.0, "8": 0.5348193303289401, "9": 1.0, "10": 0.53182206127031, "11": 0.30161307605281945, "12": 1.0, "13": 0.29296839599269814, "14": 1.0, "15": 0.38852530162937843, "16": 0.3200560928537925, "17": 0.8769564041078456, "18": 0.9974759615384614, "19": 0.893998787411697, "20": 0.004450233365896016, "21": 0.352098242859187, "22": 0.8942062077450393, "23": 0.7143980753946142, "24": 0.8300464045593224, "25": 0.04655803417373166, "26": 0.8637781597310316, "27": 0.7416893646173393, "28": 0.5296655327518112, "29": 0.46623931560048326, "30": 0.4381185160994961, "31": 0.8516480355008239, "32": 0.39540113584492903, "33": 0.4004207694491216, "34": 0.18976088509040007, "35": 0.9983248873873873, "36": 0.44890210552667936, "37": 0.9783818575934509, "38": 0.17592970856254198, "39": 0.9974759615384614, "40": 1.0, "41": 0.5574177802203916, "42": 0.5431018673622862, "43": 0.4563388339873868, "44": 0.4572536124072233, "45": 0.62256196536877, "46": 0.5378076815126097, "47": 0.35191936192250817, "48": 0.48072282563368546, "49": 0.4256471813557319, "50": 0.873994506004716, "51": 1.0, "52": 0.2373030627059041, "53": 0.5279209853909975, "54": 0.14739423541537622, "55": 0.5817455053889246, "56": 0.5714954310639656, "57": 0.4353531998578172, "58": 0.03473921138088079, "59": 0.9954158131547837, "60": 0.6453435610085093, "61": 0.270665407605151, "62": 0.3091862260702737, "63": 0.6466073124446201, "64": 0.8328282160388357, "65": 0.1455509292923553, "66": 0.7247833586946328, "67": 0.1555527546281662, "68": 0.30816137758353823, "69": 0.29501924960605175, "70": 0.5750701553400805, "71": 1.0, "72": 0.7775282148921956, "73": 0.2929576709819731, "74": 0.3683795441011501, "75": 0.6172517769773761, "76": 0.29553069855500064, "77": 0.7692130327110807, "78": 0.17907013699512142, "79": 0.5157777058120984, "80": 0.19011985402187154, "81": 0.30937581864392383, "82": 0.17951970906150988, "83": 0.2090557983368795, "84": 0.270717308851237, "85": 0.9165432497536914, "86": 0.9901924042387645, "87": 0.2944650189047623, "88": 0.569967171760871, "89": 0.3003150283393306, "90": 0.9866669267095836, "91": 0.29873845176275404, "92": 0.34553886331407574, "93": 0.44630706178804186, "94": 1.0, "95": 0.33757697592934544, "96": 0.6089582785823897, "97": 0.30066359118789343, "98": 0.09643664717049279, "99": 0.6198661653548074, "100": 0.3440883202162954, "101": 0.3960203664366922, "102": 0.42100804139476533, "103": 0.49782230352820556, "104": 0.302661794748597, "105": 0.28591857045097613, "106": 0.16356655306142992, "107": 0.642265499446859, "108": 0.3072755602998625, "109": 0.9983248873873873, "110": 0.3072755602998625, "111": 0.942617746751072, "112": 0.5382950573522208, "113": 0.8590229282695291, "114": 1.0, "115": 0.8803685887919197, "116": 0.3035218065461088, "117": 0.8924538007228233, "118": 0.3500446117535887, "119": 0.22847877890889873, "120": 0.4467682372492173, "121": 0.1921303739279317, "122": 0.3060364929762365, "123": 0.9812351792641405, "124": 0.3499430063888254, "125": 0.40689099385069843, "126": 0.4714552350819666, "127": 0.8183790406461715, "128": 0.3050233080476103, "129": 0.3050233080476103, "130": 0.6456877904085655, "131": 0.3041224071467094, "132": 0.8640456045142794, "133": 0.09762824680910896, "134": 0.3072755602998625, "135": 0.3072755602998625, "136": 0.3768643652868895, "137": 0.9983248873873873, "138": 0.13267744656331676, "139": 0.3099010768910628, "140": 0.6632410358820914, "141": 0.3161362747370346, "142": 0.31923748319647904, "143": 0.134660560505707, "144": 0.5772435134737591, "145": 0.5877903071511927, "146": 0.10050412465030195, "147": 0.9150056239621814, "148": 0.8295930611011925, "149": 0.8959062207156391, "150": 0.09523059991053637, "151": 0.25267429867574237, "152": 0.2590645718961135, "153": 0.271814644378588, "154": 0.41061090495372227, "155": 0.4610188747177214, "156": 0.2563769664409102, "157": 0.33608558025541607, "158": 0.7357068686057044, "159": 0.4333902197502468, "160": 0.3131794297708184, "161": 0.7905577962881347, "162": 0.25150244906639285, "163": 0.6934274741622282, "164": 0.26143628712523076, "165": 0.9776560227709004, "166": 0.403751164971169, "167": 0.6203931777841067, "168": 0.8404525636613424, "169": 0.26460309029203394, "170": 0.4185916238707757, "171": 0.2714786541938394, "172": 0.416521418763692, "173": 0.004450233365896016, "174": 0.25642912540851026, "175": 0.4521232148036055, "176": 0.2767390746163179, "177": 0.34826037811353705, "178": 0.3344206392116688, "179": 0.9988738738738738, "180": 0.27934925536414174, "181": 0.051830698177500474, "182": 0.5854637114262107, "183": 0.38197417911303644, "184": 0.12789980843305143, "185": 0.3974782471559484, "186": 0.7237360122867706, "187": 0.39037491513964295, "188": 0.3839724674010884, "189": 0.5744836060007658, "190": 0.10423365923154788, "191": 0.22323696409134902, "192": 0.13692091879650697, "193": 0.1365860963079843, "194": 0.28298814093991215, "195": 0.09200072736234835, "196": 0.21935401341636881, "197": 0.35331325707414074, "198": 0.1521400712010117, "199": 0.02992592812284047, "200": 0.35374723726899515, "201": 0.13011757696033702, "202": 0.12547523734705798, "203": 0.4135565721131505, "204": 0.14676164271108705, "205": 0.29927119317660306, "206": 0.47159328477609314, "207": 0.26143917150311513, "208": 0.03114461256070299, "209": 0.2689156414795851, "210": 0.24683365689760067, "211": 0.033375843737118605, "212": 0.04562012518805318, "213": 0.27005249261643616, "214": 0.6633801915237034, "215": 0.040957639629380135, "216": 0.040957639629380135, "217": 0.2666969048858485, "218": 0.2050128123595512, "219": 0.32163876021578214, "220": 0.10998033418283976, "221": 0.291382460759275, "222": 0.57756644195789, "223": 0.2710771026395403, "224": 0.2802187059076496, "225": 0.014475808639965265, "226": 0.37687395205298807, "227": 0.5300019041121359, "228": 0.4682997008107402, "229": 0.010237827466846282, "230": 0.5241344979359132, "231": 0.2822749829639268, "232": 0.2901578658468096, "233": 0.29691967874031616, "234": 0.28020011995156374, "235": 0.2909598041487479, "236": 0.08207185478650565, "237": 0.12697278811479154, "238": 0.2909598041487479, "239": 0.1288567484098205, "240": 0.355802182639726, "241": 0.355802182639726, "242": 0.12752209587455052, "243": 0.5851925893708159, "244": 0.6527929653431657, "245": 0.4440544809509021, "246": 0.08276644423137156, "247": 0.15419520790769983, "248": 0.18534584437947593, "249": 0.22570851040525436, "250": 0.020379520108760395, "251": 0.08753329553539756, "252": 0.2874122631012068, "253": 0.22744510836496595, "254": 0.08972906664196864, "255": 0.1559694844515915, "256": 0.2828076584966021, "257": 0.09277201723822795, "258": 0.18801945034068301, "259": 0.17635643884357755, "260": 0.14383897185405733, "261": 0.5171559541903156, "262": 0.3934869464533239, "263": 0.22987245287554411, "264": 0.20367427732458473, "265": 0.3992125627667928, "266": 0.4649492403937231, "267": 0.10671427454423418, "268": 0.09135753334396475, "269": 0.35134209930187593, "270": 0.31451983272060424, "271": 0.5398871531482117, "272": 0.40356723398833977, "273": 0.657152261344464, "274": 0.1977292360769828, "275": 0.20162003369360088, "276": 0.44907899433612447, "277": 0.45356938788455264, "278": 0.2730424019641562, "279": 0.5283025555115595, "280": 0.2621495003384441, "281": 0.2756766638656075, "282": 0.13278298295700533, "283": 0.1740512729298892, "284": 0.6569598498126339, "285": 0.14231140934519104, "286": 0.2178084545639907, "287": 0.3258552976128169, "288": 0.27867966686861045, "289": 0.42943133138217415, "290": 0.3136017270839917, "291": 0.029583718276627077, "292": 0.29225485419459746, "293": 0.3073107501704108, "294": 0.32766694365542576, "295": 0.04861490403932336, "296": 0.279191542380486, "297": 0.07802808994020126, "298": 0.27867966686861045, "299": 0.1980497776303775, "300": 0.02248851942386354, "301": 0.27867966686861045,