{"0.9988452655889152": [0, 3, 5, 8, 9, 22, 23, 28, 38, 39, 40, 50, 55, 56, 58, 63, 78], "0.9976905311778297": [1, 12, 31, 72], "1.0000000000000007": [2, 6, 7, 16, 18, 21, 27, 30, 32, 33, 35, 41, 47, 48, 52, 54, 75, 92], "0.9953810623556587": [4, 49], "0.9951693610469599": [10, 97], "0.9874388408209976": [11], "0.9942263279445732": [13, 19, 34, 53, 62, 79, 102], "0.9662368488580964": [14], "0.9390472848209342": [15], "0.9965357967667442": [17], "0.9972863741339498": [20, 46, 57, 76], "0.9970687511103221": [24], "0.9993782199324931": [25], "0.9919168591224024": [26], "0.9886258660508088": [29], "0.9871530732142141": [36], "0.9782870238874596": [37], "0.9926866820631258": [42, 43], "0.9917051578137034": [44], "0.9988872559311364": [45], "0.9905504234026179": [51], "0.9745508479515147": [59], "0.9901462663587381": [60], "0.9934180138568136": [61, 74, 99, 111], "0.9888375673595078": [64], "0.9842638146667567": [65], "0.9706103792593138": [66], "0.9834757535565589": [67], "0.983283297821378": [68], "0.9870284834488074": [69, 108, 115, 147, 170], "0.9808342350490162": [70], "0.9945727482678991": [71], "0.9924557351809091": [73], "0.9833525789068518": [77], "0.9829960293343063": [80], "0.9885873749037728": [81, 93, 132], "0.98180488785567": [82], "0.9849205866861155": [83], "0.9346964872108952": [84], "0.9812254365706421": [85], "0.834290922272475": [86], "0.9922632794457281": [87], "0.9949769053117788": [88], "0.9913010007698236": [89, 98], "0.9748189539612281": [90], "0.9938221709006934": [91], "0.9711491753630918": [94, 160], "0.9338281776561137": [95], "0.9662294338968709": [96], "0.9911085450346426": [100], "0.9773695383395157": [101], "0.9832178598922253": [103], "0.9855850654349505": [104], "0.9855080831408782": [105], "0.9764754457352007": [106], "0.9962446906442293": [107], "0.9736009051251551": [109], "0.9767371246548784": [110], "0.9883949191685918": [112], "0.977401114410353": [113], "0.9824287913779834": [114], "0.9818514241724409": [116], "0.9808818555065675": [117], "0.9755003849114706": [118], "0.9469740592026701": [119], "0.9786756750373974": [120], "0.9803277276025282": [121], "0.9838052546943741": [122], "0.9662336359102841": [123], "0.9817345694700752": [124], "0.9804908204446315": [125], "0.9918591224018483": [126, 128], "0.97913779830639": [127], "0.9841572271710843": [129], "0.9851231716705163": [130], "0.9879907621247119": [131], "0.9759045419553505": [133], "0.9608881570370915": [134], "0.9480926352635092": [135], "0.9828556931905665": [136], "0.9843533487297927": [137], "0.987133827640696": [138], "0.9597067050391669": [139], "0.9735807794006148": [140], "0.9462776864967238": [141], "0.9502587800835097": [142], "0.9750512318064287": [143], "0.9804300780051364": [144], "0.9907043879907628": [145], "0.9674887517806394": [146], "0.9862779060816018": [148], "0.9831601231716711": [149], "0.9841416474210939": [150], "0.9855941817592487": [151], "0.9787336412625102": [152], "0.9811805302324332": [153], "0.9721990971875238": [154], "0.935756051608495": [155], "0.9724915541159787": [156], "0.9482595431696891": [157], "0.9061118038295914": [158], "0.947336602009865": [159], "0.9571618000700174": [161], "0.9664935159412928": [162], "0.9678544176774831": [163], "0.9810431100846811": [164], "0.9710047700195213": [165], "0.9789260969976912": [166], "0.946596750671416": [167], "0.985681293302541": [168], "0.9729582196094905": [169], "0.985873749037722": [171], "0.9802925327174755": [172], "0.972545682913983": [173], "0.9685965847962934": [174], "0.9565801512386404": [175], "0.9717635098726057": [176], "0.9550645623240906": [177], "0.9592461532876972": [178], "0.9772797256630982": [179], "0.9682359725344672": [180], "0.9821978444957666": [181, 183], "0.9707939673875016": [182], "0.9732574007978171": [184], "0.9800707021595566": [185], "0.9658336324580836": [186, 200], "0.9728532437539372": [187], "0.9523617309954197": [188], "0.9808506543495001": [189], "0.9420153170107277": [190], "0.9771838661318429": [191], "0.976785666051195": [192], "0.9729724818090606": [193], "0.9790209436040245": [194], "0.9667645400704433": [195], "0.9694579776450183": [196], "0.9594226070752474": [197], "0.9319626698770003": [198], "0.9755032111845051": [199], "0.9751627125761082": [201, 207], "0.9678301490657154": [202], "0.9713098729227768": [203], "0.9574425624041959": [204], "0.951008066531795": [205], "0.9704283014906577": [206], "0.9602368955140322": [208], "0.9488998014327679": [209], "0.9525156955835645": [210], "0.9673613492926163": [211], "0.9633354328504448": [212], "0.8973533570855287": [213], "0.9684203466536034": [214], "0.9284464921000265": [215], "0.9516817607724032": [216], "0.9730456994891181": [217], "0.9592713084592701": [218], "0.9752501924557357": [219], "0.9669728462453642": [220], "0.9621577279161283": [221], "0.9785118107045913": [222], "0.9694737240233514": [223], "0.9537541060932772": [224], "0.9084027615422766": [225], "0.9557606892405379": [226], "0.9420919803264258": [227], "0.966286778234555": [228], "0.9724490867100574": [229], "0.9027198917290307": [230], "0.9683212027900256": [231], "0.9663917540901084": [232], "0.9604063807259821": [233], "0.9634998950241446": [234], "0.9447404838822555": [235], "0.946768798873298": [236], "0.9596558033587763": [237], "0.929663618462354": [238], "0.9273783679589679": [239], "0.9659633284344608": [240], "0.9548716658300693": [241], "0.8252295087364693": [242], "0.9584103447770294": [243], "0.9557486243860116": [244], "0.9416232996478394": [245], "0.9170990188888676": [246], "0.9318534701886143": [247], "0.9508623655229033": [248], "0.926587062018049": [249], "0.939766795875714": [250], "0.9654139547903989": [251, 252, 257], "0.9615611151370675": [253], "0.9562500855297125": [254], "0.9334599842350335": [255], "0.9559349333524264": [256], "0.9463428895225072": [258], "0.9571191126041017": [259], "0.9495656482879911": [260], "0.9641542445237601": [261], "0.932535589395085": [262], "0.9535897227508645": [263], "0.960795017146057": [264], "0.936143044626618": [265], "0.957701502847894": [266], "0.957230861095497": [267], "0.9521307841132026": [268], "0.9629995101126746": [269], "0.9315895655275827": [270], "0.9393169570998671": [271], "0.9361146101636407": [272], "0.9492374737681307": [273], "0.9502788731351651": [274], "0.9633844215830365": [275], "0.9386889072483717": [276], "0.9632868124541889": [277], "0.9414274488601871": [278], "0.9516384807576336": [279], "0.9271923040225306": [280], "0.8918556656218082": [281], "0.9302208111103297": [282], "0.9297963733059235": [283], "0.9415630740180692": [284], "0.9500187940644625": [285], "0.9395493397836714": [286], "0.9485406098532827": [287, 319], "0.9423805750483847": [288], "0.9095040003561561": [289], "0.9517161294837677": [290], "0.9401805810470049": [291], "0.9529093550418893": [292], "0.9182388776387884": [293], "0.9487523111619816": [294], "0.9402392933496269": [295], "0.9312744749159857": [296], "0.9537180374659846": [297], "0.9536318906130943": [298], "0.9183234334377063": [299], "0.9222547995226522": [300], "0.9181647226743067": [301], "0.9564161427082304": [302], "0.9469520149035457": [303], "0.9146929751738765": [304], "0.9155568023400174": [305], "0.7621590908277294": [306], "0.9024830422570406": [307], "0.9078566205705958": [308], "0.9323712902663218": [309], "0.9415209985574292": [310], "0.9184175354962192": [311], "0.9513504635869241": [312], "0.9353395020187985": [313], "0.888891208760096": [314], "0.9164455929652751": [315], "0.918020702012731": [316], "0.9272708687947778": [317], "0.9330193477887739": [318], "0.9100897312526343": [320], "0.9436380116444192": [321], "0.9267465896568667": [322], "0.9309292001509387": [323], "0.9249367753307357": [324], "0.9183065776405669": [325], "0.9002313995236323": [326], "0.9123734631831278": [327], "0.8398462948597248": [328], "0.9307501217737482": [329], "0.861761289456392": [330], "0.8942011620328225": [331], "0.803223436048439": [332], "0.8623485021360677": [333], "0.8964824456777045": [334],