{"0.9999999999999991": [1, 9, 10], "0.9841269841269833": [2], "0.9920634920634912": [3], "0.9735449735449728": [4], "0.9814814814814807": [5, 7, 11], "0.9894179894179886": [6, 8], "0.9702838140086945": [12], "0.978277301258667": [13], "0.9807913503565671": [14], "0.9020571367179568": [15], "0.9143419056980127": [16], "0.9703407933221591": [17], "0.9880377271681613": [18], "0.9652557158128945": [19], "0.98269906996615": [20], "0.9814985897740731": [21], "0.9779252280622386": [22, 28], "0.980259495102388": [23], "0.9602769126974455": [24], "0.9594067095437202": [25], "0.9331220747704725": [26], "0.9743260105974749": [27], "0.9651990264704908": [29], "0.9562025293209064": [30], "0.8783790664560358": [31], "0.9678435625457904": [32], "0.954304813712924": [33], "0.9119580536064513": [34], "0.9682972222705499": [35], "0.974277392116266": [36], "0.9735872609913521": [37], "0.9534862913105506": [38], "0.7978603372252131": [39], "0.9493279613118846": [40], "0.9571562441401673": [41], "0.8888000464422332": [42], "0.9482660213843985": [43], "0.9576565892057298": [44], "0.9225481350496567": [45], "0.9410446787410609": [46], "0.9125462423294592": [47], "0.9339526968743865": [48], "0.9260187825679231": [49], "0.7496201056912295": [50], "0.9601737005737727": [51], "0.8231140619034902": [52], "0.9449331599130641": [53], "0.7910624636327954": [54], "0.7692419172324172": [55], "0.719832039095831": [56], "0.931596455007123": [57], "0.864435887076247": [58], "0.9074957372789543": [59], "0.9513054497161175": [60], "0.8626633598835518": [61], "0.9157675308448654": [62], "0.9148264136572497": [63], "0.9450644684751361": [64], "0.9129216113322791": [65], "0.9200003350776695": [66], "0.6904299884204887": [67], "0.9395329629436309": [68], "0.891911500363576": [69], "0.9116708855991518": [70], "0.5766538353007722": [71], "0.8645583368759586": [72], "0.8564176732030824": [73], "0.7899477182177213": [74], "0.8934547102401194": [75], "0.8476938132887462": [76], "0.7307010565901075": [77], "0.776959559991468": [78], "0.8873460041314134": [79], "0.8932080898528338": [80], "0.919297784990148": [81, 82], "0.8797916121506419": [83], "0.8655010474399092": [84], "0.8771661511918478": [85], "0.8552502804664535": [86], "0.8848421172011471": [87], "0.8647500399662127": [88], "0.8624866532764468": [89], "0.7995766744701096": [90], "0.8347907601043631": [91], "0.7238938087312214": [92], "0.738939119784936": [93], "0.8402403810301744": [94], "0.785026409919845": [95], "0.8531040113307795": [96], "0.751186577690657": [97], "0.8139794726264091": [98], "0.744396454233867": [99], "0.8810051717949652": [100], "0.8524867273801624": [101], "0.8078066331202363": [102], "0.8580711833847863": [103], "0.7343083449160657": [104], "0.7716892231933026": [105], "0.707491692329105": [106], "0.8348033577360083": [107], "0.805022556526636": [108], "0.8365985202454567": [109], "0.8664549072447008": [110], "0.7876278208545893": [111], "0.7706741472756569": [112], "0.6580619848583551": [113], "0.8298956136399802": [114], "0.8242959663736664": [115], "0.7857535123550219": [116], "0.8506187176964177": [117], "0.8528736937609174": [118], "0.6464174075427269": [119], "0.7636395152410249": [120], "0.8586497078702648": [121], "0.730153865088708": [122], "0.7996477334895302": [123], "0.8078424928747658": [124], "0.7443126364877668": [125], "0.7216872900528963": [126], "0.784303818145615": [127], "0.69823049992944": [128], "0.7058205729957037": [129, 151], "0.7393302731720703": [130], "0.8291954785134659": [131], "0.6736840146686689": [132], "0.7940858791181522": [133], "0.7403644242062215": [134], "0.5854376049936882": [135], "0.6947535535953508": [136], "0.7830188597177996": [137], "0.4029420141647641": [138], "0.8056568037843148": [139], "0.6902939919929323": [140], "0.8059528481279783": [141], "0.7715613137364441": [142], "0.7541588308577709": [143], "0.8224872396623697": [144], "0.7875666047417351": [145], "0.7564315581304981": [146], "0.6461040938114373": [147], "0.5138226627204827": [148], "0.6229722484807123": [149], "0.783245617087414": [150], "0.810714752889883": [152], "0.5265952128179627": [153], "0.562536255901863": [154], "0.829762371937502": [155], "0.7901176251498985": [156], "0.7281398710853095": [157], "0.7471713323010356": [158], "0.7632711055436663": [159], "0.38081960642550094": [160], "0.66056891355576": [161], "0.29354951320302675": [162], "0.5682471700435405": [163], "0.7460753383478991": [164], "0.7393670994968029": [165], "0.49261535532087236": [166], "0.732621067750771": [167], "0.62124540637511": [168], "0.7606633957930993": [169], "0.7310778578742276": [170], "0.7844351267076872": [171], "0.7950171372896977": [172], "0.6242877344174382": [173], "0.7415779838505445": [174], "0.7066069584033285": [175], "0.7023300624597659": [176], "0.5414331110866246": [177], "0.6850020201317235": [178], "0.7312983164280198": [179], "0.6182030783327821": [180], "0.6820415766950898": [181], "0.6176235872771005": [182], "0.4654845835274529": [183], "0.7073996426267763": [184], "0.5916589018860361": [185], "0.5594416041925478": [186], "0.4219499071770415": [187], "0.3671087114394873": [188], "0.5642275589785026": [189], "0.6411298013569353": [190], "0.6781668383939721": [191], "0.5255591286434058": [192], "0.48160599183312613": [193], "0.5964585995428764": [194], "0.21212489973298645": [195], "0.5093044786352544": [196], "0.6244631346902687": [197], "0.38027064287872964": [198], "0.6185485466328235": [199], "0.6965530817802155": [200], "0.4690272566353434": [201], "0.7193044045315382": [202], "0.7105742458013795": [203], "0.5762645960155395": [204], "0.6721199752042517": [205], "0.36616759425187134": [206], "0.25035241296049965": [207], "0.6039604891876231": [208], "0.5486190933700372": [209], "0.580850133934411": [210], "0.21569147787939652": [211], "0.5897503606917804": [212], "0.6714208066479403": [213], "0.5992363773206542": [214], "0.6137866418709188": [215], "0.5021401314148848": [216], "0.633854669081803": [217], "0.66599752622466": [218], "0.635920680671624": [219], "0.5754268535111307": [220], "0.7185107537378872": [221], "0.44570904045998433": [222], "0.6043636134002712": [223], "0.6000731532548604": [224], "0.45647534376069265": [225], "0.6254699786516857": [226], "0.11999745294106516": [227], "0.5722008932397433": [228], "0.601962798001648": [229], "0.5330474540863044": [230], "0.39495221599106634": [231], "0.6220308252125324": [232, 243], "0.6405493437310508": [233], "0.5578773860590933": [234, 237, 286, 293], "0.20081641352193053": [235], "0.5101260633077707": [236], "0.5425712636101139": [238], "0.6185916717733788": [239], "0.5990149521966595": [240, 278], "0.58949114267285": [241], "0.6345969627786696": [242], "0.565681618863326": [244], "0.5795705077522151": [245], "0.5623747405564479": [246], "0.549714120752971": [247], "0.6238826770643842": [248, 294], "0.6465017246834315": [249], "0.4984858516675591": [250], "0.5968985500802573": [251], "0.5365810897627972": [252], "0.5422185299240467": [253], "0.5316124693179862": [254], "0.49147526965697713": [255], "0.5842001373818446": [256], "0.5671366453183526": [257], "0.5940262900651401": [258], "0.5869779151596222": [259], "0.3042114752503256": [260], "0.6043059574876646": [261], "0.39531124849295596": [262], "0.2976418103473274": [263], "0.5715395175783677": [264], "0.511448814630522": [265], "0.54023440293992": [266], "0.5342820219875388": [267], "0.5741850202238703": [268], "0.36607844426015174": [269], "0.5868456400273472": [270], "0.46184564002734757": [271], "0.2453490413878917": [272], "0.5611842643659717": [273], "0.3358452735507905": [274], "0.6127715659532731": [275], "0.5233535765352839": [276], "0.6061578093395166": [277], "0.30819977090528794": [279], "0.4987881948270451": [280], "0.4474276506093581": [281], "0.616739819921527": [282], "0.5874125334513836": [283], "0.35513740117625153": [284], "0.3918354473981072": [285], "0.32899101669653363": [287], "0.5532477564294638": [288], "0.5873747405564478": [289],