{"1.6337662337662335": [1269], "2.4194805194805196": [1425], "1.4025974025974026": [1426], "2.6298701298701297": [1427, 1477, 1501, 1517, 1531, 1550, 1562, 1582, 1604, 1623, 1717, 1847, 1871], "3.7870129870129867": [1428], "0.9207792207792208": [1430], "1.731168831168831": [1431], "2.7675324675324675": [1433], "2.1298701298701297": [1434, 1443, 1471, 1495, 1692, 1819], "0.5649350649350648": [1435], "4.42987012987013": [1436, 1915], "3.7727272727272725": [1437, 1463, 1539, 1628], "2.0272727272727273": [1438], "2.0415584415584416": [1439], "1.4194805194805196": [1440], "4.415584415584416": [1441, 1489, 1617, 1707, 1752, 1766, 1767, 1857], "0.5246753246753246": [1442], "0.45714285714285713": [1444], "1.3467532467532466": [1446], "2.2012987012987013": [1448, 1590, 1602, 1772, 1831, 1887, 1892], "1.8727272727272728": [1449], "3.0155844155844154": [1451, 1648, 1696], "1.687012987012987": [1452], "2.32987012987013": [1453], "2.0584415584415585": [1455, 1470, 1580], "1.7740259740259736": [1457], "3.3441558441558437": [1458, 1749, 1921], "1.931168831168831": [1459, 1774], "1.8714285714285714": [1460], "1.2376623376623377": [1461], "3.4155844155844157": [1462, 1556, 1579, 1664, 1684, 1700, 1718, 1821, 1829, 1840, 1886, 1889], "1.07012987012987": [1464], "1.736363636363636": [1465], "1.2493506493506494": [1466], "2.487012987012987": [1467, 1526, 1543, 1547, 1581, 1603, 1630, 1676, 1678, 1808, 1880], "1.7025974025974024": [1468], "4.387012987012987": [1469], "2.1246753246753247": [1473], "0.2623376623376623": [1474], "0.5194805194805194": [1475], "1.3844155844155845": [1476], "1.796103896103896": [1478, 1609], "3.2727272727272725": [1479, 1545, 1635, 1688, 1711, 1841, 1877, 1901, 1908], "2.144155844155844": [1480], "1.2064935064935065": [1482], "0.587012987012987": [1483], "1.6454545454545455": [1484], "1.8012987012987012": [1485], "0.3649350649350649": [1486], "2.484415584415584": [1487], "1.1688311688311688": [1490], "2.0480519480519477": [1491], "2.1844155844155844": [1492, 1657], "6.9512987012987": [1493], "1.3454545454545452": [1496], "1.757142857142857": [1497], "2.727272727272727": [1498], "1.7961038961038962": [1499], "2.092207792207792": [1500], "1.996103896103896": [1502, 1652], "1.8961038961038958": [1503], "1.9116883116883114": [1504], "2.1597402597402597": [1505], "1.4142857142857144": [1507], "5.743939393939394": [1510], "2.490909090909091": [1511], "2.5727272727272723": [1512, 1616], "2.196103896103896": [1513], "1.0207792207792208": [1514], "1.8740259740259742": [1516], "3.1246753246753247": [1518], "6.916666666666667": [1519, 1523, 1525, 1529, 1544, 1549, 1600], "2.344155844155844": [1520, 1527, 1573, 1626, 1898], "1.9246753246753245": [1521], "3.3727272727272726": [1522], "6.137012987012986": [1524], "2.301298701298701": [1528], "1.9272727272727272": [1530, 1608], "8.058441558441558": [1532, 1731], "0.638961038961039": [1533], "0.9857142857142858": [1535], "3.4155844155844153": [1537], "7.058441558441558": [1538], "0.4103896103896104": [1540], "2.2987012987012987": [1541], "1.257142857142857": [1542], "2.3246753246753245": [1546], "0.9896103896103896": [1548], "2.9155844155844157": [1551, 1554, 1734, 1835], "1.374025974025974": [1552], "4.503030303030303": [1553], "1.1064935064935064": [1555], "2.14025974025974": [1557], "1.7883116883116883": [1558, 1606], "3.8084415584415585": [1559], "1.7168831168831167": [1560], "2.7727272727272725": [1563, 1592, 1598, 1613, 1641, 1765, 1792], "0.7363636363636363": [1564], "0.2": [1565], "3.2227272727272727": [1566], "3.201298701298701": [1568], "1.6532467532467532": [1569], "1.390909090909091": [1570], "1.8155844155844154": [1572], "2.701298701298701": [1574, 1761, 1798, 1913], "1.7675324675324675": [1575], "1.4636363636363636": [1576], "0.9181818181818182": [1577, 1666], "2.312987012987013": [1578], "6.871212121212122": [1583], "4.187012987012987": [1585], "0.38181818181818183": [1586], "2.853246753246753": [1587], "3.1298701298701297": [1591, 1706, 1858], "2.4155844155844153": [1593, 1716, 1770], "0.11428571428571428": [1594], "0.7818181818181817": [1595], "1.8870129870129868": [1596], "0.9987012987012988": [1597], "6.25": [1599], "1.9792207792207792": [1601], "1.0727272727272728": [1605], "2.0194805194805197": [1612], "0.6896103896103896": [1614], "0.14805194805194805": [1618], "1.3740259740259742": [1619], "2.315584415584415": [1622, 1897], "1.4246753246753245": [1624], "1.542857142857143": [1625], "0.6701298701298701": [1627], "1.3402597402597403": [1629], "1.6675324675324674": [1631], "0.2571428571428571": [1633], "1.0155844155844156": [1634], "0.9012987012987013": [1636], "1.6961038961038961": [1638], "0.14285714285714285": [1639, 1817], "1.151948051948052": [1640], "3.2318181818181815": [1642], "2.558441558441558": [1643, 1667, 1876, 1920], "2.28051948051948": [1644], "1.8285714285714285": [1645], "0.2909090909090909": [1646], "1.2999999999999998": [1647], "2.555844155844156": [1649], "2.4805194805194803": [1650], "1.5090909090909088": [1651], "0.4961038961038961": [1654], "4.103896103896104": [1655], "1.1415584415584417": [1656], "2.057142857142857": [1658], "2.9246753246753245": [1659, 1735], "1.7701298701298702": [1660], "0.6272727272727273": [1661], "1.5376623376623377": [1663], "4.501298701298701": [1665], "2.5376623376623377": [1668], "1.009090909090909": [1669], "2.3194805194805195": [1670], "2.2818181818181817": [1671], "0.7350649350649351": [1672], "1.922077922077922": [1673], "2.2532467532467533": [1674], "0.7584415584415585": [1675, 1685], "2.325974025974026": [1677], "1.9103896103896103": [1679], "4.129870129870129": [1680, 1845], "4.032467532467533": [1681], "0.42207792207792205": [1682], "3.9155844155844157": [1683], "1.744155844155844": [1687], "3.0844155844155843": [1689, 1911], "0.9493506493506494": [1691, 1902], "1.6766233766233767": [1694], "2.2155844155844155": [1695], "0.37662337662337664": [1697], "4.2727272727272725": [1698], "2.162337662337662": [1699], "4.701298701298701": [1701], "2.631168831168831": [1702], "3.058441558441558": [1703], "2.4727272727272727": [1704], "1.6909090909090907": [1708], "0.7558441558441559": [1710], "2.8558441558441556": [1712], "4.376623376623376": [1713], "1.7999999999999998": [1715], "1.8883116883116884": [1721], "2.412987012987013": [1724, 1775], "2.255844155844156": [1725], "2.37012987012987": [1727], "2.0155844155844154": [1728], "0.6675324675324675": [1732], "0.2506493506493506": [1739], "2.3961038961038956": [1740], "1.596103896103896": [1742], "0.9675324675324675": [1743], "1.8649350649350651": [1747], "1.8246753246753245": [1754], "1.6285714285714286": [1755], "2.57012987012987": [1756], "3.0727272727272723": [1757], "0.4675324675324675": [1758], "2.0753246753246755": [1759], "0.8350649350649351": [1760], "2.3844155844155845": [1762], "4.329870129870129": [1764], "1.8064935064935066": [1768], "2.47012987012987": [1769], "1.987012987012987": [1771], "1.7584415584415585": [1773], "0.23376623376623376": [1777], "0.8818181818181818": [1778], "2.7714285714285714": [1779], "0.05714285714285714": [1780], "1.8766233766233764": [1783], "0.5298701298701298": [1784], "0.33636363636363636": [1785], "2.527272727272727": [1786], "1.6649350649350647": [1787], "4.629870129870129": [1789], "7.35974025974026": [1790], "3.227272727272727": [1791], "0.17662337662337663": [1793], "1.0064935064935063": [1794], "1.3805194805194803": [1796], "1.7935064935064937": [1802], "1.5883116883116881": [1803], "0.5532467532467533": [1804], "7.1805194805194805": [1805], "2.6194805194805193": [1806], "1.655844155844156": [1807], "3.2272727272727275": [1811], "0.9272727272727272": [1813], "2.6012987012987008": [1816, 1885, 1919], "1.309090909090909": [1818], "1.0155844155844154": [1823], "5.25": [1825, 1890], "0.7246753246753246": [1826], "7.35064935064935": [1828], "0.22857142857142856": [1830], "2.4714285714285715": [1834], "2.5545454545454547": [1836], "1.583116883116883": [1839], "1.4324675324675327": [1842], "3.1701298701298697": [1848], "1.9857142857142858": [1850],