{"0.8600588923357001": [1], "0.5063581282031847": [2, 7, 137, 154, 244, 311], "0.37899501659289064": [3], "0.37648823633455136": [4], "0.3572291931180204": [5], "0.9913554280538562": [6, 169], "0.5375946791059064": [8, 117, 251], "0.6600841428885348": [9], "0.03974514585883565": [10], "0.6183976828272065": [11, 19, 74, 152, 293, 347], "0.45208133367785064": [12], "0.19751957374771426": [13, 170, 177, 210, 243, 263, 348], "0.5068490881723531": [14], "0.555332210027439": [15, 30, 47, 60, 119, 206, 237, 297, 343, 349], "0.5358895222924766": [16], "0.5619573063850433": [17, 57, 58, 75, 96, 134, 254, 257, 305, 327, 364], "0.4985506289153281": [18, 27, 171, 280, 300, 326], "0.053588314033709616": [20, 115, 250, 339], "0.6667971444955002": [21], "0.5342926643687292": [22, 82], "0.37311303830180986": [23], "0.670467532957638": [24, 80, 143, 149, 186, 191, 277, 288, 316, 322, 334, 357], "0.9977984537350583": [25, 37, 44, 72, 78, 114, 183, 234, 303], "0.5307980567596876": [26, 298], "0.2863447106906617": [28], "0.8650646882409224": [29], "0.48146572483738004": [31], "0.4166442064678678": [32], "0.05182774249370106": [33], "0.5364644657980427": [34, 285, 296], "0.8606062437426504": [35, 88, 94, 121, 139, 222, 282, 287, 306], "0.41910513841121155": [36], "0.5368391212463579": [39, 41, 124, 150, 255, 275, 346], "0.052689690905333486": [42], "0.670086882440366": [43, 73, 92, 129, 180, 194, 216, 273, 309], "0.3873716316581484": [45, 217, 354], "0.4953052505158911": [46, 221], "0.378766485763136": [48], "0.5569622160782183": [49], "0.46830194019750676": [50], "0.5034799688566509": [51], "0.4408254893547293": [52], "0.8239561323964298": [53], "0.3327364950806931": [54], "0.5384036581856498": [55], "0.2526978928914061": [59], "0.5457561869227264": [61], "0.4744200226610878": [63], "0.659646758160922": [64], "0.329500176597616": [65], "0.3102973889181382": [66], "0.9973074937658899": [67], "0.40629500538925367": [69], "0.32873822842316763": [70], "0.04313423134040785": [71], "0.46751411018371747": [76], "0.6552289722468784": [77], "0.40609593172666086": [79], "0.6599929889388039": [83], "0.17254981329986577": [84], "0.5057755112022296": [85, 167], "0.1733238177977431": [86], "0.3278209902919235": [87], "0.3966435674131356": [89], "0.6491349056963707": [90], "0.5546896815912143": [91, 224], "0.34728138792494273": [93], "0.18652973513296234": [95], "0.20009733565715718": [97], "0.2378473370381175": [98], "0.501429661950399": [100], "0.03524587998231336": [101], "0.5385015621803547": [102], "0.5608422881895039": [103], "0.5033041880035549": [105], "0.5042622373262968": [106], "0.82847546400682": [107], "0.3942629053391247": [109], "0.20998536150929736": [110], "0.6092815190776529": [111], "0.8318155627015033": [112], "0.902899515648597": [113], "0.669292947387835": [116, 231], "0.037431396022540336": [118], "0.4509681316166311": [125], "0.48071542186149624": [126], "0.5608182432832296": [127], "0.4966916456474543": [128], "0.5006741838444553": [130], "0.029120252390422034": [131], "0.9975755947729443": [132, 163, 239], "0.4156021372915088": [133], "0.7911278650897933": [135], "0.4387747717853784": [136], "0.5524737770479963": [138], "0.4165286788204863": [141], "0.9951004283903734": [144], "0.5595545010560202": [145], "0.2405985007811666": [146], "0.537937345705548": [147], "0.051989869931596266": [148], "0.46931146078249497": [153], "0.5528712780840954": [155, 353], "0.13678149491808103": [156], "0.5027215710025998": [157], "0.24658205252893198": [158], "0.4716027693360531": [159], "0.4576148480051229": [160], "0.3852944404143377": [161], "0.3212530496365795": [162], "0.19150477940266816": [164], "0.5362565042454028": [166], "0.560156449847439": [168], "0.4168199873209638": [173], "0.052109433291889176": [174], "0.8603961195783715": [175, 342], "0.05234143163778823": [176], "0.41945670011740344": [178, 215], "0.4132056399253643": [179], "0.5617344474229293": [182], "0.053041252611525445": [184], "0.5583914683707812": [185], "0.20860415434341717": [187], "0.6084628680178875": [188], "0.5613332481586722": [189, 197, 202, 268, 323, 324], "0.517071649065439": [190], "0.36289294136401584": [192], "0.602135369984067": [193], "0.836466336021599": [195], "0.48326169538558417": [196], "0.8881672342274359": [198], "0.4411704124375186": [199], "0.7544591384476506": [200], "0.4351291023694106": [201], "0.474113392248601": [203], "0.43574825338562917": [204, 352], "0.5563698597094591": [205], "0.4098496190804739": [207], "0.497760050361733": [208], "0.4960041720376994": [209], "0.499856814927158": [211], "0.404187139927945": [213], "0.41039124355632894": [214], "0.387387796494734": [220], "0.42070374122529186": [223], "0.5531478982714028": [225], "0.3609417660934112": [226], "0.4948235609562964": [227], "0.49181064290684934": [228], "0.5928177773797441": [229], "0.4229367671447336": [230], "0.5824834012549207": [232], "0.05147618078750911": [233], "0.3800998229665493": [235], "0.5390383494333347": [236], "0.4962871704542279": [238, 272], "0.15129909521974466": [241], "0.7991994859300228": [245], "0.6543790493788634": [246], "0.5629384005332968": [247], "0.49796801191437295": [248], "0.5374005139157007": [249], "0.8290198766142699": [252], "0.48756620585532706": [253], "0.5532293993549022": [256], "0.17349278754661487": [258], "0.22572120146826918": [259], "0.2344954793844054": [260], "0.5021285834722073": [261], "0.05771059276711604": [262], "0.5071403966728306": [265], "0.48401287938718945": [266], "0.03641517214230178": [267], "0.073289867214755": [269], "0.4440626100372699": [270], "0.6687455959808847": [271, 330], "0.7914314507497789": [274], "0.535274584307066": [276], "0.3425812794914154": [278], "0.37997469805585293": [279], "0.44278904960717785": [283], "0.5034698699316886": [284, 367], "0.4100207540573577": [286], "0.987149486874608": [289], "0.548566996790777": [290], "0.45851915112683794": [292], "0.5013731053662636": [294], "0.49333066221334365": [295], "0.984881503060605": [299], "0.6039131873626892": [301], "0.6591963421215968": [302], "0.4864176390060282": [304], "0.5436417537437664": [307], "0.43951830645635165": [308], "0.19562759667865032": [310], "0.5212201122556219": [312], "0.41807950005448896": [313], "0.5363426923739493": [314], "0.5575862743045893": [315], "0.05643033809309765": [317], "0.5001915958713482": [318], "0.5328948213251126": [319], "0.5026759348791576": [320], "0.1963286711689177": [325], "0.670291752104542": [328], "0.18121346101795474": [329], "0.314979207690928": [331], "0.45942346025085035": [332], "0.6188886427963749": [333], "0.06080013494597686": [335], "0.049303907862407986": [336], "0.4567969036924513": [337], "0.6178503314202562": [338], "0.5555036668699311": [340], "0.651399357594083": [341], "0.5115492053944068": [344], "0.5314969782814959": [345], "0.5055652495581736": [350], "0.43061125710755493": [351], "0.2344647195498724": [355], "0.05467252956213787": [359], "0.499975262322647": [360], "0.7854857781445456": [361], "0.4847504441301507": [362], "0.5135133695759772": [365], "0.3773801560665278": [366], "0.38726020217709145": [368], "0.30725344576000907": [369]}