{"1": 0.9999999999999991, "2": 0.9841269841269833, "3": 0.9920634920634912, "4": 0.9735449735449728, "5": 0.9814814814814807, "6": 0.9894179894179886, "7": 0.9814814814814807, "8": 0.9894179894179886, "9": 0.9999999999999991, "10": 0.9999999999999991, "11": 0.9814814814814807, "12": 0.9702838140086945, "13": 0.978277301258667, "14": 0.9807913503565671, "15": 0.9020571367179568, "16": 0.9143419056980127, "17": 0.9703407933221591, "18": 0.9880377271681613, "19": 0.9652557158128945, "20": 0.98269906996615, "21": 0.9814985897740731, "22": 0.9779252280622386, "23": 0.980259495102388, "24": 0.9602769126974455, "25": 0.9594067095437202, "26": 0.9331220747704725, "27": 0.9743260105974749, "28": 0.9779252280622386, "29": 0.9651990264704908, "30": 0.9562025293209064, "31": 0.8783790664560358, "32": 0.9678435625457904, "33": 0.954304813712924, "34": 0.9119580536064513, "35": 0.9682972222705499, "36": 0.974277392116266, "37": 0.9735872609913521, "38": 0.9534862913105506, "39": 0.7978603372252131, "40": 0.9493279613118846, "41": 0.9571562441401673, "42": 0.8888000464422332, "43": 0.9482660213843985, "44": 0.9576565892057298, "45": 0.9225481350496567, "46": 0.9410446787410609, "47": 0.9125462423294592, "48": 0.9339526968743865, "49": 0.9260187825679231, "50": 0.7496201056912295, "51": 0.9601737005737727, "52": 0.8231140619034902, "53": 0.9449331599130641, "54": 0.7910624636327954, "55": 0.7692419172324172, "56": 0.719832039095831, "57": 0.931596455007123, "58": 0.864435887076247, "59": 0.9074957372789543, "60": 0.9513054497161175, "61": 0.8626633598835518, "62": 0.9157675308448654, "63": 0.9148264136572497, "64": 0.9450644684751361, "65": 0.9129216113322791, "66": 0.9200003350776695, "67": 0.6904299884204887, "68": 0.9395329629436309, "69": 0.891911500363576, "70": 0.9116708855991518, "71": 0.5766538353007722, "72": 0.8645583368759586, "73": 0.8564176732030824, "74": 0.7899477182177213, "75": 0.8934547102401194, "76": 0.8476938132887462, "77": 0.7307010565901075, "78": 0.776959559991468, "79": 0.8873460041314134, "80": 0.8932080898528338, "81": 0.919297784990148, "82": 0.919297784990148, "83": 0.8797916121506419, "84": 0.8655010474399092, "85": 0.8771661511918478, "86": 0.8552502804664535, "87": 0.8848421172011471, "88": 0.8647500399662127, "89": 0.8624866532764468, "90": 0.7995766744701096, "91": 0.8347907601043631, "92": 0.7238938087312214, "93": 0.738939119784936, "94": 0.8402403810301744, "95": 0.785026409919845, "96": 0.8531040113307795, "97": 0.751186577690657, "98": 0.8139794726264091, "99": 0.744396454233867, "100": 0.8810051717949652, "101": 0.8524867273801624, "102": 0.8078066331202363, "103": 0.8580711833847863, "104": 0.7343083449160657, "105": 0.7716892231933026, "106": 0.707491692329105, "107": 0.8348033577360083, "108": 0.805022556526636, "109": 0.8365985202454567, "110": 0.8664549072447008, "111": 0.7876278208545893, "112": 0.7706741472756569, "113": 0.6580619848583551, "114": 0.8298956136399802, "115": 0.8242959663736664, "116": 0.7857535123550219, "117": 0.8506187176964177, "118": 0.8528736937609174, "119": 0.6464174075427269, "120": 0.7636395152410249, "121": 0.8586497078702648, "122": 0.730153865088708, "123": 0.7996477334895302, "124": 0.8078424928747658, "125": 0.7443126364877668, "126": 0.7216872900528963, "127": 0.784303818145615, "128": 0.69823049992944, "129": 0.7058205729957037, "130": 0.7393302731720703, "131": 0.8291954785134659, "132": 0.6736840146686689, "133": 0.7940858791181522, "134": 0.7403644242062215, "135": 0.5854376049936882, "136": 0.6947535535953508, "137": 0.7830188597177996, "138": 0.4029420141647641, "139": 0.8056568037843148, "140": 0.6902939919929323, "141": 0.8059528481279783, "142": 0.7715613137364441, "143": 0.7541588308577709, "144": 0.8224872396623697, "145": 0.7875666047417351, "146": 0.7564315581304981, "147": 0.6461040938114373, "148": 0.5138226627204827, "149": 0.6229722484807123, "150": 0.783245617087414, "151": 0.7058205729957037, "152": 0.810714752889883, "153": 0.5265952128179627, "154": 0.562536255901863, "155": 0.829762371937502, "156": 0.7901176251498985, "157": 0.7281398710853095, "158": 0.7471713323010356, "159": 0.7632711055436663, "160": 0.38081960642550094, "161": 0.66056891355576, "162": 0.29354951320302675, "163": 0.5682471700435405, "164": 0.7460753383478991, "165": 0.7393670994968029, "166": 0.49261535532087236, "167": 0.732621067750771, "168": 0.62124540637511, "169": 0.7606633957930993, "170": 0.7310778578742276, "171": 0.7844351267076872, "172": 0.7950171372896977, "173": 0.6242877344174382, "174": 0.7415779838505445, "175": 0.7066069584033285, "176": 0.7023300624597659, "177": 0.5414331110866246, "178": 0.6850020201317235, "179": 0.7312983164280198, "180": 0.6182030783327821, "181": 0.6820415766950898, "182": 0.6176235872771005, "183": 0.4654845835274529, "184": 0.7073996426267763, "185": 0.5916589018860361, "186": 0.5594416041925478, "187": 0.4219499071770415, "188": 0.3671087114394873, "189": 0.5642275589785026, "190": 0.6411298013569353, "191": 0.6781668383939721, "192": 0.5255591286434058, "193": 0.48160599183312613, "194": 0.5964585995428764, "195": 0.21212489973298645, "196": 0.5093044786352544, "197": 0.6244631346902687, "198": 0.38027064287872964, "199": 0.6185485466328235, "200": 0.6965530817802155, "201": 0.4690272566353434, "202": 0.7193044045315382, "203": 0.7105742458013795, "204": 0.5762645960155395, "205": 0.6721199752042517, "206": 0.36616759425187134, "207": 0.25035241296049965, "208": 0.6039604891876231, "209": 0.5486190933700372, "210": 0.580850133934411, "211": 0.21569147787939652, "212": 0.5897503606917804, "213": 0.6714208066479403, "214": 0.5992363773206542, "215": 0.6137866418709188, "216": 0.5021401314148848, "217": 0.633854669081803, "218": 0.66599752622466, "219": 0.635920680671624, "220": 0.5754268535111307, "221": 0.7185107537378872, "222": 0.44570904045998433, "223": 0.6043636134002712, "224": 0.6000731532548604, "225": 0.45647534376069265, "226": 0.6254699786516857, "227": 0.11999745294106516, "228": 0.5722008932397433, "229": 0.601962798001648, "230": 0.5330474540863044, "231": 0.39495221599106634, "232": 0.6220308252125324, "233": 0.6405493437310508, "234": 0.5578773860590933, "235": 0.20081641352193053, "236": 0.5101260633077707, "237": 0.5578773860590933, "238": 0.5425712636101139, "239": 0.6185916717733788, "240": 0.5990149521966595, "241": 0.58949114267285, "242": 0.6345969627786696, "243": 0.6220308252125324, "244": 0.565681618863326, "245": 0.5795705077522151, "246": 0.5623747405564479, "247": 0.549714120752971, "248": 0.6238826770643842, "249": 0.6465017246834315, "250": 0.4984858516675591, "251": 0.5968985500802573, "252": 0.5365810897627972, "253": 0.5422185299240467, "254": 0.5316124693179862, "255": 0.49147526965697713, "256": 0.5842001373818446, "257": 0.5671366453183526, "258": 0.5940262900651401, "259": 0.5869779151596222, "260": 0.3042114752503256, "261": 0.6043059574876646, "262": 0.39531124849295596, "263": 0.2976418103473274, "264": 0.5715395175783677, "265": 0.511448814630522, "266": 0.54023440293992, "267": 0.5342820219875388, "268": 0.5741850202238703, "269": 0.36607844426015174, "270": 0.5868456400273472, "271": 0.46184564002734757, "272": 0.2453490413878917, "273": 0.5611842643659717, "274": 0.3358452735507905, "275": 0.6127715659532731, "276": 0.5233535765352839, "277": 0.6061578093395166, "278": 0.5990149521966595, "279": 0.30819977090528794, "280": 0.4987881948270451, "281": 0.4474276506093581, "282": 0.616739819921527, "283": 0.5874125334513836, "284": 0.35513740117625153, "285": 0.3918354473981072, "286": 0.5578773860590933, "287": 0.32899101669653363, "288": 0.5532477564294638, "289": 0.5873747405564478, "290": 0.36602805373357067, "291": 0.6175334707151778, "292": 0.6008668040485112, "293": 0.5578773860590933, "294": 0.6238826770643842, "295": 0.6379038410855482, "296": 0.451263629445337, "297": 0.6095969627786699, "298": 0.5274037151092319, "299": 0.3671366453183527, "300": 0.3330905792268598, "301": 0.5004186215549022,