{"0.020040953252298176": [1, 62, 637], "0.9957049913591542": [3], "0.4372313409027986": [14, 34, 880], "0.40898582376609705": [15, 120, 333, 346, 656, 706], "0.41967800962134405": [18], "0.8127941670426103": [20], "0.4272108642766495": [27], "0.16875649117481306": [38], "0.3854776872234004": [39], "0.2718163203067137": [43], "0.32504472674174295": [47, 205], "0.3689699708942398": [54], "0.45225980720771614": [55], "0.34468050420002727": [59, 866], "0.26179584368056463": [63], "0.45677485408471447": [71, 387], "0.3418275494242794": [72, 79, 939], "1.0": [74, 97, 122, 215, 440, 1245, 1323], "0.8015123705337088": [77], "0.26604224902781703": [80], "0.5008345244068173": [89], "0.44725181752894766": [99, 160, 259], "0.2645187992854965": [106], "0.2288154053936305": [110], "0.583721293020942": [117], "0.4012061814957072": [118], "0.4465517895615585": [119, 198, 253, 267, 343, 366, 428, 491, 720, 836], "0.3318070727981303": [131], "0.29172516629353396": [134], "0.39040437471804235": [141, 261, 285, 460], "0.9910033546813053": [147], "0.4151629627443457": [156, 290, 372, 488, 642, 694, 751, 859, 882, 884], "0.4517885777809633": [158], "0.3792344711891387": [159], "0.4178568734894916": [162, 250, 1067], "0.6909928844778179": [164], "0.19443940844052995": [165], "0.40514248611819664": [172, 184, 210, 424, 510, 634, 921], "0.28030913100121846": [173], "0.3561625931250817": [178], "0.3189996950289723": [181], "0.4078363968633425": [183, 1342], "0.37182292566998765": [193], "0.32191870343745915": [197], "0.40613286899034917": [200], "0.3260990551519725": [211], "0.1891344584937242": [213], "0.28900221068860216": [219], "0.44322760535905775": [220, 270, 487, 520, 525, 660], "0.1158672069010587": [222], "0.3389724865538696": [232], "0.35894949426809064": [236], "0.5914014800698391": [242], "0.39004796618054005": [245], "0.3937285589205431": [246], "0.4018183019156959": [248, 275, 322, 1485], "0.33612163987278354": [252], "0.2603342313816593": [257], "0.18309153487561539": [269], "0.3575539356019243": [272], "0.4393348680262472": [295], "0.3268803853034883": [339], "0.33081668992597774": [353], "0.15343317269652013": [374], "0.9996950289722477": [378, 1260], "0.4494068524319682": [401], "0.37654056044399287": [407], "0.1976684941505058": [413], "0.4365313129354094": [420, 478], "0.2645827448235736": [425], "0.8143001664457853": [426], "0.9970519467317271": [429], "0.5565788715509815": [432, 461], "0.25595782686359086": [434], "0.3961123923642001": [435], "0.6718974116813742": [441], "0.40752421146719175": [445], "0.3875514199422945": [447], "0.25894078081015487": [453], "0.33059159226263674": [464], "0.3346600275738782": [465], "0.28037729272861933": [466], "0.3826247324476525": [468], "0.28893826515052495": [475], "0.33611953177812165": [477], "0.39512200949204757": [486, 615], "0.3432209999957838": [489], "0.1344486559491134": [496], "0.32470560458046815": [498], "0.3203910375058148": [502], "0.39226905471629964": [504], "0.36605096248575286": [513], "0.41122665812185627": [527, 954], "0.3655688412365802": [531], "0.09582625364876052": [533], "0.42320267362618985": [544], "0.5181090250343269": [574], "0.39040648281270424": [577], "0.38656103707014194": [580], "0.18764801752435672": [582], "0.4482138816628089": [603], "0.3059920482669354": [621], "0.3447465578327663": [626], "0.4186498918547439": [628], "0.3431549463630448": [638], "0.5022961367057227": [649], "0.27752222985820957": [650], "0.43502030095159394": [653], "0.30221476425177396": [674], "0.1574086176098985": [677], "0.44084588001006264": [691], "0.1058467302749096": [702], "0.31030661534158865": [725], "0.4261077686099083": [741], "0.37175687203724866": [743], "0.1988179210532603": [744], "0.409657532995195": [753], "0.38038389809189327": [763], "0.16596959003180412": [771], "0.24892030418400574": [778], "0.3908756041447952": [779], "0.17877696780096214": [784], "0.2846236980758718": [790, 793], "0.21454430723090523": [797], "0.2818367969328628": [809], "0.3475334589757752": [845, 908], "0.11022524288763995": [854], "0.29743107584502976": [867], "0.2503137547555102": [871], "0.33904064828127045": [874], "0.386091915738051": [886], "0.3332665770023738": [889], "0.38177734866339774": [893], "0.3275606674508779": [894], "0.4203497188504419": [909], "0.3308827435587168": [923], "0.3724016679244964": [959], "0.35038641375152313": [970], "0.45464153255671125": [977], "0.5173407416464408": [985], "0.3476016207031761": [998], "0.9987801158889906": [1090, 1492], "0.33642960907961056": [1164], "0.7997022199173721": [1204], "0.4428434870883887": [1209], "0.10007265899601289": [1238], "0.7259259337336839": [1362], "0.43228490758815696": [1392], "0.4289586152909943": [1414]}