{"123.0": [1, 9, 10], "62.0": [2], "68.0": [3], "60.66666666666666": [4], "66.66666666666666": [5, 7, 11], "121.66666666666666": [6, 8], "66.23649372792595": [12], "66.48861283643892": [13], "66.6231884057971": [14], "53.74102266730143": [15], "54.510971516406286": [16], "60.48861283643892": [17], "121.57971014492753": [18], "65.99115211301911": [19], "121.34099378881987": [20], "121.32978930702714": [21], "122.11804286932164": [22, 28], "122.17686639873341": [23], "60.12986846912677": [24], "65.7847095359883": [25], "64.93739947889563": [26], "121.03877116063816": [27], "65.98877116063815": [29], "65.60665570576056": [30], "53.463589955086114": [31], "120.79123127511873": [32], "59.8500548045305": [33], "58.627875669371825": [34], "120.75657654366094": [35], "121.9120387285349": [36], "121.86856046766533": [37], "65.57457014426323": [38], "48.19137474489138": [39], "120.18073260924922": [40], "120.32878455730118": [41], "62.26058788469275": [42], "59.60665570576056": [43], "120.33530629643161": [44], "58.83685752298283": [45], "65.94498843015467": [46], "119.09335019910466": [47], "64.63377629048983": [48], "59.01106387218918": [49], "40.94461983739478": [50], "121.43663323036725": [51], "47.381308979454765": [52], "119.92304779619357": [53], "114.89379158778137": [54], "49.34828611286412": [55], "43.6204205002159": [56], "119.4774559626222": [57], "57.03263591339038": [58], "118.97592595668041": [59], "121.04260747777371": [60], "62.25995957012581": [61], "119.1345266696929": [62], "58.55770806346253": [63], "120.90169838686462": [64], "59.58654687171311": [65], "59.66634485151109": [66], "40.631186545764564": [67], "119.65927414444037": [68], "119.46251305528799": [69], "64.14115663393156": [70], "35.782765174581044": [71], "118.7290142012009": [72], "57.57362416639911": [73], "115.18359573078243": [74], "118.46648130925624": [75], "50.60807582585076": [76], "42.488970911157615": [77], "45.19968519687191": [78], "57.76453325730819": [79], "119.50140895620436": [80], "120.17410015389555": [81, 82], "57.5046557094511": [83], "62.935009669216825": [84], "63.17763550743089": [85], "49.21937432416971": [86], "63.41374661854201": [87], "57.12846523326062": [88], "62.79391236072821": [89], "50.08469200591963": [90], "56.24676228857814": [91], "44.19192823374409": [92], "46.82552894675658": [93], "50.30148811830398": [94], "48.583501529729155": [95], "116.82913645036408": [96], "44.88882578064164": [97], "54.10668292349879": [98], "44.50145204326791": [99], "119.12724569406154": [100], "117.18469200591963": [101], "61.13193544875131": [102], "118.08161077342663": [103], "111.43144525267287": [104], "44.93049244730831": [105], "55.10177671859259": [106], "55.81176950358536": [107], "47.6054924473083": [108], "116.3248647416806": [109], "57.05906387587972": [110], "46.12080311703074": [111], "48.11772889656522": [112], "42.45313253100978": [113], "116.10907088790721": [114], "61.17018199901832": [115], "114.63288041171674": [116], "62.25470580854212": [117], "117.18645184028816": [118], "39.94438834822468": [119], "113.09197132080764": [120], "57.8558962847326": [121], "51.09583134966768": [122], "115.33645885231563": [123], "116.76304615390293": [124], "47.864236630093416": [125], "51.92296678882357": [126], "54.72130733716411": [127], "44.9436017094585": [128], "40.56423663009342": [129], "48.97130733716412": [130], "56.98328424914102": [131], "42.147497813354605": [132], "115.0297128205696": [133], "48.412216428073215": [134], "34.0427359085927": [135], "40.18645885231564": [136], "114.69360170945849": [137], "18.090282806139587": [138], "116.89987876573554": [139], "39.72693504279183": [140], "116.03090329676007": [141], "47.23923663009341": [142], "53.45983547569226": [143], "117.28090329676007": [144], "60.21423663009341": [145], "53.70074456660135": [146], "40.49343618870475": [147], "37.005196650465194": [148], "38.67686289271967": [149], "114.4031255189823": [150], "41.897569963426754": [151], "115.67256996342674": [152], "30.588010078866866": [153], "29.49872436458115": [154], "117.57256996342674": [155], "114.5297128205696": [156], "111.52756317283172": [157], "58.55710078497803": [158], "59.69995792783517": [159], "16.736393714270953": [160], "41.62138649926374": [161], "9.85226673014397": [162], "33.503132531009776": [163], "52.51662459450184": [164], "112.39757697545423": [165], "34.48647988839805": [166], "112.55710078497803": [167], "38.590434118311364": [168], "113.65710078497803": [169], "114.05313253100977": [170], "115.19995792783517": [171], "116.5332912611685": [172], "37.26424364212089": [173], "48.549957927835166": [174], "111.13646586434311": [175], "46.73091030878756": [176], "35.23560006347731": [177], "43.2237674516447": [178], "112.05710078497803": [179], "35.414243642120894": [180], "49.76741824529549": [181], "38.4769420548193": [182], "32.22194247923149": [183], "52.016631606529316": [184], "35.59996493986266": [185], "35.46223045212816": [186], "18.416631606529307": [187], "17.05773592704539": [188], "38.65465469455239": [189], "47.13329827319599": [190], "49.29996493986265": [191], "34.71425065414836": [192], "25.31663160652932": [193], "38.8571077970055": [194], "6.376516166413864": [195], "34.974402593712064": [196], "39.41663160652932": [197], "18.05075859065629": [198], "52.0975839874817": [199], "112.08329827319598": [200], "32.06742525732295": [201], "112.51663160652932": [202], "52.08329827319598": [203], "37.33647287637058": [204], "109.49044113033884": [205], "14.773774463672162": [206], "8.326516166413866": [207], "38.41663160652931": [208], "36.603139543037244": [209], "38.0225839874817": [210], "6.6315454508549125": [211], "45.15472684462455": [212], "49.91663160652932": [213], "37.94044113033883": [214], "46.2975839874817": [215], "32.339647479545185": [216], "39.749964939862636": [217], "108.99996493986265": [218], "54.37132136121907": [219], "49.30591732081503": [220], "112.81663160652931": [221], "22.453139543037253": [222], "106.2998927897905": [223], "46.216638618556786": [224], "35.27440960573953": [225], "54.01663861855678": [226], "3.3630311149492735": [227], "46.01425766617583": [228], "107.40711480903298": [229], "47.490448142366304": [230], "22.347590999509165": [231], "47.79997195189012": [232, 243], "109.46663861855679": [233], "36.799971951890114": [234, 237, 286, 293], "6.904661706579866": [235], "32.549971951890114": [236], "102.94759099950916": [238], "108.04997195189011": [239], "106.14997195189012": [240], "105.29997195189011": [241], "48.88330528522346": [242], "44.716638618556786": [244], "104.54997195189011": [245], "104.21663861855679": [246], "103.59759099950917": [247], "108.21663861855677": [248, 294], "109.96663861855679": [249], "29.68330528522345": [250], "43.216638618556786": [251], "34.21663861855678": [252], "49.23647988839805": [253], "49.04557079748896": [254], "33.46663861855678": [255], "45.38330528522345": [256], "103.93330528522345": [257], "52.40711480903297": [258], "39.88330528522346": [259], "13.05592433284249": [260], "46.48330528522345": [261], "18.43330528522345": [262], "13.119813221731379": [263], "45.472590999509165": [264], "32.88330528522345": [265], "103.23647988839805": [266], "43.23647988839805": [267], "46.13925766617583": [268], "17.266638618556776": [269], "45.88330528522345": [270], "29.03330528522345": [271], "8.930924332842492": [272], "37.466638618556786": [273], "16.128904130822285": [274], "52.61663861855679": [275], "35.88330528522345": [276], "46.79997195189012": [277], "46.34997195189012": [278], "14.06223746415562": [279], "32.26425766617584": [280], "25.04997195189013": [281], "47.716638618556786": [282], "106.47259099950917": [283], "18.930924332842494": [284], "26.718189845108": [285], "15.954661706579861": [287], "35.466638618556786": [288], "42.083305285223446": [289], "20.871328373246538": [290], "47.683305285223454": [291], "43.13330528522346": [292], "109.04997195189011": [295], "28.216638618556782": [296], "47.01663861855678": [297],