{"0.9958437240232751": [0], "0.9999999999999998": [1, 2, 3, 5, 6, 10, 16, 19, 26], "0.9661081408431781": [4], "0.9918173316708228": [7, 13], "0.9975062344139649": [8, 20, 23, 24], "0.9922693266832919": [9], "0.9458885329365379": [11], "0.9901548212801328": [12], "0.9889079384871153": [14], "0.9531657943285123": [15], "0.9835047797173733": [17], "0.9754519950124686": [18, 28, 31], "0.898148095669916": [21], "0.9183702075379135": [22], "0.9419969571621689": [25], "0.8960027780476658": [27], "0.9291122392431618": [29], "0.7687338591952059": [30], "0.965476932668329": [32], "0.8918776741407662": [33], "0.9693007065669158": [34], "0.9224941119423661": [35], "0.9158929201167354": [36], "0.9200407021167618": [37], "0.8023305432906429": [38], "0.8532641385353354": [39], "0.6536440809352282": [40], "0.9018737352746079": [41], "0.7050206674271514": [42], "0.6475872008290963": [43], "0.8223803841166684": [44], "0.8550657687191352": [45], "0.8800733255845473": [46], "0.8014766249959516": [47], "0.7794431669743389": [48], "0.7752793341322018": [49], "0.752763451220434": [50], "0.6491673428861711": [51], "0.7845964693844992": [52], "0.7100181769601968": [53], "0.7589139974738479": [54], "0.7687213918666537": [55], "0.5634277176827053": [56], "0.6979131731157915": [57], "0.7583948753057232": [58], "0.6947747199461662": [59], "0.7177029843021114": [60], "0.7216217438006716": [61], "0.714279994158423": [62], "0.5208661622159131": [63], "0.7679380492971515": [64], "0.7104708691834626": [65], "0.6334967130634213": [66], "0.6989482687581191": [67], "0.6256557829812196": [68], "0.6831612946949602": [69], "0.6422879789463329": [70], "0.5968702207324401": [71], "0.5287651857009713": [72], "0.5884662966801375": [73], "0.6004597767845897": [74], "0.6769150881214472": [75], "0.6430035871120662": [76], "0.5771128036090627": [77], "0.6199647361274543": [78], "0.40624782590181596": [79], "0.5843213035232984": [80], "0.5142050702368658": [81], "0.5409103503866596": [82], "0.5186695058889571": [83], "0.5725961521161022": [84], "0.5556139863184749": [85], "0.4353323266509054": [86], "0.45475535997668187": [87], "0.5670200775718229": [88], "0.5055953790367756": [89], "0.36532560793782765": [90], "0.5069859697197604": [91, 92, 93], "0.4942163665511546": [94], "0.5210145556623114": [95], "0.4590762076890508": [96], "0.5521064012647551": [97], "0.39932116408113927": [98], "0.43483283134155964": [99], "0.538867177894609": [100], "0.41358204116932296": [101], "0.542486916427066": [102], "0.46746344366356835": [103], "0.31074771434808857": [104], "0.46636041120143373": [105], "0.26881748700638974": [106], "0.3682006503702265": [107], "0.38578723795369696": [108], "0.4764495087437732": [109], "0.3902144140610476": [110], "0.39362471946636546": [111], "0.41306387110626525": [112], "0.32383599532913754": [113], "0.36079830336376495": [114], "0.2868762437340991": [115], "0.3167346334740352": [116], "0.3577824468410505": [117], "0.29732104623002387": [118], "0.31309789199440086": [119], "0.10392778575446905": [120], "0.3175366133127979": [121], "0.2364282370672645": [122], "0.23394675888441477": [123], "0.1983087165443774": [125], "0.15893555853032165": [126], "0.2164980990884981": [127], "0.14848834203572356": [128, 130], "0.10177180005733621": [129]}