{"0": 0.9958437240232751, "1": 0.9999999999999998, "2": 0.9999999999999998, "3": 0.9999999999999998, "4": 0.9661081408431781, "5": 0.9999999999999998, "6": 0.9999999999999998, "7": 0.9918173316708228, "8": 0.9975062344139649, "9": 0.9922693266832919, "10": 0.9999999999999998, "11": 0.9458885329365379, "12": 0.9901548212801328, "13": 0.9918173316708228, "14": 0.9889079384871153, "15": 0.9531657943285123, "16": 0.9999999999999998, "17": 0.9835047797173733, "18": 0.9754519950124686, "19": 0.9999999999999998, "20": 0.9975062344139649, "21": 0.898148095669916, "22": 0.9183702075379135, "23": 0.9975062344139649, "24": 0.9975062344139649, "25": 0.9419969571621689, "26": 0.9999999999999998, "27": 0.8960027780476658, "28": 0.9754519950124686, "29": 0.9291122392431618, "30": 0.7687338591952059, "31": 0.9754519950124686, "32": 0.965476932668329, "33": 0.8918776741407662, "34": 0.9693007065669158, "35": 0.9224941119423661, "36": 0.9158929201167354, "37": 0.9200407021167618, "38": 0.8023305432906429, "39": 0.8532641385353354, "40": 0.6536440809352282, "41": 0.9018737352746079, "42": 0.7050206674271514, "43": 0.6475872008290963, "44": 0.8223803841166684, "45": 0.8550657687191352, "46": 0.8800733255845473, "47": 0.8014766249959516, "48": 0.7794431669743389, "49": 0.7752793341322018, "50": 0.752763451220434, "51": 0.6491673428861711, "52": 0.7845964693844992, "53": 0.7100181769601968, "54": 0.7589139974738479, "55": 0.7687213918666537, "56": 0.5634277176827053, "57": 0.6979131731157915, "58": 0.7583948753057232, "59": 0.6947747199461662, "60": 0.7177029843021114, "61": 0.7216217438006716, "62": 0.714279994158423, "63": 0.5208661622159131, "64": 0.7679380492971515, "65": 0.7104708691834626, "66": 0.6334967130634213, "67": 0.6989482687581191, "68": 0.6256557829812196, "69": 0.6831612946949602, "70": 0.6422879789463329, "71": 0.5968702207324401, "72": 0.5287651857009713, "73": 0.5884662966801375, "74": 0.6004597767845897, "75": 0.6769150881214472, "76": 0.6430035871120662, "77": 0.5771128036090627, "78": 0.6199647361274543, "79": 0.40624782590181596, "80": 0.5843213035232984, "81": 0.5142050702368658, "82": 0.5409103503866596, "83": 0.5186695058889571, "84": 0.5725961521161022, "85": 0.5556139863184749, "86": 0.4353323266509054, "87": 0.45475535997668187, "88": 0.5670200775718229, "89": 0.5055953790367756, "90": 0.36532560793782765, "91": 0.5069859697197604, "92": 0.5069859697197604, "93": 0.5069859697197604, "94": 0.4942163665511546, "95": 0.5210145556623114, "96": 0.4590762076890508, "97": 0.5521064012647551, "98": 0.39932116408113927, "99": 0.43483283134155964, "100": 0.538867177894609, "101": 0.41358204116932296, "102": 0.542486916427066, "103": 0.46746344366356835, "104": 0.31074771434808857, "105": 0.46636041120143373, "106": 0.26881748700638974, "107": 0.3682006503702265, "108": 0.38578723795369696, "109": 0.4764495087437732, "110": 0.3902144140610476, "111": 0.39362471946636546, "112": 0.41306387110626525, "113": 0.32383599532913754, "114": 0.36079830336376495, "115": 0.2868762437340991, "116": 0.3167346334740352, "117": 0.3577824468410505, "118": 0.29732104623002387, "119": 0.31309789199440086, "120": 0.10392778575446905, "121": 0.3175366133127979, "122": 0.2364282370672645, "123": 0.23394675888441477, "125": 0.1983087165443774, "126": 0.15893555853032165, "127": 0.2164980990884981, "128": 0.14848834203572356, "129": 0.10177180005733621, "130": 0.14848834203572356}