{"0": 0.9988452655889152, "1": 0.9976905311778297, "2": 1.0000000000000007, "3": 0.9988452655889152, "4": 0.9953810623556587, "5": 0.9988452655889152, "6": 1.0000000000000007, "7": 1.0000000000000007, "8": 0.9988452655889152, "9": 0.9988452655889152, "10": 0.9951693610469599, "11": 0.9874388408209976, "12": 0.9976905311778297, "13": 0.9942263279445732, "14": 0.9662368488580964, "15": 0.9390472848209342, "16": 1.0000000000000007, "17": 0.9965357967667442, "18": 1.0000000000000007, "19": 0.9942263279445732, "20": 0.9972863741339498, "21": 1.0000000000000007, "22": 0.9988452655889152, "23": 0.9988452655889152, "24": 0.9970687511103221, "25": 0.9993782199324931, "26": 0.9919168591224024, "27": 1.0000000000000007, "28": 0.9988452655889152, "29": 0.9886258660508088, "30": 1.0000000000000007, "31": 0.9976905311778297, "32": 1.0000000000000007, "33": 1.0000000000000007, "34": 0.9942263279445732, "35": 1.0000000000000007, "36": 0.9871530732142141, "37": 0.9782870238874596, "38": 0.9988452655889152, "39": 0.9988452655889152, "40": 0.9988452655889152, "41": 1.0000000000000007, "42": 0.9926866820631258, "43": 0.9926866820631258, "44": 0.9917051578137034, "45": 0.9988872559311364, "46": 0.9972863741339498, "47": 1.0000000000000007, "48": 1.0000000000000007, "49": 0.9953810623556587, "50": 0.9988452655889152, "51": 0.9905504234026179, "52": 1.0000000000000007, "53": 0.9942263279445732, "54": 1.0000000000000007, "55": 0.9988452655889152, "56": 0.9988452655889152, "57": 0.9972863741339498, "58": 0.9988452655889152, "59": 0.9745508479515147, "60": 0.9901462663587381, "61": 0.9934180138568136, "62": 0.9942263279445732, "63": 0.9988452655889152, "64": 0.9888375673595078, "65": 0.9842638146667567, "66": 0.9706103792593138, "67": 0.9834757535565589, "68": 0.983283297821378, "69": 0.9870284834488074, "70": 0.9808342350490162, "71": 0.9945727482678991, "72": 0.9976905311778297, "73": 0.9924557351809091, "74": 0.9934180138568136, "75": 1.0000000000000007, "76": 0.9972863741339498, "77": 0.9833525789068518, "78": 0.9988452655889152, "79": 0.9942263279445732, "80": 0.9829960293343063, "81": 0.9885873749037728, "82": 0.98180488785567, "83": 0.9849205866861155, "84": 0.9346964872108952, "85": 0.9812254365706421, "86": 0.834290922272475, "87": 0.9922632794457281, "88": 0.9949769053117788, "89": 0.9913010007698236, "90": 0.9748189539612281, "91": 0.9938221709006934, "92": 1.0000000000000007, "93": 0.9885873749037728, "94": 0.9711491753630918, "95": 0.9338281776561137, "96": 0.9662294338968709, "97": 0.9951693610469599, "98": 0.9913010007698236, "99": 0.9934180138568136, "100": 0.9911085450346426, "101": 0.9773695383395157, "102": 0.9942263279445732, "103": 0.9832178598922253, "104": 0.9855850654349505, "105": 0.9855080831408782, "106": 0.9764754457352007, "107": 0.9962446906442293, "108": 0.9870284834488074, "109": 0.9736009051251551, "110": 0.9767371246548784, "111": 0.9934180138568136, "112": 0.9883949191685918, "113": 0.977401114410353, "114": 0.9824287913779834, "115": 0.9870284834488074, "116": 0.9818514241724409, "117": 0.9808818555065675, "118": 0.9755003849114706, "119": 0.9469740592026701, "120": 0.9786756750373974, "121": 0.9803277276025282, "122": 0.9838052546943741, "123": 0.9662336359102841, "124": 0.9817345694700752, "125": 0.9804908204446315, "126": 0.9918591224018483, "127": 0.97913779830639, "128": 0.9918591224018483, "129": 0.9841572271710843, "130": 0.9851231716705163, "131": 0.9879907621247119, "132": 0.9885873749037728, "133": 0.9759045419553505, "134": 0.9608881570370915, "135": 0.9480926352635092, "136": 0.9828556931905665, "137": 0.9843533487297927, "138": 0.987133827640696, "139": 0.9597067050391669, "140": 0.9735807794006148, "141": 0.9462776864967238, "142": 0.9502587800835097, "143": 0.9750512318064287, "144": 0.9804300780051364, "145": 0.9907043879907628, "146": 0.9674887517806394, "147": 0.9870284834488074, "148": 0.9862779060816018, "149": 0.9831601231716711, "150": 0.9841416474210939, "151": 0.9855941817592487, "152": 0.9787336412625102, "153": 0.9811805302324332, "154": 0.9721990971875238, "155": 0.935756051608495, "156": 0.9724915541159787, "157": 0.9482595431696891, "158": 0.9061118038295914, "159": 0.947336602009865, "160": 0.9711491753630918, "161": 0.9571618000700174, "162": 0.9664935159412928, "163": 0.9678544176774831, "164": 0.9810431100846811, "165": 0.9710047700195213, "166": 0.9789260969976912, "167": 0.946596750671416, "168": 0.985681293302541, "169": 0.9729582196094905, "170": 0.9870284834488074, "171": 0.985873749037722, "172": 0.9802925327174755, "173": 0.972545682913983, "174": 0.9685965847962934, "175": 0.9565801512386404, "176": 0.9717635098726057, "177": 0.9550645623240906, "178": 0.9592461532876972, "179": 0.9772797256630982, "180": 0.9682359725344672, "181": 0.9821978444957666, "182": 0.9707939673875016, "183": 0.9821978444957666, "184": 0.9732574007978171, "185": 0.9800707021595566, "186": 0.9658336324580836, "187": 0.9728532437539372, "188": 0.9523617309954197, "189": 0.9808506543495001, "190": 0.9420153170107277, "191": 0.9771838661318429, "192": 0.976785666051195, "193": 0.9729724818090606, "194": 0.9790209436040245, "195": 0.9667645400704433, "196": 0.9694579776450183, "197": 0.9594226070752474, "198": 0.9319626698770003, "199": 0.9755032111845051, "200": 0.9658336324580836, "201": 0.9751627125761082, "202": 0.9678301490657154, "203": 0.9713098729227768, "204": 0.9574425624041959, "205": 0.951008066531795, "206": 0.9704283014906577, "207": 0.9751627125761082, "208": 0.9602368955140322, "209": 0.9488998014327679, "210": 0.9525156955835645, "211": 0.9673613492926163, "212": 0.9633354328504448, "213": 0.8973533570855287, "214": 0.9684203466536034, "215": 0.9284464921000265, "216": 0.9516817607724032, "217": 0.9730456994891181, "218": 0.9592713084592701, "219": 0.9752501924557357, "220": 0.9669728462453642, "221": 0.9621577279161283, "222": 0.9785118107045913, "223": 0.9694737240233514, "224": 0.9537541060932772, "225": 0.9084027615422766, "226": 0.9557606892405379, "227": 0.9420919803264258, "228": 0.966286778234555, "229": 0.9724490867100574, "230": 0.9027198917290307, "231": 0.9683212027900256, "232": 0.9663917540901084, "233": 0.9604063807259821, "234": 0.9634998950241446, "235": 0.9447404838822555, "236": 0.946768798873298, "237": 0.9596558033587763, "238": 0.929663618462354, "239": 0.9273783679589679, "240": 0.9659633284344608, "241": 0.9548716658300693, "242": 0.8252295087364693, "243": 0.9584103447770294, "244": 0.9557486243860116, "245": 0.9416232996478394, "246": 0.9170990188888676, "247": 0.9318534701886143, "248": 0.9508623655229033, "249": 0.926587062018049, "250": 0.939766795875714, "251": 0.9654139547903989, "252": 0.9654139547903989, "253": 0.9615611151370675, "254": 0.9562500855297125, "255": 0.9334599842350335, "256": 0.9559349333524264, "257": 0.9654139547903989, "258": 0.9463428895225072, "259": 0.9571191126041017, "260": 0.9495656482879911, "261": 0.9641542445237601, "262": 0.932535589395085, "263": 0.9535897227508645, "264": 0.960795017146057, "265": 0.936143044626618, "266": 0.957701502847894, "267": 0.957230861095497, "268": 0.9521307841132026, "269": 0.9629995101126746, "270": 0.9315895655275827, "271": 0.9393169570998671, "272": 0.9361146101636407, "273": 0.9492374737681307, "274": 0.9502788731351651, "275": 0.9633844215830365, "276": 0.9386889072483717, "277": 0.9632868124541889, "278": 0.9414274488601871, "279": 0.9516384807576336, "280": 0.9271923040225306, "281": 0.8918556656218082, "282": 0.9302208111103297, "283": 0.9297963733059235, "284": 0.9415630740180692, "285": 0.9500187940644625, "286": 0.9395493397836714, "287": 0.9485406098532827, "288": 0.9423805750483847, "289": 0.9095040003561561, "290": 0.9517161294837677, "291": 0.9401805810470049, "292": 0.9529093550418893, "293": 0.9182388776387884, "294": 0.9487523111619816, "295": 0.9402392933496269, "296": 0.9312744749159857, "297": 0.9537180374659846, "298": 0.9536318906130943, "299": 0.9183234334377063, "300": 0.9222547995226522,