{"0.04081632653061224": [1, 62, 637], "6.583333333333334": [3], "3.4424182576256306": [14, 34, 880], "1.0015360983102917": [15, 120, 333, 346, 656, 706], "1.2160522273425498": [18], "8.44919903445249": [20], "3.4220100943603247": [27], "0.42846170726355054": [38], "1.6310182137371076": [39], "0.5918367346938775": [43], "0.9110599078341013": [47, 205], "0.8808426596445029": [54], "1.2612903225806453": [55], "0.8450735132762782": [59, 866], "0.5714285714285714": [63], "1.3435483870967742": [71, 387], "0.8128154487601491": [72, 79, 939], "9.0": [74, 97, 122, 215, 440, 1245, 1323], "6.168016238753566": [77], "0.6393460610050472": [80], "1.478757954794821": [89], "3.462826420890937": [99, 160, 259], "0.608843537414966": [106], "0.5170068027210883": [110], "1.6794382269036647": [117], "1.6429778362958087": [118], "1.2697388632872504": [119, 198, 253, 267, 343, 366, 428, 491, 720, 836], "0.792407285494843": [131], "0.7107746324336186": [134], "0.9573184112354619": [141, 261, 285, 460], "5.5": [147], "1.1337941628264208": [156, 290, 372, 488, 642, 694, 751, 859, 882, 884], "1.1935483870967742": [158], "1.2154268158876456": [159], "1.3004608294930875": [162, 250, 1067], "3.055815229317534": [164], "0.499890278692122": [165], "1.1133859995611148": [172, 184, 210, 424, 510, 634, 921], "0.727671713846829": [173], "0.7891156462585034": [178], "0.7006802721088435": [181], "1.2800526662277816": [183, 1342], "0.913100724160632": [193], "0.693877551020408": [197], "0.9692780337941627": [200], "0.8008558262014484": [211], "0.6881062102260259": [213], "0.6733596664472241": [219], "1.1697388632872503": [220, 270, 487, 520, 525, 660], "0.25510204081632654": [222], "0.8535220539828835": [232], "0.8604344963791968": [236], "1.9961048935703314": [242], "3.333574720210665": [245], "1.0573184112354619": [246], "1.0133859995611147": [248, 275, 322, 1485], "0.7482993197278911": [252], "0.6477946017116524": [257], "0.40476190476190477": [269], "0.8977397410577134": [272], "3.148310291858679": [295], "1.4661070879964888": [339], "0.936515251261795": [353], "0.5233048057932851": [374], "8.0": [378, 1260], "1.229032258064516": [401], "1.0487601492209788": [407], "0.7682027649769585": [413], "1.2493307000219442": [420, 478], "0.6427474215492648": [425], "8.398123765635287": [426], "6.666666666666667": [429], "1.611411016019311": [432, 461], "0.5850340136054422": [434], "0.9488698705288565": [435], "5.290344524906737": [441], "1.0779021285933728": [445], "0.9250603467193328": [447], "0.6121351766513057": [453], "1.109984639016897": [464], "0.8246653500109721": [465], "0.6156462585034014": [466], "1.5987601492209786": [468], "0.6394557823129252": [475], "0.8212639894667545": [477], "1.0929778362958087": [486, 615], "0.848474873820496": [489], "0.29931972789115646": [496], "0.7651964011411017": [498], "0.8093043669080535": [502], "1.0607197717796797": [504], "0.8876453807329383": [513], "1.6633859995611147": [527, 954], "1.5120803159973666": [531], "0.21428571428571427": [533], "1.4424182576256308": [544], "1.9323348694316438": [574], "0.8843537414965985": [577], "1.069168312486285": [580], "0.7477946017116524": [582], "1.3197388632872502": [603], "0.7991002852754004": [621], "0.8060127276717137": [626], "3.398200570550801": [628], "0.8875356594250604": [638], "1.4023919245117404": [649], "0.6563528637261355": [650], "3.192418257625631": [653], "0.8718894009216589": [674], "0.3333333333333333": [677], "1.2052227342549924": [691], "0.2346938775510204": [702], "0.7549923195084485": [725], "1.0491551459293393": [741], "0.9521615097651964": [743], "0.489686197059469": [744], "1.1956440640772437": [753], "0.9369102479701559": [763], "0.3571428571428571": [771], "0.5917270133859995": [778], "1.0250603467193329": [779], "0.4488698705288567": [784], "0.6835637480798771": [790, 793], "0.5746104893570331": [797], "0.6122448979591837": [809], "0.8773315777924072": [845, 908], "0.22448979591836735": [854], "0.7752907614658767": [867], "0.6273864384463462": [871], "0.7414965986394557": [874], "0.9284617072635506": [886], "0.7890059249506254": [889], "0.9725696730305026": [893], "0.7244897959183674": [894], "1.4101601931095018": [909], "0.8974544656572306": [923], "1.5249506254114549": [959], "0.9095896423085362": [970], "1.2258064516129032": [977], "6.153533026113672": [985], "0.7653061224489796": [998], "7.0": [1090, 1492], "1.0963791968400263": [1164], "4.264790432301953": [1204], "2.7387864823348695": [1209], "0.28220320386219": [1238], "3.4267390827298665": [1362], "1.1814132104454687": [1392], "1.1543778801843319": [1414]}