{"7.440620017422669": [2], "4.052732893608013": [3, 23, 141, 307, 446], "3.3237231109174665": [4], "3.303538433368221": [5], "3.7779672172554797": [6], "4.036951956516605": [7, 184, 355, 521, 533, 607], "3.133798267698619": [9], "3.4052192395796355": [11], "3.671887441007885": [12, 443], "3.1496224062279436": [13], "3.1303278200141795": [14], "2.989399779317996": [15], "3.3512146629205963": [16, 460], "1.476296364748408": [17], "3.7613712857548873": [18, 436], "3.116399143204829": [19], "3.542677398141994": [20], "3.5139701431705173": [21], "3.182407544214903": [22], "3.5837231407154384": [24], "3.760986574040764": [25], "2.672547082681421": [26], "2.985798948737481": [27], "0.8652953097311458": [28], "5.208591596452161": [29, 282], "3.5123620967224927": [30, 206], "4.921010528991718": [31, 531], "3.5022339146882486": [32], "3.8903333850922195": [33, 469, 507], "3.419303746621889": [35], "1.330704408106171": [36], "3.2953601238795964": [37], "3.839288223368981": [38], "2.763500512511503": [39], "3.559948817678428": [40], "2.77503032282866": [41], "2.8728568394051313": [42], "4.541923802158291": [43], "3.319452370371854": [44], "3.488548610355381": [45], "3.6296339198811243": [46], "3.397293298244083": [47], "1.1806717662009147": [48], "2.271652458841019": [49], "4.691333805399733": [50], "5.161652240221665": [51, 85, 378, 401, 407, 449, 582], "2.3112007957522502": [52], "3.7123995108692927": [53], "9.123388506277603": [54, 178, 210, 235, 257, 267, 291, 313, 317, 322, 371, 483, 487, 603], "4.803363470168189": [55, 92], "6.984824563202455": [56], "3.0890631062593195": [58], "7.90126050420168": [59, 63, 131, 167, 181, 301, 328, 366, 427, 429, 442, 452, 462, 465, 524, 536], "8.96039559426287": [60], "3.102962749863595": [61], "2.794328470278569": [62], "1.560178373221972": [64], "4.189743395886286": [65], "3.163596760766119": [66], "4.723114655791964": [67], "1.558051598481587": [68], "2.6772285652465926": [69], "3.228547542096932": [70], "2.725060627681159": [71], "3.5839704654704496": [72], "3.319290268624719": [73], "3.413352711787847": [74], "1.598560090643208": [75], "2.8197034363621296": [76], "3.09856664156377": [77], "2.7903987536402477": [78, 609], "2.744057548514758": [79], "2.7850229907218607": [80], "3.5016978869380626": [81], "2.793226101441143": [82], "3.7076017267221704": [83, 126, 157, 188, 284, 404, 410, 440], "3.0335692161682286": [84], "2.6349857166424666": [86], "3.591012718991576": [87, 555, 584, 605], "2.969368683056562": [88], "4.044387876383633": [89], "3.4569101981736474": [90, 223], "3.4562681131524253": [91], "3.4361116880922213": [93], "3.152351181299157": [94], "2.748293490482353": [95], "3.3540863553175413": [96], "2.883771458033927": [97], "3.08502102694002": [98], "2.233638662945818": [99], "4.449447389472396": [100, 615], "3.001306254430754": [101], "3.4252436088030893": [102], "1.2445362829945306": [103], "3.836182905177652": [104], "3.5799444788873354": [105], "3.3663793351645865": [106], "8.402882452152259": [107], "3.594028985929589": [108], "3.1108771079860777": [109], "3.137802931250574": [110], "2.808251817972186": [111], "2.6661934220776144": [113], "3.634718179508993": [114], "2.5292416245195755": [115], "2.8943398969438814": [116], "2.067758950032408": [117], "3.49062296628771": [118], "9.864896867838043": [119, 497, 598], "2.4754148667276517": [120], "3.3170573647384165": [121], "2.779872437850774": [122, 137, 189, 283], "3.147728091577704": [123], "3.111025333722359": [124], "3.651373050315907": [125], "3.6281515330918137": [127], "3.0636404830693302": [128], "3.5360477017316465": [129], "3.0006631509586628": [130], "2.977210240090886": [132], "1.3549225844628214": [133], "3.8669061421077173": [134], "2.740773072355693": [135], "3.2416717261948835": [136], "3.6624978004702733": [138], "3.498969502429194": [139], "2.8393996363214877": [140], "1.9541195752638882": [142], "4.048367779127232": [143, 175, 318, 405, 548, 577, 586, 587], "3.1395769809207112": [144], "4.066272380338308": [145, 154], "2.9055449651912033": [146], "7.03280660529878": [147], "3.217221468460712": [148], "3.1188365241808644": [149], "3.0881547808045324": [150], "3.5669973896196603": [151], "4.031680262029067": [152], "3.305138443998147": [153], "4.117259712653274": [155], "3.1708715151942024": [156], "3.8790183445784168": [158, 179, 262, 334, 389, 479, 583], "3.1694830823815257": [159], "3.089408235079534": [160], "1.8436408170515344": [161], "3.825546337648089": [162], "2.825627419016142": [163], "2.4829323503472733": [164], "2.8842159956413296": [166], "4.030956068561456": [168], "3.1899334023782044": [169], "3.8752142669521077": [170, 248, 354, 383, 565], "2.954855697542513": [171], "3.613602951461913": [172], "3.288342204922963": [173], "3.2632976873831607": [174], "3.8279429776416274": [176, 455], "3.0454417680348653": [177], "3.1342412943194145": [180], "3.795700943729511": [183], "2.990162899154062": [185], "3.026497755536074": [186], "2.9151343057317125": [187], "3.507540259520793": [190], "3.5824740197302662": [191], "3.0926569683845186": [192], "2.652333522970853": [193], "3.098965591615343": [194], "2.311118920151798": [195], "3.048236885970857": [196], "3.457850818527004": [197], "2.780060407775586": [198], "2.3572347298281504": [199], "2.899673500395254": [200], "8.083078686019862": [201], "1.9818266666888427": [202], "2.9096803035370686": [203], "4.0318511606147664": [204], "3.3642318119128642": [205], "4.3563282748637295": [207], "3.6232455794369613": [208], "3.4682707744629475": [209], "5.279299299045194": [211], "3.8452385829782787": [212], "2.976410936577689": [213, 349], "1.6189166724332276": [214], "3.587217393532292": [215], "6.102631452610693": [217], "2.440626889425968": [218], "2.5464441067557098": [219], "3.6101839007093255": [221], "2.9989687347414966": [222], "3.5747902932129576": [224], "2.9891637818353023": [225], "2.835897412180872": [226], "2.50145640587802": [227], "3.3834801091448528": [228, 242], "4.030558094624022": [229], "2.8277417304198447": [230], "3.630009155546022": [231], "3.8720276279364283": [232], "0.30815062610796434": [233], "4.069668883970374": [234], "1.2072210905571725": [236], "3.7417825016617248": [237], "2.9571861842390215": [238], "0.35471590293639915": [239], "1.2338240682502872": [240], "1.9363392599989535": [241], "4.073927021763574": [243], "4.264306778372706": [244], "3.778958214960669": [245], "1.588476486961333": [246], "3.06239456654579": [247], "3.2732116333012327": [249], "2.949615368472133": [250], "4.927568482569625": [251], "3.8603838183005474": [252], "2.5944269343378": [254], "4.607330184554007": [255], "3.6065907452319905": [256], "3.4795899489617867": [258, 296], "2.883697792726021": [259], "8.506093120380676": [260], "6.005708379586159": [261], "3.1831521879125577": [263], "3.296443758588727": [264], "4.632691395167625": [265], "3.000877184868348": [266], "2.8208136575676237": [268], "3.935085834784484": [270, 368], "2.886330560268483": [272], "3.1559088187933657": [273], "3.3629683554523213": [274], "3.3592862252255684": [275], "3.6081134929718424": [276], "2.7964472780727605": [277], "2.793843103952648": [278], "9.72950310086533": [279], "2.5889102206040353": [280], "7.054464351623467": [281], "3.045472781205976": [285], "4.135150417971116": [286], "0.709512786672977": [287], "3.5049687185011877": [288], "4.058078717079985": [289], "2.7693461220613003": [292], "2.8465160188270473": [293], "2.140572443210635": [294], "2.0921391550722137": [295], "2.2337711179378608": [297], "2.980059892197509": [298], "2.5956506632599705": [299], "2.971005531172284": [300], "2.931864817635077": [302], "1.7522253088472803": [303], "3.698629973013575": [304], "3.387358212170525": [305], "2.5148259763567076": [306], "2.874022771662432": [309], "2.6993452251913443": [310], "3.177131949542255": [311], "2.4361746216600393": [312], "2.78041533684023": [314], "3.768071409809251": [315], "2.5917751859630003": [316], "2.2616667366044774": [319], "3.4580759101353653": [320],