{"16.666666666666664": [1], "36.0": [2, 8, 41, 63, 65, 85, 97], "32.75122528543581": [3], "15.823809523809523": [4], "7.415678084099137": [5, 25, 47, 114], "33.52332219437483": [6], "30.625062656641603": [7], "30.49462545252019": [9], "8.788721804511278": [11, 58], "34.05506822612085": [12], "27.222166527429685": [13], "29.44172932330827": [14], "5.761027568922306": [15], "12.66697298802562": [17], "11.442188805346701": [18], "28.652032859927598": [19], "15.966666666666665": [20, 43, 44, 57, 108, 116, 125], "34.07446393762183": [21], "2.4724310776942353": [22, 119], "35.3": [23], "32.3265664160401": [24], "27.3192425508215": [26], "3.0884015594541907": [27, 53, 68, 138], "1.1083820662768031": [28], "35.0": [29, 51], "2.6232386521860205": [30], "4.450960735171261": [32], "3.574115845168476": [33], "0.5504873294346978": [34], "3.0217348927875243": [36], "5.415970481759955": [37, 99], "32.582414369256476": [38], "4.40089111668059": [39], "30.517557783347257": [40], "2.5620996936786407": [42, 121], "3.840782511835143": [45], "32.04316346421609": [46], "29.378933444722918": [48], "2.847577276524645": [49], "3.4848370927318295": [50], "32.711459203564466": [52], "6.665483152325258": [54], "7.489752158173212": [55, 104, 132], "8.851935394040659": [56], "32.39374825953773": [59], "27.348872180451128": [60], "35.83333333333333": [61], "15.999999999999998": [62], "32.95460874408243": [64], "6.303592314118631": [66], "2.058688387635756": [67], "2.7016569200779728": [69, 96], "5.027081592871067": [70], "4.68052074631022": [71], "32.232094124199385": [72], "0.8401559454191033": [73], "13.547173489278752": [74], "33.06542745753272": [75], "32.84316346421609": [76], "32.966722361459205": [77], "32.88157894736842": [78], "11.217042606516289": [79], "33.1463798384851": [80, 95], "2.0216513505987193": [81], "2.398357003620162": [82], "0.5719298245614035": [83], "11.479225842383737": [84], "6.172626009468115": [86], "2.5738791423001954": [87], "27.22957393483709": [88], "4.723182957393484": [89], "6.515483152325258": [90], "30.51791979949875": [91], "9.798357003620161": [92], "16.299999999999997": [93], "27.013199665831245": [94], "28.303648008911168": [98], "0.14814814814814814": [100], "29.40547201336675": [101], "30.64650515176831": [102], "0.7282651072124755": [103], "26.939125591757172": [105], "2.1147312726260092": [106], "35.76803118908382": [107], "11.299888610414929": [109], "2.265692007797271": [110], "32.78898635477583": [111], "9.12887774993038": [112], "9.5052074631022": [113], "6.937092731829574": [115], "14.011403508771929": [117], "8.336313004734057": [118], "34.55828460038987": [120], "9.536549707602338": [122], "1.3499025341130604": [123], "27.185129490392647": [126], "28.925062656641604": [127], "30.665775549986076": [128], "13.896101364522417": [129], "33.848245614035086": [130], "2.651768309663046": [131], "10.26296296296296": [133], "27.058423837371205": [134], "5.304859370648844": [135], "35.728070175438596": [136], "12.165483152325258": [137], "0.25925925925925924": [139], "34.96666666666667": [140], "3.278766360345308": [141], "30.422626009468114": [142], "3.0837649679754944": [143], "10.218434976329714": [144], "34.3916179337232": [145], "2.6646198830409356": [146], "33.22045391255918": [147], "33.81228070175438": [148]}