{"1": 0.9999999999999999, "2": 0.40795674246804886, "3": 0.2188891298391888, "4": 0.4039767187527342, "5": 0.9999999999999999, "6": 0.8428571428571429, "7": 0.518276444557122, "8": 0.8571750080377237, "9": 0.6431117585066786, "10": 0.7996677740863787, "11": 0.6968340213115694, "12": 0.35007528611376, "13": 0.47493123637695495, "14": 0.9999999999999999, "15": 0.9999999999999999, "16": 0.9800664451827241, "17": 0.49970984789868084, "18": 0.8738648947951272, "19": 0.9956346229414496, "20": 0.9999999999999999, "21": 0.9108418617903131, "22": 0.6101846699960513, "23": 0.43831492636015196, "24": 0.4059559654672719, "25": 0.670618145711919, "26": 0.9999999999999999, "27": 0.9999999999999999, "28": 0.9640658594789984, "29": 0.9999999999999999, "30": 0.9999999999999999, "31": 0.9999999999999999, "32": 0.5746844467051303, "33": 0.9800664451827241, "34": 0.5061361871912724, "35": 0.9990354731540027, "36": 0.9800664451827241, "37": 0.8631060041305461, "38": 0.8120652969007913, "39": 0.9999999999999999, "40": 0.8447926898950369, "41": 0.6913605744331281, "42": 0.9791019183367269, "43": 0.40275733417679616, "44": 0.46884260549462564, "45": 0.8915836101882613, "46": 0.88367772869434, "47": 0.8428571428571429, "48": 0.4628475598039418, "49": 0.31309344241773784, "50": 0.6726452012246675, "51": 0.49076995058669054, "52": 0.8915836101882613, "53": 0.5489246110347815, "54": 0.8749723145071981, "55": 0.4006940103205241, "56": 0.8915836101882613, "57": 0.8132869167056286, "58": 0.8222668307412706, "59": 0.5562564752790883, "60": 0.458990238735175, "61": 0.5161884668636357, "62": 0.9999999999999999, "63": 0.2574799746271186, "64": 0.7975008945376537, "65": 0.8262458471760797, "66": 0.9214839424141749, "67": 0.5002668826428338, "68": 0.917032450753381, "69": 0.36020585916899284, "70": 0.4258546589218543, "71": 0.9999999999999999, "72": 0.43731880326296785, "73": 0.4548255496037084, "74": 0.4471198495713553, "75": 0.9931982995748937, "76": 0.44613077386895844, "77": 0.9205194155681776, "78": 0.2665081774582364, "79": 0.6913361671372603, "80": 0.9999999999999999, "81": 0.2907025659892448, "82": 0.35448325415638676, "83": 0.44503675036308193, "84": 0.32212164524885567, "85": 0.3866206469437634, "86": 0.8915836101882613, "87": 0.5731495326260089, "88": 0.24025513270235166, "89": 0.32395011066643264, "90": 0.5471139013524611, "91": 0.4818616075930405, "92": 0.2114226694845064, "93": 0.14701608124070886, "94": 0.2942712623829332, "95": 0.4787824429824216, "96": 0.39010619139490643, "97": 0.27544512727772835, "98": 0.8738648947951272, "99": 0.25322301182069695, "100": 0.5465686119688906, "101": 0.25464785782811716, "102": 0.7189021932591754, "103": 0.7827732443314911, "104": 0.9143762809071994, "105": 0.9999999999999999, "106": 0.8820255299303632, "107": 0.25211172120131503, "108": 0.5912013640392165, "109": 0.756492813560652, "110": 0.8695781088129174, "111": 0.5526475287058291, "112": 0.8738648947951272, "113": 0.45922754295919016, "114": 0.8112297697658323, "115": 0.8523572415866918, "116": 0.437318898727108, "117": 0.8943653513635295, "118": 0.5938176521795641, "119": 0.0483887770620168, "120": 0.0483887770620168, "121": 0.0483887770620168, "122": 0.0483887770620168, "123": 0.0483887770620168, "124": 0.0483887770620168, "125": 0.0483887770620168, "126": 0.0483887770620168, "127": 0.0483887770620168, "128": 0.0483887770620168, "129": 0.0483887770620168, "130": 0.0483887770620168, "131": 0.0483887770620168, "132": 0.0483887770620168, "133": 0.0483887770620168, "134": 0.8738648947951272, "135": 0.9956346229414496, "136": 0.9999999999999999, "137": 0.5666813413785873, "138": 0.8781692426103528, "139": 0.8738648947951272, "140": 0.7565908757528091, "141": 0.9541528239202657, "142": 0.8078289195532792, "143": 0.9999999999999999, "144": 0.9693541921706105, "145": 0.60469230010276, "146": 0.8915836101882613, "147": 0.9425249169435215, "148": 0.45338034415839584, "149": 0.6620326243732095, "150": 0.7802260879905291, "151": 0.7806471324315072, "152": 0.8104503362889389, "153": 0.8738648947951272, "154": 0.8705426356589147, "155": 0.882630861797082, "156": 0.6228445639548417, "157": 0.4865278846470574, "158": 0.41787361324656364, "159": 0.8738648947951272, "160": 0.9097347727826774, "161": 0.7311481704687149, "162": 0.9248062015503874, "163": 0.5020402435416904, "164": 0.8694995177365769, "165": 0.6886003415367901, "166": 0.8672060872360947, "167": 0.7912222668197376, "168": 0.6400308541290216, "169": 0.9248062015503874, "170": 0.5817343393219505, "171": 0.8824088675230031, "172": 0.637210602541221, "173": 0.6856066396362185, "174": 0.7676305582746479, "175": 0.9415603900975242, "176": 0.8659168324263169, "177": 0.9317254549116085, "178": 0.7378933204353846, "179": 0.9425249169435215, "180": 0.9406607604282022, "181": 0.6871566209900793, "182": 0.9016222866667619, "183": 0.7921848582120794, "184": 0.8458167536508548, "185": 0.7935680318918986, "186": 0.8656865170100623, "187": 0.8794774504719847, "188": 0.8523331786754785, "189": 0.43486977364911134, "190": 0.7758069381528817, "191": 0.896758060406115, "192": 0.8538049751960372, "193": 0.8885790729590964, "194": 0.7527409411103548, "195": 0.8744231607590304, "196": 0.8367811293006877, "197": 0.8888701255757304, "198": 0.9209932008238728, "199": 0.8479678016169282, "200": 0.8183037529517007, "201": 0.8207842057322284, "202": 0.7895806065830714, "203": 0.8184274958897185, "204": 0.8181583357877431, "205": 0.8259820622107622, "206": 0.807165441995578, "207": 0.7672983323610266, "208": 0.8157662108310485, "209": 0.3550159657677609, "210": 0.340705298166985, "211": 0.5171382565445367, "212": 0.9011234374646654, "213": 0.8986665438064001, "214": 0.8999562524425881, "215": 0.8739503658322648, "216": 0.7822217233105669, "217": 0.23328558609611016, "218": 0.754402288074992, "219": 0.758180385803363, "220": 0.18954646253971086, "221": 0.8292675982848525, "222": 0.8431748487048025, "223": 0.8455280201288131, "224": 0.8466538968360853, "225": 0.824308252863606, "226": 0.8242101906714489, "227": 0.8342941998284406, "228": 0.3725658360263441, "229": 0.7866559826531961, "230": 0.824308252863606, "231": 0.7776062777884661, "232": 0.8727638447121888, "233": 0.8515656880301613, "234": 0.8427190101126442, "235": 0.7701544148227248, "236": 0.7290701576255108, "237": 0.09862730417869203, "238": 0.7642529281528317, "239": 0.6746900725466797, "240": 0.5254439043850683, "241": 0.5609023334159975, "242": 0.6250219347449012, "243": 0.7754561333116687, "244": 0.7672983323610266, "245": 0.7891603567844057, "246": 0.8160152848021244, "247": 0.3252281911160917, "248": 0.8155679469793713, "249": 0.7642529281528317, "250": 0.8244807402078862, "251": 0.79515042674136, "252": 0.7670100053794191, "253": 0.8014159925262702, "254": 0.7718995885216011, "255": 0.8377483011873751, "256": 0.43616487734749443, "257": 0.7295998241984739, "258": 0.7991816641425471, "259": 0.17855805407514763, "260": 0.7310108478311244, "261": 0.7108676742826352, "262": 0.7288328269332449, "263": 0.6958125434146226, "264": 0.8014770122529205, "265": 0.7569974825065382, "266": 0.5414878293213948, "267": 0.7651707908781105, "268": 0.6780977830918887, "269": 0.703161974250282, "270": 0.703161974250282, "271": 0.6097338874345626, "272": 0.42353482827440603, "273": 0.7143995521500612, "274": 0.1965232067257574, "275": 0.6303375493628414, "276": 0.5937926988645025, "277": 0.6483027020134511, "278": 0.597081808152433, "279": 0.3695481173109509, "280": 0.5116221562288437, "281": 0.4224854162615389, "282": 0.5116221562288437}