{"1.0": [1098, 1109, 1115, 1164, 1193, 1207, 1210, 1245, 1295, 1658], "0.6561488462999459": [1100], "0.3948281543721125": [1105], "0.6291175744864599": [1108], "0.9923914560938154": [1114], "0.7912142989328235": [1130], "0.29685252703654763": [1142], "0.9693564149099541": [1144], "0.7056287316279719": [1148], "0.7440123502884655": [1149], "0.9679952533854531": [1157, 1191], "0.9752547815161247": [1159], "0.29876277965903597": [1168], "0.7740776243551326": [1179], "0.7398148268394754": [1181], "0.6333593336558347": [1190], "0.48110485407893927": [1196], "0.5489872049193367": [1202], "0.7172055037352805": [1205], "0.30714159326513185": [1209], "0.9122574340360184": [1221], "0.24438287517572538": [1232], "0.08627304721615277": [1238], "0.08971085260495634": [1246], "0.8935850900460701": [1260], "0.11573931281228794": [1261], "0.05860664785769247": [1305], "0.19753684145593148": [1307], "0.17019957209042594": [1320], "0.057515364810768514": [1323], "0.2846288582476486": [1327], "0.07939743643854563": [1332], "0.22667722371748877": [1352], "0.22285671847251215": [1362], "0.17603746968432737": [1363], "0.9459025547954768": [1365], "0.03781585927683931": [1373], "0.30207396537114173": [1374], "0.1184685350103406": [1377], "0.4934052251719917": [1378], "0.3291015846939538": [1383], "0.16981687223425287": [1385], "0.3022541549110578": [1391], "0.23589935683697555": [1393], "0.3320950037174239": [1395], "0.10777241898775684": [1399], "0.22044850962147208": [1401], "0.08736433026307672": [1416], "0.11268420727965742": [1460], "0.08589034735997975": [1469], "0.20969882373567003": [1485, 1613], "0.9468797989669133": [1513], "0.9963702359346643": [1518], "0.10498151028054374": [1525], "0.08888376638344983": [1535], "0.11852210487355888": [1547], "0.595830803645348": [1580], "0.9773139745916516": [1590], "0.14962630962082277": [1594], "0.913583693982968": [1625], "0.28797251054352313": [1660], "0.08610909096812105": [1701], "0.3256637793051502": [1702], "0.12839925132057828": [1769], "0.032195487794187835": [1784]}