{"563.0257936507936": [2], "561.9714285714284": [3], "369.9000000000012": [4], "202.44206349206357": [5], "393.1150793650801": [6], "447.3146825396834": [7], "235.93888888888867": [9], "268.9083333333337": [11], "373.83531746031815": [12], "323.56190476190505": [13], "306.08452380952434": [14], "227.8353174603175": [15], "302.3226190476194": [16], "94.06428571428573": [17], "491.14682539682605": [18], "381.93928571428654": [19], "397.3146825396837": [20], "257.65912698412717": [21], "400.0261904761918": [22], "450.5944444444445": [23], "275.5559523809528": [24], "259.73888888888916": [25], "174.9154761904763": [26], "207.43055555555534": [27], "61.9166666666666": [28], "229.1595238095238": [29], "415.79880952381063": [30], "396.9428571428574": [31], "205.50952380952367": [32], "251.57297979797988": [33], "312.7142857142861": [35], "86.21428571428574": [36], "243.4333333333334": [37], "297.6841269841272": [38], "217.4761904761905": [39], "353.11782106782215": [40], "209.27619047619038": [41], "215.42976190476176": [42], "351.759884559885": [43], "229.30873015873004": [44], "390.4547619047626": [45], "912.0428571428521": [46], "252.00238095238092": [47], "69.79166666666666": [48], "137.46071428571432": [49], "612.1531385281376": [50], "400.9360750360758": [51], "139.7642857142858": [52], "315.3642857142862": [53], "495.6181457431465": [54], "237.8452380952382": [55], "234.88809523809536": [56], "306.00952380952407": [58], "395.7571428571431": [59], "363.50173160173216": [60], "200.97738095238108": [61], "131.8468253968254": [62], "827.2845238095258": [63], "98.35000000000004": [64], "177.98055555555547": [65], "278.82976190476217": [66], "224.07222222222217": [67], "81.07499999999997": [68], "112.89880952380945": [69], "445.32261904762055": [70], "134.39444444444442": [71], "322.6507936507945": [72], "389.87261904761993": [73], "307.894047619048": [74], "74.79285714285713": [75], "319.471428571429": [76], "408.769047619049": [77], "251.54523809523798": [78], "203.34761904761905": [79], "178.58809523809526": [80], "318.3337301587305": [81], "164.11190476190464": [82], "297.87857142857143": [83], "342.54404761904846": [84], "365.1539321789328": [85], "185.39523809523794": [86], "341.9297619047624": [87], "234.4499999999997": [88], "380.4773809523817": [89], "345.02698412698504": [90], "329.9214285714292": [91], "381.82896825396904": [92], "426.56190476190596": [93], "200.14484126984118": [94], "321.48333333333386": [95], "433.2940476190485": [96], "184.21190476190483": [97], "448.2956349206365": [98], "173.39999999999998": [99], "451.58253968254115": [100], "288.56904761904747": [101], "322.39126984127006": [102], "79.06666666666669": [103], "410.31626984127047": [104], "412.9940476190485": [105], "307.03769841269883": [106], "233.08423520923506": [107], "349.08095238095234": [108], "428.32380952381084": [109], "330.2226190476196": [110], "251.87142857142828": [111], "268.35714285714266": [113], "219.48373015873045": [114], "201.8571428571426": [115], "196.1642857142858": [116], "142.31666666666678": [117], "251.943253968254": [118], "757.6452991453001": [119], "177.91666666666652": [120], "425.21388888889027": [121], "231.70238095238076": [122], "281.6329365079369": [123], "333.63015873015956": [124], "482.9186507936509": [125], "478.64960317460435": [126], "152.5666666666667": [127], "261.3186507936511": [128], "197.84242424242427": [129], "276.07460317460317": [130], "610.5380952380953": [131], "246.18333333333322": [132], "84.94761904761904": [133], "246.85357142857183": [134], "203.57142857142853": [135], "253.30952380952357": [136], "252.53333333333327": [137], "288.65674603174614": [138], "229.68134920634907": [139], "263.4833333333334": [140], "634.0563492063483": [141], "137.1000000000001": [142], "541.8412698412712": [143], "338.2424603174611": [144], "354.76031746031805": [145], "200.66904761904763": [146], "337.8849206349206": [147], "404.9376984126999": [148], "223.41269841269815": [149], "285.88174603174616": [150], "232.16702741702719": [151], "479.5246031746037": [152], "264.90198412698413": [153], "521.2440476190483": [154], "312.66230158730195": [155], "380.046031746033": [156], "355.50952380952435": [157], "303.2194444444452": [158], "506.30238095238275": [159], "195.99325396825395": [160], "121.65714285714292": [161], "303.90512265512285": [162], "254.64999999999972": [163], "160.9738095238096": [164], "260.4904761904762": [166], "740.8936507936498": [167], "237.97258297258315": [168], "190.74603174603175": [169], "439.6178571428582": [170], "218.64523809523828": [171], "242.82182539682583": [172], "231.09206349206323": [173], "288.5190476190479": [174], "549.7888888888897": [175], "465.3523809523814": [176], "230.9666666666664": [177], "454.4156204906223": [178], "454.8289682539686": [179], "243.48968253968243": [180], "529.3059523809519": [181], "236.8551587301587": [183], "406.8059523809532": [184], "203.44126984126964": [185], "277.73452380952386": [186], "215.53333333333347": [187], "721.3670634920617": [188], "270.32142857142827": [189], "306.33769841269896": [190], "441.10873015873113": [191], "412.9916666666684": [192], "173.67142857142855": [193], "295.82817460317494": [194], "158.85476190476183": [195], "323.9000000000003": [196], "416.2380952380959": [197], "249.82380952380927": [198], "163.98333333333326": [199], "214.94880952380956": [200], "539.0463924963927": [201], "138.47142857142865": [202], "268.6761904761905": [203], "248.24166666666673": [204], "505.6706349206373": [205], "293.1265873015877": [206], "234.17777777777775": [207], "284.23650793650836": [208], "225.1535714285715": [209], "485.1067460317468": [210], "577.0253607503611": [211], "294.44801587301663": [212], "244.85119047619028": [213], "117.36666666666673": [214], "497.48730158730416": [215], "265.8707209457209": [217], "185.24999999999983": [218], "172.0309523809523": [219], "394.31984126984247": [221], "210.77023809523794": [222], "337.5424603174613": [223], "260.4380952380959": [224], "306.3880952380958": [225], "352.09761904761973": [226], "195.69999999999982": [227], "372.02142857142945": [228], "423.0773809523814": [229], "239.83571428571435": [230], "487.7599206349224": [231], "383.1876984126988": [232], "23.633333333333333": [233], "468.14166666666733": [234], "769.8690836940823": [235], "83.2904761904762": [236], "184.99801587301596": [237], "234.38730158730172": [238], "26.63333333333334": [239], "78.43095238095236": [240], "123.86507936507955": [241], "324.5773809523816": [242], "226.33571428571398": [243], "271.638455988456": [244], "99.79321789321787": [245], "122.11666666666682": [246], "343.333333333334": [247], "286.9817460317461": [248], "370.9380952380958": [249], "294.6309523809528": [250], "325.3817460317462": [251], "463.634487734489": [252], "172.35": [254], "472.3674242424257": [255], "205.5940476190477": [256], "462.6072150072151": [257], "472.6500000000019": [258], "289.83690476190463": [259], "357.073773448774": [260], "321.2326617826624": [261], "549.7313492063494": [262], "310.3392857142861": [263], "242.06666666666672": [264], "345.30079365079416": [265], "282.51269841269857": [266], "461.7897546897556": [267], "202.98571428571415": [268], "405.55952380952465": [270], "316.32976190476245": [272], "178.5476190476191": [273], "294.69523809523855": [274], "452.17380952381086": [275], "327.1404761904766": [276], "222.96666666666673": [277], "227.24761904761897": [278], "382.82750305250346": [279], "185.2642857142858": [280], "389.82619047619113": [281], "283.8464285714286": [282], "282.5214285714287": [283], "414.1531746031755": [284], "294.45436507936546": [285], "330.9900793650802": [286], "48.207142857142834": [287], "244.52976190476195": [288], "600.4523809523807": [289], "368.56345598845655": [291], "262.4714285714282": [292], "242.94523809523815": [293], "141.88333333333344": [294], "137.8238095238096": [295], "375.8250000000008": [296], "134.96071428571435": [297], "204.61984126984132": [298],