{"154.29404761904766": [1426], "141.00714285714287": [1427], "132.23095238095246": [1428], "153.9214285714287": [1429], "35.2": [1430], "201.5654761904765": [1431], "129.3142857142857": [1434], "95.8511904761904": [1435], "272.22380952381": [1437], "163.68095238095225": [1439], "43.0547619047619": [1441], "159.7571428571429": [1443], "83.84999999999997": [1451], "201.15119047619078": [1452], "80.53333333333329": [1453], "227.58809523809552": [1457], "263.4880952380956": [1458], "128.65238095238087": [1459], "70.31666666666663": [1461], "101.68214285714281": [1465], "122.2555555555555": [1468], "121.85714285714275": [1471], "80.30357142857143": [1475], "209.9452380952383": [1477], "90.64404761904757": [1479], "151.61190476190473": [1480], "202.97976190476209": [1482], "43.290476190476184": [1483], "161.0357142857143": [1486], "112.50000000000004": [1489], "133.28928571428574": [1493], "125.27023809523803": [1495], "229.91547619047654": [1498], "157.36309523809527": [1500], "105.44761904761907": [1501], "130.21190476190475": [1502], "182.12142857142868": [1503], "108.61547619047612": [1504], "75.98095238095233": [1511], "97.29484126984121": [1516], "36.599999999999994": [1519], "121.42976190476186": [1520], "42.49999999999999": [1521], "149.49285714285722": [1522], "39.72380952380953": [1524], "76.00952380952376": [1525], "118.5980158730158": [1528], "128.28571428571433": [1532], "221.6285714285715": [1533], "53.79285714285712": [1538], "87.57023809523807": [1539], "96.07261904761896": [1545], "85.58690476190475": [1546], "130.0285714285714": [1548], "79.23333333333335": [1549], "273.9821428571431": [1551], "209.98809523809518": [1552], "150.3404761904761": [1555], "250.4690476190478": [1558], "204.42857142857142": [1560], "125.87619047619037": [1562], "197.35000000000014": [1563], "140.0642857142856": [1564], "154.5690476190476": [1567], "126.63571428571427": [1570], "150.4714285714286": [1572], "149.25476190476186": [1574], "232.5250000000006": [1578], "254.33809523809532": [1579], "103.51428571428568": [1580], "139.0904761904762": [1585], "157.94523809523818": [1592], "233.98333333333375": [1594], "44.04484126984126": [1601], "112.11785714285705": [1603], "119.7238095238095": [1604], "117.7178571428571": [1606], "15.63333333333333": [1609], "235.73809523809553": [1613], "69.50476190476188": [1616], "132.27857142857138": [1617], "53.995238095238086": [1618], "260.1011904761911": [1625], "241.5750000000004": [1628], "64.08333333333329": [1630], "71.05952380952374": [1632], "48.81666666666666": [1637], "88.64999999999998": [1641], "75.51666666666662": [1643], "150.74404761904768": [1647], "110.50952380952378": [1648], "94.12857142857138": [1649], "101.74523809523805": [1650], "90.44285714285712": [1653], "162.29761904761907": [1656], "193.7869047619052": [1661], "200.50952380952418": [1663], "244.751190476191": [1664], "299.7869047619053": [1665], "254.26071428571478": [1666], "97.54999999999991": [1668], "152.74523809523814": [1670], "316.66904761904846": [1673], "170.6047619047621": [1674], "318.9047619047624": [1675], "200.52976190476227": [1680], "137.39523809523806": [1681], "102.72857142857137": [1682], "223.79285714285749": [1684], "172.27619047619058": [1685], "113.62142857142847": [1687], "209.95595238095268": [1688], "259.23690476190524": [1695], "145.93095238095233": [1696], "339.3821428571433": [1697], "280.7869047619055": [1698], "248.81666666666675": [1700], "90.89761904761905": [1702], "199.18214285714296": [1704], "125.57261904761897": [1705], "77.82142857142853": [1706], "162.46904761904764": [1707], "283.02142857142906": [1708], "68.81666666666662": [1709], "45.3547619047619": [1710], "144.31071428571434": [1711], "99.74166666666662": [1712], "82.09285714285713": [1713], "146.60357142857143": [1714], "22.840476190476192": [1715], "137.86428571428561": [1718], "214.62380952380965": [1719], "158.83333333333343": [1720], "155.11428571428578": [1722], "83.10714285714282": [1723], "154.28214285714296": [1727], "151.40476190476195": [1730], "151.18214285714285": [1731], "90.13095238095235": [1732], "39.36666666666667": [1735], "96.95": [1737], "102.01666666666661": [1738], "52.688095238095215": [1739], "81.2833333333333": [1741], "126.30714285714292": [1743], "89.76071428571426": [1744], "216.58214285714337": [1745], "113.53333333333336": [1746], "146.6833333333334": [1748], "182.56428571428577": [1749], "40.22023809523808": [1750], "130.7535714285714": [1751], "137.14047619047625": [1752], "28.400000000000006": [1753], "197.9809523809524": [1757], "185.8250000000001": [1759], "40.555952380952384": [1760], "208.7142857142857": [1761], "135.95952380952386": [1763], "119.32619047619053": [1764], "282.15952380952405": [1765], "105.40833333333335": [1766], "121.31666666666669": [1767], "157.78690476190474": [1768], "41.49999999999999": [1770], "100.3595238095238": [1772], "71.88928571428569": [1774], "106.83095238095235": [1775], "78.71547619047615": [1778], "135.56428571428566": [1779], "250.85714285714306": [1780], "125.9666666666667": [1782], "129.50952380952387": [1783], "112.41904761904757": [1787], "101.10357142857143": [1789], "151.13095238095244": [1790], "134.37857142857146": [1792], "204.3642857142859": [1795], "103.53333333333335": [1796], "100.64761904761899": [1797], "83.03333333333333": [1798], "26.833333333333343": [1799], "45.63333333333333": [1800], "167.28333333333345": [1801], "98.36111111111114": [1802], "16.38095238095238": [1803], "38.24761904761905": [1805], "37.983333333333334": [1807], "124.38333333333337": [1809], "117.36666666666659": [1815], "53.509523809523785": [1818], "64.34563492063486": [1819], "109.34999999999997": [1820], "119.86587301587302": [1821], "319.64404761904797": [1822], "56.8833333333333": [1824], "65.9944444444444": [1831], "257.96904761904784": [1833], "81.58333333333333": [1835], "57.28055555555553": [1836], "193.3361111111113": [1837], "180.88333333333344": [1838], "172.5690476190477": [1843], "146.37539682539682": [1847], "247.2750000000004": [1851], "142.45833333333323": [1852], "69.44523809523804": [1854], "181.5404761904763": [1855], "122.95714285714288": [1857], "74.70476190476185": [1858], "192.46785714285738": [1859], "146.27142857142854": [1861], "32.45000000000001": [1863], "55.756349206349164": [1865], "150.84484126984125": [1866], "71.05238095238091": [1872], "77.24047619047616": [1877], "69.022619047619": [1880], "70.24999999999994": [1883], "97.91666666666667": [1885], "195.49523809523822": [1887], "53.57579365079362": [1888], "171.90000000000006": [1889], "288.9095238095246": [1890], "34.961507936507935": [1892], "122.79246031746032": [1895], "60.12142857142854": [1897], "98.23095238095236": [1898], "240.68452380952408": [1902], "110.84047619047614": [1906], "196.7833333333334": [1907], "234.18809523809597": [1908], "177.08333333333348": [1909], "29.050000000000004": [1910], "246.58571428571483": [1911], "229.86190476190512": [1912], "79.7892857142857": [1913], "249.93095238095262": [1916], "58.75476190476188": [1917], "92.61309523809523": [1919], "201.36309523809538": [1920], "152.29047619047623": [1922]}