{"80.12003013146399": [0], "48.37501670371248": [1], "41.20953486013469": [2], "51.392278941735235": [3], "32.54077456161247": [4], "46.89679008856637": [5], "45.0650141313822": [6], "38.61527980962964": [7], "42.82689104016313": [8], "31.058762582446793": [9], "37.836538111787775": [10], "29.653279645191407": [11], "38.18738131923114": [12], "39.83568386377982": [13], "38.383211336307305": [14], "31.759198360978544": [15], "38.57259548836372": [16], "34.11563496522675": [17], "34.8992522398482": [18], "35.469746810207326": [19], "33.97331077539869": [20], "28.547147400243375": [21], "27.624274803200947": [22], "31.28810343887556": [23], "32.46348412544046": [24], "28.197236455924536": [25], "30.95039078783273": [26], "24.611075036075032": [27], "26.565551173889084": [28], "26.526430469172407": [29], "21.249618540214517": [30], "26.514136330562476": [31], "25.44959056286269": [32], "23.92052734451928": [33], "25.22942014126224": [34], "22.789587884595626": [35], "22.681513290201373": [36], "24.59449504348698": [37], "18.51755685190283": [38], "21.71499662618083": [39], "18.51733087174264": [40], "21.941052755640673": [41], "17.148649553061315": [42], "17.58080808080808": [43], "20.212025985710195": [44], "21.389156597186783": [45], "20.112973393565497": [46], "17.757134304810446": [47], "17.535795302049173": [48], "17.961987529071575": [49], "16.1888598698371": [50], "14.649010303422067": [51], "17.25670144913566": [52], "16.36048534798535": [53], "16.4321784940206": [54], "15.909598940790893": [55], "12.075287212787215": [56], "14.439844694778907": [57], "15.559956271798379": [58], "14.980425671679543": [59], "15.134986796828903": [60], "16.10923757614934": [61], "14.984171639763744": [62], "12.05699300699301": [63], "15.348330756360944": [64], "13.10554923232942": [65], "12.910563997406104": [66], "12.828711639237953": [67], "13.213407425907425": [68], "13.49965779834201": [69], "11.695757562011433": [70], "11.014730664072768": [71], "10.262427805169741": [72], "11.731003791530108": [73], "12.136738955488955": [74], "12.607132450882451": [75], "11.803721278721282": [76], "10.204167177851389": [77], "10.76221191089612": [78], "9.206349206349207": [79], "9.922533308195074": [80], "10.006753903907603": [81], "9.713977688977689": [82], "8.1837657956079": [83], "9.979671279013385": [84], "9.905148141332354": [85], "7.130790992633099": [86], "7.997189310947052": [87], "9.064718176560282": [88], "8.224621723305933": [89], "5.845702500114265": [90], "9.084403199999175": [91, 92, 93], "8.253836952521164": [94], "8.729035320461467": [95], "7.034249112517364": [96], "8.476741131675343": [97], "7.015546953046954": [98], "7.638271042682808": [99], "8.392109234851171": [100], "7.859036796536797": [101], "8.432926853764764": [102], "7.422927584111795": [103], "4.758838383838384": [104], "7.210292770954537": [105], "4.94877344877345": [106], "6.3888565682683325": [107], "5.560839160839161": [108], "6.68724100366715": [109], "6.09728281943652": [110], "6.0355075032494385": [111], "6.187283111625217": [112], "5.016996891996892": [113], "5.446950271950272": [114], "4.483566433566434": [115], "4.56025641025641": [116], "4.73061017929439": [117], "4.502289377289378": [118], "4.545454545454546": [119], "2.416666666666667": [120], "3.8243672993672995": [121], "3.4634615384615386": [122], "2.8225524475524475": [123], "2.532051282051282": [125], "2.582167832167832": [126], "1.9591346153846154": [127], "0.9903846153846154": [128, 130], "0.9285714285714286": [129]}