{"0": 80.12003013146399, "1": 48.37501670371248, "2": 41.20953486013469, "3": 51.392278941735235, "4": 32.54077456161247, "5": 46.89679008856637, "6": 45.0650141313822, "7": 38.61527980962964, "8": 42.82689104016313, "9": 31.058762582446793, "10": 37.836538111787775, "11": 29.653279645191407, "12": 38.18738131923114, "13": 39.83568386377982, "14": 38.383211336307305, "15": 31.759198360978544, "16": 38.57259548836372, "17": 34.11563496522675, "18": 34.8992522398482, "19": 35.469746810207326, "20": 33.97331077539869, "21": 28.547147400243375, "22": 27.624274803200947, "23": 31.28810343887556, "24": 32.46348412544046, "25": 28.197236455924536, "26": 30.95039078783273, "27": 24.611075036075032, "28": 26.565551173889084, "29": 26.526430469172407, "30": 21.249618540214517, "31": 26.514136330562476, "32": 25.44959056286269, "33": 23.92052734451928, "34": 25.22942014126224, "35": 22.789587884595626, "36": 22.681513290201373, "37": 24.59449504348698, "38": 18.51755685190283, "39": 21.71499662618083, "40": 18.51733087174264, "41": 21.941052755640673, "42": 17.148649553061315, "43": 17.58080808080808, "44": 20.212025985710195, "45": 21.389156597186783, "46": 20.112973393565497, "47": 17.757134304810446, "48": 17.535795302049173, "49": 17.961987529071575, "50": 16.1888598698371, "51": 14.649010303422067, "52": 17.25670144913566, "53": 16.36048534798535, "54": 16.4321784940206, "55": 15.909598940790893, "56": 12.075287212787215, "57": 14.439844694778907, "58": 15.559956271798379, "59": 14.980425671679543, "60": 15.134986796828903, "61": 16.10923757614934, "62": 14.984171639763744, "63": 12.05699300699301, "64": 15.348330756360944, "65": 13.10554923232942, "66": 12.910563997406104, "67": 12.828711639237953, "68": 13.213407425907425, "69": 13.49965779834201, "70": 11.695757562011433, "71": 11.014730664072768, "72": 10.262427805169741, "73": 11.731003791530108, "74": 12.136738955488955, "75": 12.607132450882451, "76": 11.803721278721282, "77": 10.204167177851389, "78": 10.76221191089612, "79": 9.206349206349207, "80": 9.922533308195074, "81": 10.006753903907603, "82": 9.713977688977689, "83": 8.1837657956079, "84": 9.979671279013385, "85": 9.905148141332354, "86": 7.130790992633099, "87": 7.997189310947052, "88": 9.064718176560282, "89": 8.224621723305933, "90": 5.845702500114265, "91": 9.084403199999175, "92": 9.084403199999175, "93": 9.084403199999175, "94": 8.253836952521164, "95": 8.729035320461467, "96": 7.034249112517364, "97": 8.476741131675343, "98": 7.015546953046954, "99": 7.638271042682808, "100": 8.392109234851171, "101": 7.859036796536797, "102": 8.432926853764764, "103": 7.422927584111795, "104": 4.758838383838384, "105": 7.210292770954537, "106": 4.94877344877345, "107": 6.3888565682683325, "108": 5.560839160839161, "109": 6.68724100366715, "110": 6.09728281943652, "111": 6.0355075032494385, "112": 6.187283111625217, "113": 5.016996891996892, "114": 5.446950271950272, "115": 4.483566433566434, "116": 4.56025641025641, "117": 4.73061017929439, "118": 4.502289377289378, "119": 4.545454545454546, "120": 2.416666666666667, "121": 3.8243672993672995, "122": 3.4634615384615386, "123": 2.8225524475524475, "125": 2.532051282051282, "126": 2.582167832167832, "127": 1.9591346153846154, "128": 0.9903846153846154, "129": 0.9285714285714286, "130": 0.9903846153846154}