{"19.21666666666667": [1], "58.033333333333296": [3], "31.76666666666668": [4], "76.7642857142857": [9], "37.84047619047619": [14], "60.554761904761854": [15], "23.250000000000004": [20], "22.816666666666677": [21], "31.000000000000018": [27], "38.349999999999994": [28], "15.266666666666667": [32], "28.95000000000001": [34], "68.43333333333328": [38], "24.90000000000001": [39], "38.116666666666674": [41], "55.51666666666664": [45], "15.666666666666664": [46], "8.0": [47], "25.10000000000001": [48], "29.600000000000016": [54], "31.766666666666676": [55], "61.166666666666636": [58], "49.34999999999998": [61], "1.0": [62], "35.000000000000014": [63], "34.866666666666674": [65], "32.76666666666667": [70], "33.31904761904763": [71], "35.550000000000004": [72], "35.55000000000002": [79], "53.4785714285714": [80], "34.48333333333334": [85], "14.55": [87, 435], "38.666666666666664": [89], "41.44999999999999": [90], "35.45": [92], "60.46666666666661": [101, 177], "4.466666666666667": [103], "85.70000000000003": [106], "29.550000000000008": [111], "44.87380952380952": [115], "35.88333333333334": [116], "60.84999999999996": [117], "55.54999999999997": [119], "65.99047619047614": [120], "58.816666666666634": [122], "25.183333333333337": [124], "24.100000000000005": [125], "18.683333333333334": [131], "49.866666666666646": [132], "48.88333333333331": [134], "21.900000000000006": [145], "63.63333333333329": [147], "3.666666666666667": [149, 468], "41.71666666666666": [151], "30.416666666666675": [156], "24.88333333333334": [159], "49.84999999999999": [160], "2.666666666666667": [165], "44.06666666666665": [170], "10.683333333333335": [171], "33.3309523809524": [172], "11.583333333333334": [173, 647], "59.188095238095194": [176], "53.41666666666663": [179], "21.21666666666667": [181], "37.06666666666667": [184], "46.85476190476188": [185], "40.530952380952385": [190], "41.38333333333332": [194], "60.91666666666662": [196], "43.46666666666665": [199], "85.86666666666669": [200], "49.96666666666665": [201], "41.233333333333334": [202], "40.23333333333333": [205], "8.25": [209], "42.11666666666666": [210], "50.14999999999998": [211], "34.16428571428572": [213], "30.90714285714287": [214], "16.549999999999997": [219], "26.250000000000007": [220], "10.333333333333334": [222], "27.916666666666675": [226], "25.700000000000006": [227], "81.06666666666662": [232], "10.5": [236], "7.666666666666668": [239], "56.033333333333296": [240], "21.650000000000002": [241], "39.41666666666668": [242], "29.25000000000001": [243], "45.59999999999999": [245], "15.08333333333333": [246], "13.749999999999998": [248, 763], "59.31666666666664": [252], "29.283333333333342": [253], "56.51428571428567": [254], "24.85": [255], "53.1333333333333": [256], "23.083333333333336": [257], "35.666666666666664": [258], "36.64999999999999": [265], "58.72380952380949": [267], "22.41666666666667": [268], "32.564285714285724": [269], "77.98333333333333": [272], "10.833333333333332": [274, 391], "64.03333333333327": [275], "44.823809523809516": [276], "11.0": [277], "20.166666666666668": [279], "14.083333333333332": [280], "69.897619047619": [285], "23.333333333333343": [290], "26.800000000000008": [295], "14.749999999999996": [306, 743], "35.047619047619044": [311], "24.31666666666667": [312], "62.21666666666663": [322], "25.83333333333334": [325], "43.58333333333332": [327], "39.15": [333], "29.08333333333334": [335], "19.75": [339], "14.1": [343], "26.63333333333334": [346], "47.78333333333332": [353], "31.96666666666668": [356], "48.23333333333331": [364], "10.833333333333334": [366], "56.96666666666662": [372], "28.083333333333346": [374], "42.083333333333314": [376], "45.13095238095235": [382], "30.683333333333344": [387], "34.15000000000001": [388], "40.95": [390], "11.95": [400], "45.033333333333324": [407], "72.41904761904759": [413], "20.716666666666672": [420], "27.800000000000008": [424], "33.116666666666674": [425], "26.783333333333342": [428], "28.916666666666675": [429], "2.0": [434], "13.083333333333332": [438], "27.41666666666667": [440], "31.750000000000014": [441], "23.466666666666672": [443], "4.333333333333334": [445], "9.666666666666668": [446], "36.56666666666667": [447], "54.78571428571427": [448], "16.333333333333332": [450], "29.90000000000001": [452], "20.3": [453], "21.050000000000004": [454], "29.983333333333345": [464], "14.583333333333336": [465], "11.083333333333332": [466], "27.08333333333334": [471], "14.749999999999998": [475], "15.416666666666664": [477], "63.985714285714245": [480], "13.833333333333332": [484, 917], "10.483333333333334": [486], "32.783333333333346": [487], "43.3142857142857": [488], "21.183333333333334": [489], "21.166666666666668": [491, 1336], "64.947619047619": [492], "29.900000000000002": [494], "77.4880952380952": [496], "10.75": [497, 909], "31.350000000000012": [498], "38.75": [502], "23.66666666666667": [504], "6.916666666666668": [510], "25.58333333333334": [513], "7.333333333333334": [520], "17.3": [525], "15.349999999999998": [527], "14.45": [531], "11.1": [533], "23.98333333333334": [544], "27.416666666666675": [545], "9.25": [548], "13.999999999999998": [564], "11.333333333333332": [576], "10.999999999999998": [577], "24.766666666666673": [582], "7.083333333333334": [587], "45.09761904761904": [601], "42.98333333333333": [603], "72.46666666666663": [605], "17.433333333333334": [612], "25.41666666666668": [615], "18.46666666666667": [621], "12.26666666666667": [622], "17.666666666666668": [624], "30.333333333333346": [626], "14.766666666666666": [627], "50.516666666666644": [634], "20.049999999999997": [637], "14.916666666666664": [638], "24.95000000000001": [640], "47.64999999999998": [642], "35.2": [649], "19.883333333333336": [650], "53.299999999999976": [653], "11.583333333333332": [655, 921], "49.99999999999997": [658], "41.08333333333332": [674], "14.299999999999997": [677], "1.8333333333333335": [681], "24.983333333333338": [687], "30.916666666666682": [691], "27.750000000000004": [694], "8.833333333333334": [702], "45.93333333333332": [706], "37.18333333333334": [720], "13.533333333333333": [725], "17.333333333333332": [744], "7.916666666666668": [751], "20.53333333333334": [753], "34.35000000000001": [765], "16.05": [769], "5.083333333333334": [771], "10.083333333333332": [777], "56.66666666666662": [778], "28.266666666666676": [779], "12.583333333333334": [784], "20.93333333333334": [786], "5.916666666666667": [790], "12.083333333333334": [791], "25.0": [797], "16.916666666666664": [798], "19.433333333333334": [809], "52.18333333333332": [826], "40.98333333333333": [836], "13.333333333333332": [841], "15.383333333333333": [843], "39.26666666666666": [845], "13.5": [854], "14.549999999999997": [857], "26.833333333333336": [859], "96.46666666666661": [866], "17.633333333333333": [867], "53.449999999999974": [869], "43.333333333333314": [871], "22.483333333333338": [874], "4.833333333333334": [882], "25.600000000000005": [883], "45.33333333333332": [884], "20.016666666666666": [886], "32.58333333333334": [893], "34.116666666666674": [894], "12.0": [908], "17.483333333333334": [920], "25.283333333333342": [923], "23.916666666666675": [927], "36.60000000000001": [938], "44.43333333333332": [939], "17.716666666666665": [941], "22.600000000000005": [945], "25.800000000000004": [954], "32.08333333333334": [958], "10.833333333333336": [959], "9.75": [960], "26.650000000000006": [970], "3.333333333333334": [974], "21.66666666666667": [977], "9.0": [979], "29.183333333333344": [984], "23.416666666666668": [991], "28.745238095238108": [998], "12.166666666666664": [1067], "28.050000000000015": [1201], "28.650000000000013": [1204], "66.84047619047614": [1212], "36.807142857142864": [1214], "50.32380952380951": [1216], "25.266666666666673": [1218], "42.749999999999986": [1228], "8.5": [1232], "22.91666666666667": [1237], "18.633333333333336": [1238], "13.416666666666666": [1260], "47.540476190476184": [1295], "36.35000000000001": [1320],