{"0": 53.876144065849815, "1": 50.07868673586238, "2": 51.74251321200453, "3": 50.768533746989426, "4": 48.418025032258015, "5": 49.12933253377346, "6": 47.38880331094937, "7": 48.10148951806529, "8": 48.663259284303585, "9": 48.946127427399844, "10": 48.01916668435111, "11": 47.656100386560986, "12": 44.39328240443216, "13": 45.21511507037706, "14": 45.47527086115499, "15": 42.627501432694785, "16": 45.124486033581476, "17": 45.24270524730156, "18": 46.44587975559604, "19": 47.129805463639286, "20": 45.44290626100533, "21": 44.6448763533168, "22": 43.898719223315005, "23": 43.00116148195548, "24": 42.926653927672206, "25": 42.18722361363505, "26": 41.32389680061591, "27": 44.925328939525954, "28": 45.060601296001295, "29": 44.39699393524961, "30": 42.381208429398555, "31": 42.82623477259927, "32": 43.19231516078035, "33": 42.712954713494646, "34": 43.06633831843039, "35": 43.8978355346668, "36": 41.476489771795876, "37": 42.105615548991594, "38": 42.51336267709622, "39": 41.981504544388066, "40": 39.769680402406976, "41": 41.70301274578957, "42": 41.777096513410854, "43": 42.68862990569062, "44": 42.593217171597466, "45": 39.73224593112887, "46": 38.52712865176565, "47": 39.09132326345686, "48": 40.50926645810473, "49": 41.464029784315926, "50": 41.10217351824512, "51": 42.03827498768149, "52": 41.291507440331294, "53": 39.91276055367809, "54": 41.25718247926708, "55": 40.7904002768192, "56": 40.67893548213043, "57": 41.13580622393773, "58": 39.11902965158185, "59": 39.998608309852976, "60": 37.23346219069296, "61": 37.93613919532331, "62": 39.075961350843414, "63": 39.5059360698211, "64": 39.57826004740908, "65": 39.5944291302772, "66": 37.88473318369508, "67": 39.358847224827215, "68": 37.19792780007161, "69": 35.70195919461885, "70": 37.32483980903878, "71": 38.72208603579935, "72": 39.2741494487831, "73": 37.96133710873853, "74": 37.057555312984825, "75": 39.0305562799959, "76": 38.7834635201091, "77": 38.25109748436043, "78": 39.1454224030146, "79": 38.305972900392405, "80": 38.76846912559424, "81": 39.11951781411685, "82": 37.4210295792163, "83": 38.924673092911014, "84": 36.186660144704675, "85": 37.40239149207197, "86": 35.5042162633813, "87": 36.93336622908181, "88": 37.87700506225971, "89": 36.63120590453492, "90": 35.76473176313821, "91": 37.241794731057034, "92": 38.389927842967424, "93": 35.7590816619101, "94": 35.520445539710856, "95": 34.99493636247376, "96": 34.9981692026868, "97": 36.900663894071535, "98": 36.724260126284825, "99": 36.640375071075574, "100": 36.89189508823419, "101": 35.93429449929849, "102": 37.4279527525711, "103": 35.56456450919713, "104": 36.69049460866614, "105": 36.32040326423025, "106": 36.92609162577077, "107": 35.92355019932228, "108": 34.79966390105102, "109": 33.215620105987256, "110": 33.20043966942259, "111": 35.53586671324153, "112": 35.96210264348419, "113": 34.63553254413564, "114": 35.10029431977508, "115": 34.58571300428863, "116": 35.12913251056826, "117": 34.831493954709224, "118": 36.3511649294858, "119": 34.39300296358686, "120": 34.972008524867235, "121": 34.75947543972461, "122": 35.83448884124979, "123": 33.73088778003229, "124": 34.26596958643111, "125": 33.44529086748216, "126": 35.3322094772837, "127": 33.19073899258004, "128": 34.71634117994376, "129": 35.252594216122084, "130": 34.56086145810081, "131": 34.93544377482027, "132": 35.28669188770127, "133": 34.89851496245962, "134": 32.477900535963926, "135": 33.87309118028774, "136": 34.97437870981331, "137": 34.72349322904057, "138": 35.017138691620666, "139": 33.979661640630205, "140": 33.14833268871108, "141": 33.82372589058779, "142": 34.120249846706315, "143": 32.409855340621874, "144": 33.19029617759896, "145": 34.53191262070068, "146": 31.94855218078908, "147": 34.20817873920246, "148": 34.228962579968936, "149": 33.77416523574518, "150": 33.601960708454364, "151": 33.99890403307318, "152": 33.329077700238756, "153": 33.45472891969657, "154": 32.44147157066414, "155": 33.10659322834362, "156": 32.809647018584904, "157": 33.23269448818446, "158": 30.72357121201307, "159": 31.03335801764019, "160": 32.29851602672688, "161": 32.39692666048283, "162": 32.285680787491486, "163": 32.048056212856224, "164": 32.90860911274371, "165": 32.94838615343035, "166": 32.745278550231205, "167": 31.67628850787225, "168": 33.78355405456999, "169": 32.2302452948864, "170": 33.75990208986059, "171": 33.34835804296272, "172": 33.10724011321293, "173": 32.025141760718135, "174": 32.74543409692907, "175": 31.259999266724975, "176": 32.408088133768366, "177": 30.68384801884382, "178": 30.814826950193282, "179": 31.430884775217578, "180": 31.120030708744906, "181": 32.1927005068113, "182": 31.233897926913947, "183": 32.5789901312936, "184": 31.737985421502, "185": 32.38295451830669, "186": 31.44477735305882, "187": 31.610765316152325, "188": 31.599194327413098, "189": 32.91208479819701, "190": 30.81681095371113, "191": 32.72126860704935, "192": 32.42321738423468, "193": 32.49838779080627, "194": 32.29798375846505, "195": 31.63443460978468, "196": 32.08010578656339, "197": 31.70243038902984, "198": 29.763324514925543, "199": 31.3373968097782, "200": 30.783462639822247, "201": 31.666798635681637, "202": 30.862430994896965, "203": 31.335165837199344, "204": 29.897365527270395, "205": 29.262654270912076, "206": 31.206640084807194, "207": 31.55756154752608, "208": 29.85904472068642, "209": 29.08337947466396, "210": 30.50591721028246, "211": 30.873685610171023, "212": 31.41103895396794, "213": 29.685924579905606, "214": 31.388150499396012, "215": 29.632875343972028, "216": 29.414877856145413, "217": 31.651996396962407, "218": 31.038425890931702, "219": 31.983662575200082, "220": 30.77806658251168, "221": 31.074702829578083, "222": 31.79105299992173, "223": 31.503467822682733, "224": 29.29339413574594, "225": 28.347890792678978, "226": 30.113539082793977, "227": 29.989535838329623, "228": 30.621083689508446, "229": 30.636604796190326, "230": 28.0594626541089, "231": 30.42939999962804, "232": 30.819177734883862, "233": 29.99035307876296, "234": 30.843508544541546, "235": 29.927342370734415, "236": 29.96617326281557, "237": 30.122484413898444, "238": 29.808758309877767, "239": 28.801066616909633, "240": 29.863315944513676, "241": 30.552087603123166, "242": 27.894392839690255, "243": 29.937438649798914, "244": 30.737396129408282, "245": 30.25650877123802, "246": 29.266016449823905, "247": 29.81078626075904, "248": 28.97213689198443, "249": 28.19580323375804, "250": 28.484374154745623, "251": 29.966801938780087, "252": 29.69455176164355, "253": 29.588128336139672, "254": 29.409470884305716, "255": 28.939179480781974, "256": 29.447700716492076, "257": 29.812500835296078, "258": 27.97686721502767, "259": 29.210737866975514, "260": 29.143635498924098, "261": 29.99807517883354, "262": 27.238414150656745, "263": 29.524960464451883, "264": 29.89654202310618, "265": 28.516037844317427, "266": 29.34515366482395, "267": 28.91393975922131, "268": 29.31717711213574, "269": 29.873040018720506, "270": 28.607016513913152, "271": 29.853528756966305, "272": 28.464475336075896, "273": 28.700966285652473, "274": 29.413975278517885, "275": 29.903784561591372, "276": 28.849550117909587, "277": 29.671865350677987, "278": 28.403957900329672, "279": 29.508431051696633, "280": 28.011112612081668, "281": 25.61134337848754, "282": 27.59370115609568, "283": 28.074439012503134, "284": 28.360723566820376, "285": 28.635006729291508, "286": 27.620875872449954, "287": 28.57359052090133, "288": 28.075025991547225, "289": 27.804549157481688, "290": 28.65921182902175, "291": 28.230865956676055, "292": 28.835680235670008, "293": 26.71680126109644, "294": 28.939804344561963, "295": 28.30633889086126, "296": 28.423639451448437, "297": 28.813438550705, "298": 28.794060006102086, "299": 28.31931335590827, "300": 28.114093688960605, "301": 28.34540195238209, "302": 28.876035137001228, "303": 28.424340865684428, "304": 28.278383818542515, "305": 27.9257062370842, "306": 24.61990037306798,