{"95.67251046724597": [1], "71.21278141473385": [2], "107.62861904635959": [3], "1742.2794121481115": [4], "832.1983485402076": [5], "2685.0195470944072": [6], "779.4568950975276": [7], "179.66455740725948": [8], "246.283208906835": [9], "207.7979004884926": [10], "123.04774685008985": [11], "229.91864262070135": [12], "77.61551780220071": [13], "604.1419082954478": [14], "299.38686768801085": [15], "1983.8897002445392": [16], "597.2714969214187": [17], "705.6082509404096": [18], "1404.2110017164111": [19], "949.0051116428366": [20], "296.23051998701845": [21], "1687.2123520485366": [22], "353.2183224217092": [23], "2876.6512412741567": [24], "187.57554006724274": [25], "378.3985440092746": [26], "222.96200559499906": [27], "660.914607393712": [28], "345.563515764874": [29], "878.6981348414953": [30], "375.43088479449113": [31], "112.25434038915151": [32], "88.72754895105487": [33], "1402.3559430227654": [34], "1283.181926436346": [35], "729.0253905521388": [36], "185.80357578063604": [37], "442.942628957784": [38], "481.6002431401498": [39], "388.30208419694446": [40], "1690.0754084704345": [41], "306.3126826101481": [42], "688.8787901161924": [43], "1156.8090337593696": [44], "406.4650981832898": [45], "523.2490321250483": [46], "326.31338018552765": [47], "332.3583058624206": [48], "34.746734169894836": [49], "390.92362523101013": [50], "164.46288867540028": [51], "437.85549737619937": [52], "221.91742963078255": [53], "489.20721513009283": [54], "435.2981196153761": [55], "628.2884730747544": [56], "704.965302584109": [57], "278.0512534919948": [58], "331.8215482863928": [59], "400.4849529980962": [60], "212.53350427015522": [61], "509.1564074775898": [62], "312.47562806602394": [63], "153.95320854038115": [64], "731.7959912643037": [65], "370.7687851151791": [66], "114.05035516066954": [67], "454.42598313648836": [68], "258.9738802264084": [69], "294.91113703866614": [70], "735.2859339357079": [71], "354.137415161256": [72], "991.0218545018404": [73], "1664.6594920939744": [74], "120.14364783996335": [75], "1986.5130960115014": [76], "229.54517139812702": [77], "246.46197729788713": [78], "950.256874615233": [79], "305.3302520100835": [80], "607.3448334115915": [81], "599.0494001802961": [82], "173.52392966241155": [83], "220.70717749742803": [84], "201.66708779658236": [85], "77.9351329127807": [86], "175.13353967962792": [87], "230.83897292719422": [88], "54.24980178394639": [89], "118.30451376020568": [90], "1146.7193621305487": [91], "337.79489885102316": [92], "19.632555455639405": [93], "1042.2821939225055": [94], "1750.0996481623101": [95], "817.445613120842": [96], "68.87832765187008": [97], "277.304731903086": [98], "12.342101252209948": [99], "525.1521574103418": [100], "252.57827738170346": [101], "1233.9975251615233": [102], "843.0542787391826": [103], "177.73566489214267": [104], "2157.9010397222373": [105], "424.0460420116065": [106], "169.13739940023078": [107], "261.17967467095986": [108], "1010.4133716635856": [109], "971.0959498830699": [110], "1467.7153358668236": [111], "343.5542985465793": [112], "1546.2711311632647": [113], "182.6613069063492": [114], "289.82445081924914": [115], "52.07943729063895": [116], "1073.1959692468115": [117], "865.363997969912": [118], "1578.904814306028": [119], "1240.0994453272629": [120], "1690.5470073134113": [121], "2157.5243730418815": [122], "929.6427133519333": [123], "761.358019972093": [124], "1867.9503396666025": [125], "1335.3082701460778": [126], "834.7405333510784": [127], "559.1000148798192": [128], "24.166157928368143": [129], "16.613842956537454": [130], "2.7404761904761905": [131], "1717.661856226311": [132], "453.53633923883666": [133], "1908.846921883357": [134], "363.79401654051054": [135], "1135.3472797023521": [136], "784.439287290454": [137], "2200.496565268565": [138], "1340.2253563078343": [139], "1107.170343036373": [140], "957.3403284325858": [141], "93.62570411904728": [142], "356.8064630398486": [143], "1080.3783964344307": [144], "1007.3959789502562": [145], "1011.8445497191536": [146], "1337.5681663987148": [147], "1080.03854897345": [148], "327.8337560240831": [149], "835.3774514633095": [150], "791.1118611430052": [151], "852.1494498366627": [152], "349.71921761862546": [153], "1930.0124407178039": [154], "302.5204527959058": [155], "829.3127371579693": [156], "802.4280876927202": [157], "1335.1972014159992": [158], "1344.7158399737132": [159], "294.3067837189592": [160], "1934.6086623695485": [161], "477.60680451345735": [162], "1062.876810082025": [163], "378.9731775806381": [164], "450.1385949131373": [165], "4.766696315913222": [166], "1432.6163276110024": [167], "762.4780047380654": [168], "261.1886486719363": [169], "1130.1548655478907": [170], "275.54244938541063": [171], "277.67368394349785": [172], "1876.6238101464016": [173], "160.9581670516049": [174], "284.6096655176822": [175], "552.3426251632474": [176], "1458.8598184339717": [177], "553.1163569533356": [178], "820.8857087536148": [179], "1371.0675216808513": [180], "753.9181062906184": [181], "1399.8902033518034": [182], "2015.3366253411975": [183], "1571.593345017636": [184], "10.111011775418554": [185], "614.1211182345829": [186], "969.279083140982": [187], "1319.0890652886583": [188], "1724.6577400095725": [189], "330.42522949589244": [190], "1134.9771386708455": [191], "1690.9173535031791": [192], "1416.7576698416628": [193], "535.6146848203498": [194], "548.102792566961": [195], "1165.5089050552263": [196], "109.95263686901707": [197], "1232.6290895520158": [198], "679.165785440169": [199], "1184.681069367852": [200], "1202.3928351913853": [201], "1041.9109857079734": [202], "625.1622223815173": [203], "838.9825139583538": [204], "641.108895322376": [205], "742.2208737791827": [206], "623.796166940374": [207], "736.9892960859523": [208], "1402.7763090861329": [209], "971.8673372937759": [210], "212.63585313794562": [211], "327.49971912134197": [212], "1021.2490677035606": [213], "632.9499911788307": [214], "937.8807823390802": [215], "164.5244421675821": [216], "287.48737574078115": [217], "1029.1480647396313": [218], "458.4902750920823": [219], "512.9329796917953": [220], "261.12442966595194": [221], "408.77650416453434": [222], "479.52033133092283": [223], "257.54237861157725": [224], "836.335443170133": [225], "660.4222911675416": [226], "1040.1943038613524": [227], "23.671371390964822": [228], "1103.6298361590655": [229], "434.4566664441084": [230], "747.4516376965552": [231], "69.20373218589593": [232], "503.3561688427649": [233], "349.7228393395756": [234], "855.3043201513448": [235], "466.20162230788833": [236], "426.4498095730853": [237], "595.4643560232439": [238], "497.70559935928884": [239], "608.4911846470753": [240], "413.64202903205125": [241], "834.8857067738129": [242], "512.5456278317381": [243], "187.21770546507912": [244], "10.198419384622946": [245], "505.8271365000665": [246], "497.38214050474767": [247], "654.4550055491779": [248], "580.1881346951484": [249], "464.73549646586173": [250], "414.4722128139077": [251], "496.4537950751217": [252], "506.4357303852267": [253], "1100.0244387712955": [254], "998.8119654117838": [255], "599.1636163784693": [256], "820.7481944513432": [257], "526.154686119798": [258], "353.7722591433911": [259], "540.3073333214156": [260], "855.3168942116978": [261], "589.6487178005618": [262], "755.6839408490473": [263], "368.0753859465465": [264], "282.71895667989565": [265], "602.897910645119": [266], "389.00096104716346": [267], "364.66950822930215": [268], "400.11043649641533": [269], "360.0030903266946": [270], "311.6873284778701": [271], "421.04637428036307": [272], "160.33863248202118": [273], "630.5630492308728": [274], "542.9752986436641": [275], "442.55719293298716": [276], "240.81707061802308": [277], "396.2841785503569": [278], "224.80558784236595": [279], "397.6679781102537": [280], "304.7487410599216": [281], "215.0882115499436": [282], "0.98989898989899": [283], "140.13414026033416": [284], "139.7005802160121": [285],