{"576.7885558885555": [1], "287.85277777777833": [2], "132.18663003663008": [3], "130.820695970696": [4], "114.29569597069593": [5], "372.38097735597756": [6], "276.93650793650835": [7], "286.2107142857151": [8], "203.04246031746044": [9], "13.885714285714284": [10], "232.20634920634984": [11], "191.03980463980474": [12], "74.25620490620487": [13], "315.9353174603181": [14], "278.71403318903367": [15], "124.7277777777777": [16], "283.38137418137455": [17], "315.6107142857148": [18], "252.37380952381014": [19], "21.179761904761907": [20], "201.25613275613287": [21], "330.4238095238103": [22], "119.34218559218553": [23], "234.7989898989903": [24], "461.69099511599495": [25], "221.83333333333357": [26], "193.10277777777807": [27], "78.3456349206349": [28], "204.99137806637845": [29], "230.2521284271288": [30], "134.35036075036066": [31], "145.66309523809528": [32], "31.571428571428584": [33], "276.38571428571476": [34], "484.2117549117546": [35], "185.06984126984145": [36], "401.7412476412477": [37], "192.1063492063494": [39], "199.17896825396846": [41], "25.583333333333343": [42], "210.46345598845622": [43], "382.31972194472195": [44], "163.2111721611723": [45], "213.35476190476237": [46], "190.0975829725832": [47], "139.26236263736266": [48], "257.4058802308806": [49], "148.52023809523808": [50], "238.59603174603217": [51], "158.86904761904768": [52], "349.2824231324236": [53], "107.84285714285714": [54], "231.12539682539736": [55], "306.86102786102856": [57], "575.873004773005": [58], "62.35912698412697": [59], "213.66244588744627": [60], "407.0658730158733": [61], "232.659487734488": [63], "190.96215728715748": [64], "96.49674908424903": [65], "89.26758241758239": [66], "431.04651459651376": [67], "155.11190476190487": [69], "103.96428571428565": [70], "20.878571428571437": [71], "383.20340492840535": [72], "311.5975829725833": [73], "220.7198412698419": [74], "195.97451992452008": [75], "229.0607142857145": [76], "185.36504329004353": [77], "613.567726717726": [78], "132.22619047619048": [79], "283.56987734487774": [80], "238.64285714285768": [82], "225.1861832611837": [83], "47.57492784992782": [84], "258.7511904761909": [85], "51.4213564213564": [86], "107.94404761904755": [87], "397.2536019536021": [88], "214.92234432234454": [89], "251.48408535908553": [90], "221.22398989899006": [91], "301.7265512265515": [92], "109.30595238095235": [93], "475.74725274725273": [94], "50.754617604617586": [95], "305.1289571539575": [96], "70.09999999999998": [97], "83.71666666666665": [98], "305.6095238095245": [100], "14.264285714285714": [101], "235.20119047619116": [102], "385.11663059163055": [103], "200.8357142857145": [105], "221.80396825396858": [106], "267.89862914862965": [107], "174.06996336996346": [109], "63.48127289377287": [110], "190.14285714285748": [111], "247.63184870684898": [112], "338.8738233988235": [113], "530.2908508158504": [114], "22.279761904761912": [115], "294.5861111111114": [116], "431.75": [117], "14.947619047619048": [118], "240.37157287157322": [119], "541.5458319458314": [121], "258.83134920634996": [124], "190.20793650793672": [125], "161.45476190476188": [126], "237.2998917748923": [127], "312.80790043290096": [128], "311.7452020202024": [129], "364.760281385282": [130], "10.666666666666666": [131], "480.00292207792194": [132], "239.2818681318685": [133], "309.6526945276947": [134], "276.3634559884561": [135], "240.30488400488431": [136], "338.83531746031827": [137], "217.95674603174623": [138], "529.7923687423684": [139], "153.00436507936516": [141], "316.78856421356477": [143], "638.7177267177262": [144], "430.0527777777785": [145], "80.2576007326007": [146], "404.6035714285724": [147], "15.939285714285713": [148], "287.4306998557002": [149], "308.54682539682597": [150], "229.27698412698462": [152], "202.58647186147206": [153], "358.169841269842": [154], "163.39339826839833": [155], "55.03663003663001": [156], "192.45833333333348": [157], "105.51666666666665": [158], "337.5940476190485": [159], "250.0239316239319": [160], "130.8687728937729": [161], "92.98736263736258": [162], "425.57370129870066": [163], "53.76897546897545": [164], "208.81547619047646": [166], "252.536904761905": [167], "276.47347374847436": [168], "363.947488622489": [169], "94.85865800865795": [170], "216.19880952381007": [171], "150.64206349206344": [173], "18.639285714285716": [174], "478.513145188145": [175], "18.222619047619048": [176], "90.43953823953821": [177], "233.80515873015918": [178], "146.4876984126985": [179], "227.0825036075037": [180], "253.14235209235247": [182], "477.1555333555328": [183], "26.833333333333343": [184], "303.5250000000005": [185], "224.0852453102455": [186], "83.88333333333331": [187], "173.75079365079398": [188], "317.74278499278563": [189], "370.20674603174695": [190], "326.52821067821105": [191], "120.00873015873013": [192], "159.9841269841271": [193], "272.01464646464694": [194], "649.9208152958153": [195], "124.08564213564216": [196], "349.50234487734525": [197], "329.8338744588751": [198], "135.90238095238092": [199], "212.2639194139194": [200], "134.72020202020187": [201], "309.40393217893273": [202], "157.9325396825397": [203], "276.34285714285767": [204], "453.71497113997225": [205], "201.75966810966838": [206], "131.11230158730152": [207], "204.7904761904766": [208], "225.41666666666706": [209], "74.2550144300144": [210], "264.5654761904768": [211], "139.83095238095234": [213], "175.73782051282058": [214], "197.27500000000023": [215], "252.6035353535357": [216], "161.5135531135532": [217], "116.50198412698403": [220], "252.60714285714366": [221], "449.5483322233323": [222], "211.90448717948732": [223], "233.20786435786457": [224], "181.17413419913427": [225], "116.459249084249": [226], "137.91608946608932": [227], "275.28809523809576": [228], "154.14761904761906": [229], "128.12936507936507": [230], "238.66825396825433": [231], "502.4960317460335": [232], "21.285714285714292": [233], "383.3946026196025": [234], "122.58821733821729": [235], "357.7821428571435": [236], "223.03394660894688": [237], "307.66547619047685": [238], "609.7117243867231": [239], "35.80025252525252": [241], "77.69072871572867": [243], "334.6484126984135": [244], "222.02075702075723": [245], "166.61623376623396": [246], "139.02380952380952": [247], "292.66666666666737": [248], "162.80992063492073": [249], "25.179761904761914": [250], "305.2773809523817": [251], "283.8906121656128": [252], "111.43065268065273": [253], "277.84876234876276": [254], "220.25912698412742": [255], "219.65169552669573": [256], "256.7431707181712": [257], "44.31612554112553": [258], "60.92020202020199": [259], "83.86190476190471": [260], "270.4444444444449": [261], "44.30952380952378": [262], "66.86374458874454": [263], "278.26349206349255": [265], "129.1828282828283": [266], "7.897619047619048": [267], "221.37413419913446": [268], "34.86666666666668": [269], "312.8484126984133": [270], "310.21111111111156": [271], "273.82976190476245": [272], "289.9392496392502": [273], "206.19361471861507": [274], "301.0206349206354": [275], "254.855952380953": [276], "231.5920274170277": [277], "117.13214285714288": [278], "125.0977411477411": [279], "285.00833333333424": [280], "849.7098429348429": [282], "135.77619047619046": [283], "368.01147186147233": [284], "267.8571428571433": [285], "129.11626984126974": [286], "477.89544622044605": [287], "258.4636002886008": [288], "307.8472582972585": [289], "690.4055555555549": [290], "154.09047619047618": [292], "265.19523809523884": [293], "298.62178932179": [294], "208.37857142857172": [295], "345.7309523809529": [296], "185.58766233766247": [297], "209.20952380952428": [298], "426.35692640692616": [299], "252.26547619047685": [300], "176.37539682539702": [301], "174.20898268398278": [302], "344.72321012321055": [303], "165.90476190476207": [304], "272.77293262293307": [305], "439.1027583527582": [306], "196.1085497835499": [307], "148.47142857142856": [308], "297.0039321789327": [309], "73.09880952380949": [310],