{"43.45954611644558": [1], "7.575880655292421": [2], "1.8968253968253967": [3], "6.637878787878789": [4], "41.94930142228248": [5], "39.446369410117555": [6], "16.157884908349306": [7], "35.83126679112005": [8], "10.452662081166405": [9], "32.25437015143065": [10], "22.74968035060914": [11], "7.180047321959087": [12], "14.175940463904862": [13], "53.291012036146775": [14], "48.66376561126105": [15], "35.76678812706883": [16], "13.259506386286573": [17], "54.781351241151995": [18], "30.56797302103317": [19], "42.672822756880336": [20], "16.292744666627723": [21], "8.591734762870665": [22], "3.793838043384323": [23], "7.246481293666892": [24], "8.596691048415186": [25], "31.50252909676657": [26], "32.17754527165637": [27], "30.810820523556718": [28], "31.50341464651955": [29], "52.721856280855285": [30], "52.40005701893597": [31], "9.919935042982711": [32], "40.43167095812593": [33], "6.647496476454521": [34], "32.2269523231532": [35], "36.11652480542728": [36], "27.012691519592085": [37], "16.199253647270695": [38], "36.164185544643715": [39], "17.128900538271736": [40], "14.119932485340836": [41], "32.44644129291015": [42], "5.681219760631526": [43], "5.728398268398269": [44], "37.892017028092866": [45], "31.905978165854314": [46], "36.682522539977775": [47], "10.403314435822177": [48], "4.745687748783724": [49], "24.54963964782917": [50], "13.127887901572114": [51], "36.01470590182663": [52], "14.118169711265688": [53], "36.407175845883266": [54], "6.625880655292421": [55], "42.608288766741445": [56], "32.21262223605203": [57], "16.956854434470873": [58], "15.673381269573223": [59], "8.530426109837874": [60], "8.524165806673548": [61], "35.25448009726245": [62], "2.852130325814536": [63], "23.51943382831254": [64], "40.02796910949385": [65], "44.692491955256095": [66], "15.872565549345737": [67], "35.82144284291409": [68], "7.521784854292595": [69], "8.536618060302272": [70], "44.65240018392319": [71], "11.19725701285299": [72], "8.515975723622782": [73], "7.56546218487395": [74], "27.703744399301613": [75], "13.21098166539343": [76], "40.40456977681535": [77], "1.906926406926407": [78], "19.03707324965906": [79], "34.9737811953881": [80], "2.848102877514642": [81], "3.8160173160173163": [82], "8.567388167388168": [83], "2.8593073593073592": [84], "5.7140692640692645": [85], "45.06098434836925": [86], "21.679067544083022": [87], "3.6398809523809526": [88], "3.8004838298955947": [89], "16.95294394437617": [90], "15.523750943758683": [91], "3.560224089635854": [92], "3.7679738562091503": [93], "3.7868983957219253": [94], "11.374275930467883": [95], "8.28461081402258": [96], "3.787114845938375": [97], "50.81047203439683": [98], "7.288807189542484": [99], "15.14694311536417": [100], "5.659150326797386": [101], "18.88812992281552": [102], "26.374198039662428": [103], "16.109344575832385": [104], "41.833944035361014": [105], "32.305858056059286": [106], "1.898989898989899": [107], "11.292072605756816": [108], "22.38533548472436": [109], "33.24814608332543": [110], "9.488045157456924": [111], "57.783182018882975": [112], "8.5208681239641": [113], "29.07047980137897": [114], "23.404977276951968": [115], "10.39921802054155": [116], "18.968004358428185": [117], "5.699178146331847": [118], "0.9411764705882353": [119, 120, 121, 122, 123, 124, 125, 126, 127, 128, 129, 130, 131, 132, 133], "49.089646541520274": [134], "30.507918766623188": [135], "37.894716224598135": [136], "10.42361238240529": [137], "20.02279125645653": [138], "46.60143650526943": [139], "21.81746010136944": [140], "39.05143075613876": [141], "25.515136490765773": [142], "43.18821196517521": [143], "24.476865231285522": [144], "9.447878787878789": [145], "42.58786291935032": [146], "37.057186518514364": [147], "11.296486481354904": [148], "12.346902412584202": [149], "19.892742974035883": [150], "19.5625141825007": [151], "20.988769057029927": [152], "45.41264284279158": [153], "45.70743005722981": [154], "27.586507638512952": [155], "11.367435666104734": [156], "10.374702855623909": [157], "5.671428571428572": [158], "34.118823929693484": [159], "20.98165860394682": [160], "14.595397439677628": [161], "41.084611558468396": [162], "4.762880059172966": [163], "31.336789411774255": [164], "10.428234035449005": [165], "28.577610454423944": [166], "13.338904083881202": [167], "9.505104823983544": [168], "39.89134571039603": [169], "10.41060985797828": [170], "30.444201287761658": [171], "12.312535404911566": [172], "7.63851966873706": [173], "10.497495886180097": [174], "34.329034319470765": [175], "28.06568204466945": [176], "28.225114408785124": [177], "14.11394088666602": [178], "33.999374351109296": [179], "30.378725500937044": [180], "10.297567287784677": [181], "23.884668207036622": [182], "11.472653755262451": [183], "22.926508902996314": [184], "15.053275525643949": [185], "23.817777836198882": [186], "28.389945817183666": [187], "29.940864954394687": [188], "6.603063194974959": [189], "16.97384431444029": [190], "22.708695471195472": [191], "28.347288531677403": [192], "28.107291879660295": [193], "11.242236102104524": [194], "21.946350000761765": [195], "23.831520138277433": [196], "25.63609696833381": [197], "27.410507561587405": [198], "25.698144926520207": [199], "29.383999483227164": [200], "28.520034807141077": [201], "22.708891343845572": [202], "17.193373775982476": [203], "19.05934543612562": [204], "13.251762126762129": [205], "10.505330358047749": [206], "10.513160085528508": [207], "12.346321733821735": [208], "2.8420634920634917": [209], "1.9087301587301586": [210], "2.8803696303696307": [211], "26.414905168566484": [212], "20.071704245739085": [213], "25.070843707006688": [214], "18.98374615120204": [215], "22.344836977159627": [216], "1.899749373433584": [217], "16.10469120251729": [218], "12.323156521840732": [219], "1.880952380952381": [220], "11.484199134199137": [221], "12.434202424312781": [222], "13.325355666781816": [223], "14.271070129029455": [224], "14.310060821245033": [225], "13.368918114377445": [226], "17.140306044717807": [227], "3.786684660368871": [228], "16.14465908487648": [229], "14.31524133760976": [230], "13.299184149184152": [231], "17.871483750495706": [232], "16.127968069858614": [233], "15.268089358306753": [234], "15.057310371211974": [235], "15.172933734203758": [236], "1.8819444444444444": [237], "10.499101878513642": [238], "14.162400611084824": [239], "2.875757575757576": [240], "3.8209614946457053": [241], "3.8455197132616488": [242], "12.334117782801993": [243], "10.511057992350898": [244], "13.31518028754871": [245], "13.34648612195052": [246], "5.364514652014652": [247], "14.211332283700703": [248], "10.491637603658065": [249], "10.503596861556188": [250], "11.185087110437742": [251], "11.279315611924307": [252], "11.436200982253613": [253], "8.58645160882003": [254], "14.310884629197998": [255], "1.9212121212121214": [256], "11.407151767856439": [257], "8.558861532896376": [258], "0.9523809523809523": [259], "7.629078377762588": [260], "7.6120634482476595": [261], "8.5548794342912": [262], "8.460876623376624": [263], "9.375622115732472": [264], "8.485484443093139": [265], "7.532485525227462": [266], "7.626832844574782": [267], "8.455748418248419": [268], "6.667997791682002": [269], "6.68020317888739": [270], "7.503783764967976": [271], "3.7777065527065528": [272], "7.639626211994633": [273], "1.8898809523809523": [274], "3.8351661779081136": [275], "3.835497835497836": [276], "4.775065167807103": [277], "5.697719975815951": [278], "3.781547619047619": [279], "3.818121693121693": [280], "3.752818035426731": [281], "3.8163100989187946": [282]}