{"1": 101.80001053589736, "2": 49.995040172567975, "3": 52.90383843095744, "4": 28.411016148549137, "5": 33.2951312572692, "6": 165.29874114385828, "7": 194.00735146813875, "8": 28.676875095061497, "9": 174.47739995605244, "10": 27.40930123859414, "11": 10.784794978539582, "12": 206.49804086605616, "13": 10.781173113868793, "14": 174.35030687885114, "15": 22.95549786288241, "16": 12.603988012091953, "17": 62.14674084753139, "18": 87.22443824848428, "19": 74.77047592015654, "20": 0.5, "21": 29.81957034193876, "22": 62.88637137331807, "23": 42.56362561865944, "24": 60.969783128454694, "25": 6.15, "26": 105.43511211629823, "27": 46.49383122803163, "28": 48.600191650336406, "29": 23.695291516708338, "30": 20.545907845302214, "31": 58.4358995850502, "32": 17.6060791775177, "33": 17.64072332941579, "34": 15.709380896880896, "35": 96.12199923407623, "36": 21.49730449145755, "37": 77.07824179688312, "38": 15.497775617055805, "39": 87.11205403783886, "40": 132.322737426181, "41": 32.08472878447196, "42": 29.319707695542505, "43": 24.289429964554586, "44": 26.646945940068374, "45": 38.32504016073522, "46": 58.988004465595786, "47": 15.641904111111751, "48": 23.503649137873225, "49": 19.593007286121097, "50": 58.73508449022104, "51": 196.01558877109676, "52": 16.55399350649351, "53": 34.273413431388356, "54": 8.68676184926185, "55": 33.03794361378039, "56": 41.508282558850226, "57": 23.055334989770376, "58": 5.416666666666668, "59": 82.01077708477112, "60": 43.197080347056996, "61": 10.759442701614029, "62": 15.823255792870834, "63": 38.621119057109006, "64": 65.70641494722143, "65": 11.2067812018899, "66": 48.90947092974682, "67": 12.83937728937729, "68": 11.76816212231425, "69": 10.7751151164079, "70": 30.37441399837218, "71": 183.81694024428026, "72": 48.99069257816539, "73": 10.777402306857667, "74": 18.739372390273648, "75": 35.729473649036535, "76": 10.774809427944318, "77": 51.123190761654506, "78": 20.60825655825656, "79": 35.04570952554909, "80": 23.52309588559589, "81": 23.384004170700283, "82": 9.268983195167404, "83": 20.52809782809783, "84": 16.918039282377002, "85": 104.46025729095224, "86": 85.0704015188275, "87": 10.770445906934238, "88": 31.357043734225645, "89": 10.7813811624192, "90": 177.3801489230351, "91": 10.77868045949652, "92": 16.084534655851503, "93": 20.575433362192882, "94": 116.8402919658576, "95": 16.462760050929056, "96": 33.33713019188563, "97": 10.780933859665211, "98": 8.850396825396825, "99": 36.38929539893411, "100": 21.30135216614342, "101": 20.05868302860177, "102": 48.25389181091518, "103": 34.8191755394831, "104": 10.785302779192792, "105": 18.612520328367253, "106": 10.723901098901099, "107": 38.46247535342121, "108": 10.803128462910005, "109": 96.59270459385893, "110": 10.80370918300292, "111": 70.74837406862278, "112": 45.60491836209148, "113": 60.790178401513344, "114": 164.04558683546983, "115": 62.959868042710056, "116": 10.80168189117771, "117": 130.8260078852331, "118": 13.766423785398693, "119": 15.941708228754509, "120": 20.59507229129462, "121": 16.708193195693198, "122": 10.798385985328224, "123": 84.74423228669832, "124": 13.749581957752952, "125": 23.715251991741955, "126": 26.54807450160287, "127": 58.843460344610186, "128": 10.805572423654453, "129": 10.805992591721681, "130": 38.21623717737813, "131": 10.80508460140691, "132": 79.98951635313313, "133": 10.429329004329006, "134": 10.812046299129479, "135": 10.81939748960567, "136": 40.633602739852726, "137": 95.11043699890456, "138": 9.486019520094, "139": 13.359900382465499, "140": 39.85058790540492, "141": 11.768233715798829, "142": 13.441647434547287, "143": 9.50138050319692, "144": 39.31997550897735, "145": 33.015357928531174, "146": 10.079709690893903, "147": 93.08860117026015, "148": 64.93510409489022, "149": 75.39125892985082, "150": 8.887698412698414, "151": 9.763940623133188, "152": 19.69591656444251, "153": 9.785489086214577, "154": 23.95340405222552, "155": 28.390939359830096, "156": 9.787874989641937, "157": 17.816321776349593, "158": 49.38549083664377, "159": 24.8520606128234, "160": 12.707303903738067, "161": 61.59227134267515, "162": 9.769084546374676, "163": 59.71915494690779, "164": 9.791706313571833, "165": 126.35908324928201, "166": 29.785343974200824, "167": 34.235783369886065, "168": 65.13996724504108, "169": 9.79769233672612, "170": 18.62346973243661, "171": 26.094864857364858, "172": 35.02550090666483, "173": 0.5, "174": 9.768649666222935, "175": 22.81129383240531, "176": 10.749676534091906, "177": 14.661560924522654, "178": 15.614424783142159, "179": 165.32610226458533, "180": 20.351819749779075, "181": 5.508333333333334, "182": 35.540558904031535, "183": 24.24660194062147, "184": 14.689015151515154, "185": 27.51064071822805, "186": 49.38176461609648, "187": 19.37588354712372, "188": 19.33634040049989, "189": 35.10374061839353, "190": 10.645598845598846, "191": 9.732059470596361, "192": 9.514657072136789, "193": 9.513375020854738, "194": 17.960933484839348, "195": 9.611435786435788, "196": 13.569428710886758, "197": 19.07610252822592, "198": 9.76400543900544, "199": 3.8833333333333337, "200": 18.52524983565626, "201": 7.99356661856662, "202": 9.355701754385965, "203": 36.537764977110946, "204": 11.952533577533577, "205": 14.588280126337356, "206": 22.53226384231293, "207": 9.775199127560755, "208": 4.766666666666667, "209": 9.791039639967092, "210": 9.776119059716676, "211": 2.7666666666666666, "212": 4.17962962962963, "213": 9.795872369037626, "214": 49.06888153829992, "215": 4.629629629629631, "216": 3.4629629629629637, "217": 9.794180471648136, "218": 11.227276481688246, "219": 15.832992591295044, "220": 5.301282051282051, "221": 10.790793236292453, "222": 31.40647662404768, "223": 11.300926688579, "224": 9.812707894750108, "225": 2.166666666666667, "226": 15.697763433485107, "227": 32.19053078075757, "228": 25.514271448820075, "229": 0.75, "230": 31.613621961463462, "231": 10.308061061865128, "232": 9.813544151488113, "233": 10.786278101255311, "234": 9.7986612083443, "235": 9.822955916193996, "236": 6.716498316498318, "237": 6.929456654456655, "238": 9.824543217781297, "239": 7.1527950310559, "240": 17.968483441677414, "241": 17.968483441677414, "242": 9.390411549235079, "243": 32.262982587915495, "244": 39.57199306668404, "245": 20.595456977299936, "246": 8.4261544011544, "247": 9.443537943537944, "248": 9.437317903750131, "249": 17.653941888627486, "250": 2.0, "251": 9.787265512265511, "252": 9.800670812107153, "253": 13.832200316023846, "254": 8.08603896103896, "255": 10.98230848099269, "256": 9.796756889774391, "257": 9.132070707070708, "258": 9.498902355814122, "259": 12.766350316350316, "260": 10.434600677100677, "261": 29.11769287803354, "262": 21.33534742636505, "263": 28.313577626077635, "264": 12.027646520146519, "265": 21.539884527972866, "266": 25.138437616597056, "267": 10.503535353535355, "268": 7.914646464646466, "269": 14.697737420637702, "270": 14.637755706326963, "271": 63.295495077953426, "272": 19.40020553266804, "273": 40.721810839748414, "274": 10.472090964590965, "275": 10.517964555573252, "276": 31.68966903287986, "277": 23.190067721569555, "278": 13.524893128693728, "279": 29.23629461936015, "280": 9.796052729335461, "281": 9.807833935506569, "282": 9.222619047619048, "283": 14.045992114305484, "284": 41.84689109862721, "285": 7.9664224664224665, "286": 13.08807571697732, "287": 12.749566739739375, "288": 9.808495311167945, "289": 26.925867810612544, "290": 15.338244980919612, "291": 2.9071428571428575, "292": 10.792366278909881, "293": 11.765439755612391, "294": 17.453516956189592, "295": 6.802777777777778, "296": 9.810559294656079, "297": 7.81883116883117, "298": 9.808495311167945, "299": 15.962917175417179, "300": 3.166666666666667, "301": 9.808495311167945, "302": 30.579022424437, "303": 14.362967476024705, "304": 5.312962962962962, "305": 9.559058622960226, "306": 12.031481801633404, "307": 18.664708601852006, "308": 6.262789987789988, "309": 13.596306101623393, "310": 13.596306101623393,