{"1": 94.63417267838528, "2": 36.202913038718044, "3": 36.085730307735574, "4": 31.437996692123463, "5": 31.45751164238112, "6": 31.05125430067111, "7": 30.144009575096366, "8": 29.383581182781636, "9": 26.209378461213994, "10": 24.820779099345355, "11": 23.128306679719817, "12": 22.463663290499124, "13": 21.19078842994305, "14": 20.932034930001066, "15": 18.014168564578377, "16": 19.852026589766123, "17": 20.11655606514204, "18": 19.371555867909503, "19": 16.197688124983838, "20": 18.42429081986631, "21": 17.953239868658713, "22": 17.01125561123765, "23": 17.464318021065345, "24": 16.987721602624305, "25": 17.20936202761835, "26": 14.169573973340274, "27": 16.289173690797526, "28": 16.445474809585217, "29": 16.261133523407892, "30": 13.53344033505811, "31": 15.152844188143645, "32": 15.445861431853773, "33": 15.296408291941944, "34": 14.095836658922492, "35": 14.396165121304414, "36": 14.46088653350107, "37": 13.505425951984176, "38": 13.34922280364812, "39": 12.869162129461587, "40": 13.24684946379754, "41": 13.453456970906839, "42": 13.378218521742886, "43": 13.549056013401163, "44": 12.514531101369286, "45": 12.436087067041935, "46": 11.833996875440475, "47": 10.546569186488542, "48": 12.434187114696773, "49": 12.478497458551235, "50": 9.456471262655473, "51": 11.626545404163876, "52": 11.288629986284786, "53": 11.647227244327123, "54": 9.80548045741594, "55": 10.259004047089883, "56": 8.515493427567732, "57": 10.703365546422567, "58": 10.422429135360172, "59": 10.53331359347882, "60": 10.719614175684594, "61": 10.56306449013245, "62": 10.544139438432286, "63": 10.604534445980331, "64": 10.545755832188824, "65": 10.569227357512164, "66": 10.605801431586237, "67": 10.181490321600679, "68": 10.619231775812079, "69": 9.573118579868812, "70": 9.769857352024934, "71": 7.432852332852334, "72": 9.668723735092208, "73": 9.644403442219595, "74": 9.064728375844894, "75": 9.635099702694882, "76": 9.616597198284316, "77": 9.38430074630325, "78": 9.61972745663922, "79": 9.606436529157117, "80": 8.630456534268236, "81": 8.81151789996793, "82": 8.775858386932741, "83": 8.639748175521088, "84": 8.58198335477589, "85": 8.619859146812953, "86": 8.719577703707456, "87": 8.684510421850575, "88": 8.686410018025262, "89": 7.7456889758981635, "90": 7.595769580384968, "91": 7.6407095662414815, "92": 7.6284079833421945, "93": 7.434108339438944, "94": 7.77960826129538, "95": 7.585862880505738, "96": 7.706979306850414, "97": 7.634960272702209, "98": 7.703090599009439, "99": 7.644260763013069, "100": 7.815571009681416, "101": 7.636703012094378, "102": 7.712282803043056, "103": 7.803725909368905, "104": 7.528231780167264, "105": 7.716538140508729, "106": 7.543055902917405, "107": 7.642348392348392, "108": 7.711705847478761, "109": 7.773248586324758, "110": 7.719407157338191, "111": 7.597708798386357, "112": 6.742717696662879, "113": 4.77497414865836, "114": 6.798591772975074, "115": 6.846994619006133, "116": 6.811122359839759, "117": 6.812448103430205, "118": 6.827058231017565, "119": 6.679605857462084, "120": 6.74243919115659, "121": 6.837959844352845, "122": 6.587075351434125, "123": 5.7986079853296655, "124": 5.8504011362818025, "125": 5.792581254196499, "126": 5.743956370426959, "127": 5.792374159479056, "128": 5.746793708408953, "129": 5.817255390528305, "130": 5.736753518897077, "131": 5.870197855393038, "132": 5.656421957671958, "133": 5.8543898768131655, "134": 5.75242017743277, "135": 5.682455648926238, "136": 5.77922483167265, "137": 5.807859237536658, "138": 5.546177944862156, "139": 5.6961881733188395, "140": 5.7915401755107645, "141": 5.852844071823816, "142": 5.824599799841735, "143": 5.741379409121344, "144": 5.828513442136044, "145": 5.833696708905897, "146": 5.771723048193636, "147": 5.59876443001443, "148": 5.349208837139871, "149": 5.624391578336762, "150": 5.819230521056692, "151": 5.840267472594901, "152": 5.870680833341919, "153": 5.660088808250574, "154": 5.771780121679692, "155": 5.869256355137022, "156": 5.84572488589011, "157": 5.734987636281893, "158": 4.84429137937707, "159": 4.905561446918817, "160": 4.670121158511252, "161": 4.8200963870544475, "162": 4.6685805422647535, "163": 4.782149838931754, "164": 4.895711223921815, "165": 4.854832616408194, "166": 2.844781144781145, "167": 4.870508202931492, "168": 4.808290276032211, "169": 4.878250138415363, "170": 4.8455929352236025, "171": 4.895215377388658, "172": 4.903047929416401, "173": 4.81233660130719, "174": 4.8850201655205625, "175": 4.836401873531044, "176": 4.851283458854587, "177": 4.712433862433862, "178": 4.8671249076127125, "179": 4.870984393407682, "180": 4.845686206947862, "181": 4.798014027316353, "182": 4.798465652410835, "183": 4.385016835016835, "184": 3.913438623676421, "185": 3.8870801707779887, "186": 3.818031045751634, "187": 3.8242063492063494, "188": 3.6271303258145364, "189": 3.7637976402682285, "190": 3.888376856118792, "191": 3.8913343284158866, "192": 3.812770562770563, "193": 3.8624488936988937, "194": 3.856318082788671, "195": 3.7140350877192985, "196": 3.564814814814815, "197": 3.915908498235926, "198": 3.7574244751664105, "199": 3.8560954816709296, "200": 3.9158171577526417, "201": 3.7546074782916885, "202": 3.9228411794825457, "203": 3.9167116260139516, "204": 3.824391578336761, "205": 3.8852539392709815, "206": 3.8010732323232324, "207": 3.7164502164502164, "208": 3.8955026894478717, "209": 3.8088657472558403, "210": 3.8519162210338678, "211": 3.575146198830409, "212": 3.811129075487848, "213": 3.8772829509671616, "214": 3.8799471338923164, "215": 3.8297098287017644, "216": 3.7444986449864497, "217": 3.9042526894478717, "218": 3.9002051726284614, "219": 3.8641397250092906, "220": 3.8200170502983806, "221": 3.928888830227197, "222": 3.83291976840364, "223": 3.7646070524984188, "224": 2.9232936507936507, "225": 2.5938697318007664, "226": 2.938753999623565, "227": 2.7376623376623375, "228": 2.8913308913308917, "229": 2.915103332570731, "230": 2.8844971453667108, "231": 2.865079365079365, "232": 2.949130027340618, "233": 2.959933435739887, "234": 2.9355026894478717, "235": 2.7561327561327564, "236": 2.903611111111111, "237": 2.9355026894478717, "238": 2.8805069124423963, "239": 2.93399897593446, "240": 2.928427419354839, "241": 2.9226403823178018, "242": 2.9420032456451937, "243": 2.9359272164150214, "244": 2.9224436868024597, "245": 2.9245954165309005, "246": 2.916177908113392, "247": 2.890203882139366, "248": 2.9394102313457156, "249": 2.9475452399685285, "250": 2.9232719638242894, "251": 2.9305005561735262, "252": 2.922554799697657, "253": 2.8800127408823064, "254": 2.831935817805383, "255": 2.8762626262626263, "256": 2.9194807238394964, "257": 2.9148984468339307, "258": 2.8982056590752245, "259": 2.9413369612084987, "260": 2.857638888888889, "261": 2.9138888888888888, "262": 2.9070801707779887, "263": 2.8473715651135008, "264": 2.912442396313364, "265": 2.907990708478513, "266": 2.8847093766448606, "267": 2.8786324786324786, "268": 2.8899625278935623, "269": 2.895185185185185, "270": 2.9084859584859584, "271": 2.8874074074074074, "272": 2.833015873015873, "273": 2.935908498235926, "274": 2.848429144385027, "275": 2.922829183698749, "276": 2.8984848484848484, "277": 2.9394807238394964, "278": 2.929365153788447, "279": 2.833982683982684, "280": 2.900343137254902, "281": 2.9126824116743473, "282": 2.9290741937800764, "283": 2.9202508960573477, "284": 2.848625629113434, "285": 2.796666666666667, "286": 2.9355026894478717, "287": 2.8383301707779887, "288": 2.936001912960306, "289": 2.928525816456851, "290": 2.818351691581432, "291": 2.935947712418301, "292": 2.935112562833728, "293": 2.9355026894478717, "294": 2.9412242903026313, "295": 2.935867895545315, "296": 2.8908208020050123, "297": 2.9320436507936507, "298": 2.8344807238394965, "299": 2.8733488733488732, "300": 1.9401785714285715, "301": 1.9470899470899472, "302": 1.943840579710145, "303": 1.9697132616487454, "304": 1.931712962962963, "305": 1.9668856048166394, "306": 1.9505005561735262,