{"0.5": [1, 62, 637], "77.54880952380948": [3], "28.26666666666668": [14], "28.666666666666675": [15], "28.816666666666677": [18], "65.19999999999996": [20], "18.31666666666667": [27], "28.325000000000006": [34], "6.250000000000001": [38], "24.66428571428572": [39], "12.166666666666666": [43], "13.049999999999999": [47], "20.750000000000004": [54], "24.633333333333344": [55], "16.999999999999996": [59], "11.333333333333334": [63], "35.050000000000004": [71], "19.249999999999996": [72], "80.98690476190473": [74], "58.13690476190474": [77], "15.08333333333333": [79], "11.166666666666666": [80], "32.81666666666667": [89], "72.48690476190471": [97], "38.06666666666667": [99], "9.666666666666666": [106], "8.666666666666666": [110], "45.966666666666654": [117], "18.93095238095238": [118], "35.71666666666668": [119], "28.166666666666675": [120], "69.82738095238092": [122], "15.25": [131], "11.583333333333332": [134], "21.166666666666664": [141], "84.53095238095236": [147], "32.85000000000001": [156], "27.750000000000007": [158], "15.383333333333333": [159], "37.333333333333336": [160], "27.216666666666672": [162], "39.86666666666666": [164], "6.833333333333334": [165, 771], "27.21666666666667": [172], "11.249999999999998": [173], "17.166666666666664": [178], "15.0": [181], "22.166666666666664": [183], "28.43333333333334": [184], "17.916666666666668": [193], "25.0": [197, 1067], "52.53333333333331": [198], "27.833333333333343": [200], "12.049999999999999": [205], "27.98333333333334": [210], "14.749999999999996": [211], "6.216666666666667": [213], "104.54603174603173": [215], "16.5": [219], "31.916666666666675": [220], "4.333333333333334": [222], "18.333333333333332": [232], "15.916666666666664": [236, 513], "45.98333333333331": [242], "15.141666666666666": [245], "33.63333333333334": [246], "27.666666666666675": [248], "31.833333333333346": [250], "15.833333333333332": [252], "23.800000000000004": [253], "10.5": [257], "34.650000000000006": [259], "22.5": [261, 272], "70.04999999999997": [267], "7.166666666666668": [269], "35.83333333333334": [270], "28.416666666666675": [275], "29.50000000000001": [285], "24.266666666666673": [290], "36.31666666666668": [295], "31.16666666666668": [322], "28.333333333333346": [333, 909], "14.430952380952382": [339], "35.71666666666667": [343], "26.833333333333346": [346], "13.3": [353], "42.349999999999994": [366], "30.71666666666668": [372], "5.183333333333334": [374], "88.96468253968253": [378], "39.11666666666667": [387], "36.01666666666667": [401], "19.433333333333334": [407], "7.5": [413], "24.216666666666665": [420], "22.800000000000004": [424], "10.916666666666666": [425, 778], "47.887698412698384": [426], "47.08333333333331": [428], "71.56428571428567": [429], "31.716666666666683": [432], "9.5": [434], "26.416666666666675": [435], "66.85357142857139": [440], "38.173809523809524": [441], "27.91666666666667": [445], "25.250000000000004": [447], "11.25": [453], "19.0": [460], "42.633333333333326": [461], "14.549999999999999": [464], "13.833333333333334": [465], "12.833333333333334": [466], "23.980952380952388": [468], "12.999999999999998": [475], "17.0": [477], "26.48333333333334": [478], "19.216666666666672": [486], "22.666666666666668": [487], "26.716666666666672": [488], "13.999999999999998": [489], "34.30000000000001": [491], "5.000000000000001": [496], "15.250000000000002": [498], "13.583333333333332": [502, 790], "21.55": [504], "34.350000000000016": [510], "30.33333333333334": [520], "37.24999999999999": [525], "32.79761904761906": [527], "22.71428571428572": [531], "3.3333333333333335": [533], "19.383333333333336": [544], "38.233333333333334": [574], "20.333333333333336": [577], "15.633333333333331": [580], "7.083333333333333": [582], "44.466666666666654": [603], "20.433333333333337": [615], "12.75": [621], "23.416666666666668": [626], "19.150000000000006": [628], "26.050000000000008": [634], "14.666666666666664": [638], "30.433333333333348": [642], "46.34999999999999": [649], "12.916666666666668": [650], "23.31666666666667": [653], "22.666666666666675": [656], "24.250000000000004": [660], "12.85": [674], "6.666666666666667": [677], "42.466666666666654": [691], "26.23333333333334": [694], "3.8333333333333335": [702], "36.50000000000001": [706], "35.76666666666667": [720], "11.916666666666666": [725], "34.0": [741], "16.75": [743], "7.750000000000001": [744], "27.96666666666668": [751], "29.433333333333344": [753], "17.5": [763], "18.800000000000004": [779], "6.750000000000001": [784], "12.25": [793], "9.25": [797], "13.666666666666668": [809], "46.833333333333314": [836], "19.583333333333336": [845], "5.0": [854], "30.73333333333334": [859], "23.41666666666667": [866], "12.416666666666666": [867], "10.166666666666666": [871], "18.833333333333332": [874], "21.200000000000003": [880], "40.8": [882], "47.149999999999984": [884], "17.083333333333332": [886], "16.416666666666664": [889], "17.25": [893], "18.166666666666668": [894], "17.749999999999996": [908], "24.300000000000008": [921], "15.549999999999999": [923], "21.25": [939], "22.457142857142863": [954], "17.357142857142858": [959], "17.333333333333332": [970], "21.83333333333334": [977], "25.122619047619054": [985], "19.666666666666668": [998], "76.78571428571423": [1090], "15.75": [1164], "53.64999999999998": [1204], "23.44880952380953": [1209], "3.083333333333334": [1238], "72.75595238095235": [1245], "81.30515873015867": [1260], "78.56190476190469": [1323], "23.550000000000004": [1342], "55.01666666666663": [1362], "23.716666666666676": [1392], "20.33333333333334": [1414], "35.66666666666667": [1485], "73.36190476190473": [1492]}