{"73.03848096348091": [1], "53.7165516165516": [2], "9.83761943761944": [3], "31.994902319902327": [4], "22.970299145299148": [5], "30.572186147186155": [6], "7.611861861861862": [7], "39.64998207498206": [8], "7.209722222222222": [9], "14.83131313131313": [11], "25.610360585360585": [12], "4.638888888888889": [13], "6.043055555555556": [14], "10.33974358974359": [15], "33.22539682539682": [17], "15.013095238095238": [18], "8.25436507936508": [19], "61.15277777777775": [20], "11.50504368004368": [21], "8.172619047619047": [22], "64.32762249012245": [23], "11.33847413847414": [24], "19.15363247863248": [25], "5.972222222222222": [26], "34.56666666666667": [27], "14.666666666666664": [28], "32.48445165945166": [29], "4.233333333333333": [30], "10.237698412698414": [32], "32.307142857142864": [33], "3.416666666666667": [34], "21.500000000000004": [36], "26.925757575757583": [37], "9.699361861861863": [38], "15.240476190476189": [39], "15.188888888888888": [40], "83.72034643284641": [41], "11.005952380952381": [42], "40.85071733821733": [43], "40.434981684981686": [44], "56.947619047619014": [45], "28.919859419859428": [46], "28.803632478632483": [47], "15.864646464646464": [48], "1.8": [49], "5.20909090909091": [50], "37.43703102453102": [51], "16.921807471807472": [52], "25.866666666666674": [53], "17.403632478632478": [54], "49.37029914529914": [55], "22.113888888888887": [56], "45.978235653235636": [57], "15.634090909090908": [58], "20.70948090948091": [59], "5.555555555555556": [60], "57.641215841215825": [61], "44.9558802308802": [62], "76.62282451032446": [63], "17.06079348579349": [64], "56.67885320385317": [65], "7.705555555555556": [66], "4.107142857142858": [67], "27.316666666666674": [68], "18.950000000000003": [69], "20.438095238095237": [70], "14.607142857142858": [71], "16.62222222222222": [72], "10.0": [73], "13.330122655122654": [74], "17.283333333333335": [75], "27.412283662283667": [76], "21.187716562716567": [77], "20.011868686868688": [78], "16.008333333333333": [79], "17.26106821106821": [80], "2.75": [81], "4.940476190476191": [82], "4.25": [83], "12.346428571428575": [84], "62.81175363675361": [85], "21.05641025641026": [86], "13.016666666666667": [87], "4.805555555555556": [88], "6.542424242424242": [89], "17.31196581196581": [90], "5.465397215397215": [91], "4.158730158730158": [92], "36.53051948051947": [93], "2.9722222222222223": [94], "20.496782496782497": [95], "15.066666666666666": [96], "40.04869447369447": [97], "5.806306306306307": [98], "16.359090909090913": [99], "1.5": [100], "7.696782496782498": [101], "8.361861861861861": [102], "5.5": [103], "33.99410866910866": [104], "1.9722222222222223": [105], "10.297619047619047": [106], "21.370916695916694": [107], "46.64450549450547": [108], "14.846428571428573": [109], "13.5": [110], "15.000198412698412": [111], "42.45432900432899": [112], "9.444444444444446": [113], "34.770299145299155": [114], "28.08845598845599": [115], "52.869469419469404": [116], "38.37913059163059": [117], "17.455977355977357": [118], "9.172619047619047": [119], "16.00309562809563": [120], "10.505952380952381": [121], "14.979329004329005": [122], "7.166666666666668": [123], "55.95462454212452": [125], "3.4722222222222223": [126], "5.3301158301158305": [127], "10.909722222222223": [128], "24.610678210678213": [129], "20.799325786825786": [130], "16.136904761904763": [131], "41.77029914529914": [132], "25.91028138528139": [133], "2.2222222222222223": [134], "11.675757575757578": [135], "34.48718653718654": [136], "18.180555555555554": [137], "42.86666666666663": [138], "3.0": [139], "43.35797963297963": [140], "6.300000000000001": [141], "13.84873054873055": [142], "10.233333333333334": [143], "19.03373015873016": [144], "17.226905151905154": [145], "13.31666666666667": [146], "21.92095277095277": [147], "15.32865479115479": [148]}