{"1": 43.45954611644558, "2": 7.575880655292421, "3": 1.8968253968253967, "4": 6.637878787878789, "5": 41.94930142228248, "6": 39.446369410117555, "7": 16.157884908349306, "8": 35.83126679112005, "9": 10.452662081166405, "10": 32.25437015143065, "11": 22.74968035060914, "12": 7.180047321959087, "13": 14.175940463904862, "14": 53.291012036146775, "15": 48.66376561126105, "16": 35.76678812706883, "17": 13.259506386286573, "18": 54.781351241151995, "19": 30.56797302103317, "20": 42.672822756880336, "21": 16.292744666627723, "22": 8.591734762870665, "23": 3.793838043384323, "24": 7.246481293666892, "25": 8.596691048415186, "26": 31.50252909676657, "27": 32.17754527165637, "28": 30.810820523556718, "29": 31.50341464651955, "30": 52.721856280855285, "31": 52.40005701893597, "32": 9.919935042982711, "33": 40.43167095812593, "34": 6.647496476454521, "35": 32.2269523231532, "36": 36.11652480542728, "37": 27.012691519592085, "38": 16.199253647270695, "39": 36.164185544643715, "40": 17.128900538271736, "41": 14.119932485340836, "42": 32.44644129291015, "43": 5.681219760631526, "44": 5.728398268398269, "45": 37.892017028092866, "46": 31.905978165854314, "47": 36.682522539977775, "48": 10.403314435822177, "49": 4.745687748783724, "50": 24.54963964782917, "51": 13.127887901572114, "52": 36.01470590182663, "53": 14.118169711265688, "54": 36.407175845883266, "55": 6.625880655292421, "56": 42.608288766741445, "57": 32.21262223605203, "58": 16.956854434470873, "59": 15.673381269573223, "60": 8.530426109837874, "61": 8.524165806673548, "62": 35.25448009726245, "63": 2.852130325814536, "64": 23.51943382831254, "65": 40.02796910949385, "66": 44.692491955256095, "67": 15.872565549345737, "68": 35.82144284291409, "69": 7.521784854292595, "70": 8.536618060302272, "71": 44.65240018392319, "72": 11.19725701285299, "73": 8.515975723622782, "74": 7.56546218487395, "75": 27.703744399301613, "76": 13.21098166539343, "77": 40.40456977681535, "78": 1.906926406926407, "79": 19.03707324965906, "80": 34.9737811953881, "81": 2.848102877514642, "82": 3.8160173160173163, "83": 8.567388167388168, "84": 2.8593073593073592, "85": 5.7140692640692645, "86": 45.06098434836925, "87": 21.679067544083022, "88": 3.6398809523809526, "89": 3.8004838298955947, "90": 16.95294394437617, "91": 15.523750943758683, "92": 3.560224089635854, "93": 3.7679738562091503, "94": 3.7868983957219253, "95": 11.374275930467883, "96": 8.28461081402258, "97": 3.787114845938375, "98": 50.81047203439683, "99": 7.288807189542484, "100": 15.14694311536417, "101": 5.659150326797386, "102": 18.88812992281552, "103": 26.374198039662428, "104": 16.109344575832385, "105": 41.833944035361014, "106": 32.305858056059286, "107": 1.898989898989899, "108": 11.292072605756816, "109": 22.38533548472436, "110": 33.24814608332543, "111": 9.488045157456924, "112": 57.783182018882975, "113": 8.5208681239641, "114": 29.07047980137897, "115": 23.404977276951968, "116": 10.39921802054155, "117": 18.968004358428185, "118": 5.699178146331847, "119": 0.9411764705882353, "120": 0.9411764705882353, "121": 0.9411764705882353, "122": 0.9411764705882353, "123": 0.9411764705882353, "124": 0.9411764705882353, "125": 0.9411764705882353, "126": 0.9411764705882353, "127": 0.9411764705882353, "128": 0.9411764705882353, "129": 0.9411764705882353, "130": 0.9411764705882353, "131": 0.9411764705882353, "132": 0.9411764705882353, "133": 0.9411764705882353, "134": 49.089646541520274, "135": 30.507918766623188, "136": 37.894716224598135, "137": 10.42361238240529, "138": 20.02279125645653, "139": 46.60143650526943, "140": 21.81746010136944, "141": 39.05143075613876, "142": 25.515136490765773, "143": 43.18821196517521, "144": 24.476865231285522, "145": 9.447878787878789, "146": 42.58786291935032, "147": 37.057186518514364, "148": 11.296486481354904, "149": 12.346902412584202, "150": 19.892742974035883, "151": 19.5625141825007, "152": 20.988769057029927, "153": 45.41264284279158, "154": 45.70743005722981, "155": 27.586507638512952, "156": 11.367435666104734, "157": 10.374702855623909, "158": 5.671428571428572, "159": 34.118823929693484, "160": 20.98165860394682, "161": 14.595397439677628, "162": 41.084611558468396, "163": 4.762880059172966, "164": 31.336789411774255, "165": 10.428234035449005, "166": 28.577610454423944, "167": 13.338904083881202, "168": 9.505104823983544, "169": 39.89134571039603, "170": 10.41060985797828, "171": 30.444201287761658, "172": 12.312535404911566, "173": 7.63851966873706, "174": 10.497495886180097, "175": 34.329034319470765, "176": 28.06568204466945, "177": 28.225114408785124, "178": 14.11394088666602, "179": 33.999374351109296, "180": 30.378725500937044, "181": 10.297567287784677, "182": 23.884668207036622, "183": 11.472653755262451, "184": 22.926508902996314, "185": 15.053275525643949, "186": 23.817777836198882, "187": 28.389945817183666, "188": 29.940864954394687, "189": 6.603063194974959, "190": 16.97384431444029, "191": 22.708695471195472, "192": 28.347288531677403, "193": 28.107291879660295, "194": 11.242236102104524, "195": 21.946350000761765, "196": 23.831520138277433, "197": 25.63609696833381, "198": 27.410507561587405, "199": 25.698144926520207, "200": 29.383999483227164, "201": 28.520034807141077, "202": 22.708891343845572, "203": 17.193373775982476, "204": 19.05934543612562, "205": 13.251762126762129, "206": 10.505330358047749, "207": 10.513160085528508, "208": 12.346321733821735, "209": 2.8420634920634917, "210": 1.9087301587301586, "211": 2.8803696303696307, "212": 26.414905168566484, "213": 20.071704245739085, "214": 25.070843707006688, "215": 18.98374615120204, "216": 22.344836977159627, "217": 1.899749373433584, "218": 16.10469120251729, "219": 12.323156521840732, "220": 1.880952380952381, "221": 11.484199134199137, "222": 12.434202424312781, "223": 13.325355666781816, "224": 14.271070129029455, "225": 14.310060821245033, "226": 13.368918114377445, "227": 17.140306044717807, "228": 3.786684660368871, "229": 16.14465908487648, "230": 14.31524133760976, "231": 13.299184149184152, "232": 17.871483750495706, "233": 16.127968069858614, "234": 15.268089358306753, "235": 15.057310371211974, "236": 15.172933734203758, "237": 1.8819444444444444, "238": 10.499101878513642, "239": 14.162400611084824, "240": 2.875757575757576, "241": 3.8209614946457053, "242": 3.8455197132616488, "243": 12.334117782801993, "244": 10.511057992350898, "245": 13.31518028754871, "246": 13.34648612195052, "247": 5.364514652014652, "248": 14.211332283700703, "249": 10.491637603658065, "250": 10.503596861556188, "251": 11.185087110437742, "252": 11.279315611924307, "253": 11.436200982253613, "254": 8.58645160882003, "255": 14.310884629197998, "256": 1.9212121212121214, "257": 11.407151767856439, "258": 8.558861532896376, "259": 0.9523809523809523, "260": 7.629078377762588, "261": 7.6120634482476595, "262": 8.5548794342912, "263": 8.460876623376624, "264": 9.375622115732472, "265": 8.485484443093139, "266": 7.532485525227462, "267": 7.626832844574782, "268": 8.455748418248419, "269": 6.667997791682002, "270": 6.68020317888739, "271": 7.503783764967976, "272": 3.7777065527065528, "273": 7.639626211994633, "274": 1.8898809523809523, "275": 3.8351661779081136, "276": 3.835497835497836, "277": 4.775065167807103, "278": 5.697719975815951, "279": 3.781547619047619, "280": 3.818121693121693, "281": 3.752818035426731, "282": 3.8163100989187946}