{"11.883333333333335": [1269], "17.083333333333332": [1425, 1449], "14.916666666666666": [1426], "34.88333333333334": [1427], "24.673809523809524": [1428], "6.833333333333334": [1430], "13.133333333333333": [1431], "17.35": [1433], "33.16666666666667": [1434], "7.333333333333334": [1435, 1661, 1902], "20.150000000000002": [1436], "41.79166666666666": [1437], "18.916666666666664": [1438, 1569, 1923], "23.25": [1439], "17.166666666666664": [1440], "125.19880952380962": [1441], "6.500000000000001": [1442], "29.000000000000014": [1443], "7.5": [1444], "6.4": [1446], "45.83333333333333": [1448], "22.700000000000003": [1451], "24.666666666666675": [1452], "25.383333333333336": [1453, 1616], "27.250000000000014": [1455], "13.966666666666667": [1457], "61.049999999999955": [1458], "18.51666666666667": [1459], "10.766666666666666": [1460], "13.916666666666664": [1461], "37.500000000000014": [1462], "58.007142857142824": [1463], "12.833333333333334": [1464], "22.33333333333334": [1465], "22.166666666666668": [1466, 1802], "38.46666666666666": [1467], "12.016666666666666": [1468], "25.533333333333335": [1469], "31.08333333333334": [1470], "41.0": [1471], "19.3": [1473], "2.666666666666667": [1474], "7.666666666666667": [1475], "10.05": [1476], "44.149999999999984": [1477], "12.133333333333333": [1478], "52.39999999999998": [1479], "26.80000000000001": [1480], "12.5": [1482], "5.833333333333334": [1483], "10.383333333333333": [1484], "21.750000000000004": [1485], "3.833333333333334": [1486], "32.88333333333334": [1487], "68.05833333333331": [1489], "11.083333333333334": [1490], "25.216666666666676": [1491], "21.433333333333337": [1492], "32.00555555555556": [1493], "44.249999999999986": [1495], "15.916666666666664": [1496], "11.016666666666667": [1497], "21.71666666666667": [1498], "15.416666666666663": [1499], "12.666666666666668": [1500], "49.06666666666665": [1501], "22.41666666666667": [1502], "34.33333333333334": [1503], "18.516666666666666": [1504], "22.883333333333336": [1505], "10.166666666666666": [1507], "21.40873015873016": [1510], "17.5": [1511], "30.366666666666678": [1512], "27.550000000000004": [1513], "12.666666666666664": [1514], "19.8": [1516], "61.53333333333328": [1517], "19.616666666666667": [1518], "81.07777777777777": [1519], "44.76666666666665": [1520], "23.000000000000007": [1521], "23.840476190476195": [1522], "73.83253968253963": [1523], "27.46111111111112": [1524], "87.27301587301584": [1525], "30.966666666666683": [1526], "53.74999999999998": [1527], "24.566666666666674": [1528], "48.97936507936505": [1529], "25.91666666666667": [1530], "66.51666666666662": [1531], "37.22222222222222": [1532], "8.0": [1533], "10.833333333333334": [1535], "36.85714285714286": [1537], "40.14047619047619": [1538], "38.91666666666667": [1539], "4.000000000000001": [1540, 1586], "34.38333333333335": [1541], "11.666666666666666": [1542, 1900], "49.56666666666665": [1543], "61.706349206349195": [1544], "32.06666666666668": [1545], "38.050000000000004": [1546], "49.866666666666646": [1547], "6.416666666666667": [1548, 1710], "72.3849206349206": [1549], "49.53333333333332": [1550], "37.45000000000001": [1551], "16.249999999999996": [1552], "10.662698412698413": [1553], "68.89999999999998": [1554], "11.916666666666668": [1555], "57.949999999999946": [1556], "11.416666666666666": [1557], "13.683333333333334": [1558], "27.050000000000004": [1559], "20.916666666666668": [1560], "66.46666666666663": [1562], "72.5333333333333": [1563], "7.916666666666667": [1564, 1807], "3.0": [1565], "20.25": [1566], "63.71666666666662": [1568], "16.499999999999996": [1570], "20.5": [1572, 1787], "37.55": [1573], "41.199999999999996": [1574], "17.333333333333332": [1575], "9.016666666666667": [1576], "8.583333333333334": [1577], "19.700000000000003": [1578], "61.19999999999996": [1579], "27.58333333333334": [1580], "25.85": [1581], "49.26666666666665": [1582], "31.308730158730167": [1583], "17.491666666666667": [1585], "22.01666666666667": [1587], "51.33333333333331": [1590], "53.733333333333306": [1591], "55.19999999999997": [1592], "38.800000000000004": [1593], "1.5": [1594], "11.5": [1595, 1666], "27.583333333333346": [1596], "6.300000000000001": [1597], "61.91666666666662": [1598], "146.59404761904767": [1599], "80.91825396825396": [1600], "16.516666666666666": [1601], "46.99999999999998": [1602], "61.78333333333329": [1603], "41.96666666666666": [1604], "7.050000000000001": [1605], "14.216666666666665": [1606], "23.66666666666667": [1608], "19.083333333333336": [1609], "15.966666666666665": [1612], "66.26666666666664": [1613], "7.166666666666668": [1614], "96.20833333333334": [1617], "0.6666666666666667": [1618], "21.833333333333336": [1619], "30.133333333333336": [1622], "26.26666666666667": [1623], "3.3833333333333333": [1624], "19.66666666666667": [1625], "33.30000000000001": [1626], "4.333333333333334": [1627], "55.00714285714281": [1628], "14.583333333333334": [1629], "33.21666666666668": [1630], "14.416666666666664": [1631], "4.0": [1633], "10.916666666666668": [1634], "60.516666666666616": [1635], "4.050000000000001": [1636], "14.999999999999998": [1638], "2.0": [1639, 1817], "6.750000000000001": [1640], "57.36666666666663": [1641], "26.66666666666667": [1642], "38.05": [1643], "14.3": [1644], "11.100000000000001": [1645], "0.75": [1646], "15.416666666666664": [1647], "20.883333333333336": [1648], "18.58333333333333": [1649], "6.507142857142857": [1650], "12.383333333333335": [1651], "26.16666666666667": [1652], "5.666666666666667": [1654], "109.10714285714292": [1655], "9.549999999999999": [1656], "13.433333333333334": [1657], "10.083333333333334": [1658], "24.55": [1659], "14.499999999999998": [1660], "10.1": [1663], "53.766666666666644": [1664], "18.76428571428572": [1665], "31.866666666666678": [1667], "8.007142857142858": [1668], "9.583333333333332": [1669], "12.3": [1670], "22.3": [1671], "7.333333333333335": [1672], "22.916666666666664": [1673], "12.933333333333332": [1674], "6.416666666666668": [1675], "57.31666666666663": [1676], "14.633333333333333": [1677, 1702], "57.549999999999976": [1678], "24.91666666666667": [1679], "28.948809523809537": [1680], "29.35714285714287": [1681], "2.416666666666667": [1682], "35.14047619047619": [1683], "75.06666666666663": [1684], "8.833333333333334": [1685, 1813], "5.216666666666667": [1687, 1743], "150.2333333333334": [1688], "24.816666666666674": [1689], "7.666666666666668": [1691], "39.249999999999986": [1692], "26.083333333333336": [1694], "18.216666666666665": [1695], "23.98333333333334": [1696], "2.25": [1697], "68.50833333333331": [1698], "29.050000000000004": [1699], "46.7833333333333": [1700], "55.28095238095235": [1701], "39.49999999999999": [1703], "21.633333333333333": [1704], "31.68333333333334": [1706], "64.67499999999995": [1707], "22.333333333333336": [1708], "42.15": [1711], "10.398809523809526": [1712], "22.914285714285718": [1713], "13.466666666666667": [1715], "40.68333333333334": [1716], "59.93333333333329": [1717], "55.516666666666644": [1718], "11.333333333333332": [1721], "16.483333333333334": [1724], "23.300000000000004": [1725], "19.933333333333334": [1727], "22.91666666666667": [1728], "71.39999999999995": [1731], "9.0": [1732], "45.58333333333331": [1734], "22.96666666666667": [1735], "1.8333333333333335": [1739], "33.96666666666667": [1740], "16.75": [1742], "18.25": [1747, 1773], "45.93333333333333": [1749], "56.73214285714283": [1752], "33.41666666666667": [1754], "12.466666666666667": [1755], "23.76666666666667": [1756], "23.466666666666672": [1757], "5.000000000000001": [1758], "20.41666666666667": [1759], "5.583333333333334": [1760], "76.86666666666666": [1761], "7.207142857142857": [1762], "21.40833333333334": [1764], "30.600000000000012": [1765], "32.7654761904762": [1766], "48.73214285714285": [1767], "16.183333333333334": [1768], "19.766666666666666": [1769], "26.383333333333336": [1770], "29.333333333333346": [1771], "41.333333333333336": [1772], "18.1": [1774],