{"108.01666666666662": [1098], "30.950000000000014": [1100], "18.85": [1105], "30.26666666666668": [1108], "67.97142857142853": [1109], "54.03571428571426": [1114], "133.2214285714285": [1115], "30.13333333333334": [1130], "23.83333333333334": [1142], "97.22380952380954": [1144], "32.75000000000001": [1148], "40.50476190476191": [1149], "86.71666666666663": [1157], "61.607142857142804": [1159], "142.4738095238096": [1164], "17.083333333333332": [1168], "37.94047619047618": [1179], "38.716666666666676": [1181], "28.500000000000014": [1190], "58.38333333333329": [1191], "108.95238095238092": [1193], "23.60000000000001": [1196], "35.48333333333334": [1202], "42.949999999999996": [1205], "119.2523809523809": [1207], "12.499999999999998": [1209], "118.10238095238095": [1210], "54.33333333333329": [1221], "12.083333333333334": [1232], "5.666666666666668": [1238], "54.121428571428545": [1245], "6.333333333333334": [1246], "44.99999999999999": [1260], "7.750000000000001": [1261], "110.53333333333332": [1295], "4.333333333333334": [1305], "8.833333333333334": [1307], "11.666666666666666": [1320], "3.0": [1323], "14.08333333333333": [1327], "3.833333333333334": [1332], "13.166666666666666": [1352], "10.833333333333334": [1362], "8.833333333333336": [1363], "44.816666666666656": [1365], "5.0": [1373], "10.983333333333334": [1374], "7.166666666666668": [1377], "23.500000000000007": [1378], "18.0": [1383], "10.916666666666668": [1385], "16.666666666666664": [1391], "12.166666666666666": [1393], "14.63333333333333": [1395], "4.916666666666667": [1399], "9.633333333333333": [1401], "6.166666666666668": [1416, 1594], "8.166666666666668": [1460], "4.083333333333334": [1469], "12.05": [1485], "74.56666666666663": [1513], "150.9309523809524": [1518], "3.3": [1525], "2.05": [1535], "5.000000000000001": [1547], "21.433333333333337": [1580], "84.41666666666663": [1590], "10.516666666666667": [1613, 1660], "50.93333333333331": [1625], "58.378571428571405": [1658], "9.333333333333334": [1701], "16.583333333333332": [1702], "8.916666666666668": [1769], "1.6666666666666667": [1784]}