{"0.013260893511049207": [1], "0.0030947057294142643": [2], "0.003778467539166418": [3], "0.0015072638009319603": [4], "0.007586559614856618": [5], "0.002700632430835267": [6], "0.0012658516066815335": [7], "0.01715713215718266": [8], "0.005557592316759426": [9], "0.002855097056239738": [10], "0.004685897663150888": [11], "0.007958124624339683": [12], "0.027054883226023015": [13], "0.0040469330122658775": [14], "0.006931287801129572": [15], "0.0264586479748969": [16], "0.0017962255180196912": [17], "0.00731659514434141": [18], "0.014409674241279017": [19], "0.0014824923458273942": [20], "0.00452011059081733": [21], "0.005956691016210302": [22], "0.0012419212732078784": [23], "0.003548477777612117": [24], "0.003010225282448692": [25], "4.5953585347175426e-05": [26], "0.0012649583936683768": [27], "0.01565063918068002": [28], "0.004264327292245175": [29], "0.015523653699546464": [30], "0.0040352779370084035": [31], "0.00427907605853604": [32], "0.014353271732170866": [33], "0.005488292421931106": [34], "0.00264686510613383": [35], "0.009285588042469421": [36], "0.005536311969500864": [37], "0.014164622385359952": [38], "0.0047055539902768895": [39], "0.0033162150868436845": [40], "0.00632645228783534": [41], "0.0044812354316454755": [42], "0.008683251857321092": [43], "0.0004883277073676449": [44], "0.00591705549350521": [45], "0.00013876509338010324": [46], "0.00014959633710317095": [47], "0.0017951924809470707": [48], "0.00013765863247200744": [49], "0.0009749338222046562": [50], "0.010713966563210279": [51], "0.007750486510504983": [52], "0.025586737249692664": [53], "5.600174877633644e-05": [54], "0.005230493518146941": [55], "0.013681149659093752": [56], "0.0014749004453570914": [57], "0.006422562762065641": [58], "0.007529811062707249": [59], "0.0018253993172355786": [60], "0.0019697899653921065": [61], "0.0037182656212843275": [62], "0.0039001752638137092": [63], "0.0031387766279484803": [64], "0.003784730007283812": [65], "5.600174877633643e-05": [66], "0.0010628860272497709": [67], "0.003798516047689172": [68], "0.0010704056718290425": [69], "0.006801375724507624": [70], "0.004467121391076979": [71], "0.002003310156103909": [72], "0.001133852689990938": [73], "0.0015503217670258345": [74], "0.0053724134167786935": [75], "0.000707542127365649": [76], "0.01913860564860727": [77], "0.00010014977225944279": [78], "0.004812422051561268": [79], "0.001977384886163863": [80], "0.002579280769751145": [81], "5.574549284504781e-05": [82], "0.004243834978750906": [83], "0.0018980678113216815": [84], "4.2507681534116657e-05": [85, 151], "0.0036735220393947794": [86], "0.00394989826027547": [87], "0.0001947581982401811": [88], "0.0006718603307306623": [89], "0.002319154931053678": [90], "5.422859893122496e-05": [91], "0.003761029712252974": [92], "9.355552906616582e-05": [93], "0.0016098958049809422": [94], "0.000886547854070074": [95], "0.010793294930596388": [96], "0.0013715983376314871": [97], "0.004151235861742194": [98], "0.0017138550961219535": [99], "0.00031901190108649195": [100], "0.0009332036279398933": [101], "0.045320594083073505": [102], "0.0035090961239638272": [103], "0.0009466551836075311": [104], "0.0031355546415382666": [105], "0.0021392965608985006": [106], "0.0021768482911282876": [107], "0.0020352752004261444": [108], "0.00042444797235815715": [109], "0.002277112117075735": [110], "0.0018546526260007057": [111, 112], "0.0014436529470784453": [113], "0.0010440301974735545": [114], "0.002320324835337312": [115], "0.0023806086059215445": [116], "0.0022722438857744184": [117], "0.0019448366284333329": [118], "0.0017615487807701856": [119], "0.005723336097097304": [120], "0.0019794791637212004": [121], "0.017554724115488345": [122], "0.002539158275265098": [123], "0.0035373905015798263": [124], "0.0030677493673402644": [125], "0.007350556245507031": [126], "0.0064636870508141065": [127], "0.0006042518308684685": [128], "5.865472733291968e-05": [129], "9.215234540880164e-05": [130], "0.009241644149831404": [131], "0.0027855722765718245": [132], "0.0017807739406569534": [133], "0.002329729625514755": [134], "0.0062816955798140105": [135], "0.004704632786760693": [136], "0.011304503314717279": [137], "0.0038586746706616264": [138], "0.0007288216365156421": [139], "0.0027157694764299097": [140], "0.0016227638982337226": [141], "0.0018756120069320403": [142], "0.0017645729217022849": [143], "0.0014843806621460355": [144], "2.731898406243664e-05": [145], "0.002558437006192467": [146], "0.0017720664811667413": [147], "0.0026065492508835063": [148], "0.001275909586610315": [149], "0.0014077918173235027": [150], "0.0032717251397480795": [152], "0.0025639698328826883": [153], "0.0014241816251969676": [154], "0.004276923811322742": [155], "0.0037733374893369016": [156], "0.012455879314030013": [157], "0.0024154672331875185": [158], "0.00960983393689155": [159], "0.001494577644617218": [160], "0.0013828194456101271": [161], "0.004371070710074295": [162], "0.003550763342145264": [163], "0.002616953735496188": [164], "0.0026043307772906556": [165], "0.002705217587375465": [166], "2.937442163205531e-05": [167], "0.0017476047764752572": [168], "0.0026777760750664593": [169], "0.005784277131737241": [170], "0.007729925832078711": [171], "0.002807557680022862": [172], "0.0002087766770770266": [173], "0.005576052813948965": [174], "0.0035222595815026844": [175], "0.00016959423764219514": [176], "4.119771842978499e-05": [177], "0.002875481977718638": [178], "4.8616965438010044e-05": [179], "0.0018056203134914682": [180], "0.003557143115116298": [181], "0.004360821559010432": [182], "7.107600065162763e-05": [183], "0.006039147140425496": [184], "0.0017420992056857128": [185], "0.004274271776504235": [186], "0.0012624209674063048": [187], "0.0004193088747360868": [188], "0.0004970508681251547": [189], "0.0019231242266338241": [190], "0.0015660733609751249": [191], "0.005798592173154691": [192], "0.004419814689030733": [193], "0.004457831679778443": [194], "0.0018100683005300958": [195], "0.0005316088411482452": [196], "0.008222899266511575": [197], "0.0029796828551069683": [198], "0.0014449110548667703": [199], "0.0036824843712361796": [200], "0.003111169463359118": [201], "0.001130871152739079": [202], "0.002810469646801716": [203], "0.0031464905348211523": [204], "0.006747185706891063": [205], "2.0794025068760227e-05": [206], "0.0015362531339976316": [207], "0.003357364937469128": [208], "0.001982740079281252": [209], "0.0015001560723335923": [210], "0.002647290061340162": [211], "0.0019091044837472588": [212], "6.65441927624833e-05": [213], "0.0014551083066124061": [214], "0.0049796671344954045": [215], "0.000460548322450784": [216], "0.001050222163822583": [217], "0.0016178511804555615": [218], "0.0009075819199587645": [219], "0.0023265938421996864": [220], "0.0008581941776349512": [221], "0.0007816340253181353": [222], "0.0012129626465300061": [223], "0.003684073855062793": [224], "0.0015095754340841388": [225], "0.001557251906815052": [226], "0.0017405182140876596": [227], "0.0019211359316884907": [228], "0.003737824922735751": [229], "0.0024425873544341717": [230], "0.0029273653733850285": [231], "0.0015798776943676193": [232], "0.0005391573849367292": [233], "0.0006382752878569298": [234], "0.0007171941169837646": [235], "2.2389112973202874e-05": [236], "0.002106024549871509": [237], "0.0018867223544695958": [238], "0.0003993474847740291": [239], "0.0016042269085384678": [240], "0.0037601892259691433": [241], "0.002030549813500971": [242], "2.185439174851458e-05": [243], "0.0016492105104282913": [244], "0.00010779482764415493": [245, 253], "0.0009523098261810496": [246], "0.0016170343038531796": [247], "0.001466490351564218": [248, 249], "0.0015108078874038772": [250], "0.002359765828571867": [251], "0.000739046889787174": [252], "7.984010984086525e-05": [254], "0.0013328516364477323": [255], "0.0012303103124733782": [256, 257], "0.0006973294614491151": [258], "0.0006155710354106139": [259], "0.0010084002853907057": [260, 261],