{"0.009930209873819104": [1], "0.004640805929891277": [2], "0.005332602785735539": [3], "0.0028620692341313047": [4], "0.003358098218681105": [5], "0.01632295931093202": [6], "0.020041746297311973": [7], "0.0028292244521446078": [8], "0.01731303769661824": [9], "0.0027603432486176583": [10], "0.0010860870442428701": [11], "0.021856378347967047": [12], "0.0010874554993604438": [13], "0.017181990781196647": [14], "0.0023680902465208213": [15], "0.0012704238419553521": [16], "0.006180345826456369": [17], "0.00876969006855732": [18], "0.007178802259314016": [19], "6.794037135761598e-05": [20], "0.0023752989485725487": [21], "0.006390405157157064": [22], "0.004314025850000161": [23], "0.006100291464732728": [24], "0.00045291712275987095": [25], "0.009165973524433033": [26], "0.0046702945920931655": [27], "0.003840393157373472": [28], "0.002382980419110846": [29], "0.0020710989442524344": [30], "0.005772196204386283": [31], "0.0017738923952044863": [32], "0.0017788632148967372": [33], "0.0009566222005684435": [34], "0.009487401574797622": [35], "0.0021591973020566035": [36], "0.007623082254489141": [37], "0.0013231912061066244": [38], "0.008598066951372938": [39], "0.013199291649943167": [40], "0.003077259148813876": [41], "0.002878302237251793": [42], "0.0024078303808947716": [43], "0.0025862327153203307": [44], "0.003731393398394596": [45], "0.004827194564996272": [46], "0.0015490203205511548": [47], "0.0023388522408580798": [48], "0.0019414098087110123": [49], "0.0058804600962429395": [50], "0.020426828501092405": [51], "0.0015355301045059519": [52], "0.0034281485167047283": [53], "0.000535159144672463": [54], "0.0032480677567117717": [55], "0.0037097907102622606": [56], "0.0022653677250531975": [57], "0.00037895401157515964": [58], "0.008266216139979948": [59], "0.004011287499158825": [60], "0.0010849195099016543": [61], "0.0015341510915335924": [62], "0.0038133321235266633": [63], "0.006349005269490286": [64], "0.000982242009674619": [65], "0.004940872478799057": [66], "0.0008660753909420551": [67], "0.0011703191994839877": [68], "0.0010789747072783291": [69], "0.0030567991849565906": [70], "0.018759263284321696": [71], "0.00486661853843263": [72], "0.0010806666611108723": [73], "0.0019506614678131745": [74], "0.003542867645893388": [75], "0.0010800697205542926": [76], "0.004920898054110684": [77], "0.0010893944742743143": [78], "0.0033581939688244124": [79], "0.0019792368091336235": [80], "0.0023946172143214785": [81], "0.0009013777073234242": [82], "0.0015232287806449742": [83], "0.001283680067110084": [84], "0.009649504989617681": [85], "0.008340462341391072": [86], "0.0010839587437617107": [87], "0.003171288132606667": [88], "0.0010807313969558002": [89], "0.017561549234842416": [90], "0.0010806408251717746": [91], "0.0016646914404528223": [92], "0.0020700752576492155": [93], "0.011576531092883757": [94], "0.0016988312175642362": [95], "0.0033294503022158915": [96], "0.0010872105126911755": [97], "0.0007546906685629995": [98], "0.003683573045548564": [99], "0.0018186424228363023": [100], "0.0020304561042562503": [101], "0.004364710677725127": [102], "0.0032971946181273924": [103], "0.0010951941426549203": [104], "0.0017578239925559941": [105], "0.000853164650862689": [106], "0.003795373892940235": [107], "0.0010934312831094594": [108], "0.00963717843834595": [109], "0.0010930007410232057": [110], "0.006771358116208387": [111], "0.0042616893125822924": [112], "0.006145133764869733": [113], "0.015892599502501818": [114], "0.006243855187952459": [115], "0.0010875841447265924": [116], "0.010955311427664316": [117], "0.0013878698838308513": [118], "0.001533695115052169": [119], "0.0020760752804182274": [120], "0.001459622383976474": [121], "0.0010893680465766966": [122], "0.008402836012490346": [123], "0.00138066719940698": [124], "0.0022271753315356575": [125], "0.0025225505945156617": [126], "0.005687807552263018": [127], "0.0010919197566201157": [128], "0.0010918711713707502": [129], "0.003788021026356376": [130], "0.0010867451418744897": [131], "0.0074374828391531944": [132], "0.0008881225839249591": [133], "0.0010921625106262976": [134], "0.0010869604359349102": [135], "0.00309976745917505": [136], "0.009138297664349121": [137], "0.0008734850650740237": [138], "0.001354471481985981": [139], "0.003951215971167751": [140], "0.0011721694933181776": [141], "0.0013208442810624503": [142], "0.0008617731176811925": [143], "0.003504064457045063": [144], "0.003253272488728158": [145], "0.0008484386225008182": [146], "0.008876193157581206": [147], "0.006078387619009298": [148], "0.006974157764039074": [149], "0.000740190378234672": [150], "0.0009712040122406652": [151], "0.0016550750963481708": [152], "0.0009853636763553814": [153], "0.0021357799718252314": [154], "0.002639539386758067": [155], "0.000978625428063407": [156], "0.0014905041171893818": [157], "0.004942428495224101": [158], "0.0022711557300487246": [159], "0.0012765420333835915": [160], "0.005945263546086699": [161], "0.000996655623183471": [162], "0.005453960652559847": [163], "0.0009910258407035656": [164], "0.012580411586271345": [165], "0.0022226331023344186": [166], "0.003460177616332346": [167], "0.0062670252354371115": [168], "0.0009953970687902093": [169], "0.0018908628393254831": [170], "0.0019566764866276367": [171], "0.003022413208568808": [172], "9.097188518920826e-05": [173], "0.0009963836418334928": [174], "0.0022769373934658325": [175], "0.0010979296003948685": [176], "0.0014837527058855133": [177], "0.0015814486169208172": [178], "0.016195892460781396": [179], "0.001636999903358005": [180], "0.0006193801687863486": [181], "0.0036140525054134897": [182], "0.0021238855710451975": [183], "0.0010478343507089954": [184], "0.0025556075935770886": [185], "0.004915192821491513": [186], "0.0019003182723553078": [187], "0.001894375781916227": [188], "0.003473700191716748": [189], "0.0006980228480615538": [190], "0.0009973468579136105": [191], "0.0008962432707333694": [192], "0.0008958269332363605": [193], "0.0016805114292216365": [194], "0.0006003500367902228": [195], "0.0011293801067056445": [196], "0.0019218507345381177": [197], "0.0007034627542902778": [198], "0.0001600864771533269": [199], "0.0018030075306897442": [200], "0.000719865093725208": [201], "0.0008858964850198764": [202], "0.0030944225928536896": [203], "0.0007038921164509083": [204], "0.0013828964989620073": [205], "0.0022786512014531268": [206], "0.0009915033434435656": [207], "0.00016345559163252461": [208], "0.0009917136124907978": [209], "0.000987597149976744": [210], "0.0001645564442430369": [211], "0.00015904271461185661": [212], "0.0009963917497357408": [213], "0.0045919470021957036": [214], "0.00021490685347402862": [215], "0.00018875862672897611": [216], "0.0009878602447447964": [217], "0.001126977650212393": [218], "0.0015949570909162144": [219], "0.0005209710225175434": [220], "0.0010749120851814094": [221], "0.003120968566886987": [222], "0.00102940314149336": [223], "0.0009893221355051923": [224], "2.5871233743723426e-05": [225], "0.0015818118919056349": [226], "0.002861692767112134": [227], "0.00250202085883738": [228], "2.0549685429960717e-05": [229], "0.002979529317715678": [230], "0.0009942538441800044": [231], "0.0009908669374409811": [232], "0.00108999561132266": [233], "0.0009893805448491645": [234], "0.0009914270057380726": [235], "0.00040042855231201257": [236], "0.0003661107111815494": [237], "0.0009935049676632272": [238], "0.000607198917776218": [239], "0.001541202629397943": [240, 241], "0.0008610448915706127": [242], "0.0031526894875385154": [243], "0.0038300833186116334": [244], "0.0020420171437385555": [245], "0.00037064576583762743": [246], "0.0006226787100894984": [247], "0.0009141270116070324": [248], "0.0018102394715909047": [249], "5.473273875014621e-05": [250], "0.00038359099456455566": [251], "0.0009939091976461157": [252], "0.0011289634430600728": [253], "0.00045788016988451154": [254], "0.0006973402689400102": [255], "0.0009928547406053416": [256], "0.0005122342080771175": [257],