{"0.00038491782333469716": [1], "0.0002801516386924125": [2], "0.0003626780246361897": [3], "0.010503952387455336": [4], "0.0040619942518779146": [5], "0.018230847541026312": [6], "0.003874875186419197": [7], "0.0006697671554524918": [8], "0.0009600961711283463": [9], "0.0007311662260892938": [10], "0.0005123621361776289": [11], "0.0008133895460927766": [12], "0.00042040773872598444": [13], "0.0027012940216953243": [14], "0.0011223605146718039": [15], "0.009451976842726707": [16], "0.0024139779988967603": [17], "0.0033411001994178378": [18], "0.007327329456260659": [19], "0.004899396433677916": [20], "0.0015895519496221917": [21], "0.009579538806437079": [22], "0.0018389021123264872": [23], "0.02195977468514958": [24], "0.0008878475827497308": [25], "0.0017396250722343362": [26], "0.001140917178188424": [27], "0.003038236759640162": [28], "0.0017845155527842283": [29], "0.004797312654520049": [30], "0.0018957395891280647": [31], "0.00046380501334428176": [32], "0.0003219835583899526": [33], "0.00638475233831059": [34], "0.006716835339923039": [35], "0.003772214979966489": [36], "0.000824116704446578": [37], "0.0021300574160448213": [38], "0.002316188570006336": [39], "0.0018130473748242638": [40], "0.007978379278282476": [41], "0.0014298268707569133": [42], "0.0028019452437052965": [43], "0.0068688937208596455": [44], "0.0019243248050181915": [45], "0.002776797084718989": [46], "0.0016010053954177992": [47], "0.0017923773498228403": [48], "0.00013275731454072783": [49], "0.0021355107954884895": [50], "0.0008858513711594211": [51], "0.002270698906294734": [52], "0.0011570164508766137": [53], "0.0022674644847673884": [54], "0.0023271977927071777": [55], "0.0034926328689262463": [56], "0.00384538178672362": [57], "0.0012509737197260093": [58], "0.0015266410145800837": [59], "0.0019782170974042795": [60], "0.0009236291359282333": [61], "0.0025889287575330496": [62], "0.001358138495093525": [63], "0.0007312957899251797": [64], "0.0035389668125504065": [65], "0.0018672208096650437": [66], "0.00046762654515903116": [67], "0.002235146489284378": [68], "0.001121066860475393": [69], "0.001421083941888876": [70], "0.00379924769121487": [71], "0.0017416527168260792": [72], "0.004898980032867002": [73], "0.008159213294065588": [74], "0.0004976172219836689": [75], "0.011027440178877567": [76], "0.0010694446715234906": [77], "0.0011272930996961937": [78], "0.004385049766688823": [79], "0.0014718464159682954": [80], "0.0032511213144852747": [81], "0.002744814078555642": [82], "0.0006865674671685773": [83], "0.0008958615876740417": [84], "0.0008318134493906953": [85], "0.0002811061321280976": [86], "0.0007110834932688506": [87], "0.000908281814602089": [88], "0.00022870660075473": [89], "0.00047344223520438166": [90], "0.006661137730024607": [91], "0.0013493460293490312": [92], "7.087606328504332e-05": [93], "0.005040702078502575": [94], "0.007653936336589549": [95], "0.003913027444643978": [96], "0.00031637538059286227": [97], "0.0013738878403633647": [98], "4.051788941107062e-05": [99], "0.0023251185461900426": [100], "0.0011394038789654254": [101], "0.006336652701815484": [102], "0.003752304465089025": [103], "0.0007755934424355175": [104], "0.012870889036783224": [105], "0.002310457438366079": [106], "0.0008366543581486736": [107], "0.0012857083580766618": [108], "0.005131004869508456": [109], "0.005346447791696921": [110], "0.007037836088368684": [111], "0.0014287741535877528": [112], "0.008653207630204055": [113], "0.0009140185564673221": [114], "0.0012760283705110943": [115], "0.0002842172421948549": [116], "0.006127080439465306": [117], "0.004292998401388099": [118], "0.009491616599238542": [119], "0.006136807236321294": [120], "0.008911469470848506": [121], "0.011172560477094404": [122], "0.004421963920997774": [123], "0.003288189252087621": [124], "0.01068307191206706": [125], "0.0069930331690035855": [126], "0.004364939053318542": [127], "0.0024888667395615268": [128], "0.00011076559241435199": [129], "6.623352114740281e-05": [130], "1.2690284525273058e-05": [131], "0.008836358983537245": [132], "0.002031698145757672": [133], "0.011004474778272095": [134], "0.0016008001332257545": [135], "0.005358111498944684": [136], "0.003750490407031776": [137], "0.011195434398028337": [138], "0.006723705407655819": [139], "0.0054501738255244014": [140], "0.0044146740851434465": [141], "0.00041206857483695633": [142], "0.0020532965694516035": [143], "0.005380884915487611": [144], "0.005662837505347691": [145], "0.005185874805356831": [146], "0.006574397527771304": [147], "0.005081250998812706": [148], "0.00145288119641477": [149], "0.004121633169948444": [150], "0.003921366981905407": [151], "0.004687994343327096": [152], "0.001593565570073759": [153], "0.008984551578088772": [154], "0.0015052192605850515": [155], "0.003535950944685376": [156], "0.0038746059053734218": [157], "0.0063802557936839185": [158], "0.007184874646296499": [159], "0.0015127078948863374": [160], "0.012145420807804196": [161], "0.00238148399432463": [162], "0.005041152521318256": [163], "0.001727538397687588": [164], "0.002259563890430552": [165], "2.9512575395935716e-05": [166], "0.007269921839016258": [167], "0.003929484479887676": [168], "0.0011702680525445992": [169], "0.004868831347335447": [170], "0.0012110820214727195": [171], "0.0012860885933604176": [172], "0.01083623937056277": [173], "0.0008605600860822474": [174], "0.0012921845112780304": [175], "0.002817098816822498": [176], "0.008489764417680241": [177], "0.002322551415738785": [178], "0.0036836250434330265": [179], "0.007662072449415225": [180], "0.00421698281080229": [181], "0.008135792844123064": [182], "0.012572618282627719": [183], "0.009003206732661136": [184], "5.31317628273988e-05": [185], "0.003746711779303177": [186], "0.00454377850484325": [187], "0.006847907274759772": [188], "0.009666617825338364": [189], "0.0018015490326913134": [190], "0.006022903711517322": [191], "0.010095864806957412": [192], "0.007881331037240133": [193], "0.0029154708103101153": [194], "0.0031190869277281": [195], "0.005929120312274773": [196], "0.0005068154193309111": [197], "0.006055234514985697": [198], "0.0034541015140389982": [199], "0.005376728408215939": [200], "0.006671247676710176": [201], "0.004652212560076143": [202], "0.002868746064167098": [203], "0.004583335856004262": [204], "0.0034307614955747198": [205], "0.004057185362904617": [206], "0.003275007842565113": [207], "0.0033928195147003804": [208], "0.007697180726059287": [209], "0.0057624699115817885": [210], "0.001196676721392633": [211], "0.001411411498610661": [212], "0.004454322149367385": [213], "0.0027623003741976725": [214], "0.005624387508257203": [215], "0.0007997322414736367": [216], "0.0015963086329923153": [217], "0.006042670083287358": [218], "0.002570758414078475": [219], "0.0024639886108072653": [220], "0.0011192877017981195": [221], "0.0017491921581624394": [222], "0.002251966250639561": [223], "0.0013123882435231078": [224], "0.004400792583708561": [225], "0.0035964210110353226": [226], "0.005671052728527027": [227], "0.00012287852630493462": [228], "0.0064181062268368234": [229], "0.001797811939976303": [230], "0.003415265069236246": [231], "0.0003424387939482788": [232], "0.002226467899517886": [233], "0.0015030637269428794": [234], "0.004187080772243162": [235], "0.0022584939075696348": [236], "0.001835380381765726": [237], "0.0025070897308826934": [238], "0.001976203336984679": [239], "0.0028070848693199993": [240], "0.0018150303335553195": [241], "0.004350310128096497": [242], "0.0021745073931901107": [243], "0.0008356492421210731": [244], "4.737504719581065e-05": [245], "0.0027136359682907963": [246], "0.0020991830553821287": [247], "0.0028862724556074242": [248], "0.0024708960246091404": [249], "0.002024663525661066": [250], "0.001922694392886039": [251], "0.002106962355661858": [252], "0.0021938883420438253": [253], "0.006277773881844715": [254], "0.005411485738865646": [255], "0.003395103542513373": [256], "0.00426927285079102": [257],