{"1": 0.010895679277685647, "2": 0.0011484125819070932, "3": 0.00026417816298654755, "4": 0.001111691870628261, "5": 0.010645929108649782, "6": 0.008220598332565159, "7": 0.0024954524858027513, "8": 0.006997090333994448, "9": 0.0020898867351899957, "10": 0.0067276029067044486, "11": 0.004101068207077903, "12": 0.0009085638270342055, "13": 0.002496975212821648, "14": 0.011744136508914036, "15": 0.01124737504147905, "16": 0.007871202584682038, "17": 0.002234967003197815, "18": 0.01193830475130177, "19": 0.008570641418030175, "20": 0.009938159329336654, "21": 0.004626175701357955, "22": 0.0017040142719095873, "23": 0.0007371652013954059, "24": 0.0009045531379635396, "25": 0.00196517985212191, "26": 0.007662440550906856, "27": 0.008346102188452246, "28": 0.006260143812814863, "29": 0.008340380939278772, "30": 0.01277354495755968, "31": 0.012121895149371554, "32": 0.001495459537265501, "33": 0.008441508204990573, "34": 0.0011102871220444717, "35": 0.007595773294192339, "36": 0.00880900297865061, "37": 0.0052958556000480324, "38": 0.00342794786132225, "39": 0.008950197264728347, "40": 0.0038117630252481084, "41": 0.002533333608313666, "42": 0.008102526882903175, "43": 0.0008952735859988779, "44": 0.0010600972421491344, "45": 0.007211862501796383, "46": 0.006013042233870706, "47": 0.007208056223021454, "48": 0.001631713272733486, "49": 0.0005478700695281026, "50": 0.004152562771396478, "51": 0.0018523209993653092, "52": 0.006795254267043302, "53": 0.0022701196921706547, "54": 0.006667766527806945, "55": 0.0009859552282339193, "56": 0.007816553406601739, "57": 0.006031497147340706, "58": 0.002922647094619817, "59": 0.0024308543817893806, "60": 0.001378086197361354, "61": 0.001486046691971353, "62": 0.008994577966139155, "63": 0.000414560950322717, "64": 0.004224602420965137, "65": 0.007498433687152514, "66": 0.008759512640727527, "67": 0.0025519321899548342, "68": 0.006450043216028724, "69": 0.0010221699577507605, "70": 0.0013807325427905818, "71": 0.009454995968484425, "72": 0.0014774246419850862, "73": 0.0013119006390315486, "74": 0.0011729077051656233, "75": 0.007761118915879278, "76": 0.0016986235631692604, "77": 0.007676903962607205, "78": 0.00026592126984226747, "79": 0.0037750102071335556, "80": 0.00831138061831684, "81": 0.00035503461446919303, "82": 0.0005935976712313237, "83": 0.0013691575676302655, "84": 0.00043939964500467135, "85": 0.0008085388614576861, "86": 0.008220017665707959, "87": 0.0036051344012415962, "88": 0.00039750449445248863, "89": 0.0004911090926101279, "90": 0.002654253065610259, "91": 0.002104175590337724, "92": 0.000262499983822771, "93": 0.0004277675176663147, "94": 0.00047600033334220114, "95": 0.0017137432597583715, "96": 0.0009973243202366282, "97": 0.00044506157017514886, "98": 0.010254824936103723, "99": 0.00082312726381, "100": 0.0026752858238421793, "101": 0.0007335924620211581, "102": 0.0032606917366869038, "103": 0.0054220723081810545, "104": 0.004030900623992531, "105": 0.010390764767377996, "106": 0.00585142514713685, "107": 0.0003024444793072308, "108": 0.0018613039484714005, "109": 0.004459538827360305, "110": 0.0073541196278992145, "111": 0.0018768869256336107, "112": 0.012853228006110273, "113": 0.0014505002365453798, "114": 0.005504569180442907, "115": 0.005246430468296112, "116": 0.0017978816558660217, "117": 0.004565340824358071, "118": 0.0011665976699495274, "119": 2.7995060288998322e-06, "120": 2.7995060288998322e-06, "121": 2.7995060288998322e-06, "122": 2.7995060288998322e-06, "123": 2.7995060288998322e-06, "124": 2.7995060288998322e-06, "125": 2.7995060288998322e-06, "126": 2.7995060288998322e-06, "127": 2.7995060288998322e-06, "128": 2.7995060288998322e-06, "129": 2.7995060288998322e-06, "130": 2.7995060288998322e-06, "131": 2.7995060288998322e-06, "132": 2.7995060288998322e-06, "133": 2.7995060288998322e-06, "134": 0.009944583865303247, "135": 0.0075669826557089375, "136": 0.009283334845439722, "137": 0.0020663698130974667, "138": 0.004999892746406943, "139": 0.01015691895995545, "140": 0.004638387129835019, "141": 0.009158666506187678, "142": 0.005664058018877092, "143": 0.009930237369889152, "144": 0.005408234675051406, "145": 0.0018740971677215638, "146": 0.00904408539612955, "147": 0.007891755267251058, "148": 0.0020378923870750087, "149": 0.0027008948414426986, "150": 0.004553178454370041, "151": 0.0034895442171623626, "152": 0.0053350218820619, "153": 0.009694268689713337, "154": 0.009208253498116376, "155": 0.00640283078295222, "156": 0.0025367749806264146, "157": 0.0017513485782005734, "158": 0.0011279422847861773, "159": 0.008031468427661384, "160": 0.005502554929343626, "161": 0.0028139272837875108, "162": 0.009224732946602287, "163": 0.0010678651869882763, "164": 0.006325106471344197, "165": 0.0023800359226856505, "166": 0.0071545764205206185, "167": 0.003076075704486995, "168": 0.00203522836645102, "169": 0.008156103409216655, "170": 0.002138441723806454, "171": 0.006298765045134047, "172": 0.002426784024541331, "173": 0.0018773038209264883, "174": 0.002459471759501036, "175": 0.007957611251513208, "176": 0.006535665966011445, "177": 0.006045466889902793, "178": 0.0027582463881139626, "179": 0.008019074661659915, "180": 0.0063927009757507, "181": 0.0022153240009864083, "182": 0.0053874934218489995, "183": 0.0026576375277838874, "184": 0.005118015990685426, "185": 0.0027659523454994085, "186": 0.00459799822264569, "187": 0.005798262051936616, "188": 0.005338453517320142, "189": 0.0011432790210888129, "190": 0.00338778528389779, "191": 0.0046823812330148325, "192": 0.005246060917518582, "193": 0.004872115572606438, "194": 0.0017858589788369776, "195": 0.004022562451408107, "196": 0.004351221602054507, "197": 0.004563314715476926, "198": 0.0049757745185544135, "199": 0.00499835029682285, "200": 0.005492075152066659, "201": 0.005741855248560584, "202": 0.0035131340721760557, "203": 0.003905123221679211, "204": 0.00329432936401269, "205": 0.002610025437712933, "206": 0.0022164325608076225, "207": 0.0021672364437051693, "208": 0.0023602271546829157, "209": 0.0005230927685464697, "210": 0.00040208229293610235, "211": 0.0006854945083217415, "212": 0.005365398897954739, "213": 0.004283143898353232, "214": 0.004141731024379135, "215": 0.0032569188634881657, "216": 0.0030818706313386415, "217": 0.0003812048660844401, "218": 0.0028941132519066937, "219": 0.0020370860395433686, "220": 0.0003572949726313942, "221": 0.0025201113980392775, "222": 0.002861177681950199, "223": 0.002615922712679021, "224": 0.0027389957038079166, "225": 0.0024679099417143436, "226": 0.002204692830472853, "227": 0.0027809314043554622, "228": 0.0006192034943598008, "229": 0.0028721604896126654, "230": 0.0024978554987457767, "231": 0.002699455810273752, "232": 0.0031402155702099444, "233": 0.002360194946578186, "234": 0.0025671261448912425, "235": 0.0021341036618754286, "236": 0.0022012979251595146, "237": 0.0002548698030434691, "238": 0.0016386215199708275, "239": 0.0018728879221069912, "240": 0.00053127836833671, "241": 0.0007445992534759424, "242": 0.0010433725802374196, "243": 0.0017281478713098049, "244": 0.0017014310600871752, "245": 0.0023525171414240744, "246": 0.0019110026757266864, "247": 0.0006136932358005772, "248": 0.002239692220847475, "249": 0.0016462278584241823, "250": 0.0020041911634301477, "251": 0.0015929211316714517, "252": 0.001413293729119975, "253": 0.0014419231606822695, "254": 0.0011212456103625124, "255": 0.002409740350274225, "256": 0.00032837640549844923, "257": 0.0016682134932121952, "258": 0.0014934940768518612, "259": 0.00013696668317545398, "260": 0.0012954664058838653, "261": 0.001004389682339747, "262": 0.0012460769991298045, "263": 0.0010112659429321138, "264": 0.0015412384136943094, "265": 0.0013284725378084822, "266": 0.0010964760835538976, "267": 0.001266620889243035, "268": 0.00096356792861704, "269": 0.0008647333936973422, "270": 0.0008251940278466287, "271": 0.000687829062557724, "272": 0.0004065429729648554, "273": 0.000979339658421238, "274": 0.00017572048907823126,