{"0.0430016355637163": [1098], "0.010078159213137613": [1100], "0.0037571402566665075": [1105], "0.009339638302138662": [1108], "0.023609618784358827": [1109], "0.02102011905551609": [1114], "0.055975850676334565": [1115], "0.010403859548371407": [1130], "0.0048350476853467736": [1142], "0.032997158305542985": [1144], "0.009161146444391071": [1148], "0.010399176750651443": [1149], "0.0311961374232078": [1157], "0.020820059830143386": [1159], "0.06947781735857533": [1164], "0.004645328918862869": [1168], "0.012429745139356383": [1179], "0.013254526043939837": [1181], "0.011821667346355128": [1190], "0.02002186189788205": [1191], "0.04556730698707248": [1193], "0.004496482591265886": [1196], "0.007702680429558604": [1202], "0.013265037742882011": [1205], "0.04995088712197592": [1207], "0.003880400179424019": [1209], "0.04590681373961768": [1210], "0.01725021405294849": [1221], "0.003779828027473355": [1232], "0.0010012598385752797": [1238], "0.01893593477909509": [1245], "0.0007676972230789193": [1246], "0.013194118815001639": [1260], "0.0011768171907149138": [1261], "0.04341928733942074": [1295], "0.001132457397225731": [1305], "0.002291989480057826": [1307], "0.003684710022947516": [1320], "0.0011995994795799437": [1323], "0.004862986071961358": [1327], "0.0017461844552746368": [1332], "0.0034569189124999053": [1352], "0.002448517793980985": [1362], "0.0021633092324844297": [1363], "0.016902998091382737": [1365], "0.0016981787689047641": [1373], "0.0035488027943750586": [1374], "0.002414474068049845": [1377], "0.00665957651854124": [1378], "0.004393187823561362": [1383], "0.002544980499228766": [1385], "0.004479253891833371": [1391], "0.0034588683623291076": [1393], "0.003977684747035113": [1395], "0.0014445153706658745": [1399], "0.0027747148011327853": [1401], "0.00158541607736884": [1416], "0.0021227767303692133": [1460], "0.0011852687742783575": [1469], "0.0014191002571972914": [1485], "0.03191236932084685": [1513], "0.08902140004333717": [1518], "0.00144481338749227": [1525], "0.0007737674146953464": [1535], "0.0016133191298577229": [1547], "0.008604720035228969": [1580], "0.03623856841315345": [1590], "0.003038230464448273": [1594], "0.0016589532043163994": [1613], "0.018726153906331488": [1625], "0.0225545891024288": [1658], "0.0028112218235844685": [1660], "0.002762296505333928": [1701], "0.004465507539218541": [1702], "0.0020339501796039915": [1769], "0.00020320850525627613": [1784]}