{"1": 0.01170029604044572, "2": 0.004689016579166519, "3": 0.007765692113139567, "4": 0.004239128274365505, "5": 0.004859993297157212, "6": 0.015776912960322867, "7": 0.01815533708137011, "8": 0.003937618617926729, "9": 0.017114962027695926, "10": 0.003928209555671285, "11": 0.0016920847643479998, "12": 0.018622466557777714, "13": 0.001721597730496899, "14": 0.014990635990352311, "15": 0.001850688132195336, "16": 0.0018827851567592845, "17": 0.007801560705893779, "18": 0.010375800980670728, "19": 0.008030940635673675, "20": 6.218316855134929e-06, "21": 0.0010078557046085913, "22": 0.00806284651958796, "23": 0.005889027883094064, "24": 0.006498114363146676, "25": 4.818018330074952e-05, "26": 0.005012945838370713, "27": 0.006540014450196326, "28": 0.002647461997053881, "29": 0.0032066896844924614, "30": 0.00297208829393573, "31": 0.007375286128325988, "32": 0.0025088609744976023, "33": 0.002670941868399014, "34": 0.00019066031718741115, "35": 0.011477560456445565, "36": 0.0030656286338658217, "37": 0.008807158630356636, "38": 0.0005221989315877201, "39": 0.009449165130427001, "40": 0.01301082247484016, "41": 0.0035167701243299814, "42": 0.004016989588443904, "43": 0.002980289155547166, "44": 0.0024949219637918412, "45": 0.003971407998242113, "46": 0.0022057066417818226, "47": 0.001912213311748182, "48": 0.003191763359413148, "49": 0.002679888275739414, "50": 0.008167365878172494, "51": 0.016599397116908908, "52": 0.000634440469696162, "53": 0.003300934947969843, "54": 0.0001517782699141698, "55": 0.004579769344125713, "56": 0.0029623161354957713, "57": 0.0022905041225204613, "58": 3.3408500844875965e-05, "59": 0.008914022948495713, "60": 0.004572134941593131, "61": 0.0014249559055536393, "62": 0.0015581782467025166, "63": 0.004697192310635741, "64": 0.006616097729809626, "65": 0.0004034018146701362, "66": 0.005417873226132252, "67": 0.00017273836045466576, "68": 0.0017561662235237594, "69": 0.0016456664855138243, "70": 0.0045480984827340415, "71": 0.017411914702943575, "72": 0.006839810052462657, "73": 0.0016510091583079672, "74": 0.001960009188646839, "75": 0.004968285134667538, "76": 0.0016613486852739045, "77": 0.00676711812314157, "78": 0.0002067356201252159, "79": 0.003306598671563637, "80": 0.00041721559756688115, "81": 0.0015554292116813273, "82": 0.0005380138426623826, "83": 0.00030247072819104663, "84": 0.0010414847352566193, "85": 0.006859418286243813, "86": 0.009373716470602202, "87": 0.0015130801126306834, "88": 0.004400488213711217, "89": 0.0015919995850742332, "90": 0.011407500946754568, "91": 0.001508532116583299, "92": 0.0019291549747724901, "93": 0.0030499029540648473, "94": 0.0134343295742439, "95": 0.0017150715773005965, "96": 0.004890233945157832, "97": 0.0015918331030250357, "98": 0.0001421469038241594, "99": 0.004662771227589562, "100": 0.0016125134941605043, "101": 0.002270986971427004, "102": 0.0015569731107105374, "103": 0.0028486003299193568, "104": 0.0016428020164267424, "105": 0.001029824251046509, "106": 0.00021048430662628828, "107": 0.00477122258042192, "108": 0.0018577015595132476, "109": 0.012521830186070091, "110": 0.001861648213293206, "111": 0.008344318011247728, "112": 0.0021222773019948047, "113": 0.0076533324494999075, "114": 0.013244001939013395, "115": 0.007468111092870706, "116": 0.0016795399481082198, "117": 0.005870379508513647, "118": 0.0022846711788799745, "119": 0.000769565751186833, "120": 0.003150759317094316, "121": 0.0006010011325392553, "122": 0.0018396381760222144, "123": 0.00863584518788968, "124": 0.0022531856822601906, "125": 0.002149107802767631, "126": 0.0031512567884358984, "127": 0.006787614009524754, "128": 0.001683417416230786, "129": 0.0016753911243885867, "130": 0.004603585026888137, "131": 0.0016703007057548747, "132": 0.0052317650507692735, "133": 0.00015290013004003286, "134": 0.0018517712476772861, "135": 0.0018873506829769837, "136": 0.0011860298016904908, "137": 0.011361162175922868, "138": 0.0005000563670620877, "139": 0.0016725239786586068, "140": 0.004939833973084586, "141": 0.0017856194421450018, "142": 0.0016913117023693361, "143": 0.0004966145879493897, "144": 0.002963741574371572, "145": 0.004073746691184957, "146": 0.00016441357040272234, "147": 0.006539536250598562, "148": 0.005367638174482853, "149": 0.007194048188987874, "150": 0.00014964674029544034, "151": 0.0012289228902070694, "152": 0.0008271450250670325, "153": 0.0015133808237006816, "154": 0.0021367564100629962, "155": 0.002065046161357591, "156": 0.001321499669250284, "157": 0.0017550209843734202, "158": 0.005295223467574137, "159": 0.0023755034691155955, "160": 0.0018550401917418451, "161": 0.004716169637115822, "162": 0.0013244497258878736, "163": 0.0035870827270910186, "164": 0.0015348594663426298, "165": 0.009630324002620509, "166": 0.0017759066882449455, "167": 0.0048947186823437554, "168": 0.005679817490943967, "169": 0.0015902091833077559, "170": 0.0028852039620356424, "171": 0.0005105066603497657, "172": 0.00151825754002129, "173": 7.339864215860725e-06, "174": 0.0015268352999927674, "175": 0.003034935064484772, "176": 0.0016811404582935693, "177": 0.002100396692880023, "178": 0.0021475999999969646, "179": 0.013039846785949384, "180": 0.0007730364333043066, "181": 0.00011763592904663047, "182": 0.0040260509294832245, "183": 0.0021929226760281336, "184": 0.00018036548554536605, "185": 0.0015714305039731102, "186": 0.005647890686596628, "187": 0.0019279696499788072, "188": 0.0019494175721830737, "189": 0.0038748676169121712, "190": 0.000125676262308171, "191": 0.001411948242747068, "192": 0.0005475670780149355, "193": 0.0005501757515874915, "194": 0.001041860737081219, "195": 8.201807497383735e-05, "196": 0.0006793893957760124, "197": 0.002247838248273327, "198": 0.00014662530126646422, "199": 1.0473207946939883e-05, "200": 0.0019840626714280594, "201": 0.0002936059293292116, "202": 0.0004483601419816324, "203": 0.0014647413877154213, "204": 0.00016395172097321994, "205": 0.0012628630764757033, "206": 0.003411892506154596, "207": 0.0013959688718006712, "208": 1.0566710356930105e-05, "209": 0.0015846046563762174, "210": 0.0013490715249677777, "211": 2.2109803468710026e-05, "212": 2.8589186925503315e-05, "213": 0.0016006727601669696, "214": 0.0031124280582111603, "215": 7.743344047928818e-05, "216": 7.311982794701077e-05, "217": 0.0013809778109902947, "218": 0.0006387018284969411, "219": 0.0017643720697047484, "220": 0.0001269506319676805, "221": 0.0016819087867125894, "222": 0.004319653655288844, "223": 0.0013678616200031182, "224": 0.0016098694543911901, "225": 1.2948737399315372e-06, "226": 0.0024313075655136964, "227": 0.003743603466685171, "228": 0.0030153812727075225, "229": 3.84047474893538e-06, "230": 0.003266025945925067, "231": 0.0013762635566207328, "232": 0.001591129237198035, "233": 0.0015171371362946323, "234": 0.0013505313063642591, "235": 0.001631846176121994, "236": 0.00016573870969316436, "237": 8.808514193644165e-05, "238": 0.0016416125021307606, "239": 0.0004201114344094674, "240": 0.0018583879373371439, "241": 0.0018583879373371439, "242": 0.0003907316956771075, "243": 0.0042713157361828295, "244": 0.004702672142152115, "245": 0.0028932899496315312, "246": 3.960475091062515e-05, "247": 0.00026560063279261893, "248": 0.0005420712227105985, "249": 0.0007733194155227256, "250": 5.165756944000938e-06, "251": 4.387322707631687e-05, "252": 0.001536342289446264, "253": 0.0006345284122842451, "254": 5.969017269538194e-05, "255": 0.0001360232387166408, "256": 0.0015091900091868207, "257": 6.28479334136664e-05, "258": 0.0005108464403388819, "259": 0.00014673725936721645, "260": 0.00040855734004630165, "261": 0.003324058759509855, "262": 0.0021675928367981398, "263": 0.0002369220056841719, "264": 0.0005067088424231649, "265": 0.0022792151252951105, "266": 0.0024305045486780314, "267": 7.40676581863441e-05, "268": 6.274035471703717e-05, "269": 0.0020337290794381416, "270": 0.001603180798829363, "271": 0.00247470390496316, "272": 0.002297769649764351, "273": 0.00469673468928527,