{"0.00017815945952015015": [1], "0.0001124389535794616": [2], "0.00013978140018826963": [3], "0.00935804568275417": [4], "0.0014553714815586922": [5], "0.014539912332196888": [6], "0.004113897460017359": [7], "0.0003472389307540198": [8], "0.0004002949356858411": [9], "0.0003758281138877809": [10], "0.00020013089713537431": [11], "0.0003366310915512106": [12], "0.00015366644078879365": [13], "0.0022211640994952418": [14], "0.0005496600181398876": [15], "0.009056991134662918": [16], "0.001744347795966807": [17], "0.0015610153689885444": [18], "0.006978687474987319": [19], "0.0032040893433086196": [20], "0.0006928398373714356": [21], "0.008004337099090956": [22], "0.0006479969563316513": [23], "0.014388823162298888": [24], "0.0003548799901697709": [25], "0.0006494709462940212": [26], "0.0005223822622679661": [27], "0.0022518249701719097": [28], "0.0008274651394754476": [29], "0.003784720308847149": [30], "0.0007035664393768213": [31], "0.00022852816820090555": [32], "0.00012332750477682034": [33], "0.006207006069288874": [34], "0.006274099548135396": [35], "0.0014940136073479777": [36], "0.00035183216201616253": [37], "0.0013477884048117054": [38], "0.000931131715784723": [39], "0.000926575110754752": [40], "0.007912244547253082": [41], "0.0006592708336548099": [42], "0.0025235394822111594": [43], "0.006524878474205982": [44], "0.000877762253043705": [45], "0.002178498491978439": [46], "0.0007259077391582726": [47], "0.0007247330922416347": [48], "5.0645936804784286e-05": [49], "0.0008484570102712511": [50], "0.00033074965233646764": [51], "0.0007733998726113516": [52], "0.0004058495913983043": [53], "0.0019205526206776172": [54], "0.0010154999462765116": [55], "0.003022058162160555": [56], "0.0018239525457548133": [57], "0.0004923063045758037": [58], "0.0006289074736562413": [59], "0.001327862648004979": [60], "0.000348043655101894": [61], "0.00123824440591134": [62], "0.0010163063349396565": [63], "0.0003042044319026051": [64], "0.0034073166528136704": [65], "0.0007705375569371191": [66], "0.00019442031061813505": [67], "0.001076729678358082": [68], "0.00043378166070474244": [69], "0.0006016072540616065": [70], "0.00264101184707818": [71], "0.0007971626440076899": [72], "0.005908377710724458": [73], "0.008206396789525637": [74], "0.00020035391902901187": [75], "0.01111448638021961": [76], "0.00042924987717919244": [77], "0.0010423908620738824": [78], "0.004970824645026872": [79], "0.0006042435101467187": [80], "0.003844880224494681": [81], "0.0023485211576232926": [82], "0.00034509805477195575": [83], "0.0005210422729375957": [84], "0.00042618867812012": [85], "0.00015029246788737": [86], "0.00036976146924605805": [87], "0.0005373369064227173": [88], "0.00012474658932393607": [89], "0.00025952381867666585": [90], "0.007472266850888126": [91], "0.000771990472104175": [92], "2.9438864356361908e-05": [93], "0.005281052750546586": [94], "0.008090176391531874": [95], "0.004542338407242226": [96], "0.00015946973834022113": [97], "0.00162292047255049": [98], "1.8137529304683643e-05": [99], "0.0020571501363309775": [100], "0.0006958136384787362": [101], "0.00719173136546601": [102], "0.003891037741960324": [103], "0.000521615029885651": [104], "0.01182377727763496": [105], "0.0019188465209771972": [106], "0.0004928892590311297": [107], "0.0007304369252677825": [108], "0.006154861090259523": [109], "0.006235047386252912": [110], "0.008339539127314378": [111], "0.0011681919374518393": [112], "0.008800079855500232": [113], "0.0004438331358556747": [114], "0.0010436439602330408": [115], "0.00010551060602832146": [116], "0.0057680086109574945": [117], "0.0040353394921087415": [118], "0.010597065831733544": [119], "0.006145321686594086": [120], "0.009060700295554593": [121], "0.010816107632890325": [122], "0.0051616736703102685": [123], "0.003837577237769895": [124], "0.010649416550639152": [125], "0.007791718066597129": [126], "0.005478854909979609": [127], "0.0023726858358978837": [128], "5.261508255822986e-05": [129], "4.266978335162692e-05": [130], "5.833866159734239e-06": [131], "0.009567550252018971": [132], "0.0022354202693286676": [133], "0.011781907513467036": [134], "0.0018934022845764932": [135], "0.006560879251375688": [136], "0.004381297304989172": [137], "0.01175801936174458": [138], "0.007566274345247334": [139], "0.006703837161851642": [140], "0.005177081841402069": [141], "0.00030174499336881684": [142], "0.0017195239657649645": [143], "0.006568135307320841": [144], "0.006061183923998383": [145], "0.00654616543085325": [146], "0.008446499671205147": [147], "0.006076474131594515": [148], "0.0015094615903130635": [149], "0.004696731264001213": [150], "0.004986275420517528": [151], "0.00565193758110586": [152], "0.0016364012651934503": [153], "0.009848334181895207": [154], "0.0018141270488940332": [155], "0.0040331220213119965": [156], "0.004873548256525847": [157], "0.007753420926415129": [158], "0.00883144608659489": [159], "0.0020901119058472704": [160], "0.012453862542437149": [161], "0.0023442743922721383": [162], "0.006073453297820517": [163], "0.00194799632268238": [164], "0.0022973038507631215": [165], "4.631963651594048e-05": [166], "0.008222254799295553": [167], "0.004943120247989875": [168], "0.0014653699332244832": [169], "0.0058530035952415954": [170], "0.0012514718885336944": [171], "0.0015682595237847077": [172], "0.011164944232330188": [173], "0.001087867398002794": [174], "0.001549525797991365": [175], "0.0033590977297540225": [176], "0.009135261777224887": [177], "0.0029915708665235754": [178], "0.00483621764437373": [179], "0.008780101472079724": [180], "0.0050769189005498705": [181], "0.008080490985722737": [182], "0.012326779098362948": [183], "0.009650375515064487": [184], "6.076064543192572e-05": [185], "0.004241011190912684": [186], "0.005773706011183211": [187], "0.00787863714479272": [188], "0.010254693219147232": [189], "0.0026626095840747836": [190], "0.006935388192536343": [191], "0.010690807719642292": [192], "0.00900771949290928": [193], "0.003971072442177453": [194], "0.003989042881209806": [195], "0.007098836185075971": [196], "0.0006939254127377436": [197], "0.0062420237877824315": [198], "0.004616696186455203": [199], "0.00656800386876552": [200], "0.007239384051442609": [201], "0.005551448077769223": [202], "0.003673352652603576": [203], "0.005316904786086079": [204], "0.004447262713030384": [205], "0.00500862377490884": [206], "0.004144532822224193": [207], "0.004360631866504061": [208], "0.00850837837550407": [209], "0.0060108917884276435": [210], "0.0014159396948205017": [211], "0.0018044641976886716": [212], "0.005117113495611116": [213], "0.003547402533029788": [214], "0.005557724379690935": [215], "0.00109588010831362": [216], "0.001869837225743033": [217], "0.005825818122350899": [218], "0.0025430405171414875": [219], "0.0031964912133301657": [220], "0.0014737329767151818": [221], "0.0019532416679391663": [222], "0.0026116191694018557": [223], "0.0013846160581443823": [224], "0.004588395059743033": [225], "0.003222035408278731": [226], "0.005547646247513194": [227], "0.00016021522362228362": [228], "0.006116578800092732": [229], "0.0022000902525735307": [230], "0.003744249889711523": [231], "0.0004308897083917189": [232], "0.002373176518383354": [233], "0.0018014696276161342": [234], "0.004167101758153071": [235], "0.0024808131371507813": [236], "0.0020999215123688347": [237], "0.0028540929735486925": [238], "0.001974272264640301": [239], "0.0033259118225618355": [240], "0.002128748299027272": [241], "0.0043961524943593126": [242], "0.0024621792838841845": [243], "0.0010419413378220837": [244], "7.274434142937274e-05": [245], "0.0028979937908845234": [246], "0.0024208754755338183": [247], "0.003107888406647881": [248], "0.0026634610141313807": [249], "0.002245927803323351": [250], "0.0022860317883938368": [251], "0.002294862098906301": [252], "0.0023949207010882287": [253], "0.005447885161045658": [254], "0.005117042070626734": [255], "0.003332053816577665": [256], "0.004294574237404498": [257],