{"2": 0.004107562039054007, "3": 0.0021094839346709046, "4": 0.002383335349720799, "5": 0.002028206564129657, "6": 0.0011887124995101658, "7": 0.00361132266611255, "9": 0.0008281491097167447, "11": 0.0008968338424895832, "12": 0.0029384476021838764, "13": 0.0020669794270017985, "14": 0.0012924242926842873, "15": 0.00035131427921849737, "16": 0.0012710911225240083, "17": 0.0003517479579543657, "18": 0.00551347749421549, "19": 0.0020665397908855646, "20": 0.005431135104712692, "21": 0.003289199370876882, "22": 0.0011978732395010467, "23": 0.0012881633072173112, "24": 0.0011992681265124313, "25": 0.0013829318918803922, "26": 0.000574249928101811, "27": 0.0013842280174426458, "28": 0.00012287970166015289, "29": 0.000769750871028198, "30": 0.0021843601013192245, "31": 0.0013473268785862557, "32": 0.0015997759459591442, "33": 0.0008977628436062446, "35": 0.0024508014422207048, "36": 0.0002359284471441384, "37": 0.0011812256738354433, "38": 0.000866159831775516, "39": 0.0008695990807959715, "40": 0.0011945885728045192, "41": 0.0005010798049381151, "42": 0.0021131483831194906, "43": 0.0017345330249287857, "44": 0.0008479966197376693, "45": 0.0012567290170733558, "46": 0.06585327293472677, "47": 0.0032630170251984427, "48": 0.0002894686754558836, "49": 0.0002723766576598366, "50": 0.002369947941458569, "51": 0.0012977449093707907, "52": 0.0007444455683516012, "53": 0.0008987190516488455, "54": 0.0032708917983261167, "55": 0.0008038643012348015, "56": 0.0011489386120460152, "58": 0.0009004410211199507, "59": 0.0019408993244047336, "60": 0.0014799869667924796, "61": 0.0007349847206514312, "62": 0.0022299340444051183, "63": 0.00462014751138644, "64": 0.00025631602398810765, "65": 0.0010357063838874962, "66": 0.001081250147602382, "67": 0.0009336786789495018, "68": 0.0001340486006644357, "69": 0.0003892189007727005, "70": 0.0013353695944691014, "71": 0.0006137317149808846, "72": 0.0022490889010918095, "73": 0.001991756846328186, "74": 0.0016681440582768192, "75": 0.0006312474156696133, "76": 0.0019779787422746094, "77": 0.001365279908019284, "78": 0.0006189129282864876, "79": 0.00039704413924504853, "80": 0.0006544384885517388, "81": 0.0009177122096146417, "82": 0.0005327072218178741, "83": 0.004370748207974251, "84": 0.001816125408809264, "85": 0.0010334514047892914, "86": 0.000525402244068632, "87": 0.0032310633845724517, "88": 0.0007413519306695779, "89": 0.002448388980603298, "90": 0.0032628191286389403, "91": 0.0011546316147717879, "92": 0.0012908507729089645, "93": 0.002128936860963258, "94": 0.0007234570072269606, "95": 0.0006319636402920285, "96": 0.0015395583819255972, "97": 0.00041604784871005277, "98": 0.001044354086643324, "99": 0.00043554551885443854, "100": 0.003464382756374788, "101": 0.0008942014658115737, "102": 0.004818726246524116, "103": 0.00024037313229864765, "104": 0.0023747212917100305, "105": 0.006917196878537613, "106": 0.0010746171758241627, "107": 0.0012087350257893017, "108": 0.003991147302068045, "109": 0.0021957128693530863, "110": 0.00257893107573975, "111": 0.002616810727540877, "113": 0.0005255304451236392, "114": 0.0009400567774979975, "115": 0.0005534798826220381, "116": 0.0004601879387716482, "117": 0.000339394956569111, "118": 0.0008750310799637025, "119": 0.005616938076704454, "120": 0.00044959030657405595, "121": 0.00465431604020816, "122": 0.0009972961536337777, "123": 0.0007392842212671786, "124": 0.0009960558328831993, "125": 0.0048403600277348935, "126": 0.0024447664203956243, "127": 0.0003231672213762436, "128": 0.000515070184482451, "129": 0.0007420154110370251, "130": 0.0009079438663030138, "131": 0.002990436092451617, "132": 0.0009226598760819882, "133": 0.00016463734000990912, "134": 0.0006894926754382425, "135": 0.0006925492505564455, "136": 0.0023204527082258466, "137": 0.0006310082332881157, "138": 0.001060781317107231, "139": 0.0006856477798333761, "140": 0.000960152923386521, "141": 0.0025875642822926525, "142": 0.0002812988366767236, "143": 0.005873489520039266, "144": 0.0025202410940525235, "145": 0.0014997189443641244, "146": 0.000608923834458107, "147": 0.0015529210195787077, "148": 0.006684811040665786, "149": 0.0005948328104380662, "150": 0.0006694299997852791, "151": 0.0007034407821533224, "152": 0.002467586517343593, "153": 0.0010927058929920265, "154": 0.0042628275845113025, "155": 0.0014502428714715837, "156": 0.0015906034277658023, "157": 0.00357695945548297, "158": 0.0010284915248621445, "159": 0.007948924151434706, "160": 0.0006217417701751063, "161": 0.00022544895911110672, "162": 0.0013566863622092194, "163": 0.002256927889937843, "164": 0.0013996051825306342, "166": 0.0007603479082651162, "167": 0.006149597253943883, "168": 0.0015861217482102511, "169": 0.000572773223264633, "170": 0.0015757879603352193, "171": 0.0005430339685462259, "172": 0.0010324659254330217, "173": 0.000677869369057987, "174": 0.0010136407767887745, "175": 0.007057345354757001, "176": 0.0013572371044389873, "177": 0.001710567590872795, "178": 0.002924200247768878, "179": 0.0015636190467861668, "180": 0.0008098866069722224, "181": 0.002603709436988627, "183": 0.00144694977389612, "184": 0.0017909192710719106, "185": 0.000592698019651936, "186": 0.0009680692823185997, "187": 0.00046332490100172043, "188": 0.006944725337400079, "189": 0.0008762765455328363, "190": 0.0014331379072883474, "191": 0.0011698275653756907, "192": 0.002491212015835505, "193": 0.0006803438529847894, "194": 0.0007709690042092297, "195": 0.0006988882471218487, "196": 0.0011549376645404608, "197": 0.0030785756288676342, "198": 0.0007319662402102525, "199": 0.00036961890817678995, "200": 0.0005246050944084067, "201": 0.002576045805289232, "202": 0.00028919710977422686, "203": 0.0007925141078559606, "204": 0.0005235177947164022, "205": 0.0024996153894163596, "206": 0.0036624771459115146, "207": 0.0008546155725257228, "208": 0.0016870341178614795, "209": 0.0009238038182245232, "210": 0.00272097853946454, "211": 0.002210848141086663, "212": 0.004519543431092113, "213": 0.0010424100432939302, "214": 0.00033118130499655595, "215": 0.001706404886973998, "217": 0.0010411235886019989, "218": 0.0005258078590912338, "219": 0.0010560429850171686, "221": 0.0012453539936968154, "222": 0.0011673267101177582, "223": 0.0029601645587989736, "224": 0.0020139058027889376, "225": 0.0006877576685522675, "226": 0.0016230375638867395, "227": 0.0005001888515702002, "228": 0.0019024988071330324, "229": 0.001124372097798486, "230": 0.0008074980868939698, "231": 0.00529282321741004, "232": 0.002973480754218944, "233": 7.084403041416213e-05, "234": 0.001910011258522877, "235": 0.007981942819292489, "236": 0.00016787632202127067, "237": 0.0004961924530064573, "238": 0.0004553551087769572, "239": 6.266232247121033e-05, "240": 0.00018856620876250079, "241": 0.0003046424489537735, "242": 0.0016900649531727038, "243": 0.0011143904564142975, "244": 0.0015355564076186341, "245": 0.000425887478661699, "246": 0.00039042428909474977, "247": 0.001401466037594002, "248": 0.001280560038672259, "249": 0.0013950239759060192, "250": 0.0010478746996497122, "251": 0.0009295210623153729, "252": 0.0024508480768812057, "254": 0.0006026639701224381, "255": 0.001417261154249539, "256": 0.0013127348555884444, "257": 0.0026081601169625278, "258": 0.006808380498766506, "259": 0.0005890133354945015, "260": 0.002532377167950153, "261": 0.002064211241615076, "262": 0.002017008401167669, "263": 0.0011493951686744187, "264": 0.0016313574356739999, "265": 0.0022308312975632127, "266": 0.0009437711443832988, "267": 0.002666865852506716, "268": 0.00047372490387319295, "270": 0.0014458139467174167, "272": 0.0033043524031917465, "273": 0.0004872912544699276, "274": 0.002115532081195287, "275": 0.0017908820726610405, "276": 0.0026482005707871956, "277": 0.000644427263175447, "278": 0.0006577481378933078, "279": 0.003576023761742606, "280": 0.0003307872197362535, "281": 0.0019404221487657853, "282": 0.0009076977356691676, "283": 0.0006707585648701552, "284": 0.005793550059540997, "285": 0.0006378124938518521,