{"0.0031368602185682594": [1426], "0.0019851798867960547": [1427], "0.0031877043411195904": [1428], "0.002524827032070173": [1429], "0.00048704930758420244": [1430], "0.00315315241464482": [1431], "0.0025994768199530433": [1434], "0.0011048518126591058": [1435], "0.006927245652727484": [1437], "0.0028302421793092616": [1439], "0.0004897758458415113": [1441], "0.0028834961288252458": [1443], "0.0011585304846844528": [1451], "0.003548041586320001": [1452], "0.0012275526242662485": [1453], "0.004876690252747807": [1457], "0.00506906810699689": [1458], "0.001763513121001262": [1459], "0.0011898821663844923": [1461], "0.001650816932599205": [1465], "0.0027351623427152335": [1468], "0.0015187096618891512": [1471], "0.0009597771188908194": [1475], "0.003389774528016008": [1477], "0.001325943833707169": [1479], "0.0026166834700479895": [1480], "0.0038790454618147395": [1482], "0.0007432310972118621": [1483], "0.0028537005082811527": [1486], "0.001926674652555419": [1489], "0.002503323445476234": [1493], "0.0023549205841155423": [1495], "0.006098525264020505": [1498], "0.0026311072225070997": [1500], "0.001905417754006114": [1501], "0.0022802700373653452": [1502], "0.0052013460121058865": [1503], "0.0013556953317875576": [1504], "0.0010002967623372176": [1511], "0.001567034907315549": [1516], "0.0005156154281771901": [1519], "0.0025281579004620518": [1520], "0.00034453816508623816": [1521], "0.0023672135585820304": [1522], "0.0005017604939585604": [1524], "0.0010694059138394243": [1525], "0.0016931095214859236": [1528], "0.0026717451421342914": [1532], "0.005186446623012902": [1533], "0.0007488170332095367": [1538], "0.0011967643328074": [1539], "0.002062090189132008": [1545], "0.0016968768041118595": [1546], "0.002606702063222666": [1548], "0.0021091285564209146": [1549], "0.00844703349257846": [1551], "0.0051290370847498785": [1552], "0.0031295260593655265": [1555], "0.006699621208193349": [1558], "0.0047959135323172855": [1560], "0.0027874692378959966": [1562], "0.004276190049590142": [1563], "0.003765750189328309": [1564], "0.0038706557435690446": [1567], "0.0024087099012676918": [1570], "0.003479615505366825": [1572], "0.002537384420053979": [1574], "0.003329932974540188": [1578], "0.006967645601085882": [1579], "0.0020677063856403026": [1580], "0.0025043849415892776": [1585], "0.0027367899246672506": [1592], "0.006008688773172977": [1594], "0.0003699273078751432": [1601], "0.0020298051235349145": [1603], "0.0025570794219134476": [1604], "0.0027085467852278632": [1606], "0.00025426767493736546": [1609], "0.007943372035354005": [1613], "0.0015673570867332652": [1616], "0.0026819577955839134": [1617], "0.0006825129986292389": [1618], "0.007221059693264876": [1625], "0.007372811770225508": [1628], "0.0007986097882111572": [1630], "0.0007060948640366362": [1632], "0.0007820831483150436": [1637], "0.0018813549941079633": [1641], "0.0014508926537333902": [1643], "0.003060532451114777": [1647], "0.002887403811488297": [1648], "0.0022212453165087937": [1649], "0.0023821044908208123": [1650], "0.0014535652610016183": [1653], "0.009427290451894471": [1656], "0.012549189231110983": [1661], "0.01211263785848768": [1663], "0.015749163329575364": [1664], "0.021348611307298728": [1665], "0.016779940036384056": [1666], "0.0014346160687020314": [1668], "0.009330815035172182": [1670], "0.021600209074814098": [1673], "0.009667162040322108": [1674], "0.022904833771148773": [1675], "0.01271207708580889": [1680], "0.008688250071833638": [1681], "0.006161933763268219": [1682], "0.01324351775305721": [1684], "0.003513961235587797": [1685], "0.006595993753937547": [1687], "0.012716791811575857": [1688], "0.015585016980888764": [1695], "0.008491230385597891": [1696], "0.030155839847415877": [1697], "0.0191031441703774": [1698], "0.00611644524898479": [1700], "0.0025586020768506735": [1702], "0.006228680444975876": [1704], "0.002236089081582421": [1705], "0.0017633229689994895": [1706], "0.003603501625670251": [1707], "0.011620722329170892": [1708], "0.0012876280148125861": [1709], "0.0012764063301313959": [1710], "0.00421369955441866": [1711], "0.00195766465646111": [1712], "0.0020359695032741675": [1713], "0.004694472503367801": [1714], "0.0005114451308171799": [1715], "0.003092092766904683": [1718], "0.005529100200572838": [1719], "0.004155987606790245": [1720], "0.003666985464770271": [1722], "0.0023397959411692146": [1723], "0.00333060610641692": [1727], "0.00410657693534035": [1730], "0.003431005043584139": [1731], "0.0024728143650454004": [1732], "0.0007387161662265428": [1735], "0.0022409488516399057": [1737], "0.002247164246582686": [1738], "0.0013375926217777656": [1739], "0.0015218827164498675": [1741], "0.0038170029731175075": [1743], "0.0025208583345726044": [1744], "0.014124402313732007": [1745], "0.0023045497293787383": [1746], "0.0035540214005092643": [1748], "0.004397017313975429": [1749], "0.0005649012109358915": [1750], "0.0028166402257756265": [1751], "0.004626725990037013": [1752], "0.0005891593286217859": [1753], "0.006460619846055205": [1757], "0.004296695431727921": [1759], "0.0006139533750645395": [1760], "0.008393874697199427": [1761], "0.0033483512029315707": [1763], "0.003205042456976732": [1764], "0.017724137833084564": [1765], "0.003548190456569224": [1766], "0.003755166632034917": [1767], "0.0038808816295949717": [1768], "0.0006897811527242276": [1770], "0.002662667563394035": [1772], "0.001366629116034278": [1774], "0.0034616513218178615": [1775], "0.0014089765717292787": [1778], "0.008545217268362406": [1779], "0.00759846512933808": [1780], "0.0030477572107825758": [1782], "0.002677967310241765": [1783], "0.003444144550140416": [1787], "0.002151782173553234": [1789], "0.0042890367058902625": [1790], "0.0038715854375467092": [1792], "0.0051619469497279635": [1795], "0.0019145818160308844": [1796], "0.0018624637491766371": [1797], "0.001363964246699631": [1798], "0.0005953715949079159": [1799], "0.0008891725030202413": [1800], "0.0039735567271894125": [1801], "0.0017156736374284304": [1802], "0.00013370923411549547": [1803], "0.00030977069323126743": [1805], "0.0002889288076390931": [1807], "0.0025056807065662583": [1809], "0.0018167585271509688": [1815], "0.00034404875672976095": [1818], "0.0006329959927508837": [1819], "0.002391314081509481": [1820], "0.001762422168392189": [1821], "0.014884720252786249": [1822], "0.0007242204824759279": [1824], "0.0004886438568724551": [1831], "0.0073989895236337404": [1833], "0.0014769422704630796": [1835], "0.0004425071611075285": [1836], "0.004712946688633069": [1837], "0.0047855759347525065": [1838], "0.004555411116926811": [1843], "0.0033302757809154817": [1847], "0.00800955347309956": [1851], "0.003168266040616463": [1852], "0.001829071027658984": [1854], "0.0054336020628556105": [1855], "0.002015636570382907": [1857], "0.0018750165360515575": [1858], "0.004794465586795781": [1859], "0.003751843266726273": [1861], "0.000767184008280911": [1863], "0.0003732300332522762": [1865], "0.003321829968545191": [1866], "0.002000251398561438": [1872], "0.0018270266805648669": [1877], "0.0006333282322226892": [1880], "0.0016891050083253207": [1883], "0.0017884171354836031": [1885], "0.005837194852991034": [1887], "0.0004147270786584606": [1888], "0.004654623799424821": [1889], "0.010740465435945094": [1890], "0.0002457009212598886": [1892], "0.0014556701810535147": [1895], "0.0013213973465821618": [1897], "0.0025743440715547605": [1898], "0.0067825140282203": [1902], "0.002167580098533288": [1906], "0.005073469067945672": [1907], "0.014781356319917012": [1908], "0.0044536158418912565": [1909], "0.0001841359391715175": [1910], "0.007554112335866475": [1911], "0.015110483901000818": [1912], "0.001550013133109378": [1913], "0.007230830341962549": [1916], "0.0010422949916010873": [1917], "0.002050318118108205": [1919], "0.011933986606038824": [1920], "0.0032611397039103906": [1922]}