{"0.0268479821204781": [1], "0.012343932137298987": [2], "0.011646402009033384": [3], "0.010116359295448867": [4], "0.011448890842603596": [5], "0.009508027231202573": [6], "0.010776942518035057": [7], "0.010137195737350974": [8], "0.008932430672458346": [9], "0.008147089742100563": [10], "0.00900047930769672": [11], "0.006740483625586559": [12], "0.008180256632010061": [13], "0.006858013431722666": [14], "0.005105342506362284": [15], "0.00623415078833347": [16], "0.007653250376290307": [17], "0.008410524690026953": [18], "0.005917424346424616": [19], "0.007178509337359208": [20], "0.007123599643120554": [21], "0.005405152903325201": [22], "0.00690666661804734": [23], "0.005735223633793": [24], "0.005455980761113015": [25], "0.00447115256281297": [26], "0.005969112743049185": [27], "0.0057991057183229685": [28], "0.006244120638410373": [29], "0.005590933425767478": [30], "0.004557314667315415": [31], "0.006462690762570886": [32], "0.005925909502122606": [33], "0.0044001488840013": [34], "0.00582324826359091": [35], "0.00491486228351255": [36], "0.005032543032949213": [37], "0.004938709235213813": [38], "0.0033357688737322326": [39], "0.005417749137128085": [40], "0.005036684926955115": [41], "0.0042861554298833475": [42], "0.004527803927893104": [43], "0.004776713986073247": [44], "0.00462721065577315": [45], "0.004518116797187535": [46], "0.003560491659035225": [47], "0.004175493786166098": [48], "0.004268814914119112": [49], "0.0026982777001358666": [50], "0.005029290501991083": [51], "0.0034502630200661955": [52], "0.004795853085573859": [53], "0.002757458476247675": [54], "0.0030666898583424844": [55], "0.0022190639916757184": [56], "0.004536956562396583": [57], "0.0037863589845909453": [58], "0.0038768195851131516": [59], "0.004362225067651126": [60], "0.0032556994673860564": [61], "0.00414972210812332": [62], "0.00455673858976894": [63], "0.004735734992512545": [64], "0.0042172532330940335": [65], "0.004195654279898645": [66], "0.0024827998789957923": [67], "0.004238942407145147": [68], "0.0037054116262118823": [69], "0.004107737630375093": [70], "0.0016357482412875767": [71], "0.003090247978270404": [72], "0.003179646449811382": [73], "0.003007730062197181": [74], "0.003801495940318109": [75], "0.0030939413008252946": [76], "0.0027556202834073357": [77], "0.002709100306879181": [78], "0.0035802554598166722": [79], "0.003647282621621033": [80], "0.004017527859897559": [81], "0.003857925414757359": [82], "0.003369199901665125": [83], "0.003288231869998646": [84], "0.0033435802105048922": [85], "0.0033291781612728717": [86], "0.003621764778482424": [87], "0.0034604039001959385": [88], "0.003230568892506657": [89], "0.0027267598078301483": [90], "0.003080193770419141": [91], "0.0021854450030463837": [92], "0.0022316469733188854": [93], "0.0028642606317144954": [94], "0.002388167328163703": [95], "0.002885774856308232": [96], "0.002458258687491428": [97], "0.002617243596948093": [98], "0.002279948115904701": [99], "0.003241483362366522": [100], "0.003025528479419505": [101], "0.002516727131113202": [102], "0.002873009800413948": [103], "0.0021667797411215155": [104], "0.002643465236450532": [105], "0.0019665535613389564": [106], "0.0027825824191296915": [107], "0.003001450745630126": [108], "0.0029225792646810156": [109], "0.003706860398688074": [110], "0.0024922081012966374": [111], "0.002320092076733953": [112], "0.0017823696669801575": [113], "0.0027135046086793164": [114], "0.002947834264572439": [115], "0.002540790426395488": [116], "0.0028953747187140766": [117], "0.0029254416506058743": [118], "0.0016105655198751603": [119], "0.0023938158046292513": [120], "0.003060109843225519": [121], "0.0019801640293673965": [122], "0.002330233345060067": [123], "0.002355196532320333": [124], "0.0023302830709934024": [125], "0.002290400486688565": [126], "0.0024910539334399937": [127], "0.002048114925263172": [128], "0.002207169587198736": [129], "0.0023891515514922277": [130], "0.002608890842744475": [131], "0.0018253966755174028": [132], "0.002283143000469798": [133], "0.002250956236585221": [134], "0.0016288141246288928": [135], "0.001956193123639778": [136], "0.0023211534676862112": [137], "0.001223264899592676": [138], "0.0025430148344338464": [139], "0.002028052565423772": [140], "0.002715554435367746": [141], "0.002257203482514127": [142], "0.0023867911689970708": [143], "0.0026180175759353023": [144], "0.0025672267213769106": [145], "0.0024523179431815223": [146], "0.0018313213635562232": [147], "0.0012579659963696452": [148], "0.0017495699192456601": [149], "0.002380600350732449": [150], "0.0019354780479785554": [151], "0.0028888874076678428": [152], "0.001344617221775357": [153], "0.001648504908353248": [154], "0.0026752678042884772": [155], "0.0021128653698104243": [156], "0.0018240281149448153": [157], "0.002052175209380386": [158], "0.0024106182388141236": [159], "0.0010882710967847992": [160], "0.0016539905929152802": [161], "0.0009319630523310655": [162], "0.0016235901793047285": [163], "0.0021806694078003903": [164], "0.002069046391031436": [165], "0.001006792468528607": [166], "0.0017390642625248226": [167], "0.0016819864080578192": [168], "0.001906330540901658": [169], "0.0020829286847975094": [170], "0.0024346747934281578": [171], "0.0023880903540353425": [172], "0.0015882245733413484": [173], "0.001916072776949122": [174], "0.0018204677739353209": [175], "0.0018778841788958175": [176], "0.001290862349323158": [177], "0.0014987533950203131": [178], "0.0018910555011717152": [179], "0.0015968106931821906": [180], "0.001562316976024271": [181], "0.0016513809754231485": [182], "0.001041455083359889": [183], "0.002002240444630938": [184], "0.0015147983882061761": [185], "0.001201573395466679": [186], "0.0012087557985906265": [187], "0.0009831998440252645": [188], "0.0014402783631706358": [189], "0.001660489042703342": [190], "0.0014465807059001036": [191], "0.0010609462344697061": [192], "0.0013333997628382837": [193], "0.0014362245658733922": [194], "0.0006348516029837645": [195], "0.0011290983505553396": [196], "0.0012504997231928025": [197], "0.0009696341425144312": [198], "0.0013793889771379659": [199], "0.0018841937207685886": [200], "0.0009732340567489521": [201], "0.0023271175689026837": [202], "0.001859800835107953": [203], "0.0013866410456250286": [204], "0.0016858453090254938": [205], "0.0010692700782241637": [206], "0.0007825512432584724": [207], "0.0016033990064825273": [208], "0.0011265808377843823": [209], "0.001494579973145934": [210], "0.00066141880235912": [211], "0.000923577572847005": [212], "0.0017950575489018858": [213], "0.0015294826514677666": [214], "0.0015693028719002866": [215], "0.000838091263744836": [216], "0.0017113472814744052": [217], "0.0014279282691841055": [218], "0.0013935569172519808": [219], "0.0012928308646421095": [220], "0.002039774154964115": [221], "0.0012238901498712955": [222], "0.0014845879327859146": [223], "0.0011096080542556603": [224], "0.0009000600263989776": [225], "0.0014622096983084119": [226], "0.0005222958364237185": [227], "0.0013250184567480214": [228], "0.0014872104077916924": [229], "0.0010392049441610338": [230], "0.000950466348246065": [231], "0.0011496847022151578": [232], "0.0015958592026412183": [233], "0.001315094625118879": [234, 237, 286, 293], "0.0005891051673701682": [235], "0.0008582997825603327": [236], "0.0010515621905175323": [238], "0.0014434883335379238": [239], "0.0015034205780734772": [240], "0.0012278020369804721": [241], "0.001510962578818319": [242], "0.0011268949991207952": [243], "0.0007506972443067537": [244], "0.0011496131047454177": [245], "0.0012676790692549662": [246], "0.0011610733880614956": [247], "0.0014218625842712222": [248], "0.001493642919801144": [249], "0.001149588201442638": [250], "0.0013492877599641235": [251], "0.0009983026695566007": [252], "0.0009367187432125759": [253], "0.0010048724676451134": [254], "0.0008082225958703493": [255], "0.0007474428560238841": [256], "0.0010401019072014542": [257], "0.0012122818238426575": [258],