{"0.014843541124396797": [1], "0.002378460946209933": [2], "0.00095083615545828": [3], "0.0010594334827207293": [4], "0.0007648147650280441": [5], "0.019118584401566396": [6], "0.002758782833657172": [7], "0.0032034005707851643": [8], "0.0002264847226399065": [9], "6.026894710053649e-05": [10], "0.00018872394934374114": [11], "0.0019739596085184196": [12], "5.300784312479361e-05": [13], "0.002886488981593256": [14], "0.0006991170830545918": [15], "5.782548697988706e-05": [16], "0.0017571872232657435": [17], "0.0015740252788655376": [18], "0.0002128644579699979": [19], "1.5174083048645208e-05": [20], "0.00020988271294098353": [21], "0.0012213522188600624": [22], "0.0007614051980674054": [23], "0.0002631509136195983": [24], "0.023186713551383": [25], "0.0008845775103136504": [26], "0.0009543106617001128": [27], "0.00015041148187281778": [28], "0.010309570474312314": [29], "0.00047441954722383017": [30], "0.0007458842039295493": [31], "0.00032536145363360147": [32], "9.952107420279705e-05": [33], "0.00269041437291241": [34], "0.01228616774331199": [35], "0.0003692699552509667": [36], "0.01996973365919743": [37], "0.0004889974996853155": [39], "0.0004559749049435719": [41], "3.081603799862619e-05": [42], "0.0002690449832108918": [43], "0.018495081444640512": [44], "0.0012891743256157686": [45], "0.0008557154957241571": [46], "0.0004307317540017774": [47], "0.000791373159831342": [48], "0.0015201197740059248": [49], "0.0008691574043037417": [50], "0.0015514308859048657": [51], "0.0007199320038930853": [52], "0.008078121541952076": [53], "0.0005442483804072648": [54], "0.0009260577053279696": [55], "0.0017845230342007315": [57], "0.004419330519216382": [58], "0.00012500461180559852": [59], "0.0007036871505312932": [60], "0.003810272000965423": [61], "0.0013822426347943032": [63], "0.004162076697288271": [64], "0.0005951696671456283": [65], "0.0006613701561266821": [66], "0.022560147390485976": [67], "0.0005718628665849696": [69], "0.0004847943271628482": [70], "6.524252555900263e-05": [71], "0.01926900244330863": [72], "0.0003143351093437496": [73], "0.00011602606414472812": [74], "0.000908070678235966": [75], "0.0008795861547781083": [76], "0.0001215255755559796": [77], "0.03239410635667863": [78], "0.000491613939735553": [79], "0.00036927157984079583": [80], "0.0009229708427683972": [82], "0.000217303872709421": [83], "5.270236912106148e-05": [84], "0.0023622828729647307": [85], "3.349101591585108e-05": [86], "0.0005009554783454353": [87], "0.011438468202669501": [88], "0.00130325773165972": [89], "0.004275009341423882": [90], "0.0006977676741924316": [91], "0.00036739660491110296": [92], "0.0012405925560597917": [93], "0.01484956223487195": [94], "2.1162114326805616e-05": [95], "0.002094270836168916": [96], "0.0003421196717447355": [97], "0.0005185811432633119": [98], "0.001288756962852157": [100], "1.4578998966272393e-05": [101], "0.0018705208163966906": [102], "0.0036653690352338765": [103], "0.0013655556099712986": [105], "0.0017386134134914127": [106], "0.007068570870475924": [107], "0.00105834110445993": [109], "0.00032546750145724174": [110], "0.00013608310329942593": [111], "0.0073757815951906395": [112], "0.013182969495540903": [113], "0.02981124736605526": [114], "8.406161811874618e-06": [115], "0.00027777916164171355": [116], "0.004774034199968534": [117], "4.855035711860565e-05": [118], "0.0009729287061371075": [119], "0.014486848021903595": [121], "0.00046854671234121577": [124], "0.0009356541194311903": [125], "0.00034205465592557693": [126], "0.0009206932354471134": [127], "0.002000845989216342": [128], "0.00028399702804784304": [129], "0.0018955500650512964": [130], "1.3433941968045479e-05": [131], "0.023538584342790506": [132], "0.0020284000978848197": [133], "0.0020297681362679305": [134], "0.006116322707946439": [135], "0.0019332624529116206": [136], "0.0028331686181914365": [137], "0.001235998694338554": [138], "0.015534388105819351": [139], "0.0003611855968009551": [141], "0.0006187288656162577": [143], "0.024094686031058497": [144], "0.003317468181332077": [145], "0.00048317308652615667": [146], "0.0038514338591552266": [147], "6.9764830511578264e-06": [148], "0.0002541385189418257": [149], "0.000982272371015545": [150], "0.0002362929540002633": [152], "0.00179545902042174": [153], "0.002661300071603865": [154], "0.00037680064075089846": [155], "0.0002654957845094229": [156], "0.0017639358828768236": [157], "0.0004907773933984752": [158], "0.001877284461001437": [159], "0.0023599920392872284": [160], "0.0006317060915022379": [161], "0.000499961576808812": [162], "0.021473825592213714": [163], "1.886727829248547e-05": [164], "0.00047052296841054383": [166], "0.0026387615001125927": [167], "0.0016997263198988521": [168], "0.017347854731639457": [169], "3.3887951492567274e-05": [170], "0.0011886106977348299": [171], "0.00041365526664585646": [173], "1.0116738500605935e-05": [174], "0.012696614180874616": [175], "1.1133092159064173e-05": [176], "7.866310902509218e-05": [177], "0.000893354990323739": [178], "0.0005082682694280098": [179], "0.0002746158254060759": [180], "0.0012448337756566146": [182], "0.027694201679809474": [183], "3.309441097575872e-05": [184], "0.003654054678363375": [185], "0.0003382556520178255": [186], "0.0004713461616619504": [187], "0.00012630746154532833": [188], "0.0034635436182435873": [189], "0.002553873029152009": [190], "0.0003674722851199856": [191], "0.000396755989544688": [192], "7.12619340016519e-05": [193], "0.0002181016749708563": [194], "0.016125139872915323": [195], "0.000381119476534425": [196], "0.003165548181207646": [197], "0.01183426128957272": [198], "0.00017341639130893788": [199], "0.005843878123413331": [200], "0.0008066724317309876": [201], "0.0024759257710971847": [202], "0.0010566058335694248": [203], "0.0011408843230079212": [204], "0.004879976204408112": [205], "0.0006118229465163531": [206], "0.00038948226137435523": [207], "0.0007267131641799816": [208], "0.0011107557154239472": [209], "5.249107195756206e-05": [210], "0.0010926057900430193": [211], "0.0008944750770247563": [213], "0.0009364932456203374": [214], "0.00044429453297416916": [215], "0.0002884700990230958": [216], "0.0014960907458149268": [217], "0.0005778684308102722": [220], "0.0010318685577971405": [221], "0.010810785255011226": [222], "0.0011517568715087051": [223], "0.0006799167312939949": [224], "0.0005522522790067009": [225], "0.0008687423773541881": [226], "0.0011481400519990639": [227], "0.0011357141593976122": [228], "0.00010615952392191885": [229], "0.0007654110650816816": [230], "0.0003278120382747179": [231], "0.005970109271368395": [232], "0.00013184264238144664": [233], "0.020004750834568066": [234], "0.0010473313519519724": [235], "0.003199286087018765": [236], "0.0006792168112989158": [237], "0.0012053468459295041": [238], "0.03091527504433705": [239], "7.370729680150992e-06": [241], "6.372589024513281e-05": [243], "0.002788867448970282": [244], "0.006041419946474331": [245], "0.0001519324068914822": [246], "7.709624947435237e-05": [247], "0.0012731446745480831": [248], "0.00033278824244917476": [249], "1.5775080174765736e-05": [250], "0.0033537160598794617": [251], "0.007487028948394214": [252], "0.0026967846426015924": [253], "0.0016481363276814032": [254], "0.00075893142792079": [255], "0.001999076559168991": [256], "0.0013402419070853368": [257], "1.075148827775348e-05": [258], "0.0003271883116495386": [259], "0.0001781474881212023": [260], "0.0013798784531834569": [261], "0.0001930827328390261": [262], "4.408393875436826e-05": [263], "0.0026348699111156133": [265], "0.00011702287069004909": [266], "2.9888362169905353e-07": [267], "0.0015469215417450615": [268], "0.00013696784707758805": [269], "0.0011316757677939642": [270], "0.00026292214027662947": [271], "0.0011522978198114033": [272], "0.0003409978997035702": [273], "0.008829660625802488": [274], "0.0007425657669983706": [275], "0.0007704888423514117": [276], "0.0004214573715902793": [277], "0.0009777336315453967": [278],