{"0.03885823429575459": [1], "0.01336736725788628": [2], "0.013861400801329079": [3], "0.011710504295638429": [4], "0.011941096599080183": [5], "0.010889247467321356": [6], "0.011588620383047896": [7], "0.009860269198930932": [8], "0.009796135140672358": [9], "0.009026440504706938": [10], "0.008821762903036566": [11], "0.008258272199738": [12], "0.008299833657859414": [13], "0.006911791311321771": [14], "0.006858669353940271": [15], "0.007689974740685959": [16], "0.007922568171745567": [17], "0.00701643814986714": [18], "0.005592200636809177": [19], "0.006639169816711133": [20], "0.006149500593250447": [21], "0.0057206536285188": [22], "0.006230058993743948": [23], "0.00654601750142316": [24], "0.005021882916437863": [25], "0.005027544201150452": [26], "0.005900612057017731": [27], "0.005849423782423797": [28], "0.006162243704075243": [29], "0.004972354122196501": [30], "0.005755808684296552": [31], "0.004952754281192901": [32], "0.006036243453516791": [33], "0.005093010057336203": [34], "0.00464742404329019": [35], "0.004825589877440794": [36], "0.005013572263997837": [37], "0.005013645651972458": [38], "0.004959633873941752": [39], "0.004759185297934206": [40], "0.00435732233331485": [41], "0.005049118632486975": [42], "0.004722866837705427": [43], "0.004412207277247038": [44], "0.00434977816383283": [45], "0.004318063982946051": [46], "0.003344546702207942": [47], "0.0046531796377114265": [48], "0.004345600158026053": [49], "0.0034632939842480664": [50], "0.004282427225285274": [51], "0.0042051077161332166": [52], "0.003966037267330355": [53], "0.003226153497159525": [54], "0.004149908619915784": [55], "0.0030860220130030963": [56], "0.0033345794293833998": [57], "0.0038694866994910576": [58], "0.0036576810438999777": [59], "0.003829416811881696": [60], "0.003299678702026781": [61], "0.0038400347463959507": [62], "0.003906027558747393": [63], "0.003627761640366646": [64], "0.003829417971450753": [65], "0.003829418367480792": [66], "0.004149902925860275": [67], "0.003822723918180286": [68], "0.0037726489147666144": [69], "0.003495049890477998": [70], "0.002708756419307118": [71], "0.002627978270401292": [72], "0.0037726492637207": [73], "0.0035213834981506053": [74], "0.003280414060735051": [75], "0.0032100606636277585": [76], "0.0037726479723833124": [77], "0.0032773002793651898": [78], "0.0037726550022824713": [79], "0.0031532896782327773": [80], "0.003150631930196317": [81], "0.003150634315494263": [82], "0.0031273288010349675": [83], "0.002757355967916316": [84], "0.003127323419051391": [85], "0.003117785985879224": [86], "0.003395383665852411": [87], "0.0033953813442644093": [88], "0.0027021599441508174": [89], "0.0024959635381822257": [90], "0.0030181184214756306": [91], "0.002766856716564099": [92], "0.0025079287294510967": [93], "0.002697624560260184": [94], "0.002773364344967141": [95], "0.002760734187791872": [96], "0.0030181212605291303": [97], "0.002740524348866217": [98], "0.002770632020396716": [99], "0.0026987951440385163": [100], "0.0024475364037856604": [101], "0.002434863233984741": [102], "0.00237829659194833": [103], "0.002434863255832658": [104], "0.003018117348357587": [105], "0.0023922811313100522": [106], "0.003018114573273737": [107], "0.0030181205191710647": [108], "0.002459274525276907": [109], "0.003018121527108061": [110], "0.003018112389583399": [111], "0.0023727196020503797": [112], "0.0015769718128224367": [113], "0.002396098816961424": [114], "0.0026408516125190438": [115], "0.0023215251375740633": [116], "0.002640854979304469": [117], "0.0020767804210178853": [118], "0.002363250255797263": [119], "0.002359607582838705": [120], "0.002640857561054811": [121], "0.0017313042457960863": [122], "0.0017507028049746636": [123], "0.0016237709960848425": [124], "0.002263591698363128": [125], "0.002263589583590202": [126], "0.0020196980930203023": [127], "0.0022635910870670945": [128], "0.002263592088437997": [129], "0.002263587780009582": [130], "0.002263592632334129": [131], "0.002012327496862316": [132], "0.0016995118862288005": [133], "0.0019831637923275252": [134], "0.0020310012341292535": [135], "0.002018838351344758": [136], "0.001995451922800067": [137], "0.0022635842334505015": [138], "0.0017414365540636245": [139], "0.0022635874576422852": [140], "0.002018837797633849": [141], "0.002263591152915552": [142], "0.0022635926402831278": [143], "0.00226359058714541": [144], "0.002263586429735714": [145], "0.0022635923116926487": [146], "0.001653981549201086": [147], "0.0019052345463389947": [148], "0.0020008348798127643": [149], "0.002263583802676108": [150], "0.001985990802019197": [151], "0.0022635876343568813": [152], "0.0020214968200860137": [153], "0.0017232354174664779": [154], "0.0019430935182594771": [155], "0.0016995110787362481": [156], "0.0013775619785665791": [157], "0.0018863235391711705": [158], "0.0016087289254209409": [159], "0.0018863199631064481": [160], "0.0018863211463812726": [161], "0.0018863190368799548": [162], "0.0018863194086533805": [163], "0.0018863225112137245": [164], "0.001635064395635562": [165], "0.0008224401086887938": [166], "0.001246502425790357": [167], "0.0018863276106259152": [168], "0.001566998440344031": [169], "0.001644230219631271": [170], "0.0016415705822999701": [171], "0.0018863238019651775": [172], "0.001653735639947655": [173], "0.001641570293811299": [174], "0.001605079975868316": [175], "0.0016350663762175136": [176], "0.0018863219661158493": [177], "0.0015658248470780181": [178], "0.001566997467925406": [179], "0.0013761357688234872": [180], "0.0016442287885171884": [181], "0.0018863257211962042": [182], "0.00188631914176178": [183], "0.0015090618835770474": [184], "0.0015090611700347494": [185], "0.001509057193779475": [186], "0.0015090621733748974": [187], "0.0011507116016371082": [188], "0.0015090612853844224": [189], "0.0015090621019655513": [190], "0.0015090587412687267": [191], "0.001509057563523822": [192], "0.00150905646127064": [193], "0.0012764681690303177": [194], "0.0015090557418999753": [195], "0.0011739387303431653": [196], "0.001231460815368315": [197], "0.0011991826635079307": [198], "0.001227818269011058": [199], "0.0012643062749946572": [200], "0.001509055323254813": [201], "0.0015090601927771454": [202], "0.0015090580423592404": [203], "0.0011991845463157943": [204], "0.0015090572020539455": [205], "0.0015090599809664145": [206], "0.0015090575917885015": [207], "0.0015090625894942104": [208], "0.0015090564314567503": [209], "0.0015090630688624446": [210], "0.0015090558613358757": [211], "0.0012314588836796715": [212], "0.0015090622378170235": [213], "0.0015090617033723434": [214], "0.0015090625214657094": [215], "0.0009634013159607684": [216], "0.0015090627255363743": [217], "0.001189732751322497": [218], "0.0011931013079695533": [219], "0.001509061824490544": [220], "0.0015090557414444298": [221], "0.0015090582441262383": [222], "0.0015090550603326217": [223], "0.0011317967994284239": [224], "0.001131793036006845": [225], "0.0011317951804154973": [226], "0.0011317953959184386": [227], "0.0011317951764167893": [228], "0.0011317927530507925": [229], "0.0011317939977240842": [230], "0.0011317927031150392": [231], "0.0011317923419186901": [232], "0.0011317925014624078": [233], "0.0011317967741898759": [234, 237, 286, 293], "0.0008992005365894789": [235], "0.0008992016316575124": [236], "0.000569203474293437": [238], "0.0008870415488815625": [239], "0.0011317936338186361": [240], "0.0008124698864082425": [241], "0.0011317948530985551": [242], "0.000854197283319162": [243], "0.000854194986182522": [244], "0.0008124693440207969": [245], "0.0011317914400546989": [246], "0.0008896985964186412": [247], "0.0008870410554714456": [248], "0.0011317918243761206": [249], "0.0008870429170827821": [250], "0.0011317954606747515": [251], "0.0008124725977359276": [252], "0.0008158361272755012": [253], "0.0011317924636477157": [254], "0.0011317919504362165": [255], "0.0008112955050696682": [256], "0.0004919742218903504": [257], "0.0011317941008208076": [258],