{"2": 0.009149478243188534, "3": 0.0016541726633324423, "4": 0.0009440066672406113, "5": 0.0007598359295399266, "6": 0.0007722549147542349, "7": 0.002009996406058879, "9": 0.00036263869750796836, "11": 0.000669395936040781, "12": 0.0019269049234129597, "13": 0.0009976078485088137, "14": 0.0007047378302956234, "15": 0.0002772995751790514, "16": 0.0014249148383244949, "17": 0.00011423580772078085, "18": 0.0022806469520120177, "19": 0.0008317208781316429, "20": 0.0013458956733919554, "21": 0.0006778487801055171, "22": 0.0011843320965452648, "23": 0.0010483704296975226, "24": 0.0019551329588353484, "25": 0.0008602085456669143, "26": 0.0002035163248493803, "27": 0.0003855196956888758, "28": 7.445141073895764e-05, "29": 0.0005963311674723178, "30": 0.001202217124903629, "31": 0.001115092680307628, "32": 0.0006702033921821418, "33": 0.0006147539354613952, "35": 0.0019125801594431651, "36": 0.00011453441932767576, "37": 0.0009965468106362277, "38": 0.0008713209324875712, "39": 0.0003036585034016197, "40": 0.0006266195404231047, "41": 0.00025259007640562593, "42": 0.000441731319680748, "43": 0.0010353534118410636, "44": 0.0007041553166524381, "45": 0.0012019643897685207, "46": 0.00367178724400418, "47": 0.0009899325628056127, "48": 0.00014832224143085097, "49": 0.00020678944264105654, "50": 0.002824689849120803, "51": 0.0013369621113629787, "52": 0.0004311719732806454, "53": 0.0009337333410808187, "54": 0.0023593877902775666, "55": 0.0011687817977596826, "56": 0.005357638791768838, "58": 0.0008643576505213479, "59": 0.009231295707753991, "60": 0.001175474672831717, "61": 0.0005790283356882434, "62": 0.00042000653228338485, "63": 0.0307314954732007, "64": 0.0001248242039369105, "65": 0.00046042972098512793, "66": 0.0010870014299447534, "67": 0.0027782373918752846, "68": 6.0552485014618344e-05, "69": 0.000253976826909174, "70": 0.0015204813434778297, "71": 0.0004830834334888696, "72": 0.001044905856922544, "73": 0.0015373747358974079, "74": 0.000725092901722752, "75": 0.0001895000288194448, "76": 0.000665157367867203, "77": 0.000662135116933592, "78": 0.00036902806662343385, "79": 0.0002624950330907832, "80": 0.0007336732020868454, "81": 0.001043796456390002, "82": 0.0003747374360192141, "83": 0.0011173752706964324, "84": 0.0010971227555348507, "85": 0.0011360186967224535, "86": 0.00034291996371732004, "87": 0.0011139026604177647, "88": 0.0002731409234611433, "89": 0.0019818285398121504, "90": 0.0009628177144128295, "91": 0.0016364134620177732, "92": 0.0015866364995366323, "93": 0.0010383080570429202, "94": 0.0006508608265567542, "95": 0.000420180391431758, "96": 0.0026107047988279566, "97": 0.000351820308312827, "98": 0.0006671058494932499, "99": 0.00019419347153633187, "100": 0.0018641132781423628, "101": 0.0004895872379653714, "102": 0.000838416170367393, "103": 0.00016550801500807126, "104": 0.0016991456198315966, "105": 0.001523875963322787, "106": 0.0013596860020544603, "107": 0.0007548911198422444, "108": 0.0016671972201178548, "109": 0.001860070010482702, "110": 0.0010430619928496628, "111": 0.0005065934122833074, "113": 0.00032940995760251336, "114": 0.0008214232824011938, "115": 0.0002750351178250878, "116": 0.000512817054370379, "117": 0.00022912920482026617, "118": 0.0005554000198854268, "119": 0.025895802674904572, "120": 0.0003160304913457527, "121": 0.0013266819870324175, "122": 0.0004165890797454414, "123": 0.0005165344844999596, "124": 0.0005260193846230578, "125": 0.001560652257025684, "126": 0.0013597901189503182, "127": 0.00030619361510990004, "128": 0.0003143950357412388, "129": 0.00042971453013723846, "130": 0.0005899483236804497, "131": 0.015542728811829, "132": 0.0010798657759958751, "133": 8.416885075370748e-05, "134": 0.0005203570566760891, "135": 0.00022105092121944714, "136": 0.0008114572648456548, "137": 0.00044841410476808977, "138": 0.0005848669846923026, "139": 0.0004901216480088744, "140": 0.0007971073274730046, "141": 0.0016945366856441402, "142": 0.00018398133704061143, "143": 0.0021766085154138054, "144": 0.0005841629366824789, "145": 0.0019220000385473464, "146": 0.000482916986858669, "147": 0.006792674069084537, "148": 0.001104742442897969, "149": 0.000450819995807241, "150": 0.00041160984249396767, "151": 0.00036570004446904954, "152": 0.001101544890410767, "153": 0.0007477496070589851, "154": 0.0033389750381599814, "155": 0.0007911732079890451, "156": 0.0012242901029549359, "157": 0.0013599741423445792, "158": 0.0010392907742350487, "159": 0.0013387890344567653, "160": 0.0003838094373991551, "161": 0.00011114420949118852, "162": 0.0010055440125653246, "163": 0.0007865020292701445, "164": 0.00030509595621492307, "166": 0.0006679821209798721, "167": 0.020685115952151598, "168": 0.0008269643904931481, "169": 0.0004614088569858379, "170": 0.0017003314043403978, "171": 0.00035268218819804905, "172": 0.00104766057029383, "173": 0.0003833131099600249, "174": 0.000865761506953902, "175": 0.0023801285887956936, "176": 0.0013468942588602713, "177": 0.0007702910613128302, "178": 0.001457886772147532, "179": 0.0017532212889744521, "180": 0.0006994544770917917, "181": 0.015623762625831233, "183": 0.0006075958716215538, "184": 0.0017364347597907358, "185": 0.0004479577988782628, "186": 0.0006416479310783829, "187": 0.00030678710870070777, "188": 0.0032603019859610495, "189": 0.0005956587728976361, "190": 0.0011655226177423623, "191": 0.0017399580295046763, "192": 0.0007793137680223727, "193": 0.0004952898695381088, "194": 0.0003628168533515663, "195": 0.00022538892298964194, "196": 0.0008095100674801125, "197": 0.0018330371371124959, "198": 0.00043266810004939177, "199": 0.00017404513993406944, "200": 0.0004511101183150885, "201": 0.011622316125533065, "202": 0.0001813865945302199, "203": 0.000978529997642401, "204": 0.0005349457915230213, "205": 0.0011591583468682808, "206": 0.0009227245974068558, "207": 0.0012191965505567574, "208": 0.0010615336927698202, "209": 0.001711244290272858, "210": 0.0023335963667456723, "211": 0.002778702268366201, "212": 0.0008003725822374065, "213": 0.0003811826828955238, "214": 0.00010874059676625289, "215": 0.0015763377270383515, "217": 0.0011342183820600123, "218": 0.00034143408016890423, "219": 0.00037745620668032154, "221": 0.0010387102215686519, "222": 0.0010688574661376305, "223": 0.0008662477662517228, "224": 0.0008220597585413844, "225": 0.000556020265015938, "226": 0.0009399983868419509, "227": 0.00026886870405638124, "228": 0.0011497773173286486, "229": 0.001663848048066524, "230": 0.0003627736131573374, "231": 0.001493444039708455, "232": 0.0023992381600024346, "233": 4.258705618110565e-05, "234": 0.0016341295873198904, "235": 0.0033643664017282823, "236": 6.802818380389686e-05, "237": 0.00042725644909130737, "238": 0.00028458504516366275, "239": 1.8880239476076365e-05, "240": 8.643060539184357e-05, "241": 0.00017605180576696822, "242": 0.0011275061488203637, "243": 0.0007405403447357559, "244": 0.0009464409046297005, "245": 0.00030813680912121386, "246": 0.00017468056945880008, "247": 0.0013550912676614554, "248": 0.001209574031419994, "249": 0.001559054279136475, "250": 0.0005429054911136255, "251": 0.0012535712606660376, "252": 0.0014062128108860384, "254": 0.00037257364812054764, "255": 0.0016759281685054437, "256": 0.0009492944543530938, "257": 0.002049231004363542, "258": 0.002138003986010968, "259": 0.0002904595890113413, "260": 0.0010400538540329119, "261": 0.0027342439976170674, "262": 0.002862255404528314, "263": 0.0007323474797982129, "264": 0.0007373269052496232, "265": 0.0026584888615271743, "266": 0.0004687321317213112, "267": 0.0019159462580615233, "268": 0.00027308490403012343, "270": 0.0022006892369117736, "272": 0.0006329085880502992, "273": 0.0003711039312470797, "274": 0.0009539048918270261, "275": 0.0013287401953004368, "276": 0.001277175123009662, "277": 0.00030086955049085873, "278": 0.0003532672880487149, "279": 0.00866044356939167, "280": 0.00023986414337723582, "281": 0.006709597969400009, "282": 0.0006945404948829643, "283": 0.0006594560354021619,