{"0.00019285017320191976": [1269], "0.0005736669659784482": [1425], "0.0016517419113622606": [1426], "0.001576063069149679": [1427], "0.0013280920876648315": [1428], "0.00034828229959328323": [1430], "0.000567691273175399": [1431], "0.0007581109480576987": [1433], "0.0035589003876026447": [1434], "0.00017168707497340852": [1435], "0.0014738949580061801": [1436], "0.001541584800841706": [1437], "0.0013288923988792705": [1438], "0.0006195791297985615": [1439], "0.000711700897511491": [1440], "0.004753924586794713": [1441], "0.0002089742039864694": [1442], "0.0023395670774088847": [1443], "0.00017558516541473618": [1444], "0.0005827114631287035": [1446], "0.006312165258733319": [1448], "0.0015427404854133303": [1449], "0.0006134417301368091": [1451], "0.000594217851932712": [1452], "0.0007326516972528781": [1453], "0.0025484462158436713": [1455], "0.005776280277036763": [1457], "0.0026336461777203674": [1458], "0.0007289473730911968": [1459], "0.0012019176664818812": [1460], "0.0008161342496990726": [1461], "0.003914066314476826": [1462], "0.003612249843766146": [1463], "0.0002474875819871068": [1464], "0.0011470094610312267": [1465], "0.0011442042795463817": [1466], "0.0041176360326046135": [1467], "0.0011760575586073133": [1468], "0.0015320145681335666": [1469], "0.0008829752553581718": [1470], "0.0026894978445781044": [1471], "0.0010770752845548769": [1473], "0.00022382932336549404": [1474], "0.0008662895950001556": [1475], "0.00045399781695759693": [1476], "0.006284565963296237": [1477], "0.00026980845896678327": [1478], "0.006550542180228267": [1479], "0.0013188541250062876": [1480], "0.0004210367955894579": [1482], "0.0001892260984690785": [1483], "0.0018719363625360756": [1484], "0.0006547723553181034": [1485], "0.0001560350530620116": [1486], "0.0009107156894896357": [1487], "0.002190526925298667": [1489], "0.00039882800422565324": [1490], "0.0013102870428624443": [1491], "0.002412200833502292": [1492], "0.0031352235687643376": [1493], "0.0036717182545727583": [1495], "0.0010406694679450886": [1496], "0.00022494358881643289": [1497], "0.001056745022443021": [1498], "0.0014984624212372377": [1499], "0.0008918595104174281": [1500], "0.005521290158461184": [1501], "0.0015477241810143152": [1502], "0.0013940439329886054": [1503], "0.00047815699016791953": [1504], "0.0012128584258824732": [1505], "0.0013047711533540958": [1507], "0.001808532921721806": [1510], "0.000776571198567177": [1511], "0.004867135446303239": [1512], "0.0010430589244432198": [1513], "0.0003465262022413141": [1514], "0.0003125117618707827": [1516], "0.004797774843984909": [1517], "0.001045824708158543": [1518], "0.014408377944631288": [1519], "0.0010631799216193928": [1520], "0.0009088704880560096": [1521], "0.0040329437047903465": [1522], "0.011145176055464518": [1523], "0.001284025340449449": [1524], "0.013306991583386236": [1525], "0.0009512174507066086": [1526], "0.0075536483323328275": [1527], "0.0011348525573106226": [1528], "0.00467527040442683": [1529], "0.0017624724301977895": [1530], "0.006107225463889638": [1531], "0.0012133150777784208": [1532], "0.00011256405067275491": [1533], "0.0018304025341091326": [1535], "0.002364391202369771": [1537], "0.0033969227586310587": [1538], "0.002177350146431544": [1539], "7.054285694072274e-05": [1540], "0.0017381041156306976": [1541], "0.0014042847939545547": [1542], "0.0013939732670246298": [1543], "0.007976236655269062": [1544], "0.0012648887418679378": [1545], "0.002043343721535489": [1546], "0.0014848963265791184": [1547], "8.985536921853449e-05": [1548], "0.01261188615061915": [1549], "0.003210270619378896": [1550], "0.0009003550384800319": [1551], "0.00044456367239041985": [1552], "0.001845715280387221": [1553], "0.006075600369684247": [1554], "0.00028816672688371426": [1555], "0.004704006810348097": [1556], "0.0004230241027076886": [1557], "0.00018600070020655777": [1558], "0.002240950751090019": [1559], "0.0009982320513512966": [1560], "0.002928098215654684": [1562], "0.01733435801122742": [1563], "0.00038665935160105613": [1564], "0.0006569840748258648": [1565], "0.00092121198765684": [1566], "0.0074943490955671505": [1568], "0.001974452348197957": [1569], "0.0005729461965361882": [1570], "0.0007499325779791559": [1572], "0.0009946677768589351": [1573], "0.0019082410994943468": [1574], "0.0010360860229472791": [1575], "0.0009545564813086935": [1576], "0.0005852634278147017": [1577], "0.0015502833945192245": [1578], "0.010129161503304377": [1579], "0.0015402325988594203": [1580], "0.0008979301708963883": [1581], "0.0023551384157555174": [1582], "0.004898564791846923": [1583], "0.0008137305031539071": [1585], "0.00011599571923760275": [1586], "0.002125188642568923": [1587], "0.004007618235855951": [1590], "0.008235573967461173": [1591], "0.01040151397606569": [1592], "0.002080424353124355": [1593], "8.248836494547872e-05": [1594], "0.00044485622498921187": [1595], "0.0007213212873321404": [1596], "0.00017048214850570354": [1597], "0.0030033947681219176": [1598], "0.040249164023572155": [1599], "0.010967291031284895": [1600], "0.0005881945504946067": [1601], "0.008032455256583446": [1602], "0.0048572363155972315": [1603], "0.0013418241867145181": [1604], "0.0003267209664136963": [1605], "0.0004927043801107743": [1606], "0.0017145387214518948": [1608], "0.0021224607459627526": [1609], "0.0006179751533287089": [1612], "0.005924618964450195": [1613], "0.00017072606938517692": [1614], "0.0008734513115507801": [1616], "0.0038479956031836553": [1617], "7.812983809504155e-05": [1618], "0.0005107810733036412": [1619], "0.0009554410466764853": [1622], "0.0036022243184630283": [1623], "0.0001665277608257324": [1624], "0.0014391138544884606": [1625], "0.0022942188414278564": [1626], "8.609292466671879e-05": [1627], "0.0028284089273425193": [1628], "0.0007070931959896894": [1629], "0.001029749122769657": [1630], "0.0015887581121590496": [1631], "0.00022777902358644855": [1633], "0.00020713232910450863": [1634], "0.005161901226154072": [1635], "0.00017368908406061796": [1636], "0.0006415260370753377": [1638], "5.925861508806895e-05": [1639], "0.0006912075345326769": [1640], "0.0017871567823447361": [1641], "0.0012995663436498012": [1642], "0.0012302976182910132": [1643], "0.0006269525896416577": [1644], "0.0006374704615624685": [1645], "9.518312743141251e-05": [1646], "0.00034721692106313073": [1647], "0.0022846516693721033": [1648], "0.0007535697636222395": [1649], "0.0005509211955668768": [1650], "0.0007809377100323873": [1651], "0.0014011664328221873": [1652], "7.33604386707188e-05": [1654], "0.021130565682266268": [1655], "0.000602675014137223": [1656], "0.0012322032511418524": [1657], "0.00041922066722400374": [1658], "0.002495486789091817": [1659], "0.0014750507546644031": [1660], "0.00012020269728072652": [1661], "0.0012401707703047508": [1663], "0.0028839776669494816": [1664], "0.0020316298500180283": [1665], "0.0008347238879817268": [1666], "0.0011801875142538197": [1667], "0.0007194099295122814": [1668], "0.0002595680529859914": [1669], "0.0012636597344321534": [1670], "0.0008751038694188207": [1671], "0.0002254876443523717": [1672], "0.0011997866868887893": [1673], "0.0013349173740106403": [1674], "0.0003498124435443523": [1675], "0.00428399314744613": [1676], "0.0009634319722777433": [1677], "0.0018295219643127377": [1678], "0.0009259496136545233": [1679], "0.0009553393850651028": [1680], "0.0037319818728655555": [1681], "0.0006367506876878452": [1682], "0.0027478639846122053": [1683], "0.00340457723993014": [1684], "0.00018460046031192664": [1685], "8.66672327448836e-05": [1687], "0.11630966054717269": [1688], "0.0012742685755245025": [1689], "0.0001336614922416521": [1691], "0.0032684975117132082": [1692], "0.0017121992421973405": [1694], "0.0015220691396669987": [1695], "0.0030376541794243676": [1696], "0.00010213478704398415": [1697], "0.003250227660991513": [1698], "0.001001804662723608": [1699], "0.0051393312083041695": [1700], "0.008150670386644389": [1701], "0.00041120728483789196": [1702],