{"0.003961989077664443": [0], "0.0038417632617753265": [1], "0.003847016617356077": [2], "0.00389661282626791": [3], "0.0033460563789960234": [4], "0.0036805071982492854": [5], "0.0032805759399688406": [6], "0.0036812246010193904": [7], "0.003922184455043613": [8], "0.0038680090925570345": [9], "0.0031380336339626395": [10], "0.002395899105159227": [11], "0.002773407115375914": [12], "0.0031066695971210005": [13], "0.002280117401855994": [14], "0.001633431963238821": [15], "0.0036913628621023987": [16], "0.002794898068997126": [17], "0.004020167773674714": [18], "0.0036315551978565027": [19], "0.002942762101431847": [20], "0.0031354985752004043": [21], "0.002525050874811721": [22], "0.002959907636807115": [23], "0.0025173211289288475": [24], "0.002752979650931189": [25], "0.0024544006031327397": [26], "0.0033178919442915468": [27], "0.003719154176737054": [28], "0.0027117721214055877": [29], "0.003201931108329478": [30], "0.002995243664374921": [31], "0.0034983185500817426": [32], "0.003645732400924203": [33], "0.003165641980386114": [34], "0.003293380360601977": [35], "0.0023730364429070173": [36], "0.002139739619969684": [37], "0.0036561711410187667": [38], "0.003211134698974558": [39], "0.003244895807070186": [40], "0.0033594956437188097": [41], "0.0025087652098944708": [42], "0.00261561377943943": [43], "0.0027904952761866335": [44], "0.002505161252935639": [45], "0.0026319773205970383": [46], "0.002690547166194191": [47], "0.0035088657921110906": [48], "0.0031701866512331973": [49], "0.0030288657084620424": [50], "0.0026016399897291946": [51], "0.0031303817343039386": [52], "0.0032030027115321678": [53], "0.0030012249636079875": [54], "0.0031028741767699444": [55], "0.003069629427064847": [56], "0.0032007491183655527": [57], "0.002784835242427666": [58], "0.0019822508780163437": [59], "0.0023088799203061336": [60], "0.002852006284917467": [61], "0.002611258906424252": [62], "0.002803869579235692": [63], "0.002674242921512024": [64], "0.0021785156008319695": [65], "0.001982656123260021": [66], "0.0021749693147496535": [67], "0.0023322430328874323": [68], "0.0024699473248097066": [69], "0.0021067945138973803": [70], "0.002807506179252879": [71], "0.003110496337325841": [72], "0.002769871599596962": [73], "0.0028224997797087832": [74], "0.002966879169960275": [75], "0.002812899779016609": [76], "0.0024894964301290477": [77], "0.0033402251422014577": [78], "0.0025359374881840186": [79], "0.0021124444985503583": [80], "0.00260024276117306": [81], "0.0019176674971870021": [82], "0.0023173117465430004": [83], "0.0016407358645611138": [84], "0.0025654885942589063": [85], "0.0010618144955992239": [86], "0.002378225614590905": [87], "0.002669713636964649": [88], "0.0027110102820532738": [89], "0.002066561369172245": [90], "0.0026284961308532385": [91], "0.0031834596649696675": [92], "0.0025103877582323742": [93], "0.0020787442132637764": [94], "0.0019335053879865403": [95], "0.0019554880871162457": [96], "0.0025751330194501445": [97], "0.0025934779614534987": [98], "0.0032034266086297366": [99], "0.002417101074427122": [100], "0.001993278553469724": [101], "0.0028294029597484894": [102], "0.0024372705417857743": [103], "0.002227808389381168": [104], "0.0023710724663035527": [105], "0.0021145192961360432": [106], "0.002231224541252535": [107], "0.002540306893063403": [108], "0.0019359252869871344": [109], "0.0023798880820340876": [110], "0.0032303014541435558": [111], "0.0025222587751525262": [112], "0.0020566744876327992": [113], "0.0023716385373825253": [114], "0.0023683986380933137": [115], "0.002226917310244269": [116], "0.0022643896332630435": [117], "0.0025331565301978643": [118], "0.0016478133652361243": [119], "0.0020524748121787976": [120], "0.0020906230935624636": [121], "0.002031589865913801": [122], "0.0019299425174067624": [123], "0.0022826300008066008": [124], "0.0020058313104370073": [125], "0.0027217041049368575": [126], "0.0024572836860505686": [127], "0.002733433358441452": [128], "0.0022646073488926046": [129], "0.002540054631126791": [130], "0.002613885919454023": [131], "0.0028372043499492955": [132], "0.002188989761705664": [133], "0.001656972054782801": [134], "0.0015674288851657964": [135], "0.0021715100744403824": [136], "0.0022815922102669404": [137], "0.0021001509243267023": [138], "0.0017077174521057503": [139], "0.00195569293784958": [140], "0.0017421755101012667": [141], "0.0019076997840397475": [142], "0.001985259926651478": [143], "0.002264151301756936": [144], "0.002689619710586007": [145], "0.0024100545402591057": [146], "0.0026852112565939243": [147], "0.002377790940858147": [148], "0.0031860902197650845": [149], "0.002560705124527872": [150], "0.0021644881308646316": [151], "0.0025710735950505185": [152], "0.0020268014328021413": [153], "0.0019257182872052182": [154], "0.0016432274138273532": [155], "0.002334864751026187": [156], "0.0015894513144796185": [157], "0.0016061535210008299": [158], "0.0017250568487790158": [159], "0.0022027001773679117": [160], "0.0018491701545027227": [161], "0.002015309026603683": [162], "0.0020627961402810827": [163], "0.0026126958962705746": [164], "0.0023427557572427765": [165], "0.0028037020482341167": [166], "0.0021460306034073854": [167], "0.0027534660623934285": [168], "0.0025559908910559185": [169], "0.0033831776368079946": [170], "0.002304130413596693": [171], "0.0026569205162743454": [172], "0.002267078371599738": [173], "0.0018449002568876665": [174], "0.0019701498766450153": [175], "0.0019565470655371134": [176], "0.0018565557178174094": [177], "0.002006443150608669": [178], "0.0026519249064648307": [179], "0.0021543565186338516": [180], "0.002422223270659704": [181], "0.002407503933388782": [182], "0.0027118919073235415": [183], "0.0022888543097040466": [184], "0.0022616932011531882": [185], "0.0023172401624884484": [186], "0.0023619761022242772": [187], "0.001936372581158831": [188], "0.00263601465823323": [189], "0.0016920613605190314": [190], "0.002329448578498986": [191], "0.0019808307401792302": [192], "0.0019530005146170147": [193], "0.002277708742681598": [194], "0.0020397899499078626": [195], "0.0018738459231325978": [196], "0.0019037313259649728": [197], "0.0016595862933969764": [198], "0.0023008402710964094": [199], "0.0023521992610990353": [200], "0.0028130991524274": [201], "0.0024774578599336522": [202], "0.0022975288439195697": [203], "0.00227202147088001": [204], "0.002335021261165254": [205], "0.002326027961905377": [206], "0.0024552937115486055": [207], "0.0021341455623486": [208], "0.002445663621963813": [209], "0.0022706734953778568": [210], "0.0018367226224249565": [211], "0.0021287359507320257": [212], "0.0014536400028707882": [213], "0.002059924754139471": [214], "0.0017018042184932473": [215], "0.001917890464381373": [216], "0.002517144854957408": [217], "0.0018803836431438082": [218], "0.0023197694741654883": [219], "0.0022242590250315087": [220], "0.002523436850508839": [221], "0.002457805272418072": [222], "0.0019205586307996375": [223], "0.0021773181648346057": [224], "0.0016967246028236024": [225], "0.0021942370429613644": [226], "0.0016606358553000523": [227], "0.002367483907047462": [228], "0.002831296995742693": [229], "0.0017043259978099948": [230], "0.0023477813804077315": [231], "0.0029449248438764056": [232], "0.0025077548377044736": [233], "0.002390909474502689": [234], "0.0022414151836209492": [235], "0.001749137309463377": [236], "0.0022530136187973214": [237], "0.0018451804104671298": [238], "0.0018389257103464535": [239], "0.0023731176858936332": [240], "0.0017646951406905232": [241], "0.0012693260228472834": [242], "0.00208702111850299": [243], "0.0017754665018279703": [244], "0.0016191798474150252": [245], "0.0021023069907053047": [246], "0.0017929874975158686": [247], "0.0020840938345123424": [248], "0.001962300972972912": [249], "0.0023808094979316323": [250], "0.0029124550930217166": [251], "0.0027929602138761617": [252], "0.0023212259003154126": [253], "0.0024786173176142763": [254], "0.002349647751886164": [255],