{"0": 0.003961989077664443, "1": 0.0038417632617753265, "2": 0.003847016617356077, "3": 0.00389661282626791, "4": 0.0033460563789960234, "5": 0.0036805071982492854, "6": 0.0032805759399688406, "7": 0.0036812246010193904, "8": 0.003922184455043613, "9": 0.0038680090925570345, "10": 0.0031380336339626395, "11": 0.002395899105159227, "12": 0.002773407115375914, "13": 0.0031066695971210005, "14": 0.002280117401855994, "15": 0.001633431963238821, "16": 0.0036913628621023987, "17": 0.002794898068997126, "18": 0.004020167773674714, "19": 0.0036315551978565027, "20": 0.002942762101431847, "21": 0.0031354985752004043, "22": 0.002525050874811721, "23": 0.002959907636807115, "24": 0.0025173211289288475, "25": 0.002752979650931189, "26": 0.0024544006031327397, "27": 0.0033178919442915468, "28": 0.003719154176737054, "29": 0.0027117721214055877, "30": 0.003201931108329478, "31": 0.002995243664374921, "32": 0.0034983185500817426, "33": 0.003645732400924203, "34": 0.003165641980386114, "35": 0.003293380360601977, "36": 0.0023730364429070173, "37": 0.002139739619969684, "38": 0.0036561711410187667, "39": 0.003211134698974558, "40": 0.003244895807070186, "41": 0.0033594956437188097, "42": 0.0025087652098944708, "43": 0.00261561377943943, "44": 0.0027904952761866335, "45": 0.002505161252935639, "46": 0.0026319773205970383, "47": 0.002690547166194191, "48": 0.0035088657921110906, "49": 0.0031701866512331973, "50": 0.0030288657084620424, "51": 0.0026016399897291946, "52": 0.0031303817343039386, "53": 0.0032030027115321678, "54": 0.0030012249636079875, "55": 0.0031028741767699444, "56": 0.003069629427064847, "57": 0.0032007491183655527, "58": 0.002784835242427666, "59": 0.0019822508780163437, "60": 0.0023088799203061336, "61": 0.002852006284917467, "62": 0.002611258906424252, "63": 0.002803869579235692, "64": 0.002674242921512024, "65": 0.0021785156008319695, "66": 0.001982656123260021, "67": 0.0021749693147496535, "68": 0.0023322430328874323, "69": 0.0024699473248097066, "70": 0.0021067945138973803, "71": 0.002807506179252879, "72": 0.003110496337325841, "73": 0.002769871599596962, "74": 0.0028224997797087832, "75": 0.002966879169960275, "76": 0.002812899779016609, "77": 0.0024894964301290477, "78": 0.0033402251422014577, "79": 0.0025359374881840186, "80": 0.0021124444985503583, "81": 0.00260024276117306, "82": 0.0019176674971870021, "83": 0.0023173117465430004, "84": 0.0016407358645611138, "85": 0.0025654885942589063, "86": 0.0010618144955992239, "87": 0.002378225614590905, "88": 0.002669713636964649, "89": 0.0027110102820532738, "90": 0.002066561369172245, "91": 0.0026284961308532385, "92": 0.0031834596649696675, "93": 0.0025103877582323742, "94": 0.0020787442132637764, "95": 0.0019335053879865403, "96": 0.0019554880871162457, "97": 0.0025751330194501445, "98": 0.0025934779614534987, "99": 0.0032034266086297366, "100": 0.002417101074427122, "101": 0.001993278553469724, "102": 0.0028294029597484894, "103": 0.0024372705417857743, "104": 0.002227808389381168, "105": 0.0023710724663035527, "106": 0.0021145192961360432, "107": 0.002231224541252535, "108": 0.002540306893063403, "109": 0.0019359252869871344, "110": 0.0023798880820340876, "111": 0.0032303014541435558, "112": 0.0025222587751525262, "113": 0.0020566744876327992, "114": 0.0023716385373825253, "115": 0.0023683986380933137, "116": 0.002226917310244269, "117": 0.0022643896332630435, "118": 0.0025331565301978643, "119": 0.0016478133652361243, "120": 0.0020524748121787976, "121": 0.0020906230935624636, "122": 0.002031589865913801, "123": 0.0019299425174067624, "124": 0.0022826300008066008, "125": 0.0020058313104370073, "126": 0.0027217041049368575, "127": 0.0024572836860505686, "128": 0.002733433358441452, "129": 0.0022646073488926046, "130": 0.002540054631126791, "131": 0.002613885919454023, "132": 0.0028372043499492955, "133": 0.002188989761705664, "134": 0.001656972054782801, "135": 0.0015674288851657964, "136": 0.0021715100744403824, "137": 0.0022815922102669404, "138": 0.0021001509243267023, "139": 0.0017077174521057503, "140": 0.00195569293784958, "141": 0.0017421755101012667, "142": 0.0019076997840397475, "143": 0.001985259926651478, "144": 0.002264151301756936, "145": 0.002689619710586007, "146": 0.0024100545402591057, "147": 0.0026852112565939243, "148": 0.002377790940858147, "149": 0.0031860902197650845, "150": 0.002560705124527872, "151": 0.0021644881308646316, "152": 0.0025710735950505185, "153": 0.0020268014328021413, "154": 0.0019257182872052182, "155": 0.0016432274138273532, "156": 0.002334864751026187, "157": 0.0015894513144796185, "158": 0.0016061535210008299, "159": 0.0017250568487790158, "160": 0.0022027001773679117, "161": 0.0018491701545027227, "162": 0.002015309026603683, "163": 0.0020627961402810827, "164": 0.0026126958962705746, "165": 0.0023427557572427765, "166": 0.0028037020482341167, "167": 0.0021460306034073854, "168": 0.0027534660623934285, "169": 0.0025559908910559185, "170": 0.0033831776368079946, "171": 0.002304130413596693, "172": 0.0026569205162743454, "173": 0.002267078371599738, "174": 0.0018449002568876665, "175": 0.0019701498766450153, "176": 0.0019565470655371134, "177": 0.0018565557178174094, "178": 0.002006443150608669, "179": 0.0026519249064648307, "180": 0.0021543565186338516, "181": 0.002422223270659704, "182": 0.002407503933388782, "183": 0.0027118919073235415, "184": 0.0022888543097040466, "185": 0.0022616932011531882, "186": 0.0023172401624884484, "187": 0.0023619761022242772, "188": 0.001936372581158831, "189": 0.00263601465823323, "190": 0.0016920613605190314, "191": 0.002329448578498986, "192": 0.0019808307401792302, "193": 0.0019530005146170147, "194": 0.002277708742681598, "195": 0.0020397899499078626, "196": 0.0018738459231325978, "197": 0.0019037313259649728, "198": 0.0016595862933969764, "199": 0.0023008402710964094, "200": 0.0023521992610990353, "201": 0.0028130991524274, "202": 0.0024774578599336522, "203": 0.0022975288439195697, "204": 0.00227202147088001, "205": 0.002335021261165254, "206": 0.002326027961905377, "207": 0.0024552937115486055, "208": 0.0021341455623486, "209": 0.002445663621963813, "210": 0.0022706734953778568, "211": 0.0018367226224249565, "212": 0.0021287359507320257, "213": 0.0014536400028707882, "214": 0.002059924754139471, "215": 0.0017018042184932473, "216": 0.001917890464381373, "217": 0.002517144854957408, "218": 0.0018803836431438082, "219": 0.0023197694741654883, "220": 0.0022242590250315087, "221": 0.002523436850508839, "222": 0.002457805272418072, "223": 0.0019205586307996375, "224": 0.0021773181648346057, "225": 0.0016967246028236024, "226": 0.0021942370429613644, "227": 0.0016606358553000523, "228": 0.002367483907047462, "229": 0.002831296995742693, "230": 0.0017043259978099948, "231": 0.0023477813804077315, "232": 0.0029449248438764056, "233": 0.0025077548377044736, "234": 0.002390909474502689, "235": 0.0022414151836209492, "236": 0.001749137309463377, "237": 0.0022530136187973214, "238": 0.0018451804104671298, "239": 0.0018389257103464535, "240": 0.0023731176858936332, "241": 0.0017646951406905232, "242": 0.0012693260228472834, "243": 0.00208702111850299, "244": 0.0017754665018279703, "245": 0.0016191798474150252, "246": 0.0021023069907053047, "247": 0.0017929874975158686, "248": 0.0020840938345123424, "249": 0.001962300972972912, "250": 0.0023808094979316323, "251": 0.0029124550930217166, "252": 0.0027929602138761617, "253": 0.0023212259003154126, "254": 0.0024786173176142763, "255": 0.002349647751886164, "256": 0.002256895987357171, "257": 0.0027743269378217384, "258": 0.0025360253056453514, "259": 0.0026731166653589304, "260": 0.0024137446713338915, "261": 0.002425019365925354, "262": 0.002103694604153332, "263": 0.002182301134530108, "264": 0.002673218515257881, "265": 0.001688565080171098, "266": 0.0028624549880428315, "267": 0.0025410417113505787, "268": 0.0020560839712008977, "269": 0.0024868800470484688, "270": 0.002079867009557452, "271": 0.002128248826242064, "272": 0.0017504788298041564,