{"1": 0.014843541124396797, "2": 0.002378460946209933, "3": 0.00095083615545828, "4": 0.0010594334827207293, "5": 0.0007648147650280441, "6": 0.019118584401566396, "7": 0.002758782833657172, "8": 0.0032034005707851643, "9": 0.0002264847226399065, "10": 6.026894710053649e-05, "11": 0.00018872394934374114, "12": 0.0019739596085184196, "13": 5.300784312479361e-05, "14": 0.002886488981593256, "15": 0.0006991170830545918, "16": 5.782548697988706e-05, "17": 0.0017571872232657435, "18": 0.0015740252788655376, "19": 0.0002128644579699979, "20": 1.5174083048645208e-05, "21": 0.00020988271294098353, "22": 0.0012213522188600624, "23": 0.0007614051980674054, "24": 0.0002631509136195983, "25": 0.023186713551383, "26": 0.0008845775103136504, "27": 0.0009543106617001128, "28": 0.00015041148187281778, "29": 0.010309570474312314, "30": 0.00047441954722383017, "31": 0.0007458842039295493, "32": 0.00032536145363360147, "33": 9.952107420279705e-05, "34": 0.00269041437291241, "35": 0.01228616774331199, "36": 0.0003692699552509667, "37": 0.01996973365919743, "39": 0.0004889974996853155, "41": 0.0004559749049435719, "42": 3.081603799862619e-05, "43": 0.0002690449832108918, "44": 0.018495081444640512, "45": 0.0012891743256157686, "46": 0.0008557154957241571, "47": 0.0004307317540017774, "48": 0.000791373159831342, "49": 0.0015201197740059248, "50": 0.0008691574043037417, "51": 0.0015514308859048657, "52": 0.0007199320038930853, "53": 0.008078121541952076, "54": 0.0005442483804072648, "55": 0.0009260577053279696, "57": 0.0017845230342007315, "58": 0.004419330519216382, "59": 0.00012500461180559852, "60": 0.0007036871505312932, "61": 0.003810272000965423, "63": 0.0013822426347943032, "64": 0.004162076697288271, "65": 0.0005951696671456283, "66": 0.0006613701561266821, "67": 0.022560147390485976, "69": 0.0005718628665849696, "70": 0.0004847943271628482, "71": 6.524252555900263e-05, "72": 0.01926900244330863, "73": 0.0003143351093437496, "74": 0.00011602606414472812, "75": 0.000908070678235966, "76": 0.0008795861547781083, "77": 0.0001215255755559796, "78": 0.03239410635667863, "79": 0.000491613939735553, "80": 0.00036927157984079583, "82": 0.0009229708427683972, "83": 0.000217303872709421, "84": 5.270236912106148e-05, "85": 0.0023622828729647307, "86": 3.349101591585108e-05, "87": 0.0005009554783454353, "88": 0.011438468202669501, "89": 0.00130325773165972, "90": 0.004275009341423882, "91": 0.0006977676741924316, "92": 0.00036739660491110296, "93": 0.0012405925560597917, "94": 0.01484956223487195, "95": 2.1162114326805616e-05, "96": 0.002094270836168916, "97": 0.0003421196717447355, "98": 0.0005185811432633119, "100": 0.001288756962852157, "101": 1.4578998966272393e-05, "102": 0.0018705208163966906, "103": 0.0036653690352338765, "105": 0.0013655556099712986, "106": 0.0017386134134914127, "107": 0.007068570870475924, "109": 0.00105834110445993, "110": 0.00032546750145724174, "111": 0.00013608310329942593, "112": 0.0073757815951906395, "113": 0.013182969495540903, "114": 0.02981124736605526, "115": 8.406161811874618e-06, "116": 0.00027777916164171355, "117": 0.004774034199968534, "118": 4.855035711860565e-05, "119": 0.0009729287061371075, "121": 0.014486848021903595, "124": 0.00046854671234121577, "125": 0.0009356541194311903, "126": 0.00034205465592557693, "127": 0.0009206932354471134, "128": 0.002000845989216342, "129": 0.00028399702804784304, "130": 0.0018955500650512964, "131": 1.3433941968045479e-05, "132": 0.023538584342790506, "133": 0.0020284000978848197, "134": 0.0020297681362679305, "135": 0.006116322707946439, "136": 0.0019332624529116206, "137": 0.0028331686181914365, "138": 0.001235998694338554, "139": 0.015534388105819351, "141": 0.0003611855968009551, "143": 0.0006187288656162577, "144": 0.024094686031058497, "145": 0.003317468181332077, "146": 0.00048317308652615667, "147": 0.0038514338591552266, "148": 6.9764830511578264e-06, "149": 0.0002541385189418257, "150": 0.000982272371015545, "152": 0.0002362929540002633, "153": 0.00179545902042174, "154": 0.002661300071603865, "155": 0.00037680064075089846, "156": 0.0002654957845094229, "157": 0.0017639358828768236, "158": 0.0004907773933984752, "159": 0.001877284461001437, "160": 0.0023599920392872284, "161": 0.0006317060915022379, "162": 0.000499961576808812, "163": 0.021473825592213714, "164": 1.886727829248547e-05, "166": 0.00047052296841054383, "167": 0.0026387615001125927, "168": 0.0016997263198988521, "169": 0.017347854731639457, "170": 3.3887951492567274e-05, "171": 0.0011886106977348299, "173": 0.00041365526664585646, "174": 1.0116738500605935e-05, "175": 0.012696614180874616, "176": 1.1133092159064173e-05, "177": 7.866310902509218e-05, "178": 0.000893354990323739, "179": 0.0005082682694280098, "180": 0.0002746158254060759, "182": 0.0012448337756566146, "183": 0.027694201679809474, "184": 3.309441097575872e-05, "185": 0.003654054678363375, "186": 0.0003382556520178255, "187": 0.0004713461616619504, "188": 0.00012630746154532833, "189": 0.0034635436182435873, "190": 0.002553873029152009, "191": 0.0003674722851199856, "192": 0.000396755989544688, "193": 7.12619340016519e-05, "194": 0.0002181016749708563, "195": 0.016125139872915323, "196": 0.000381119476534425, "197": 0.003165548181207646, "198": 0.01183426128957272, "199": 0.00017341639130893788, "200": 0.005843878123413331, "201": 0.0008066724317309876, "202": 0.0024759257710971847, "203": 0.0010566058335694248, "204": 0.0011408843230079212, "205": 0.004879976204408112, "206": 0.0006118229465163531, "207": 0.00038948226137435523, "208": 0.0007267131641799816, "209": 0.0011107557154239472, "210": 5.249107195756206e-05, "211": 0.0010926057900430193, "213": 0.0008944750770247563, "214": 0.0009364932456203374, "215": 0.00044429453297416916, "216": 0.0002884700990230958, "217": 0.0014960907458149268, "220": 0.0005778684308102722, "221": 0.0010318685577971405, "222": 0.010810785255011226, "223": 0.0011517568715087051, "224": 0.0006799167312939949, "225": 0.0005522522790067009, "226": 0.0008687423773541881, "227": 0.0011481400519990639, "228": 0.0011357141593976122, "229": 0.00010615952392191885, "230": 0.0007654110650816816, "231": 0.0003278120382747179, "232": 0.005970109271368395, "233": 0.00013184264238144664, "234": 0.020004750834568066, "235": 0.0010473313519519724, "236": 0.003199286087018765, "237": 0.0006792168112989158, "238": 0.0012053468459295041, "239": 0.03091527504433705, "241": 7.370729680150992e-06, "243": 6.372589024513281e-05, "244": 0.002788867448970282, "245": 0.006041419946474331, "246": 0.0001519324068914822, "247": 7.709624947435237e-05, "248": 0.0012731446745480831, "249": 0.00033278824244917476, "250": 1.5775080174765736e-05, "251": 0.0033537160598794617, "252": 0.007487028948394214, "253": 0.0026967846426015924, "254": 0.0016481363276814032, "255": 0.00075893142792079, "256": 0.001999076559168991, "257": 0.0013402419070853368, "258": 1.075148827775348e-05, "259": 0.0003271883116495386, "260": 0.0001781474881212023, "261": 0.0013798784531834569, "262": 0.0001930827328390261, "263": 4.408393875436826e-05, "265": 0.0026348699111156133, "266": 0.00011702287069004909, "267": 2.9888362169905353e-07, "268": 0.0015469215417450615, "269": 0.00013696784707758805, "270": 0.0011316757677939642, "271": 0.00026292214027662947, "272": 0.0011522978198114033, "273": 0.0003409978997035702, "274": 0.008829660625802488, "275": 0.0007425657669983706, "276": 0.0007704888423514117, "277": 0.0004214573715902793, "278": 0.0009777336315453967, "279": 0.0009975905799037047, "280": 0.001433662687320719, "282": 0.02209335145590963, "283": 0.0004303518760910649, "284": 0.0023096315167128283, "285": 0.0021537457812289508, "286": 0.0004521416396234522, "287": 0.014186074233331049, "288": 0.0003193575960624095, "289": 0.014563773878823499, "290": 0.007374580685125663, "292": 0.0006001872690877618, "293": 0.00017421243918273662, "294": 0.0013195315554134085, "295": 0.0016299285639918622, "296": 0.0031470801957079637, "297": 0.0006708453785943146,