{"0.07384576422405106": [0], "0.018900495415037622": [1], "0.011107073381817573": [2], "0.019471843041537006": [3], "0.016208261572201326": [4], "0.016682862804520856": [5], "0.01452961925599909": [6], "0.02165896134875365": [7], "0.015888234914258396": [8], "0.011899176717417805": [9], "0.00879632381499507": [10], "0.008064119199640228": [11], "0.02260589877840368": [12], "0.02360071774165873": [13], "0.02263308779890842": [14], "0.007679373416376463": [15], "0.021304361258040767": [16], "0.024460429037361727": [17], "0.0206459761984832": [18], "0.014594226267474284": [19], "0.0166500855304646": [20], "0.0210304927708443": [21], "0.009586172721057126": [22], "0.013360756818476111": [23], "0.011221567451419617": [24], "0.007854851134529748": [25], "0.008658208023046975": [26], "0.011584894137041214": [27], "0.013852849800072498": [28], "0.013875371051687733": [29], "0.01708782602757437": [30], "0.013142588747102947": [31], "0.0137174743592221": [32], "0.011935729642864584": [33], "0.014657767721160349": [34], "0.01136985242817047": [35], "0.007715586740577367": [36], "0.012335778886297654": [37], "0.012252016218487932": [38], "0.005304586774588688": [39], "0.01434263245196607": [40], "0.007023300400260881": [41], "0.00906979494937847": [42], "0.011562521922567738": [43], "0.005732926815778703": [44], "0.0051657657268865875": [45], "0.007253708602728171": [46], "0.007752452510665461": [47], "0.008456812952765187": [48], "0.0067648369064586215": [49], "0.004949427173164386": [50], "0.003992255595603188": [51], "0.003978875480691686": [52], "0.005127112833740993": [53], "0.00422796720798345": [54], "0.0043773716324038954": [55], "0.003023533324046125": [56], "0.0027667630849722044": [57], "0.0037263333375702665": [58], "0.007816806782567179": [59], "0.006052611527313644": [60], "0.005528129998489624": [61], "0.003491529142171696": [62], "0.004895858525031375": [63], "0.0059793960406518245": [64], "0.007815950976105225": [65], "0.003629817396379397": [66], "0.006582965414033544": [67], "0.004049449323323674": [68], "0.0050005437573794964": [69], "0.003512599610269547": [70], "0.003912709870658585": [71], "0.00623420656811079": [72], "0.0074771203184208525": [73], "0.0031676184636841897": [74], "0.0030719545123595255": [75], "0.004144360802778241": [76], "0.004087329926620825": [77], "0.00504505369963737": [78], "0.003893099201493005": [79], "0.004362597548673937": [80], "0.007212566220623206": [81], "0.002686555824013564": [82], "0.0020602008529797787": [83], "0.005500051214235526": [84], "0.004279953078122452": [85], "0.004237166075607448": [86], "0.0035895314543375363": [87], "0.002326376420997666": [88], "0.0031887642096720347": [89], "0.003353031777154431": [90], "0.0023506130380660795": [91, 92, 93], "0.0033021927669901223": [94], "0.0033556702369176125": [95], "0.0020632846771430776": [96], "0.002506839314637859": [97], "0.0028300533161567834": [98], "0.003019562903503993": [99], "0.004383191415118179": [100], "0.0033252135635997407": [101], "0.003949448046057432": [102], "0.0032416008141756395": [103], "0.0027823082672429464": [104], "0.002612046237782205": [105], "0.0028150528901891786": [106], "0.001294429713224539": [107], "0.0016167117153698533": [108], "0.004078364730103649": [109], "0.003338781228358413": [110], "0.0021988641867094153": [111], "0.0017113977405232947": [112], "0.002851871768813256": [113], "0.0017835935049254554": [114], "0.002011812290098675": [115], "0.0026767587906070737": [116], "0.003655734651496573": [117], "0.002066988130589818": [118], "0.002664955898231111": [119], "0.0004023927287707313": [120], "0.0029245896558019553": [121], "0.0011880983852859365": [122], "0.001710598691008691": [123], "0.0010615850430953093": [125], "0.0011367730152505842": [126], "0.0009423884740687188": [127], "0.000731148424395133": [128, 130], "0.0007311466300110982": [129]}