{"1": 0.00038491782333469716, "2": 0.0002801516386924125, "3": 0.0003626780246361897, "4": 0.010503952387455336, "5": 0.0040619942518779146, "6": 0.018230847541026312, "7": 0.003874875186419197, "8": 0.0006697671554524918, "9": 0.0009600961711283463, "10": 0.0007311662260892938, "11": 0.0005123621361776289, "12": 0.0008133895460927766, "13": 0.00042040773872598444, "14": 0.0027012940216953243, "15": 0.0011223605146718039, "16": 0.009451976842726707, "17": 0.0024139779988967603, "18": 0.0033411001994178378, "19": 0.007327329456260659, "20": 0.004899396433677916, "21": 0.0015895519496221917, "22": 0.009579538806437079, "23": 0.0018389021123264872, "24": 0.02195977468514958, "25": 0.0008878475827497308, "26": 0.0017396250722343362, "27": 0.001140917178188424, "28": 0.003038236759640162, "29": 0.0017845155527842283, "30": 0.004797312654520049, "31": 0.0018957395891280647, "32": 0.00046380501334428176, "33": 0.0003219835583899526, "34": 0.00638475233831059, "35": 0.006716835339923039, "36": 0.003772214979966489, "37": 0.000824116704446578, "38": 0.0021300574160448213, "39": 0.002316188570006336, "40": 0.0018130473748242638, "41": 0.007978379278282476, "42": 0.0014298268707569133, "43": 0.0028019452437052965, "44": 0.0068688937208596455, "45": 0.0019243248050181915, "46": 0.002776797084718989, "47": 0.0016010053954177992, "48": 0.0017923773498228403, "49": 0.00013275731454072783, "50": 0.0021355107954884895, "51": 0.0008858513711594211, "52": 0.002270698906294734, "53": 0.0011570164508766137, "54": 0.0022674644847673884, "55": 0.0023271977927071777, "56": 0.0034926328689262463, "57": 0.00384538178672362, "58": 0.0012509737197260093, "59": 0.0015266410145800837, "60": 0.0019782170974042795, "61": 0.0009236291359282333, "62": 0.0025889287575330496, "63": 0.001358138495093525, "64": 0.0007312957899251797, "65": 0.0035389668125504065, "66": 0.0018672208096650437, "67": 0.00046762654515903116, "68": 0.002235146489284378, "69": 0.001121066860475393, "70": 0.001421083941888876, "71": 0.00379924769121487, "72": 0.0017416527168260792, "73": 0.004898980032867002, "74": 0.008159213294065588, "75": 0.0004976172219836689, "76": 0.011027440178877567, "77": 0.0010694446715234906, "78": 0.0011272930996961937, "79": 0.004385049766688823, "80": 0.0014718464159682954, "81": 0.0032511213144852747, "82": 0.002744814078555642, "83": 0.0006865674671685773, "84": 0.0008958615876740417, "85": 0.0008318134493906953, "86": 0.0002811061321280976, "87": 0.0007110834932688506, "88": 0.000908281814602089, "89": 0.00022870660075473, "90": 0.00047344223520438166, "91": 0.006661137730024607, "92": 0.0013493460293490312, "93": 7.087606328504332e-05, "94": 0.005040702078502575, "95": 0.007653936336589549, "96": 0.003913027444643978, "97": 0.00031637538059286227, "98": 0.0013738878403633647, "99": 4.051788941107062e-05, "100": 0.0023251185461900426, "101": 0.0011394038789654254, "102": 0.006336652701815484, "103": 0.003752304465089025, "104": 0.0007755934424355175, "105": 0.012870889036783224, "106": 0.002310457438366079, "107": 0.0008366543581486736, "108": 0.0012857083580766618, "109": 0.005131004869508456, "110": 0.005346447791696921, "111": 0.007037836088368684, "112": 0.0014287741535877528, "113": 0.008653207630204055, "114": 0.0009140185564673221, "115": 0.0012760283705110943, "116": 0.0002842172421948549, "117": 0.006127080439465306, "118": 0.004292998401388099, "119": 0.009491616599238542, "120": 0.006136807236321294, "121": 0.008911469470848506, "122": 0.011172560477094404, "123": 0.004421963920997774, "124": 0.003288189252087621, "125": 0.01068307191206706, "126": 0.0069930331690035855, "127": 0.004364939053318542, "128": 0.0024888667395615268, "129": 0.00011076559241435199, "130": 6.623352114740281e-05, "131": 1.2690284525273058e-05, "132": 0.008836358983537245, "133": 0.002031698145757672, "134": 0.011004474778272095, "135": 0.0016008001332257545, "136": 0.005358111498944684, "137": 0.003750490407031776, "138": 0.011195434398028337, "139": 0.006723705407655819, "140": 0.0054501738255244014, "141": 0.0044146740851434465, "142": 0.00041206857483695633, "143": 0.0020532965694516035, "144": 0.005380884915487611, "145": 0.005662837505347691, "146": 0.005185874805356831, "147": 0.006574397527771304, "148": 0.005081250998812706, "149": 0.00145288119641477, "150": 0.004121633169948444, "151": 0.003921366981905407, "152": 0.004687994343327096, "153": 0.001593565570073759, "154": 0.008984551578088772, "155": 0.0015052192605850515, "156": 0.003535950944685376, "157": 0.0038746059053734218, "158": 0.0063802557936839185, "159": 0.007184874646296499, "160": 0.0015127078948863374, "161": 0.012145420807804196, "162": 0.00238148399432463, "163": 0.005041152521318256, "164": 0.001727538397687588, "165": 0.002259563890430552, "166": 2.9512575395935716e-05, "167": 0.007269921839016258, "168": 0.003929484479887676, "169": 0.0011702680525445992, "170": 0.004868831347335447, "171": 0.0012110820214727195, "172": 0.0012860885933604176, "173": 0.01083623937056277, "174": 0.0008605600860822474, "175": 0.0012921845112780304, "176": 0.002817098816822498, "177": 0.008489764417680241, "178": 0.002322551415738785, "179": 0.0036836250434330265, "180": 0.007662072449415225, "181": 0.00421698281080229, "182": 0.008135792844123064, "183": 0.012572618282627719, "184": 0.009003206732661136, "185": 5.31317628273988e-05, "186": 0.003746711779303177, "187": 0.00454377850484325, "188": 0.006847907274759772, "189": 0.009666617825338364, "190": 0.0018015490326913134, "191": 0.006022903711517322, "192": 0.010095864806957412, "193": 0.007881331037240133, "194": 0.0029154708103101153, "195": 0.0031190869277281, "196": 0.005929120312274773, "197": 0.0005068154193309111, "198": 0.006055234514985697, "199": 0.0034541015140389982, "200": 0.005376728408215939, "201": 0.006671247676710176, "202": 0.004652212560076143, "203": 0.002868746064167098, "204": 0.004583335856004262, "205": 0.0034307614955747198, "206": 0.004057185362904617, "207": 0.003275007842565113, "208": 0.0033928195147003804, "209": 0.007697180726059287, "210": 0.0057624699115817885, "211": 0.001196676721392633, "212": 0.001411411498610661, "213": 0.004454322149367385, "214": 0.0027623003741976725, "215": 0.005624387508257203, "216": 0.0007997322414736367, "217": 0.0015963086329923153, "218": 0.006042670083287358, "219": 0.002570758414078475, "220": 0.0024639886108072653, "221": 0.0011192877017981195, "222": 0.0017491921581624394, "223": 0.002251966250639561, "224": 0.0013123882435231078, "225": 0.004400792583708561, "226": 0.0035964210110353226, "227": 0.005671052728527027, "228": 0.00012287852630493462, "229": 0.0064181062268368234, "230": 0.001797811939976303, "231": 0.003415265069236246, "232": 0.0003424387939482788, "233": 0.002226467899517886, "234": 0.0015030637269428794, "235": 0.004187080772243162, "236": 0.0022584939075696348, "237": 0.001835380381765726, "238": 0.0025070897308826934, "239": 0.001976203336984679, "240": 0.0028070848693199993, "241": 0.0018150303335553195, "242": 0.004350310128096497, "243": 0.0021745073931901107, "244": 0.0008356492421210731, "245": 4.737504719581065e-05, "246": 0.0027136359682907963, "247": 0.0020991830553821287, "248": 0.0028862724556074242, "249": 0.0024708960246091404, "250": 0.002024663525661066, "251": 0.001922694392886039, "252": 0.002106962355661858, "253": 0.0021938883420438253, "254": 0.006277773881844715, "255": 0.005411485738865646, "256": 0.003395103542513373, "257": 0.00426927285079102, "258": 0.003269450852361783, "259": 0.0018424284066853073, "260": 0.0029210873255601177, "261": 0.004568839853468352, "262": 0.0028943150156505396, "263": 0.004306469990813415, "264": 0.0016184652070220997, "265": 0.0013565256199680176, "266": 0.0031100787416758944, "267": 0.0020736173175331996, "268": 0.0016481920428457375, "269": 0.0021981489471371014, "270": 0.00214380207932227, "271": 0.001379615537823814, "272": 0.0019713896571104663, "273": 0.0008786338056182337, "274": 0.0036055470581854787, "275": 0.003184234172785464,