{"0.004107562039054007": [2], "0.0021094839346709046": [3], "0.002383335349720799": [4], "0.002028206564129657": [5], "0.0011887124995101658": [6], "0.00361132266611255": [7], "0.0008281491097167447": [9], "0.0008968338424895832": [11], "0.0029384476021838764": [12], "0.0020669794270017985": [13], "0.0012924242926842873": [14], "0.00035131427921849737": [15], "0.0012710911225240083": [16], "0.0003517479579543657": [17], "0.00551347749421549": [18], "0.0020665397908855646": [19], "0.005431135104712692": [20], "0.003289199370876882": [21], "0.0011978732395010467": [22], "0.0012881633072173112": [23], "0.0011992681265124313": [24], "0.0013829318918803922": [25], "0.000574249928101811": [26], "0.0013842280174426458": [27], "0.00012287970166015289": [28], "0.000769750871028198": [29], "0.0021843601013192245": [30], "0.0013473268785862557": [31], "0.0015997759459591442": [32], "0.0008977628436062446": [33], "0.0024508014422207048": [35], "0.0002359284471441384": [36], "0.0011812256738354433": [37], "0.000866159831775516": [38], "0.0008695990807959715": [39], "0.0011945885728045192": [40], "0.0005010798049381151": [41], "0.0021131483831194906": [42], "0.0017345330249287857": [43], "0.0008479966197376693": [44], "0.0012567290170733558": [45], "0.06585327293472677": [46], "0.0032630170251984427": [47], "0.0002894686754558836": [48], "0.0002723766576598366": [49], "0.002369947941458569": [50], "0.0012977449093707907": [51], "0.0007444455683516012": [52], "0.0008987190516488455": [53], "0.0032708917983261167": [54], "0.0008038643012348015": [55], "0.0011489386120460152": [56], "0.0009004410211199507": [58], "0.0019408993244047336": [59], "0.0014799869667924796": [60], "0.0007349847206514312": [61], "0.0022299340444051183": [62], "0.00462014751138644": [63], "0.00025631602398810765": [64], "0.0010357063838874962": [65], "0.001081250147602382": [66], "0.0009336786789495018": [67], "0.0001340486006644357": [68], "0.0003892189007727005": [69], "0.0013353695944691014": [70], "0.0006137317149808846": [71], "0.0022490889010918095": [72], "0.001991756846328186": [73], "0.0016681440582768192": [74], "0.0006312474156696133": [75], "0.0019779787422746094": [76], "0.001365279908019284": [77], "0.0006189129282864876": [78], "0.00039704413924504853": [79], "0.0006544384885517388": [80], "0.0009177122096146417": [81], "0.0005327072218178741": [82], "0.004370748207974251": [83], "0.001816125408809264": [84], "0.0010334514047892914": [85], "0.000525402244068632": [86], "0.0032310633845724517": [87], "0.0007413519306695779": [88], "0.002448388980603298": [89], "0.0032628191286389403": [90], "0.0011546316147717879": [91], "0.0012908507729089645": [92], "0.002128936860963258": [93], "0.0007234570072269606": [94], "0.0006319636402920285": [95], "0.0015395583819255972": [96], "0.00041604784871005277": [97], "0.001044354086643324": [98], "0.00043554551885443854": [99], "0.003464382756374788": [100], "0.0008942014658115737": [101], "0.004818726246524116": [102], "0.00024037313229864765": [103], "0.0023747212917100305": [104], "0.006917196878537613": [105], "0.0010746171758241627": [106], "0.0012087350257893017": [107], "0.003991147302068045": [108], "0.0021957128693530863": [109], "0.00257893107573975": [110], "0.002616810727540877": [111], "0.0005255304451236392": [113], "0.0009400567774979975": [114], "0.0005534798826220381": [115], "0.0004601879387716482": [116], "0.000339394956569111": [117], "0.0008750310799637025": [118], "0.005616938076704454": [119], "0.00044959030657405595": [120], "0.00465431604020816": [121], "0.0009972961536337777": [122], "0.0007392842212671786": [123], "0.0009960558328831993": [124], "0.0048403600277348935": [125], "0.0024447664203956243": [126], "0.0003231672213762436": [127], "0.000515070184482451": [128], "0.0007420154110370251": [129], "0.0009079438663030138": [130], "0.002990436092451617": [131], "0.0009226598760819882": [132], "0.00016463734000990912": [133], "0.0006894926754382425": [134], "0.0006925492505564455": [135], "0.0023204527082258466": [136], "0.0006310082332881157": [137], "0.001060781317107231": [138], "0.0006856477798333761": [139], "0.000960152923386521": [140], "0.0025875642822926525": [141], "0.0002812988366767236": [142], "0.005873489520039266": [143], "0.0025202410940525235": [144], "0.0014997189443641244": [145], "0.000608923834458107": [146], "0.0015529210195787077": [147], "0.006684811040665786": [148], "0.0005948328104380662": [149], "0.0006694299997852791": [150], "0.0007034407821533224": [151], "0.002467586517343593": [152], "0.0010927058929920265": [153], "0.0042628275845113025": [154], "0.0014502428714715837": [155], "0.0015906034277658023": [156], "0.00357695945548297": [157], "0.0010284915248621445": [158], "0.007948924151434706": [159], "0.0006217417701751063": [160], "0.00022544895911110672": [161], "0.0013566863622092194": [162], "0.002256927889937843": [163], "0.0013996051825306342": [164], "0.0007603479082651162": [166], "0.006149597253943883": [167], "0.0015861217482102511": [168], "0.000572773223264633": [169], "0.0015757879603352193": [170], "0.0005430339685462259": [171], "0.0010324659254330217": [172], "0.000677869369057987": [173], "0.0010136407767887745": [174], "0.007057345354757001": [175], "0.0013572371044389873": [176], "0.001710567590872795": [177], "0.002924200247768878": [178], "0.0015636190467861668": [179], "0.0008098866069722224": [180], "0.002603709436988627": [181], "0.00144694977389612": [183], "0.0017909192710719106": [184], "0.000592698019651936": [185], "0.0009680692823185997": [186], "0.00046332490100172043": [187], "0.006944725337400079": [188], "0.0008762765455328363": [189], "0.0014331379072883474": [190], "0.0011698275653756907": [191], "0.002491212015835505": [192], "0.0006803438529847894": [193], "0.0007709690042092297": [194], "0.0006988882471218487": [195], "0.0011549376645404608": [196], "0.0030785756288676342": [197], "0.0007319662402102525": [198], "0.00036961890817678995": [199], "0.0005246050944084067": [200], "0.002576045805289232": [201], "0.00028919710977422686": [202], "0.0007925141078559606": [203], "0.0005235177947164022": [204], "0.0024996153894163596": [205], "0.0036624771459115146": [206], "0.0008546155725257228": [207], "0.0016870341178614795": [208], "0.0009238038182245232": [209], "0.00272097853946454": [210], "0.002210848141086663": [211], "0.004519543431092113": [212], "0.0010424100432939302": [213], "0.00033118130499655595": [214], "0.001706404886973998": [215], "0.0010411235886019989": [217], "0.0005258078590912338": [218], "0.0010560429850171686": [219], "0.0012453539936968154": [221], "0.0011673267101177582": [222], "0.0029601645587989736": [223], "0.0020139058027889376": [224], "0.0006877576685522675": [225], "0.0016230375638867395": [226], "0.0005001888515702002": [227], "0.0019024988071330324": [228], "0.001124372097798486": [229], "0.0008074980868939698": [230], "0.00529282321741004": [231], "0.002973480754218944": [232], "7.084403041416213e-05": [233], "0.001910011258522877": [234], "0.007981942819292489": [235], "0.00016787632202127067": [236], "0.0004961924530064573": [237], "0.0004553551087769572": [238], "6.266232247121033e-05": [239], "0.00018856620876250079": [240], "0.0003046424489537735": [241], "0.0016900649531727038": [242], "0.0011143904564142975": [243], "0.0015355564076186341": [244], "0.000425887478661699": [245], "0.00039042428909474977": [246], "0.001401466037594002": [247], "0.001280560038672259": [248], "0.0013950239759060192": [249], "0.0010478746996497122": [250], "0.0009295210623153729": [251], "0.0024508480768812057": [252], "0.0006026639701224381": [254], "0.001417261154249539": [255], "0.0013127348555884444": [256], "0.0026081601169625278": [257], "0.006808380498766506": [258], "0.0005890133354945015": [259], "0.002532377167950153": [260], "0.002064211241615076": [261], "0.002017008401167669": [262], "0.0011493951686744187": [263], "0.0016313574356739999": [264], "0.0022308312975632127": [265], "0.0009437711443832988": [266],