{"0.05000248037463827": [1098], "0.009042311020030317": [1100], "0.002936065118880584": [1105], "0.0078055259217868446": [1108], "0.025839251652266578": [1109], "0.023866806262553164": [1114], "0.07519962755158557": [1115], "0.00956779453965402": [1130], "0.002978786333618605": [1142], "0.033960231963638024": [1144], "0.0067616851074230174": [1148], "0.010940045001730373": [1149], "0.029004147779566725": [1157], "0.01884096570947959": [1159], "0.07118094011027523": [1164], "0.003074731946889764": [1168], "0.010747550186868857": [1179], "0.01185016690062569": [1181], "0.009764754970574954": [1190], "0.018648742520150183": [1191], "0.05348521037068665": [1193], "0.003319516938382919": [1196], "0.005919580424782694": [1202], "0.010398488485083693": [1205], "0.06525595883855734": [1207], "0.0033503742777701412": [1209], "0.05871454009186303": [1210], "0.015016104369323463": [1221], "0.002882507683293701": [1232], "0.0004288872296250094": [1238], "0.020990344386789924": [1245], "0.00028777080724821713": [1246], "0.011008172147542909": [1260], "0.0006473385161119334": [1261], "0.05285348372664158": [1295], "0.0006012846059418817": [1305], "0.001854768908252094": [1307], "0.002262242840907716": [1320], "0.0007553553596930234": [1323], "0.00329625333020909": [1327], "0.00117971784395879": [1332], "0.0022715116239230226": [1352], "0.0017385468392983883": [1362], "0.0015321656228064872": [1363], "0.01608599605280146": [1365], "0.0007128409996520237": [1373], "0.0030890896501471854": [1374], "0.0015709655906487173": [1377], "0.00599233358813524": [1378], "0.003274443705521988": [1383], "0.0013292804767734137": [1385], "0.0032890569920052326": [1391], "0.002446415755511592": [1393], "0.0031162496927205205": [1395], "0.0010985181657694688": [1399], "0.002141054629119842": [1401], "0.000753607410700847": [1416], "0.0010735100500149342": [1460], "0.0006663138235484277": [1469], "0.0007337630584197011": [1485], "0.02698061734227841": [1513], "0.07442491644548342": [1518], "0.0008247409483120466": [1525], "0.0006109443503052012": [1535], "0.0010503127735968481": [1547], "0.007479800430314398": [1580], "0.03563631124225767": [1590], "0.0017439113952501856": [1594], "0.0009072518981115367": [1613], "0.017234136347738144": [1625], "0.026008230157003615": [1658], "0.0019279032603036468": [1660], "0.001345601554011273": [1701], "0.003230524152397852": [1702], "0.0010886308517619792": [1769], "6.999096845339114e-05": [1784]}