{"1": 0.009930209873819104, "2": 0.004640805929891277, "3": 0.005332602785735539, "4": 0.0028620692341313047, "5": 0.003358098218681105, "6": 0.01632295931093202, "7": 0.020041746297311973, "8": 0.0028292244521446078, "9": 0.01731303769661824, "10": 0.0027603432486176583, "11": 0.0010860870442428701, "12": 0.021856378347967047, "13": 0.0010874554993604438, "14": 0.017181990781196647, "15": 0.0023680902465208213, "16": 0.0012704238419553521, "17": 0.006180345826456369, "18": 0.00876969006855732, "19": 0.007178802259314016, "20": 6.794037135761598e-05, "21": 0.0023752989485725487, "22": 0.006390405157157064, "23": 0.004314025850000161, "24": 0.006100291464732728, "25": 0.00045291712275987095, "26": 0.009165973524433033, "27": 0.0046702945920931655, "28": 0.003840393157373472, "29": 0.002382980419110846, "30": 0.0020710989442524344, "31": 0.005772196204386283, "32": 0.0017738923952044863, "33": 0.0017788632148967372, "34": 0.0009566222005684435, "35": 0.009487401574797622, "36": 0.0021591973020566035, "37": 0.007623082254489141, "38": 0.0013231912061066244, "39": 0.008598066951372938, "40": 0.013199291649943167, "41": 0.003077259148813876, "42": 0.002878302237251793, "43": 0.0024078303808947716, "44": 0.0025862327153203307, "45": 0.003731393398394596, "46": 0.004827194564996272, "47": 0.0015490203205511548, "48": 0.0023388522408580798, "49": 0.0019414098087110123, "50": 0.0058804600962429395, "51": 0.020426828501092405, "52": 0.0015355301045059519, "53": 0.0034281485167047283, "54": 0.000535159144672463, "55": 0.0032480677567117717, "56": 0.0037097907102622606, "57": 0.0022653677250531975, "58": 0.00037895401157515964, "59": 0.008266216139979948, "60": 0.004011287499158825, "61": 0.0010849195099016543, "62": 0.0015341510915335924, "63": 0.0038133321235266633, "64": 0.006349005269490286, "65": 0.000982242009674619, "66": 0.004940872478799057, "67": 0.0008660753909420551, "68": 0.0011703191994839877, "69": 0.0010789747072783291, "70": 0.0030567991849565906, "71": 0.018759263284321696, "72": 0.00486661853843263, "73": 0.0010806666611108723, "74": 0.0019506614678131745, "75": 0.003542867645893388, "76": 0.0010800697205542926, "77": 0.004920898054110684, "78": 0.0010893944742743143, "79": 0.0033581939688244124, "80": 0.0019792368091336235, "81": 0.0023946172143214785, "82": 0.0009013777073234242, "83": 0.0015232287806449742, "84": 0.001283680067110084, "85": 0.009649504989617681, "86": 0.008340462341391072, "87": 0.0010839587437617107, "88": 0.003171288132606667, "89": 0.0010807313969558002, "90": 0.017561549234842416, "91": 0.0010806408251717746, "92": 0.0016646914404528223, "93": 0.0020700752576492155, "94": 0.011576531092883757, "95": 0.0016988312175642362, "96": 0.0033294503022158915, "97": 0.0010872105126911755, "98": 0.0007546906685629995, "99": 0.003683573045548564, "100": 0.0018186424228363023, "101": 0.0020304561042562503, "102": 0.004364710677725127, "103": 0.0032971946181273924, "104": 0.0010951941426549203, "105": 0.0017578239925559941, "106": 0.000853164650862689, "107": 0.003795373892940235, "108": 0.0010934312831094594, "109": 0.00963717843834595, "110": 0.0010930007410232057, "111": 0.006771358116208387, "112": 0.0042616893125822924, "113": 0.006145133764869733, "114": 0.015892599502501818, "115": 0.006243855187952459, "116": 0.0010875841447265924, "117": 0.010955311427664316, "118": 0.0013878698838308513, "119": 0.001533695115052169, "120": 0.0020760752804182274, "121": 0.001459622383976474, "122": 0.0010893680465766966, "123": 0.008402836012490346, "124": 0.00138066719940698, "125": 0.0022271753315356575, "126": 0.0025225505945156617, "127": 0.005687807552263018, "128": 0.0010919197566201157, "129": 0.0010918711713707502, "130": 0.003788021026356376, "131": 0.0010867451418744897, "132": 0.0074374828391531944, "133": 0.0008881225839249591, "134": 0.0010921625106262976, "135": 0.0010869604359349102, "136": 0.00309976745917505, "137": 0.009138297664349121, "138": 0.0008734850650740237, "139": 0.001354471481985981, "140": 0.003951215971167751, "141": 0.0011721694933181776, "142": 0.0013208442810624503, "143": 0.0008617731176811925, "144": 0.003504064457045063, "145": 0.003253272488728158, "146": 0.0008484386225008182, "147": 0.008876193157581206, "148": 0.006078387619009298, "149": 0.006974157764039074, "150": 0.000740190378234672, "151": 0.0009712040122406652, "152": 0.0016550750963481708, "153": 0.0009853636763553814, "154": 0.0021357799718252314, "155": 0.002639539386758067, "156": 0.000978625428063407, "157": 0.0014905041171893818, "158": 0.004942428495224101, "159": 0.0022711557300487246, "160": 0.0012765420333835915, "161": 0.005945263546086699, "162": 0.000996655623183471, "163": 0.005453960652559847, "164": 0.0009910258407035656, "165": 0.012580411586271345, "166": 0.0022226331023344186, "167": 0.003460177616332346, "168": 0.0062670252354371115, "169": 0.0009953970687902093, "170": 0.0018908628393254831, "171": 0.0019566764866276367, "172": 0.003022413208568808, "173": 9.097188518920826e-05, "174": 0.0009963836418334928, "175": 0.0022769373934658325, "176": 0.0010979296003948685, "177": 0.0014837527058855133, "178": 0.0015814486169208172, "179": 0.016195892460781396, "180": 0.001636999903358005, "181": 0.0006193801687863486, "182": 0.0036140525054134897, "183": 0.0021238855710451975, "184": 0.0010478343507089954, "185": 0.0025556075935770886, "186": 0.004915192821491513, "187": 0.0019003182723553078, "188": 0.001894375781916227, "189": 0.003473700191716748, "190": 0.0006980228480615538, "191": 0.0009973468579136105, "192": 0.0008962432707333694, "193": 0.0008958269332363605, "194": 0.0016805114292216365, "195": 0.0006003500367902228, "196": 0.0011293801067056445, "197": 0.0019218507345381177, "198": 0.0007034627542902778, "199": 0.0001600864771533269, "200": 0.0018030075306897442, "201": 0.000719865093725208, "202": 0.0008858964850198764, "203": 0.0030944225928536896, "204": 0.0007038921164509083, "205": 0.0013828964989620073, "206": 0.0022786512014531268, "207": 0.0009915033434435656, "208": 0.00016345559163252461, "209": 0.0009917136124907978, "210": 0.000987597149976744, "211": 0.0001645564442430369, "212": 0.00015904271461185661, "213": 0.0009963917497357408, "214": 0.0045919470021957036, "215": 0.00021490685347402862, "216": 0.00018875862672897611, "217": 0.0009878602447447964, "218": 0.001126977650212393, "219": 0.0015949570909162144, "220": 0.0005209710225175434, "221": 0.0010749120851814094, "222": 0.003120968566886987, "223": 0.00102940314149336, "224": 0.0009893221355051923, "225": 2.5871233743723426e-05, "226": 0.0015818118919056349, "227": 0.002861692767112134, "228": 0.00250202085883738, "229": 2.0549685429960717e-05, "230": 0.002979529317715678, "231": 0.0009942538441800044, "232": 0.0009908669374409811, "233": 0.00108999561132266, "234": 0.0009893805448491645, "235": 0.0009914270057380726, "236": 0.00040042855231201257, "237": 0.0003661107111815494, "238": 0.0009935049676632272, "239": 0.000607198917776218, "240": 0.001541202629397943, "241": 0.001541202629397943, "242": 0.0008610448915706127, "243": 0.0031526894875385154, "244": 0.0038300833186116334, "245": 0.0020420171437385555, "246": 0.00037064576583762743, "247": 0.0006226787100894984, "248": 0.0009141270116070324, "249": 0.0018102394715909047, "250": 5.473273875014621e-05, "251": 0.00038359099456455566, "252": 0.0009939091976461157, "253": 0.0011289634430600728, "254": 0.00045788016988451154, "255": 0.0006973402689400102, "256": 0.0009928547406053416, "257": 0.0005122342080771175, "258": 0.0008745436537255252, "259": 0.0007459676977308318, "260": 0.0008754634730193867, "261": 0.0027059677217186125, "262": 0.0020379821957453243, "263": 0.0013736533998265428, "264": 0.0010344076331383, "265": 0.0020784449253519383, "266": 0.0023650284712289824, "267": 0.0005837065048123513, "268": 0.0004833843116355746, "269": 0.0014645938350758047, "270": 0.0014763036802416156, "271": 0.004551387419053717, "272": 0.0019122422792450424, "273": 0.0038819693619869733,