{"0": 0.025003789078602293, "1": 0.01981624288617902, "2": 0.0150870105221957, "3": 0.023096917883247144, "4": 0.010988445223172574, "5": 0.020431051168188028, "6": 0.02020286053678997, "7": 0.014578954868865412, "8": 0.017384421732360822, "9": 0.011310103587273742, "10": 0.01636451082640272, "11": 0.010175560286271338, "12": 0.013987029094696702, "13": 0.015012707106184941, "14": 0.014354485755487305, "15": 0.012094450773624262, "16": 0.016493432537731282, "17": 0.01304884206527091, "18": 0.01378959898371341, "19": 0.01616007835050544, "20": 0.014902060354278686, "21": 0.008971073110693619, "22": 0.00751266223208227, "23": 0.013814949624901597, "24": 0.014902409080244842, "25": 0.012309208622524215, "26": 0.014750555075897759, "27": 0.008868506617109891, "28": 0.013630884212748896, "29": 0.010642246054661034, "30": 0.0076760011956608755, "31": 0.013358641327203765, "32": 0.01064045638953067, "33": 0.009365850554406637, "34": 0.009808927447846479, "35": 0.010832706928471728, "36": 0.011074164985276818, "37": 0.010580754166955583, "38": 0.008499661343456777, "39": 0.00958044634543017, "40": 0.00396028622706722, "41": 0.01137937948661035, "42": 0.005927510946348767, "43": 0.004109444582989925, "44": 0.009738067067933712, "45": 0.010376734502203657, "46": 0.010566108463154993, "47": 0.009418100428949585, "48": 0.008023921720998643, "49": 0.008862391491204321, "50": 0.0073734198665026, "51": 0.005433664866591086, "52": 0.008381247763639908, "53": 0.00688274587704948, "54": 0.008185171670482216, "55": 0.008216465648609235, "56": 0.004856542659521959, "57": 0.006282801672190213, "58": 0.007799500801505406, "59": 0.006818486606826709, "60": 0.007264325817920952, "61": 0.007158032260286759, "62": 0.00787578505249729, "63": 0.003018983400011761, "64": 0.00999266571452544, "65": 0.008381574956764252, "66": 0.006435176735893621, "67": 0.007431631700050286, "68": 0.005285153620875355, "69": 0.007351596617666947, "70": 0.006989557851182715, "71": 0.006560593152722764, "72": 0.0035818718762419366, "73": 0.0044389243586080325, "74": 0.00537834491518318, "75": 0.006777943103531502, "76": 0.006330316674420855, "77": 0.006102800179552572, "78": 0.0065671451941295795, "79": 0.002363610345375728, "80": 0.006189595276829264, "81": 0.003567208958034102, "82": 0.004969321264267304, "83": 0.005522481704682707, "84": 0.005551256606559435, "85": 0.0057765005885668215, "86": 0.0029655234668617197, "87": 0.004534996814847434, "88": 0.006076852253338314, "89": 0.005368164406285264, "90": 0.0038026260698214207, "91": 0.0027325646564092436, "92": 0.0027325646564092436, "93": 0.0027325646564092436, "94": 0.005640317605758577, "95": 0.0039000504548898, "96": 0.003864611161816937, "97": 0.006351845150496666, "98": 0.0036031633509222725, "99": 0.004194714207549869, "100": 0.006300872715381867, "101": 0.0024036296245662694, "102": 0.005978385424791647, "103": 0.0033769363540565554, "104": 0.0022880031025165237, "105": 0.0047159852426765765, "106": 0.0013355162947115476, "107": 0.001974670902482959, "108": 0.003874107294662248, "109": 0.00514881450487798, "110": 0.004059955802462794, "111": 0.004002436229594943, "112": 0.004309769836995092, "113": 0.0032327260307725915, "114": 0.003869684069229069, "115": 0.0027225332078184114, "116": 0.003172369552762921, "117": 0.003910387359113272, "118": 0.0028583239261442453, "119": 0.0019937391942271647, "120": 0.00031380992317805436, "121": 0.0036810264982670995, "122": 0.0025297534941590605, "123": 0.0026051097767987707, "125": 0.002293749095483322, "126": 0.0006376004085021966, "127": 0.0028819464539627114, "128": 0.002054348495163747, "129": 0.0003618525647542163, "130": 0.002054348495163747}