{"1": 0.046106020791826303, "2": 0.024532909698247167, "3": 0.004381202922844414, "4": 0.013359596138810869, "5": 0.001251414524141522, "6": 0.00984835545723512, "7": 0.0026808259351651107, "8": 0.017979863832007142, "9": 0.0028309023171585717, "11": 0.0051225276375874455, "12": 0.011558399382380015, "13": 0.0010717980618026493, "14": 0.0021784900516797962, "15": 0.001147058141620938, "17": 0.0066127273865502515, "18": 0.0026551554394906893, "19": 0.0021678326806881883, "20": 0.028624324674470045, "21": 0.006748815751061912, "22": 4.7582362977964335e-05, "23": 0.03285777055421941, "24": 0.00439937525120701, "25": 0.0010374098654857106, "26": 0.0013181832627341844, "27": 0.0015962261735980626, "28": 0.0018339222030420192, "29": 0.020944456838118564, "30": 0.00037309788405605066, "32": 0.001591091938689242, "33": 0.003364351374006539, "34": 2.0646293971232524e-05, "36": 0.0008978918164981886, "37": 0.0021211681841130084, "38": 0.005465128961307912, "39": 0.0014233323381895079, "40": 0.002932900465482619, "41": 0.051051552682117605, "42": 9.882118733494543e-05, "43": 0.014986591719292461, "44": 0.01695067588528712, "45": 0.005879814947310589, "46": 0.004189341536570086, "47": 0.00202323181152243, "48": 0.0026600871552744554, "49": 0.0003408852742729176, "50": 0.00048652357774862, "51": 0.022709190476348323, "52": 0.004623763442194667, "53": 0.0014365205324698115, "54": 0.0011568397125333821, "55": 0.004062525435155932, "56": 0.005490857177793285, "57": 0.018853845868046414, "58": 0.005420775513696743, "59": 0.005108035192416558, "60": 0.0011864935487624123, "61": 0.027455290309979893, "62": 0.023675847356998857, "63": 0.04130665276005616, "64": 0.006014422127401634, "65": 0.028314658043563635, "66": 0.0033416289091065077, "67": 2.496389806791523e-05, "68": 0.0010756316416660329, "69": 0.0006196675724726603, "70": 0.003087066714192703, "71": 0.003768757064043955, "72": 0.0055152514198757215, "73": 0.00034797124977175865, "74": 0.00840437147039872, "75": 0.005683183967243128, "76": 0.005098543220951244, "77": 0.006901346822842296, "78": 0.007619508403356998, "79": 0.004398083171847529, "80": 0.005219434770835458, "81": 1.7988662450804465e-05, "82": 2.9494734985973012e-05, "83": 0.00019602659547046978, "84": 0.003143009277320078, "85": 0.02958604987655407, "86": 0.0011789495455689527, "87": 0.00038845330419725054, "88": 0.0011312603285608517, "89": 0.0008122014589148498, "90": 0.0007802344187953428, "91": 0.0022722589401751596, "92": 0.0010441844364681323, "93": 0.015333844144724593, "94": 0.0010712094654642653, "95": 0.005713142549848499, "96": 0.00031503657208938773, "97": 0.021287385653899413, "98": 0.0021754426987532047, "99": 0.0022328182189847116, "100": 0.00011564274993253606, "101": 0.001954796518886322, "102": 0.002872402875454226, "103": 0.00013709638692241174, "104": 0.004671554141034053, "105": 0.0010309661414925394, "106": 0.00023459848360358026, "107": 0.01300351526630063, "108": 0.01699789222949351, "109": 0.0022722101477061357, "110": 0.0003250281756087814, "111": 0.005930022467274142, "112": 0.00976762426776372, "113": 0.0009996331892901014, "114": 0.0021434893058521537, "115": 0.0088208719952892, "116": 0.027848830696011188, "117": 0.0173015081767378, "118": 0.004992878498010621, "119": 4.5793953528289943e-05, "120": 0.00877508734901839, "121": 5.5901377868766515e-05, "122": 0.008715114029786974, "123": 0.00044724938797730153, "125": 0.02892613917752484, "126": 0.0010812688591033282, "127": 0.0025563094076774674, "128": 0.0032694400672704724, "129": 0.012012503492638396, "130": 0.008161646552983747, "131": 0.0004549972824872129, "132": 0.003534523942678504, "133": 0.01467707465551022, "134": 0.0010284218335917443, "135": 0.0013176325094812538, "136": 0.013857617122630736, "137": 0.0032354772482439467, "138": 0.0015427029066784087, "139": 0.00016680284881722646, "140": 0.019467461652103796, "141": 0.0007257363357845017, "142": 0.0033319993819500293, "143": 0.0003935556489576461, "144": 0.0013340627299778666, "145": 0.0073682536892372115, "146": 0.0002797149298366096, "147": 0.006582718106047821, "148": 0.006853830761430718}