{"1": 0.00017815945952015015, "2": 0.0001124389535794616, "3": 0.00013978140018826963, "4": 0.00935804568275417, "5": 0.0014553714815586922, "6": 0.014539912332196888, "7": 0.004113897460017359, "8": 0.0003472389307540198, "9": 0.0004002949356858411, "10": 0.0003758281138877809, "11": 0.00020013089713537431, "12": 0.0003366310915512106, "13": 0.00015366644078879365, "14": 0.0022211640994952418, "15": 0.0005496600181398876, "16": 0.009056991134662918, "17": 0.001744347795966807, "18": 0.0015610153689885444, "19": 0.006978687474987319, "20": 0.0032040893433086196, "21": 0.0006928398373714356, "22": 0.008004337099090956, "23": 0.0006479969563316513, "24": 0.014388823162298888, "25": 0.0003548799901697709, "26": 0.0006494709462940212, "27": 0.0005223822622679661, "28": 0.0022518249701719097, "29": 0.0008274651394754476, "30": 0.003784720308847149, "31": 0.0007035664393768213, "32": 0.00022852816820090555, "33": 0.00012332750477682034, "34": 0.006207006069288874, "35": 0.006274099548135396, "36": 0.0014940136073479777, "37": 0.00035183216201616253, "38": 0.0013477884048117054, "39": 0.000931131715784723, "40": 0.000926575110754752, "41": 0.007912244547253082, "42": 0.0006592708336548099, "43": 0.0025235394822111594, "44": 0.006524878474205982, "45": 0.000877762253043705, "46": 0.002178498491978439, "47": 0.0007259077391582726, "48": 0.0007247330922416347, "49": 5.0645936804784286e-05, "50": 0.0008484570102712511, "51": 0.00033074965233646764, "52": 0.0007733998726113516, "53": 0.0004058495913983043, "54": 0.0019205526206776172, "55": 0.0010154999462765116, "56": 0.003022058162160555, "57": 0.0018239525457548133, "58": 0.0004923063045758037, "59": 0.0006289074736562413, "60": 0.001327862648004979, "61": 0.000348043655101894, "62": 0.00123824440591134, "63": 0.0010163063349396565, "64": 0.0003042044319026051, "65": 0.0034073166528136704, "66": 0.0007705375569371191, "67": 0.00019442031061813505, "68": 0.001076729678358082, "69": 0.00043378166070474244, "70": 0.0006016072540616065, "71": 0.00264101184707818, "72": 0.0007971626440076899, "73": 0.005908377710724458, "74": 0.008206396789525637, "75": 0.00020035391902901187, "76": 0.01111448638021961, "77": 0.00042924987717919244, "78": 0.0010423908620738824, "79": 0.004970824645026872, "80": 0.0006042435101467187, "81": 0.003844880224494681, "82": 0.0023485211576232926, "83": 0.00034509805477195575, "84": 0.0005210422729375957, "85": 0.00042618867812012, "86": 0.00015029246788737, "87": 0.00036976146924605805, "88": 0.0005373369064227173, "89": 0.00012474658932393607, "90": 0.00025952381867666585, "91": 0.007472266850888126, "92": 0.000771990472104175, "93": 2.9438864356361908e-05, "94": 0.005281052750546586, "95": 0.008090176391531874, "96": 0.004542338407242226, "97": 0.00015946973834022113, "98": 0.00162292047255049, "99": 1.8137529304683643e-05, "100": 0.0020571501363309775, "101": 0.0006958136384787362, "102": 0.00719173136546601, "103": 0.003891037741960324, "104": 0.000521615029885651, "105": 0.01182377727763496, "106": 0.0019188465209771972, "107": 0.0004928892590311297, "108": 0.0007304369252677825, "109": 0.006154861090259523, "110": 0.006235047386252912, "111": 0.008339539127314378, "112": 0.0011681919374518393, "113": 0.008800079855500232, "114": 0.0004438331358556747, "115": 0.0010436439602330408, "116": 0.00010551060602832146, "117": 0.0057680086109574945, "118": 0.0040353394921087415, "119": 0.010597065831733544, "120": 0.006145321686594086, "121": 0.009060700295554593, "122": 0.010816107632890325, "123": 0.0051616736703102685, "124": 0.003837577237769895, "125": 0.010649416550639152, "126": 0.007791718066597129, "127": 0.005478854909979609, "128": 0.0023726858358978837, "129": 5.261508255822986e-05, "130": 4.266978335162692e-05, "131": 5.833866159734239e-06, "132": 0.009567550252018971, "133": 0.0022354202693286676, "134": 0.011781907513467036, "135": 0.0018934022845764932, "136": 0.006560879251375688, "137": 0.004381297304989172, "138": 0.01175801936174458, "139": 0.007566274345247334, "140": 0.006703837161851642, "141": 0.005177081841402069, "142": 0.00030174499336881684, "143": 0.0017195239657649645, "144": 0.006568135307320841, "145": 0.006061183923998383, "146": 0.00654616543085325, "147": 0.008446499671205147, "148": 0.006076474131594515, "149": 0.0015094615903130635, "150": 0.004696731264001213, "151": 0.004986275420517528, "152": 0.00565193758110586, "153": 0.0016364012651934503, "154": 0.009848334181895207, "155": 0.0018141270488940332, "156": 0.0040331220213119965, "157": 0.004873548256525847, "158": 0.007753420926415129, "159": 0.00883144608659489, "160": 0.0020901119058472704, "161": 0.012453862542437149, "162": 0.0023442743922721383, "163": 0.006073453297820517, "164": 0.00194799632268238, "165": 0.0022973038507631215, "166": 4.631963651594048e-05, "167": 0.008222254799295553, "168": 0.004943120247989875, "169": 0.0014653699332244832, "170": 0.0058530035952415954, "171": 0.0012514718885336944, "172": 0.0015682595237847077, "173": 0.011164944232330188, "174": 0.001087867398002794, "175": 0.001549525797991365, "176": 0.0033590977297540225, "177": 0.009135261777224887, "178": 0.0029915708665235754, "179": 0.00483621764437373, "180": 0.008780101472079724, "181": 0.0050769189005498705, "182": 0.008080490985722737, "183": 0.012326779098362948, "184": 0.009650375515064487, "185": 6.076064543192572e-05, "186": 0.004241011190912684, "187": 0.005773706011183211, "188": 0.00787863714479272, "189": 0.010254693219147232, "190": 0.0026626095840747836, "191": 0.006935388192536343, "192": 0.010690807719642292, "193": 0.00900771949290928, "194": 0.003971072442177453, "195": 0.003989042881209806, "196": 0.007098836185075971, "197": 0.0006939254127377436, "198": 0.0062420237877824315, "199": 0.004616696186455203, "200": 0.00656800386876552, "201": 0.007239384051442609, "202": 0.005551448077769223, "203": 0.003673352652603576, "204": 0.005316904786086079, "205": 0.004447262713030384, "206": 0.00500862377490884, "207": 0.004144532822224193, "208": 0.004360631866504061, "209": 0.00850837837550407, "210": 0.0060108917884276435, "211": 0.0014159396948205017, "212": 0.0018044641976886716, "213": 0.005117113495611116, "214": 0.003547402533029788, "215": 0.005557724379690935, "216": 0.00109588010831362, "217": 0.001869837225743033, "218": 0.005825818122350899, "219": 0.0025430405171414875, "220": 0.0031964912133301657, "221": 0.0014737329767151818, "222": 0.0019532416679391663, "223": 0.0026116191694018557, "224": 0.0013846160581443823, "225": 0.004588395059743033, "226": 0.003222035408278731, "227": 0.005547646247513194, "228": 0.00016021522362228362, "229": 0.006116578800092732, "230": 0.0022000902525735307, "231": 0.003744249889711523, "232": 0.0004308897083917189, "233": 0.002373176518383354, "234": 0.0018014696276161342, "235": 0.004167101758153071, "236": 0.0024808131371507813, "237": 0.0020999215123688347, "238": 0.0028540929735486925, "239": 0.001974272264640301, "240": 0.0033259118225618355, "241": 0.002128748299027272, "242": 0.0043961524943593126, "243": 0.0024621792838841845, "244": 0.0010419413378220837, "245": 7.274434142937274e-05, "246": 0.0028979937908845234, "247": 0.0024208754755338183, "248": 0.003107888406647881, "249": 0.0026634610141313807, "250": 0.002245927803323351, "251": 0.0022860317883938368, "252": 0.002294862098906301, "253": 0.0023949207010882287, "254": 0.005447885161045658, "255": 0.005117042070626734, "256": 0.003332053816577665, "257": 0.004294574237404498, "258": 0.0032927349553125407, "259": 0.002000283526897499, "260": 0.0031969289659239514, "261": 0.004521761623535112, "262": 0.003252972975928171, "263": 0.003964310681548122, "264": 0.001901180996251672, "265": 0.0015611716985877218, "266": 0.003266761198691416, "267": 0.002388517251377446, "268": 0.0019324273995974931, "269": 0.0023804228660387877, "270": 0.002530399794466008, "271": 0.0014443663901038655, "272": 0.001984894458947825, "273": 0.0009752860227804017, "274": 0.002951581260603822,