{"0.0007829558035763434": [1], "0.001842837014130075": [3], "0.0008758878626649127": [4], "0.005637336607139014": [9], "0.000647794371547768": [14], "0.002034968920155156": [15], "0.00314353094923812": [20], "0.0007120675034252561": [21], "0.0006903281197728668": [27], "0.0006292951500253195": [28], "0.0005060463328995575": [32], "0.015075990924561567": [34], "0.04074150237770099": [38], "0.0010626308090524006": [39], "0.014133598338501294": [41], "0.0021363899988306985": [45], "0.0002804243888064067": [46], "0.00023024430582314846": [47], "0.0010771025054763228": [48], "0.014807282493243657": [54], "0.0012256889587803047": [55], "0.0013439709921711392": [58], "0.0009139065992663703": [61], "6.531726615591004e-06": [62], "0.0014611478269971135": [63], "0.0008137059722609409": [65], "0.001216429842423705": [70], "0.0008997451362815766": [71], "0.0009766198326375823": [72], "0.0013560140943844078": [79], "0.0018120514099398519": [80], "0.0007692998815379846": [85], "0.00031472842478225783": [87], "0.0020032282481149267": [89], "0.001729164615056561": [90], "0.0010193444480562904": [92], "0.0028812461706462056": [101], "0.000528048490978123": [103], "0.009296185916649206": [106], "0.0007755144798995652": [111], "0.0010279656478548794": [115], "0.0005922508483987574": [116], "0.0025698305139618713": [117], "0.0021571670070872906": [119], "0.002343144844234841": [120], "0.0017150136481192226": [122], "0.00036933160993901193": [124], "0.0007867561257271375": [125], "0.00030688486735645006": [131], "0.0015706023507759087": [132], "0.0015426677171107223": [134], "0.0005892744037538554": [145], "0.0019762540369135727": [147], "0.0005243016675158816": [149], "0.026475731142123284": [151], "0.012258179790216322": [156], "0.010246929518782928": [159], "0.0010823681848028412": [160], "3.258481271536982e-05": [165], "0.0017271625268885154": [170], "0.0005776473296961384": [171], "0.0013819023601204447": [172], "0.0003296451581218184": [173], "0.0013149997635653334": [176], "0.0008921652598190725": [177], "0.0022367035323042905": [179], "0.0002744107204015144": [181], "0.0012535715185695065": [184], "0.001441074214303515": [185], "0.001032098733408929": [190], "0.0012217167663810854": [194], "0.0022848886659366475": [196], "0.0015219902605795148": [199], "0.004143163492935092": [200], "0.023589443363705456": [201], "0.001460007177593811": [202], "0.0021713952690650376": [205], "7.693982703646956e-05": [209], "0.0022817230115438937": [210], "0.0014701143611672012": [211], "0.0009219129056466943": [213], "0.0004966194776583596": [214], "0.006084668587705544": [219], "0.011533758785673276": [220], "8.880421624839805e-05": [222], "0.0004210567105150201": [226], "0.0005681084715307284": [227], "0.003231586738763133": [232], "0.0006076871094407648": [236], "0.00010845718219207719": [239], "0.0020923898302093384": [240], "0.00028165781887872545": [241], "0.00119212150582227": [242], "0.009175499157570724": [243], "0.015083332172379614": [245], "0.0002004784754296681": [246], "0.00041655229554289294": [248], "0.002654564167294964": [252], "0.0009623780394042747": [253], "0.0010787051535536094": [254], "0.0005769842883817881": [255], "0.0009949815461221053": [256], "0.00036080529910605715": [257], "0.0005340662018355123": [258], "0.0014894032081211863": [265], "0.000772371791403377": [267], "0.00036597454322867697": [268], "0.0008669020861042621": [269], "0.0054219974661728195": [272], "0.00041698554007639575": [274], "0.0016561652677122786": [275], "0.0006125266988310484": [276], "0.002225668054122968": [277], "0.0011479529371012057": [279], "0.0009036639316889644": [280], "0.002860113306170482": [285], "0.0025939822076799395": [290], "0.00040898012769793646": [295], "0.00024336828384372648": [306], "0.0014011426323503556": [311], "0.0006352249415416769": [312], "0.0030514379592321526": [322], "0.0005143255928082345": [325], "0.001161782057203636": [327], "0.001348320906785497": [333], "0.000622817522041363": [335], "0.0003952753192443248": [339], "0.00020226323312101785": [343], "0.0006121273786998516": [346], "0.0009326390653010602": [353], "0.00040693342114302107": [356], "0.0020330091902502957": [364], "0.000563480505498684": [366], "0.003837710864744447": [372], "0.0006863076198027256": [374], "0.006731997983953762": [376], "0.0019861009720266638": [382], "0.007056926047860982": [387], "0.0008943468580808163": [388], "0.0007006595774075668": [390], "0.00040907159505908057": [391], "0.00012253004197210047": [400], "0.0008768655447146799": [407], "0.0025289833304536166": [413], "0.006930742613699885": [420], "0.0014630593060518352": [424], "0.0010969453816720364": [425], "0.0003489597770998462": [428], "0.0011508599026604255": [429], "3.7049646578298996e-05": [434], "0.0011881643476432848": [435], "0.0014051259579721791": [438], "0.001600303226695143": [440], "0.000867855054904256": [441], "0.00033929326334800145": [443], "0.00019014511196740108": [445], "0.0006519263677966809": [446], "0.0011010965968451122": [447], "0.001608340373484403": [448], "0.00036577232076269434": [450], "0.0012033022060999753": [452], "0.0006782553864361764": [453], "0.008452697922421735": [454], "0.0007720981538927462": [464], "9.189570065276127e-05": [465], "0.0008027456686814182": [466], "7.734774237554456e-05": [468], "0.00042268053902330015": [471], "0.00022196116608685237": [475], "0.00026099248840681666": [477], "0.0018708343381894541": [480], "0.0008571246719456796": [484], "7.54860578633408e-05": [486], "0.0009583245988986222": [487], "0.0015237214144940517": [488], "0.0005180018967134146": [489], "0.000893149348851966": [491], "0.0020977076072289324": [492], "0.0011478721487871986": [494], "0.002876445348307813": [496], "0.0005183648447190956": [497], "0.00041940486871903324": [498], "0.018710600937392977": [502], "0.000457178684420416": [504], "0.0008091255037321093": [510], "0.0063127722263428806": [513], "0.0007285421260019966": [520], "0.00444080911944459": [525], "0.0003686272050739984": [527], "0.0002767867800255579": [531], "0.00016770066788794087": [533], "0.0005152099803441306": [544], "0.0008865155811963249": [545], "9.234956556924283e-05": [548], "0.004557090025623252": [564], "0.0031316795057575206": [576], "0.0029074693262460607": [577], "0.00824350152408585": [582], "0.0002550017790715066": [587], "0.0020705567643345634": [601], "0.0009677345072123064": [603], "0.03685979855644635": [605], "0.00028880063982455133": [612], "0.0011363172785141629": [615], "0.0004139313106006193": [621], "0.00033772946410927997": [622], "0.0006585733031858665": [624], "0.0009020323640291342": [626], "0.0001180307793050194": [627], "0.02007502569929854": [634], "0.0001796340293268384": [637], "0.0017049523437855788": [638], "0.011922535294051594": [640], "0.025779590477334555": [642], "0.00015593956567133832": [647], "0.0011626363024928954": [649], "0.00037998191683989984": [650], "0.002112424239512941": [653], "0.000715003322680166": [655], "0.017371611282914326": [658], "0.002068404376759728": [674], "0.000934983346442701": [677], "5.2712915095356315e-05": [681], "0.010093638531430516": [687], "0.008007775612269773": [691], "0.007759292278018756": [694], "0.00046404752431876547": [702], "0.0016029537909035823": [706], "0.0008346960210321278": [720], "0.00036938910346653435": [725], "0.00045670480259887906": [743], "0.00028869811909485826": [744], "0.0002928902805148849": [751], "0.008771658743257372": [753], "0.0003193273079250766": [763], "0.0005123914857102077": [765], "0.0002442119719982614": [769], "0.0001376525893121787": [771], "0.0006526980279574068": [777], "0.0029950776894662806": [778], "0.0008551027999465731": [779], "0.00023607709330365594": [784], "0.0003062374041942507": [786], "7.505431930229453e-05": [790], "0.00033757928994275396": [791], "0.0007686617556062985": [797], "0.0006427587166992199": [798], "0.00059895504915109": [809], "0.0018847913210261616": [826], "0.0006636064521495662": [836], "0.0008186455784932582": [841], "0.0004265328882425381": [843],