{"0": 0.07384576422405106, "1": 0.018900495415037622, "2": 0.011107073381817573, "3": 0.019471843041537006, "4": 0.016208261572201326, "5": 0.016682862804520856, "6": 0.01452961925599909, "7": 0.02165896134875365, "8": 0.015888234914258396, "9": 0.011899176717417805, "10": 0.00879632381499507, "11": 0.008064119199640228, "12": 0.02260589877840368, "13": 0.02360071774165873, "14": 0.02263308779890842, "15": 0.007679373416376463, "16": 0.021304361258040767, "17": 0.024460429037361727, "18": 0.0206459761984832, "19": 0.014594226267474284, "20": 0.0166500855304646, "21": 0.0210304927708443, "22": 0.009586172721057126, "23": 0.013360756818476111, "24": 0.011221567451419617, "25": 0.007854851134529748, "26": 0.008658208023046975, "27": 0.011584894137041214, "28": 0.013852849800072498, "29": 0.013875371051687733, "30": 0.01708782602757437, "31": 0.013142588747102947, "32": 0.0137174743592221, "33": 0.011935729642864584, "34": 0.014657767721160349, "35": 0.01136985242817047, "36": 0.007715586740577367, "37": 0.012335778886297654, "38": 0.012252016218487932, "39": 0.005304586774588688, "40": 0.01434263245196607, "41": 0.007023300400260881, "42": 0.00906979494937847, "43": 0.011562521922567738, "44": 0.005732926815778703, "45": 0.0051657657268865875, "46": 0.007253708602728171, "47": 0.007752452510665461, "48": 0.008456812952765187, "49": 0.0067648369064586215, "50": 0.004949427173164386, "51": 0.003992255595603188, "52": 0.003978875480691686, "53": 0.005127112833740993, "54": 0.00422796720798345, "55": 0.0043773716324038954, "56": 0.003023533324046125, "57": 0.0027667630849722044, "58": 0.0037263333375702665, "59": 0.007816806782567179, "60": 0.006052611527313644, "61": 0.005528129998489624, "62": 0.003491529142171696, "63": 0.004895858525031375, "64": 0.0059793960406518245, "65": 0.007815950976105225, "66": 0.003629817396379397, "67": 0.006582965414033544, "68": 0.004049449323323674, "69": 0.0050005437573794964, "70": 0.003512599610269547, "71": 0.003912709870658585, "72": 0.00623420656811079, "73": 0.0074771203184208525, "74": 0.0031676184636841897, "75": 0.0030719545123595255, "76": 0.004144360802778241, "77": 0.004087329926620825, "78": 0.00504505369963737, "79": 0.003893099201493005, "80": 0.004362597548673937, "81": 0.007212566220623206, "82": 0.002686555824013564, "83": 0.0020602008529797787, "84": 0.005500051214235526, "85": 0.004279953078122452, "86": 0.004237166075607448, "87": 0.0035895314543375363, "88": 0.002326376420997666, "89": 0.0031887642096720347, "90": 0.003353031777154431, "91": 0.0023506130380660795, "92": 0.0023506130380660795, "93": 0.0023506130380660795, "94": 0.0033021927669901223, "95": 0.0033556702369176125, "96": 0.0020632846771430776, "97": 0.002506839314637859, "98": 0.0028300533161567834, "99": 0.003019562903503993, "100": 0.004383191415118179, "101": 0.0033252135635997407, "102": 0.003949448046057432, "103": 0.0032416008141756395, "104": 0.0027823082672429464, "105": 0.002612046237782205, "106": 0.0028150528901891786, "107": 0.001294429713224539, "108": 0.0016167117153698533, "109": 0.004078364730103649, "110": 0.003338781228358413, "111": 0.0021988641867094153, "112": 0.0017113977405232947, "113": 0.002851871768813256, "114": 0.0017835935049254554, "115": 0.002011812290098675, "116": 0.0026767587906070737, "117": 0.003655734651496573, "118": 0.002066988130589818, "119": 0.002664955898231111, "120": 0.0004023927287707313, "121": 0.0029245896558019553, "122": 0.0011880983852859365, "123": 0.001710598691008691, "125": 0.0010615850430953093, "126": 0.0011367730152505842, "127": 0.0009423884740687188, "128": 0.000731148424395133, "129": 0.0007311466300110982, "130": 0.000731148424395133}