{"0.009149478243188534": [2], "0.0016541726633324423": [3], "0.0009440066672406113": [4], "0.0007598359295399266": [5], "0.0007722549147542349": [6], "0.002009996406058879": [7], "0.00036263869750796836": [9], "0.000669395936040781": [11], "0.0019269049234129597": [12], "0.0009976078485088137": [13], "0.0007047378302956234": [14], "0.0002772995751790514": [15], "0.0014249148383244949": [16], "0.00011423580772078085": [17], "0.0022806469520120177": [18], "0.0008317208781316429": [19], "0.0013458956733919554": [20], "0.0006778487801055171": [21], "0.0011843320965452648": [22], "0.0010483704296975226": [23], "0.0019551329588353484": [24], "0.0008602085456669143": [25], "0.0002035163248493803": [26], "0.0003855196956888758": [27], "7.445141073895764e-05": [28], "0.0005963311674723178": [29], "0.001202217124903629": [30], "0.001115092680307628": [31], "0.0006702033921821418": [32], "0.0006147539354613952": [33], "0.0019125801594431651": [35], "0.00011453441932767576": [36], "0.0009965468106362277": [37], "0.0008713209324875712": [38], "0.0003036585034016197": [39], "0.0006266195404231047": [40], "0.00025259007640562593": [41], "0.000441731319680748": [42], "0.0010353534118410636": [43], "0.0007041553166524381": [44], "0.0012019643897685207": [45], "0.00367178724400418": [46], "0.0009899325628056127": [47], "0.00014832224143085097": [48], "0.00020678944264105654": [49], "0.002824689849120803": [50], "0.0013369621113629787": [51], "0.0004311719732806454": [52], "0.0009337333410808187": [53], "0.0023593877902775666": [54], "0.0011687817977596826": [55], "0.005357638791768838": [56], "0.0008643576505213479": [58], "0.009231295707753991": [59], "0.001175474672831717": [60], "0.0005790283356882434": [61], "0.00042000653228338485": [62], "0.0307314954732007": [63], "0.0001248242039369105": [64], "0.00046042972098512793": [65], "0.0010870014299447534": [66], "0.0027782373918752846": [67], "6.0552485014618344e-05": [68], "0.000253976826909174": [69], "0.0015204813434778297": [70], "0.0004830834334888696": [71], "0.001044905856922544": [72], "0.0015373747358974079": [73], "0.000725092901722752": [74], "0.0001895000288194448": [75], "0.000665157367867203": [76], "0.000662135116933592": [77], "0.00036902806662343385": [78], "0.0002624950330907832": [79], "0.0007336732020868454": [80], "0.001043796456390002": [81], "0.0003747374360192141": [82], "0.0011173752706964324": [83], "0.0010971227555348507": [84], "0.0011360186967224535": [85], "0.00034291996371732004": [86], "0.0011139026604177647": [87], "0.0002731409234611433": [88], "0.0019818285398121504": [89], "0.0009628177144128295": [90], "0.0016364134620177732": [91], "0.0015866364995366323": [92], "0.0010383080570429202": [93], "0.0006508608265567542": [94], "0.000420180391431758": [95], "0.0026107047988279566": [96], "0.000351820308312827": [97], "0.0006671058494932499": [98], "0.00019419347153633187": [99], "0.0018641132781423628": [100], "0.0004895872379653714": [101], "0.000838416170367393": [102], "0.00016550801500807126": [103], "0.0016991456198315966": [104], "0.001523875963322787": [105], "0.0013596860020544603": [106], "0.0007548911198422444": [107], "0.0016671972201178548": [108], "0.001860070010482702": [109], "0.0010430619928496628": [110], "0.0005065934122833074": [111], "0.00032940995760251336": [113], "0.0008214232824011938": [114], "0.0002750351178250878": [115], "0.000512817054370379": [116], "0.00022912920482026617": [117], "0.0005554000198854268": [118], "0.025895802674904572": [119], "0.0003160304913457527": [120], "0.0013266819870324175": [121], "0.0004165890797454414": [122], "0.0005165344844999596": [123], "0.0005260193846230578": [124], "0.001560652257025684": [125], "0.0013597901189503182": [126], "0.00030619361510990004": [127], "0.0003143950357412388": [128], "0.00042971453013723846": [129], "0.0005899483236804497": [130], "0.015542728811829": [131], "0.0010798657759958751": [132], "8.416885075370748e-05": [133], "0.0005203570566760891": [134], "0.00022105092121944714": [135], "0.0008114572648456548": [136], "0.00044841410476808977": [137], "0.0005848669846923026": [138], "0.0004901216480088744": [139], "0.0007971073274730046": [140], "0.0016945366856441402": [141], "0.00018398133704061143": [142], "0.0021766085154138054": [143], "0.0005841629366824789": [144], "0.0019220000385473464": [145], "0.000482916986858669": [146], "0.006792674069084537": [147], "0.001104742442897969": [148], "0.000450819995807241": [149], "0.00041160984249396767": [150], "0.00036570004446904954": [151], "0.001101544890410767": [152], "0.0007477496070589851": [153], "0.0033389750381599814": [154], "0.0007911732079890451": [155], "0.0012242901029549359": [156], "0.0013599741423445792": [157], "0.0010392907742350487": [158], "0.0013387890344567653": [159], "0.0003838094373991551": [160], "0.00011114420949118852": [161], "0.0010055440125653246": [162], "0.0007865020292701445": [163], "0.00030509595621492307": [164], "0.0006679821209798721": [166], "0.020685115952151598": [167], "0.0008269643904931481": [168], "0.0004614088569858379": [169], "0.0017003314043403978": [170], "0.00035268218819804905": [171], "0.00104766057029383": [172], "0.0003833131099600249": [173], "0.000865761506953902": [174], "0.0023801285887956936": [175], "0.0013468942588602713": [176], "0.0007702910613128302": [177], "0.001457886772147532": [178], "0.0017532212889744521": [179], "0.0006994544770917917": [180], "0.015623762625831233": [181], "0.0006075958716215538": [183], "0.0017364347597907358": [184], "0.0004479577988782628": [185], "0.0006416479310783829": [186], "0.00030678710870070777": [187], "0.0032603019859610495": [188], "0.0005956587728976361": [189], "0.0011655226177423623": [190], "0.0017399580295046763": [191], "0.0007793137680223727": [192], "0.0004952898695381088": [193], "0.0003628168533515663": [194], "0.00022538892298964194": [195], "0.0008095100674801125": [196], "0.0018330371371124959": [197], "0.00043266810004939177": [198], "0.00017404513993406944": [199], "0.0004511101183150885": [200], "0.011622316125533065": [201], "0.0001813865945302199": [202], "0.000978529997642401": [203], "0.0005349457915230213": [204], "0.0011591583468682808": [205], "0.0009227245974068558": [206], "0.0012191965505567574": [207], "0.0010615336927698202": [208], "0.001711244290272858": [209], "0.0023335963667456723": [210], "0.002778702268366201": [211], "0.0008003725822374065": [212], "0.0003811826828955238": [213], "0.00010874059676625289": [214], "0.0015763377270383515": [215], "0.0011342183820600123": [217], "0.00034143408016890423": [218], "0.00037745620668032154": [219], "0.0010387102215686519": [221], "0.0010688574661376305": [222], "0.0008662477662517228": [223], "0.0008220597585413844": [224], "0.000556020265015938": [225], "0.0009399983868419509": [226], "0.00026886870405638124": [227], "0.0011497773173286486": [228], "0.001663848048066524": [229], "0.0003627736131573374": [230], "0.001493444039708455": [231], "0.0023992381600024346": [232], "4.258705618110565e-05": [233], "0.0016341295873198904": [234], "0.0033643664017282823": [235], "6.802818380389686e-05": [236], "0.00042725644909130737": [237], "0.00028458504516366275": [238], "1.8880239476076365e-05": [239], "8.643060539184357e-05": [240], "0.00017605180576696822": [241], "0.0011275061488203637": [242], "0.0007405403447357559": [243], "0.0009464409046297005": [244], "0.00030813680912121386": [245], "0.00017468056945880008": [246], "0.0013550912676614554": [247], "0.001209574031419994": [248], "0.001559054279136475": [249], "0.0005429054911136255": [250], "0.0012535712606660376": [251], "0.0014062128108860384": [252], "0.00037257364812054764": [254], "0.0016759281685054437": [255], "0.0009492944543530938": [256], "0.002049231004363542": [257], "0.002138003986010968": [258], "0.0002904595890113413": [259], "0.0010400538540329119": [260], "0.0027342439976170674": [261], "0.002862255404528314": [262], "0.0007323474797982129": [263], "0.0007373269052496232": [264],