{"0.004445424293155026": [0], "0.003809976052044265": [1], "0.003992074222584678": [2], "0.003815618131974187": [3], "0.003548970884247524": [4], "0.0038074551595443603": [5], "0.0035090773721599532": [6], "0.0036476203516548006": [7], "0.0036941929577567023": [8], "0.003725860518110711": [9], "0.0033841915999127023": [10], "0.003285007088696787": [11], "0.0031325445877663804": [12], "0.0033570914421834834": [13], "0.0032288868930821658": [14], "0.002694509211273543": [15], "0.0033805275412319862": [16], "0.003310289053140117": [17], "0.0034578257985747817": [18], "0.003582546432546321": [19], "0.0032936999650918313": [20], "0.0031412155872976295": [21], "0.0031374807390150954": [22], "0.0031543084621538813": [23], "0.0029924674563663193": [24], "0.0029857064372742605": [25], "0.0030085028138143394": [26], "0.003319889632260469": [27], "0.003371009472732286": [28], "0.0030663980025854008": [29], "0.0031038783282591556": [30], "0.0030425027113669565": [31], "0.0030892889766707377": [32], "0.0032158960967532775": [33], "0.0032289416374787247": [34], "0.0032355068417575603": [35], "0.0028104755428613824": [36], "0.0026967068872883687": [37], "0.003165948637631946": [38], "0.0030173728238590994": [39], "0.0029604296901225608": [40], "0.003130664280077267": [41], "0.002971568461908264": [42], "0.0030115964466183786": [43], "0.0029653123670976916": [44], "0.002726237188793906": [45], "0.002775503202636241": [46], "0.0027734159537374094": [47], "0.0029124977800188733": [48], "0.003024277208161229": [49], "0.00295958264068433": [50], "0.0029694670943392855": [51], "0.0029184473599646273": [52], "0.002990506566884739": [53], "0.002971368567261003": [54], "0.003011828482028806": [55], "0.003013776205870928": [56], "0.002965168543046469": [57], "0.002831060942476676": [58], "0.002631949125874672": [59], "0.0026141645347157274": [60], "0.0027024243522013377": [61], "0.0028077128857510003": [62], "0.002840613269785345": [63], "0.002828613269992213": [64], "0.0026267310700086397": [65], "0.0024843401324202885": [66], "0.002605915104553744": [67], "0.0023757451685657376": [68], "0.0025209135627063347": [69], "0.0025140886328873396": [70], "0.0027550611736122665": [71], "0.0028840486765058957": [72], "0.002726140967001603": [73], "0.002717626110352775": [74], "0.002800468857409768": [75], "0.0028565067064343203": [76], "0.002803364128364912": [77], "0.0029288552236670356": [78], "0.002738562878877778": [79], "0.002582226482039488": [80], "0.0026266661466090124": [81], "0.002473945672745916": [82], "0.0025538810696702757": [83], "0.0023049193208695903": [84], "0.0025163765649140746": [85], "0.002111895443390328": [86], "0.0025558772814598084": [87], "0.002637076853175887": [88], "0.0026067146407978193": [89], "0.00247180652752095": [90], "0.0026363256425077186": [91], "0.002915682358251796": [92], "0.0025397232399812556": [93], "0.002272718005690714": [94], "0.0022065748075026747": [95], "0.0023712277245130746": [96], "0.0025758055796343006": [97], "0.0026070873159393013": [98], "0.0026343945125662043": [99], "0.0026120223284147857": [100], "0.0025633617157811263": [101], "0.0027535641439762667": [102], "0.00249013473185425": [103], "0.0024489804801656194": [104], "0.002454022449910481": [105], "0.0024311652449728544": [106], "0.002486363223650807": [107], "0.002448012154377059": [108], "0.0023268220853923326": [109], "0.0023565147752961147": [110], "0.0026435701748044648": [111], "0.0025724241009038805": [112], "0.002407121528992265": [113], "0.0024489957335225186": [114], "0.0024802038519528844": [115], "0.002458747061337588": [116], "0.0024291275867196105": [117], "0.00251150541541031": [118], "0.0023075102261125883": [119], "0.0023547243317193723": [120], "0.002303754047174728": [121], "0.002377033707705484": [122], "0.0022788535532903146": [123], "0.002390575011376881": [124], "0.0024120002913106636": [125], "0.002545417518524864": [126], "0.0024614743898079138": [127], "0.002544673803543087": [128], "0.002577140159877167": [129], "0.00254507550054216": [130], "0.0025847983879155084": [131], "0.002521248410004799": [132], "0.00247902326889404": [133], "0.0021751674426311535": [134], "0.002305009307998501": [135], "0.002392802333348948": [136], "0.002419903095243896": [137], "0.002355551980613692": [138], "0.0021892402333559538": [139], "0.0021695856305970814": [140], "0.002127754784170397": [141], "0.00219385524158769": [142], "0.0022012016210668293": [143], "0.0022827740891083284": [144], "0.002459333903565673": [145], "0.0023242898365890617": [146], "0.0024411745641080783": [147], "0.0024673511860600255": [148], "0.002495496881173176": [149], "0.0024547999069647647": [150], "0.002364413029303639": [151], "0.0023009629321911473": [152], "0.002252383337260266": [153], "0.002199828524527284": [154], "0.0020677285044462547": [155], "0.002194780058824947": [156], "0.002065761398821214": [157], "0.0020589249761716433": [158], "0.002142150226445696": [159], "0.002209353767767528": [160], "0.002197486147864691": [161], "0.002238334234970148": [162], "0.002225806329737522": [163], "0.002272456176820206": [164], "0.002334409669362982": [165], "0.002407674289326412": [166], "0.002252675110972975": [167], "0.0024952907246104453": [168], "0.0023627312092570794": [169], "0.0025684288977083965": [170], "0.002395599366291821": [171], "0.0024319878884584544": [172], "0.002256807536831579": [173], "0.0022201511584463035": [174], "0.002064519273289129": [175], "0.0021571244924042774": [176], "0.002101505009818319": [177], "0.002174297365208644": [178], "0.0022372419701167955": [179], "0.002192064676882869": [180], "0.0023156069639425087": [181], "0.0022484497479726548": [182], "0.002396421241750429": [183], "0.002280523949044472": [184], "0.002272472596502971": [185], "0.0022464246340732435": [186], "0.0022599523613832215": [187], "0.0021867474770828586": [188], "0.002308795791014355": [189], "0.002075396583953203": [190], "0.0021555883863035577": [191], "0.0021555805571882992": [192], "0.002133967521382351": [193], "0.0021800887588099005": [194], "0.002104724758198462": [195], "0.0020906428971063738": [196], "0.0020434029535231035": [197], "0.0019614713077474454": [198], "0.0021662052183342093": [199], "0.0022400599818005315": [200], "0.002356512374396491": [201], "0.0022636981353992463": [202], "0.002254241488863453": [203], "0.0021881354147780573": [204], "0.002129271019306766": [205], "0.0023536675410536553": [206], "0.0023011177144170647": [207], "0.0021485127407011237": [208], "0.0021198569957844456": [209], "0.0021676202131228933": [210], "0.0020999471325709824": [211], "0.002168361189164366": [212], "0.001970261395184075": [213], "0.0022249382929779905": [214], "0.001999963415885054": [215], "0.002044219148734837": [216], "0.0022373785239016707": [217], "0.00215343017478328": [218], "0.002238440066154223": [219], "0.0021404858273248546": [220], "0.002185449750570346": [221], "0.0021610520283027123": [222], "0.00201961931306438": [223], "0.0020272299928091276": [224], "0.0019331708858660519": [225], "0.00207948746687802": [226], "0.002048539643713798": [227], "0.0021475412562824816": [228], "0.0022591481774782737": [229], "0.001959488898198548": [230], "0.0021451274188139286": [231], "0.0023109857578041816": [232], "0.002193052206430709": [233], "0.002253973853647171": [234], "0.002148960588745564": [235], "0.0021112899573939117": [236], "0.0021339699691467514": [237], "0.002056017944903063": [238], "0.002010612319390791": [239], "0.002148859563677693": [240], "0.002018248847587133": [241], "0.0018402763509171743": [242], "0.0021339640811312544": [243], "0.0020318281376497573": [244], "0.0018812083399773756": [245], "0.0019603040297938566": [246], "0.0018992872601745958": [247], "0.002012719506088355": [248], "0.0019453442648942098": [249], "0.0019855066371543884": [250], "0.002132580511113984": [251], "0.002148778713625459": [252], "0.0020896987492567765": [253], "0.002082536985602539": [254], "0.0020368141009723907": [255], "0.002111858310600715": [256],