{"0.00011138990608206374": [1], "0.0005865671783062328": [3], "0.00040615874948730614": [4], "0.02963963564164016": [9], "0.0016617672100306044": [14], "0.035121917893954996": [15], "0.00014823397358813267": [20], "0.009488166841331207": [21], "0.0005055655518159648": [27], "0.00028510311305024986": [28], "0.0004910356583349249": [32], "0.000747969762688064": [34], "0.0016577596360591803": [38], "0.00017574548638826668": [39], "0.000527750982815936": [41], "0.019605910708209575": [45], "6.760940903217271e-05": [46], "3.986352242859177e-05": [47], "0.00835373139128187": [48], "0.0003904427003482462": [54], "0.00023341412361444893": [55], "0.003654364619397248": [58], "0.0003897081939747775": [61], "5.074014449715526e-07": [62], "0.0004734123625989985": [63], "0.00026466027428901766": [65], "0.0002450230750783081": [70], "0.018501982972807907": [71], "0.0001741666711868038": [72], "0.011737611560074112": [79], "0.02895960724068512": [80], "0.0012925220961454882": [85], "0.0024695040808331205": [87], "0.017540974963277316": [89], "0.0011132362411685047": [90], "0.012779845889626329": [92], "0.0005696344194235097": [101], "0.0001304212800160446": [103], "0.0010704894960899519": [106], "0.00010562962581798847": [111], "0.0017471777706668428": [115], "0.0017325902710190715": [116], "0.0005200909908028243": [117], "0.00047943001742211815": [119], "0.038156786617767155": [120], "0.0005735908542565766": [122], "7.94209170440823e-05": [124], "0.0005392278539763959": [125], "0.0008509812105858738": [131], "0.000417026479664019": [132], "0.013643393747045417": [134], "7.518415919466787e-05": [145], "0.00066649357651226": [147], "5.656802591801884e-05": [149], "0.000765917717756284": [151], "0.000545638783628358": [156], "0.0002960996232867398": [159], "0.0006740634815096148": [160], "5.4380965755842245e-06": [165], "0.0006958394114211913": [170], "0.0001105660245535893": [171], "0.011611284528936897": [172], "0.0001938982489893124": [173], "0.0030640084074420727": [176], "0.00031122224174339526": [177], "0.0006939366993213066": [179], "0.0007845487655875713": [181], "0.0003238852794467244": [184], "0.0024925643409881475": [185], "0.0015392661861546124": [190], "0.011107462577288466": [194], "0.0005222420028155734": [196], "0.0003031588462470913": [199], "0.04904726327489863": [200], "0.0008848387057732338": [201], "0.0006798541152742162": [202], "0.0002822905014477414": [205], "0.00013459870456338484": [209], "0.0136027076770699": [210], "0.020998288701871908": [211], "0.0013099781581092165": [213], "0.0009589458959400388": [214], "0.00017769995897883178": [219], "0.0004907856243398968": [220], "0.0001675263241795159": [222], "0.0001551073610851457": [226], "0.0014847199010914018": [227], "0.03735248681448368": [232], "3.274650805516719e-05": [236], "2.308292233570201e-05": [239], "0.000515458101803865": [240], "0.0006769982464177184": [241], "0.014396860569247327": [242], "0.000489306941926373": [243], "0.0016807638477457489": [245], "0.0003912557212939684": [246], "0.0007350352272250005": [248], "0.00048661562289684714": [252], "0.011746627703054532": [253], "0.004092708247605625": [254], "0.00031129442523198904": [255], "0.0027945895449222567": [256], "9.368122482702543e-05": [257], "0.0012262611200024164": [258], "0.00037497331126411666": [265], "0.002757823875708031": [267], "8.266464261939262e-05": [268], "0.0014902870434726132": [269], "0.0009370125379288321": [272], "2.9736224179595495e-05": [274], "0.0008382087288914369": [275], "0.0031370605930695905": [276], "5.3343555724005944e-05": [277], "0.0002333341210390714": [279], "0.0004945803956707412": [280], "0.032324341974695504": [285], "0.0001275215418244737": [290], "0.00013302166196350066": [295], "9.211635808739768e-05": [306], "0.013471576077227286": [311], "0.00013869786459744674": [312], "0.030172554117128964": [322], "0.00033316460654383946": [325], "0.0005357994456198723": [327], "0.0014846377231032153": [333], "0.0014546591507934115": [335], "9.580876617255281e-05": [339], "0.00041201356449256015": [343], "0.00014758677502642773": [346], "0.0004162372549521909": [353], "0.0009902233171580064": [356], "0.00039935503740033256": [364], "3.5013608816518966e-05": [366], "0.0022538293710196644": [372], "0.00017661642288244018": [374], "0.0010208536570741977": [376], "0.002286351661674499": [382], "0.00027440546056568333": [387], "0.009942974786756677": [388], "0.00266347110889292": [390], "8.47359761107814e-05": [391], "0.00017327602102717622": [400], "0.00029459215578888135": [407], "0.044475317186713485": [413], "0.00024713639906798483": [420], "0.000991518147743815": [424], "0.0002399276537518278": [425], "0.00018776984704088232": [428], "0.000460880524125665": [429], "9.964161804016374e-06": [434], "0.00039503391175871154": [435], "8.235371181868768e-05": [438], "0.0005188138981744803": [440], "0.0002364024757072867": [441], "6.969473120677043e-05": [443], "9.05369645346412e-06": [445], "5.1250459959607917e-05": [446], "0.00030553270159499994": [447], "0.03557217815195272": [448], "0.003039306694861168": [450], "0.0005338959008094973": [452], "0.005326671290851728": [453], "0.0003145700134241214": [454], "0.0002013649094376932": [464], "1.8323029468003108e-05": [465], "8.0227938177407e-05": [466], "0.0007169504094209907": [468], "0.0002810858296302268": [471], "3.844919779674768e-05": [475], "0.00011685992998906525": [477], "0.04497095072243302": [480], "5.460100654806183e-05": [484], "1.48339647575063e-05": [486], "0.0001545598930320492": [487], "0.019100130010000247": [488], "0.0001080792516934451": [489], "0.00015395407386604884": [491], "0.03905086490885412": [492], "0.0001932289549801462": [494], "0.041993925377792465": [496], "0.00010875055799544148": [497], "0.00012909672455982814": [498], "0.0008799318191337644": [502], "0.00010363195992999024": [504], "2.5938781921228837e-05": [510], "0.0005287974808490291": [513], "3.7044065552476844e-05": [520], "0.0008597754462554354": [525], "4.186675382056945e-05": [527], "3.972344991312036e-05": [531], "0.0006167818224353623": [533], "0.00016810200639863634": [544], "0.0006739499971443218": [545], "0.00019600819231067502": [548], "0.00015946916805350262": [564], "7.012439894988648e-05": [576], "9.477994938375731e-05": [577], "0.00044865818721415726": [582], "3.3299733818400976e-05": [587], "0.016892584151759364": [601], "0.0037482226174039555": [603], "0.001387973076435318": [605], "0.0001341075635401544": [612], "0.00021791913334206695": [615], "0.0005836358456657022": [621], "0.00018054948182817768": [622], "0.000296025890111199": [624], "0.00023016293126516016": [626], "2.623321775942539e-05": [627], "0.0009630951625841957": [634], "4.717693292920773e-05": [637], "9.891396194158426e-05": [638], "0.00031651979718366757": [640], "0.0008078478697085381": [642], "0.0004031272909813527": [647], "0.00023435178148340454": [649], "5.635780675168762e-05": [650], "0.0005132243843826775": [653], "4.4783194602064174e-05": [655], "0.0007377056642290086": [658], "0.0007952893084773682": [674], "6.319743575103906e-05": [677], "0.00010788214735112949": [681], "0.00033777969245204196": [687], "0.0003809211837658545": [691], "0.0002603841712340464": [694], "3.427301501490528e-05": [702], "0.01781824010067241": [706], "0.00022869921281350007": [720], "5.64259433459781e-05": [725], "0.0037989682002926286": [743], "0.0004321041664121492": [744], "0.0026854841923018282": [751], "0.00024598508005369083": [753], "7.615460376815554e-05": [763], "0.0016411212687854773": [765], "0.00014398857094383413": [769], "0.0016451400179514643": [771], "0.00017804483833491625": [777], "0.0004640067701982315": [778], "0.00023404068451290098": [779], "0.00045175528832713894": [784], "0.000860697310164399": [786], "2.4717261499316095e-05": [790], "0.003210814359730414": [791], "0.0005710432823445142": [797], "0.00046645465243667347": [798], "5.603527335559352e-05": [809], "0.025031520024357764": [826], "0.0031104989835311525": [836], "6.961389611726752e-05": [841],