{"1": 0.00983760754229931, "2": 0.001669726776908626, "3": 0.00042135085675700743, "4": 0.001315480568486559, "5": 0.008582323585812936, "6": 0.008644069318893556, "7": 0.003346271183775055, "8": 0.007626465090060115, "9": 0.0022231922871078064, "10": 0.0068946910565071675, "11": 0.0044716855463697, "12": 0.0014070858556154272, "13": 0.0029399067652785896, "14": 0.012115086147931243, "15": 0.011013642346690672, "16": 0.007564664660712181, "17": 0.002556830800770766, "18": 0.012652836335500557, "19": 0.0064183983599627155, "20": 0.009118071722857052, "21": 0.0036098243295285583, "22": 0.001727066510194804, "23": 0.0008000416660672088, "24": 0.0013969765156240284, "25": 0.0016202161958000078, "26": 0.006123012949009953, "27": 0.0069719671772710745, "28": 0.00666821661981112, "29": 0.006967688118231259, "30": 0.011461110705291072, "31": 0.011992729083965368, "32": 0.0019962850556860014, "33": 0.008604944506576276, "34": 0.001308724923236544, "35": 0.006841750671324847, "36": 0.007597888105510767, "37": 0.0057515442685002775, "38": 0.0034489541088501643, "39": 0.007394114275135428, "40": 0.003577362756740456, "41": 0.002707864542149034, "42": 0.006760183607244593, "43": 0.0009941751699696225, "44": 0.0010827931805638318, "45": 0.006930775882157884, "46": 0.006101335431856192, "47": 0.007219450024048996, "48": 0.0020279819537877175, "49": 0.0006967941614805861, "50": 0.00505483122992246, "51": 0.002324352437454933, "52": 0.006460563795083384, "53": 0.0027503651870733167, "54": 0.0072865808043706725, "55": 0.0013196729355436914, "56": 0.007776961449680564, "57": 0.006721723736610357, "58": 0.0031384899832434094, "59": 0.0031148328567404816, "60": 0.0014792010189057976, "61": 0.0015329331407328973, "62": 0.0071854747387196565, "63": 0.0005978505695570685, "64": 0.004456619133295146, "65": 0.008010481244305053, "66": 0.008297765858217057, "67": 0.003116915936997251, "68": 0.006518298708351238, "69": 0.0013791590745321932, "70": 0.001759550149949584, "71": 0.008789700721835379, "72": 0.002244097024957485, "73": 0.001703236059455538, "74": 0.0015869353679856923, "75": 0.005908018823926689, "76": 0.0025105402730211243, "77": 0.008480985458010997, "78": 0.00036711716613651343, "79": 0.004180148730680048, "80": 0.007198532435025867, "81": 0.0005142790027434185, "82": 0.0007861545745486224, "83": 0.00166822208014382, "84": 0.0005182283309618096, "85": 0.0011382703189668191, "86": 0.008594856976466878, "87": 0.003999623492132875, "88": 0.0006436214167556658, "89": 0.0006659212800816728, "90": 0.003355567107155421, "91": 0.00330743219629799, "92": 0.0005235612114169579, "93": 0.0006742943902363304, "94": 0.0006091418083485912, "95": 0.0022754904200718564, "96": 0.0015580042313052106, "97": 0.000719801546695154, "98": 0.011318724539685226, "99": 0.0014025215280532386, "100": 0.003004916159383092, "101": 0.001033460267446409, "102": 0.003785920797114351, "103": 0.005575050211015691, "104": 0.003457548882191344, "105": 0.008798901766286185, "106": 0.005743238201007329, "107": 0.0003244721021512168, "108": 0.0021474861933769695, "109": 0.00462030968857249, "110": 0.006792885518790194, "111": 0.0020420146193529825, "112": 0.013351104294845316, "113": 0.0017333379664797367, "114": 0.005970658534448515, "115": 0.005246267116266186, "116": 0.002275371477823763, "117": 0.004097292990797446, "118": 0.0010122780935128727, "119": 1.604426897799509e-05, "120": 1.604426897799509e-05, "121": 1.604426897799509e-05, "122": 1.604426897799509e-05, "123": 1.604426897799509e-05, "124": 1.604426897799509e-05, "125": 1.604426897799509e-05, "126": 1.604426897799509e-05, "127": 1.604426897799509e-05, "128": 1.604426897799509e-05, "129": 1.604426897799509e-05, "130": 1.604426897799509e-05, "131": 1.604426897799509e-05, "132": 1.604426897799509e-05, "133": 1.604426897799509e-05, "134": 0.010589297829303703, "135": 0.006060786126133279, "136": 0.007851155229789717, "137": 0.0020251406507182977, "138": 0.004104525769774662, "139": 0.009309156817638912, "140": 0.004369565006630213, "141": 0.007492617224233584, "142": 0.005411563385719305, "143": 0.009653522057737497, "144": 0.004926482029195007, "145": 0.0019142378597403287, "146": 0.008676162896005485, "147": 0.0075071506242397395, "148": 0.0023155081319518518, "149": 0.002569903625784186, "150": 0.004475685404249838, "151": 0.0036531209495838405, "152": 0.004494904537232257, "153": 0.009257125808931267, "154": 0.010040171827802567, "155": 0.005625134712380005, "156": 0.0023514117851557584, "157": 0.0018719448244931788, "158": 0.0011416947660781724, "159": 0.007783042177198811, "160": 0.004322690785845306, "161": 0.003103357511261018, "162": 0.008188027373612728, "163": 0.0009631173049513129, "164": 0.005940854946113096, "165": 0.00217541955219449, "166": 0.005782795716222113, "167": 0.002639244995394477, "168": 0.0017696207137923772, "169": 0.00769184311098235, "170": 0.002178698033804169, "171": 0.0066625263237171505, "172": 0.0022791532145095003, "173": 0.0016485482436858182, "174": 0.002051403016366808, "175": 0.007173221365966308, "176": 0.006148426214182635, "177": 0.005138327222412487, "178": 0.0025349150237784198, "179": 0.007201549325728885, "180": 0.0061002545047089095, "181": 0.0022633594242928053, "182": 0.004616946076170925, "183": 0.002216473117189974, "184": 0.004437482106058875, "185": 0.0025873563547241284, "186": 0.004032644565090355, "187": 0.0060454900139296774, "188": 0.00555471578295689, "189": 0.0011469868000214632, "190": 0.00336177354997644, "191": 0.004686251399797125, "192": 0.005605982306195348, "193": 0.0053149821124821705, "194": 0.001904888218788049, "195": 0.0038461167713198328, "196": 0.004431877222145204, "197": 0.00443731062407239, "198": 0.005056872215967603, "199": 0.0046469111277098255, "200": 0.005837370707029596, "201": 0.006004343127240839, "202": 0.003905680669096224, "203": 0.003683927014238014, "204": 0.003578988611483362, "205": 0.002573129964019749, "206": 0.002177665658658293, "207": 0.0018728858200010615, "208": 0.002215654636661014, "209": 0.0004931580082225378, "210": 0.0003098865291138419, "211": 0.0005315629348960988, "212": 0.005453740632544095, "213": 0.003890288660340839, "214": 0.0045841560978370464, "215": 0.003264716289428158, "216": 0.004241670544316115, "217": 0.0003700772090615118, "218": 0.003355647389148474, "219": 0.002391610882166103, "220": 0.0003818901067568121, "221": 0.0023610038677094078, "222": 0.002521023257802937, "223": 0.002571999121423651, "224": 0.0029596236071312803, "225": 0.0025642882910744324, "226": 0.0026473671736633934, "227": 0.0032406406514043726, "228": 0.0006398848054134026, "229": 0.003124155215701827, "230": 0.0026098097296522716, "231": 0.0026193919182940294, "232": 0.003528589865711845, "233": 0.002836138616253918, "234": 0.0029199008989194987, "235": 0.0026985212323953553, "236": 0.0025716692934238164, "237": 0.0002952995207873491, "238": 0.0019947244075173742, "239": 0.002500812612976133, "240": 0.0005237277274489327, "241": 0.0007986470755945375, "242": 0.0008588064937577111, "243": 0.002337685045951196, "244": 0.0018573343276742536, "245": 0.0028432998891269362, "246": 0.0021631185650512097, "247": 0.0011268425840977965, "248": 0.0025541042746635603, "249": 0.002023191752821078, "250": 0.0021228902722567108, "251": 0.00200635316380603, "252": 0.002014777103525224, "253": 0.0016735984351564398, "254": 0.0013176440184149655, "255": 0.00276334987163592, "256": 0.0003074056282879971, "257": 0.0022137709412566515, "258": 0.00148466330245143, "259": 0.00021504969648548014, "260": 0.0015334078242018826, "261": 0.0013170547338023223, "262": 0.0016420391437536712, "263": 0.001409999538620042, "264": 0.0018483072418423966, "265": 0.001618966793494057, "266": 0.0014658966598629032, "267": 0.0015049604208075373, "268": 0.00141282670996378, "269": 0.0010879047799501043, "270": 0.001036100734417878, "271": 0.0010455003243004862, "272": 0.0005726131929758091, "273": 0.0012665025608721227, "274": 0.00024210677614143524, "275": 0.0008106521637984759,