{"0.0026793186601422395": [1426], "0.0019748595407140714": [1427], "0.002748180291157964": [1428], "0.0021279082448148376": [1429], "0.0003042042600136382": [1430], "0.002957404330486708": [1431], "0.0017956823925547346": [1434], "0.0010475143836953546": [1435], "0.005766110475072983": [1437], "0.0023994294984147884": [1439], "0.0003647703645290014": [1441], "0.002314090520316225": [1443], "0.0007380344039538165": [1451], "0.0031979594633765947": [1452], "0.0007333170706397585": [1453], "0.003964986045703546": [1457], "0.004009148227945325": [1458], "0.0012918171714270692": [1459], "0.0008756840930617773": [1461], "0.0013027624967174405": [1465], "0.0022238340030493057": [1468], "0.0013595093967140731": [1471], "0.000759487415269235": [1475], "0.002835020052391054": [1477], "0.0009781925555708134": [1479], "0.0018874365610393382": [1480], "0.003489796158749327": [1482], "0.00046505358459609033": [1483], "0.0025256106000909155": [1486], "0.0011670388938988998": [1489], "0.0016474887713470937": [1493], "0.0017080982923660002": [1495], "0.005105264754471388": [1498], "0.0018752731572191628": [1500], "0.0012242743221203346": [1501], "0.0016189561181278857": [1502], "0.004296825123303674": [1503], "0.0009927534837615493": [1504], "0.0009531599805840345": [1511], "0.0010543109714148467": [1516], "0.00026836456495120723": [1519], "0.002095823594973773": [1520], "0.00014239006856110872": [1521], "0.0017645483167192894": [1522], "0.00028502672341556646": [1524], "0.0009428148676167269": [1525], "0.001206609456152922": [1528], "0.0019286042300513382": [1532], "0.00395752519110396": [1533], "0.000521833714314499": [1538], "0.0007707987500183401": [1539], "0.0016494946070342914": [1545], "0.0013157759801496432": [1546], "0.0021774087744242387": [1548], "0.0014346359540952439": [1549], "0.004700495812292073": [1551], "0.0033690422448294254": [1552], "0.0019108832886290477": [1555], "0.004115237705590681": [1558], "0.00291407606911987": [1560], "0.0018298186114043598": [1562], "0.0037363247583554657": [1563], "0.002033593763912756": [1564], "0.002240568641271577": [1567], "0.0013656241660870972": [1570], "0.0020934435571777826": [1572], "0.001482561067299365": [1574], "0.00322372110330415": [1578], "0.004255477322659382": [1579], "0.001100257647611602": [1580], "0.0021271290613973405": [1585], "0.002698289997012855": [1592], "0.0040432910982410985": [1594], "0.00014459828645829945": [1601], "0.0015918654378187923": [1603], "0.0020431015588431595": [1604], "0.0021843236035445153": [1606], "0.00012009586036896987": [1609], "0.006440756547142133": [1613], "0.0012537247070322096": [1616], "0.0019844279583185877": [1617], "0.00046907161069387": [1618], "0.006010485472779337": [1625], "0.006475107904442043": [1628], "0.0003109511342455482": [1630], "0.00032966113171188123": [1632], "0.0004416101816611217": [1637], "0.0012485556688744523": [1641], "0.000960784973678679": [1643], "0.002740015361464536": [1647], "0.0019802832622238054": [1648], "0.0018639983216421927": [1649], "0.0013886820150831748": [1650], "0.0010237990886428176": [1653], "0.013059632655399854": [1656], "0.023279498524709733": [1661], "0.021207572974229746": [1663], "0.025778255620734387": [1664], "0.028035111664191065": [1665], "0.02595659560063033": [1666], "0.0008909476605692173": [1668], "0.01673945287747404": [1670], "0.028613785949535817": [1673], "0.013633789878970152": [1674], "0.03155483321462515": [1675], "0.02438700841895423": [1680], "0.014698198935545616": [1681], "0.008937907507836155": [1682], "0.019668791873761735": [1684], "0.002547980767677619": [1685], "0.010743649733049462": [1687], "0.02153726742056011": [1688], "0.022970597524199405": [1695], "0.011963778937550419": [1696], "0.03758154055796931": [1697], "0.03107650094865264": [1698], "0.003930921478273521": [1700], "0.0015518752429611248": [1702], "0.00439189646467463": [1704], "0.001562907289609383": [1705], "0.0009307067726666703": [1706], "0.002056022766318335": [1707], "0.007363710550438014": [1708], "0.0005637716663251494": [1709], "0.0007809476030338273": [1710], "0.003602760503126038": [1711], "0.0010255130960190805": [1712], "0.0010770875627672608": [1713], "0.0024717367133360755": [1714], "0.00022002154498916424": [1715], "0.0018569994498537207": [1718], "0.0028208987920436044": [1719], "0.0023531570150886875": [1720], "0.002209788254190956": [1722], "0.0011881615329464679": [1723], "0.002002160209680146": [1727], "0.003152923001436034": [1730], "0.0021105741462975783": [1731], "0.0015297367549011456": [1732], "0.000350744713189957": [1735], "0.0009854400584265158": [1737], "0.0009918985518820032": [1738], "0.0007951556825426985": [1739], "0.000669186469451501": [1741], "0.0026176674716198423": [1743], "0.0014285450011231168": [1744], "0.02481635543101421": [1745], "0.0010138137177939655": [1746], "0.0017181107722688074": [1748], "0.0026113180890161196": [1749], "0.0005427741705138378": [1750], "0.0020654592969015276": [1751], "0.003508420868791135": [1752], "0.0003706395298286152": [1753], "0.005105200063018418": [1757], "0.0033760532870053656": [1759], "0.0003637811419793591": [1760], "0.006374242708942306": [1761], "0.0017792887767257106": [1763], "0.00231293982599957": [1764], "0.025332642319275418": [1765], "0.00256241509612393": [1766], "0.0028415440889911913": [1767], "0.003408481651509671": [1768], "0.00037646930254193225": [1770], "0.0020077599639072344": [1772], "0.0008462009165483851": [1774], "0.002773374391163638": [1775], "0.0009184635231226054": [1778], "0.01391718284812306": [1779], "0.004688142309870219": [1780], "0.0015710276884833936": [1782], "0.0018065906703152652": [1783], "0.0027474913117827423": [1787], "0.0015295820694491158": [1789], "0.00321946784865632": [1790], "0.0029966387366575967": [1792], "0.002956438624557335": [1795], "0.001222956275651624": [1796], "0.0013500727497887668": [1797], "0.0007525824042615603": [1798], "0.00031895178469935805": [1799], "0.00038004640791090583": [1800], "0.0020670988699784403": [1801], "0.0009538573010497729": [1802], "4.290414948595097e-05": [1803], "0.00011357588532712708": [1805], "0.00010226279365863201": [1807], "0.0011126407255423905": [1809], "0.0012103233172707363": [1815], "0.0001540077735432379": [1818], "0.00028673721651506804": [1819], "0.0011125797776729653": [1820], "0.0009961744294942334": [1821], "0.006402360011174979": [1822], "0.00044791067783482547": [1824], "0.00020996232160155575": [1831], "0.004240795176596337": [1833], "0.0009077053866009768": [1835], "0.0001663473470733984": [1836], "0.003829178425730519": [1837], "0.002667531133843753": [1838], "0.0025165126405397266": [1843], "0.002402674751180224": [1847], "0.005915729906338729": [1851], "0.0025084471005072805": [1852], "0.0012396902537526188": [1854], "0.0037563911387695614": [1855], "0.0011520761595618218": [1857], "0.0010126526089243564": [1858], "0.0028163648012175654": [1859], "0.0022760194089667786": [1861], "0.0004102944020902974": [1863], "0.00016919340344227733": [1865], "0.002123462691978068": [1866], "0.0011080177114927538": [1872], "0.0010951156590508014": [1877], "0.00029572505921071407": [1880], "0.0008952678441030419": [1883], "0.0010432172055461406": [1885], "0.004616653285862726": [1887], "0.00018272680444288787": [1888], "0.002990250267507138": [1889], "0.007314674902412919": [1890], "0.00012035476763591511": [1892], "0.0007923611974823406": [1895], "0.0007171934545201904": [1897], "0.0014836249602238783": [1898], "0.005439228616188022": [1902], "0.0016509391277522779": [1906], "0.0040015894520798526": [1907], "0.027493528082919966": [1908], "0.002594246765054626": [1909], "9.030420098238898e-05": [1910], "0.006150366096429515": [1911], "0.02060138868747113": [1912], "0.0010840621105358502": [1913], "0.0058808207312862695": [1916], "0.0006644882578622176": [1917], "0.0015908171534823137": [1919], "0.020847892009808466": [1920], "0.0025251904048916303": [1922]}