{"1": [0.18428095437665082, 0.1989571254399032, 0.002223779806148407], "2": [0.14370489740846493, 0.15452300900513405, 0.0017483227020659298], "3": [0.04197928975551346, 0.04257729807884341, 0.0008001653142593046], "4": [0.07585004399858297, 0.0778427414740814, 0.0013320079319654177], "5": [0.04307310565290201, 0.042806586154959504, 0.0004048130768186109], "6": [0.07348103453693933, 0.07469381884477608, 0.0008814972058568404], "7": [0.03438800347643023, 0.034165080620516604, 0.0005403663035982165], "8": [0.11304813533905311, 0.1190588001815444, 0.001212402872062257], "9": [0.029987284382703705, 0.029572502957514502, 0.0007294380025619773], "11": [0.03835348968096686, 0.038022001835058925, 0.001343761107327368], "12": [0.06871194655413082, 0.07121983705545522, 0.001378147469444757], "13": [0.018394881130444185, 0.01765402090985042, 0.0004887419413246441], "14": [0.024791682196837916, 0.024205152639887536, 0.0006025561828177928], "15": [0.016791043966485564, 0.01600998247650584, 0.0004780788164514549], "17": [0.059512033338390835, 0.05829148435104143, 0.0011573671682051367], "18": [0.034752297189481585, 0.03393052207294267, 0.0006277091518647193], "19": [0.025191442527309205, 0.02452684398816858, 0.0005624016576510904], "20": [0.1210459004919534, 0.1294422721655303, 0.0029394756720519943], "21": [0.05836114368840417, 0.06018134201723117, 0.0008865271843266909], "22": [0.017580655755211727, 0.0165426208526155, 6.903212534115077e-05], "23": [0.1355900074263371, 0.14585358569943227, 0.0021452942822000054], "24": [0.03517793200508712, 0.03518101363266813, 0.0009475876497495594], "25": [0.03434279794924289, 0.033511567289699985, 0.000461934136165576], "26": [0.018795760693237518, 0.018030608097094884, 0.0004865106716368528], "27": [0.04948725607381943, 0.04752647365753923, 0.00044900398640279615], "28": [0.014793202441935938, 0.013661082010551289, 0.0007297346177860264], "29": [0.09848341571520236, 0.10776254136262021, 0.0018776317385682528], "30": [0.007598000394601345, 0.006969070767552852, 0.0002686674536238609], "32": [0.019186407804287042, 0.018188323577642242, 0.0005744032052649173], "33": [0.045110329881671296, 0.04339382335983563, 0.000999690279115395], "34": [0.0035983205438624433, 0.003261169272774929, 6.092112542677164e-05], "36": [0.029559246249190152, 0.028094456344941433, 0.00035796095550344464], "37": [0.03793968877455178, 0.03577070839922297, 0.0009254707849404298], "38": [0.04677801001141968, 0.04757624801679654, 0.0005724127723092387], "39": [0.02277738190113887, 0.02137540969962913, 0.0007073197023012012], "40": [0.035168668436630246, 0.034545461448073946, 0.0009454878802866995], "41": [0.20605634908942183, 0.2285868578578487, 0.0013522153916214474], "42": [0.02037626190356545, 0.01914326115152631, 0.0001117226145591621], "43": [0.08625512263623258, 0.08789296136057656, 0.0013049369198679939], "44": [0.08610159956866192, 0.09040160176697948, 0.00184039830881233], "45": [0.09052235022016442, 0.08771006211328074, 0.0012936051431432505], "46": [0.05791365353181699, 0.056910319603583226, 0.0008709468977888823], "47": [0.05343468032524967, 0.05340061684326194, 0.00067026651352875], "48": [0.04115118546721175, 0.04004317844470675, 0.0007693007704343557], "49": [0.007197760511906015, 0.006675282966770021, 0.00023668046276847932], "50": [0.00919528210048981, 0.008580553895467698, 0.00026412761717031774], "51": [0.10970908252081146, 0.11891417234059773, 0.0015047282092608416], "52": [0.04076914289650557, 0.04085591828714372, 0.0008641263122806109], "53": [0.03473236176220629, 0.03327052397722688, 0.0004675794462282168], "54": [0.02997210049965293, 0.028610355843510498, 0.0005741931200020645], "55": [0.08012588703686707, 0.07963687654798472, 0.0010742622811872327], "56": [0.03078104996861475, 0.030021554932297363, 0.0010182405206236034], "57": [0.08938876702225784, 0.09264102604131788, 0.0018034505539935575], "58": [0.037560995598606595, 0.03712608004901436, 0.0014419626154611453], "59": [0.05715819215791618, 0.05706238474716493, 0.000793745890221631], "60": [0.018793841844802595, 0.018092730885429526, 0.00044363663537350106], "61": [0.13489618265251813, 0.14515167400284207, 0.001401094556883975], "62": [0.10518333495276833, 0.11440422146028581, 0.00286284570440809], "63": [0.17866236455006657, 0.19478715421995244, 0.0011676488585186107], "64": [0.04356426764030508, 0.04400813908716961, 0.0008960190769146115], "65": [0.13507096936065444, 0.1481692442260077, 0.001867472071894527], "66": [0.017985530329691635, 0.017528028059081432, 0.0010589980180100156], "67": [0.009193842932252894, 0.00856538649517395, 5.115315553161359e-05], "68": [0.039913113929757826, 0.038263315337613846, 0.00040075338646028413], "69": [0.028747607236096817, 0.02756247355382414, 0.00020837018886976644], "70": [0.036351497170296065, 0.034566981923462296, 0.001116971233724784], "71": [0.023972351073295428, 0.02342640168933886, 0.0007427170978443476], "72": [0.04794344167848752, 0.048450390602994296, 0.0010408879119134795], "73": [0.008797120746500076, 0.008094412072922226, 0.0002501190877194359], "74": [0.047539031150039324, 0.04876472144259393, 0.0018421361840382788], "75": [0.05035316565489456, 0.05062157537959775, 0.00100822707075654], "76": [0.059916444950072645, 0.05938318773245592, 0.0010164460883841375], "77": [0.046750690036506115, 0.0473651622960782, 0.001129911825730856], "78": [0.0663221733747471, 0.06723530825332384, 0.001108628321822236], "79": [0.030781529968365695, 0.02991177862979712, 0.0011565453013898663], "80": [0.05715819004887057, 0.057746521901062144, 0.0008175125828008278], "81": [0.006397120938423484, 0.005930389763726142, 3.5974370095170904e-05], "82": [0.011190885480101054, 0.010462936109392586, 4.63537642952927e-05], "83": [0.003998880234626023, 0.0036144311273405994, 0.0001667964866900462], "84": [0.031566993517383346, 0.03063631540241918, 0.0008705918169753524], "85": [0.17122010198826798, 0.18377780330710555, 0.0014561304053589685], "86": [0.028780970171459308, 0.02704394237488982, 0.0005956938481558316], "87": [0.01797067628469262, 0.017080523138561152, 0.00034814306789532345], "88": [0.01759552091715766, 0.016903818090540264, 0.00047114283593685524], "89": [0.01478728832627485, 0.01396651627555244, 0.00044143711296518173], "90": [0.026778494082818405, 0.025420221423203906, 0.0003653482842117528], "91": [0.025192721695646125, 0.024613434413994575, 0.0005713820015255111], "92": [0.012794402068682431, 0.012247879421541175, 0.0002942457043230151], "93": [0.08067569365305294, 0.08217901886090632, 0.0021734181597261593], "94": [0.015596560543927773, 0.015071381170021802, 0.0004054338612636821], "95": [0.06114940683754089, 0.06184644597239627, 0.0009678750640784717], "96": [0.021564051138871276, 0.020521187423847943, 0.00018546512053096986], "97": [0.1132815007350303, 0.12283597196831961, 0.0011751271011394282], "98": [0.01879496114108614, 0.018428497526121475, 0.0005766765259933582], "99": [0.028359011963945746, 0.026940563735947692, 0.0010535991819105028], "100": [0.0011997600319967328, 0.0010793522015568463, 8.172718013066405e-05], "101": [0.0255891243930364, 0.024877304726143367, 0.0005937435201029961], "102": [0.03438784347645385, 0.034336500749922186, 0.0005517071274203644], "103": [0.005598560277288334, 0.005079649720067696, 0.0001376967856182576], "104": [0.05549895475947586, 0.05426043267846917, 0.0012571878782277057], "105": [0.014796720522596618, 0.014324004822773835, 0.0004095896095911433], "106": [0.015589205725514366, 0.014404030605436515, 0.00016338791459646895], "107": [0.07067899930708754, 0.074959078298017, 0.0011978812549964246], "108": [0.09616510154558577, 0.09901228463252505, 0.001549792947797779], "109": [0.03435700644040807, 0.0332934298553156, 0.0005843530308875522], "110": [0.016384412269155546, 0.015465412453200657, 0.00016478774025663334], "111": [0.043967224452649334, 0.0443694306030021, 0.0010089876084454774], "112": [0.07229670107792896, 0.07056980533236955, 0.0016579841809359896],