{"0": [0.1633880955962731, 0.012185457975687075, 7.630908851952167e-05], "1": [0.14147322141583996, 0.011101723550793285, 8.310666699373748e-06], "2": [0.10691847956845446, 0.008489807733836905, 0.00019836433991049507], "3": [0.15983263614644416, 0.012832357326987003, 4.270180881882357e-05], "4": [0.08295032859425167, 0.006315011989910748, 9.72458918763186e-05], "5": [0.14846688464339197, 0.011477681657302938, 0.0002100031826735016], "6": [0.14766241486591936, 0.01151383060836042, 0.00013760990473710155], "7": [0.1111095521040002, 0.008345304186432024, 0.00015747018842815486], "8": [0.1322937512098935, 0.010011952360970515, 0.00011356133412421254], "9": [0.07815136845070747, 0.006548505018382396, 0.00012473354090680733], "10": [0.12249673828378171, 0.009537364623734433, 0.00015468398019902185], "11": [0.07855468544651678, 0.005951918970705402, 0.0001796805873078844], "12": [0.10451253414242134, 0.008038824476184148, 8.80274808660042e-05], "13": [0.1080715571826063, 0.008443866567013993, 0.00010884692760693149], "14": [0.10267884297688956, 0.0080456522573532, 0.00018035492670909203], "15": [0.0935371178995581, 0.007140045842819588, 0.0001426954520046264], "16": [0.11910063835344298, 0.009396614173103512, 0.00013952666636907196], "17": [0.09092564868013697, 0.006887969936853397, 0.0007010066530208636], "18": [0.09928987444733428, 0.007900597734303742, 0.00010531626500853708], "19": [0.1145133187924322, 0.009301961074346492, 0.0001967164628576823], "20": [0.10712652644765297, 0.008648945377447242, 9.866609222530798e-05], "21": [0.06395508089148583, 0.005121813644696538, 0.00014723175916642184], "22": [0.05257063576699461, 0.0036363098158248303, 0.0008176904710444077], "23": [0.09852691146448467, 0.008014609233455943, 0.00018296714113763546], "24": [0.10771783859264394, 0.008771890943919579, 0.00011201090678880643], "25": [0.0963410313082137, 0.00745008734292073, 8.865626156584483e-05], "26": [0.11171200800818504, 0.008795961423286206, 0.00013056939444444637], "27": [0.06976343900823978, 0.005253081870298148, 0.00010992219121896962], "28": [0.10313459631755761, 0.008119010601628913, 0.0001698048977709643], "29": [0.08275418414814872, 0.006395305794402002, 8.06972568655473e-05], "30": [0.05837102065972122, 0.0045662039330598885, 7.207989170432416e-05], "31": [0.10353535522542079, 0.008092940359371402, 4.264087746308487e-05], "32": [0.07415180935893095, 0.005835480295445555, 0.0005718742331058957], "33": [0.07256575535750842, 0.005637587804131184, 7.139630090624571e-05], "34": [0.07495988123326991, 0.005860762610492205, 8.706058180918408e-05], "35": [0.08375100673738234, 0.0065905055570751455, 7.969513986638699e-05], "36": [0.08555334306412221, 0.006756591466602225, 0.00012427623239485985], "37": [0.08535292429361874, 0.006437114901486477, 7.09900997830637e-05], "38": [0.06736719608950892, 0.0051082313302848814, 0.00018283016181452894], "39": [0.07735696189792107, 0.005856648364446145, 0.00018628232214901175], "40": [0.025583771682276768, 0.0013102221040911426, 0.0010090008166347975], "41": [0.0851478698803465, 0.006863909000899329, 0.000157183060432442], "42": [0.048582186745593114, 0.00362102022807432, 9.618916783793452e-05], "43": [0.028783089954867336, 0.0014516517100554441, 0.0010115407600176374], "44": [0.07815819903372034, 0.00587421730014865, 0.0002590767763488433], "45": [0.08474883123435539, 0.006373830902794275, 0.0001730460050630711], "46": [0.08155650169356421, 0.006411918025369362, 0.00018086413199058793], "47": [0.07476577329418532, 0.005764493243919332, 0.0001497804200776276], "48": [0.06357157152393478, 0.004922395390298009, 0.00011380785492842715], "49": [0.0755671322198137, 0.005572084680632421, 9.81436580840267e-05], "50": [0.05857586940328041, 0.004558803507049838, 0.0001299687496507662], "51": [0.0493846241443292, 0.0034141768444057416, 0.00013750357255137846], "52": [0.06716753434623424, 0.005148952236276828, 0.00020179538660336505], "53": [0.06057183292655588, 0.004311364493875926, 0.00015455415587051213], "54": [0.06796985170533698, 0.005152774452190752, 0.00010526600116722573], "55": [0.069366357141597, 0.0051318669303270234, 0.00014272276208160406], "56": [0.04458470559129413, 0.0030561389534887197, 0.00016664436887348089], "57": [0.048377849175266996, 0.0034008406627061153, 0.0006337688444478795], "58": [0.06336987367296398, 0.004796214399547076, 0.0002178297912107663], "59": [0.05538070615949808, 0.004212067187812737, 0.00012097376625119782], "60": [0.060176467863006344, 0.004447883170288188, 0.00020593422972026154], "61": [0.06417091287062315, 0.004516789321109606, 0.00013592975250342754], "62": [0.0655715308656103, 0.004886829915186419, 0.00021735554655577527], "63": [0.02379386135840056, 0.001324329646436902, 0.0005839501869622232], "64": [0.07836065837049822, 0.00617811193738198, 0.0001627627609236404], "65": [0.06977071043806105, 0.005264950827569778, 9.123048622738938e-05], "66": [0.05497898711648508, 0.003934301772981089, 0.00024056927235172054], "67": [0.0609774670767006, 0.00462544742596235, 0.00015623456228097687], "68": [0.04978098813650078, 0.00339915631752644, 9.276228779420137e-05], "69": [0.06097690716479576, 0.0045489033839546935, 0.00019490035174685172], "70": [0.05697950629830795, 0.004395323388578179, 0.0001365304177618487], "71": [0.05518000614237206, 0.0040501809546236965, 0.00022093679170254177], "72": [0.026389443846774663, 0.0013295104873948902, 0.000903770508647983], "73": [0.03278960324166924, 0.0021489352204202106, 0.0006492595916972599], "74": [0.046185184498741094, 0.0033658670180725134, 0.0001616468805930582], "75": [0.05897754754302842, 0.0043369042203179565, 0.00011690405225073253], "76": [0.04938302543974016, 0.0038430236441971315, 0.00020261685307909616], "77": [0.05198384416973889, 0.0038582372166451225, 0.00011362893859223622], "78": [0.05298250500005497, 0.004080307867865471, 0.00015348282288585313], "79": [0.015994961650147688, 0.0007456892996804591, 0.0007251032565372961], "80": [0.04878356525976446, 0.0038186951599605526, 0.00015288068536245536], "81": [0.027191282812457862, 0.001587164322382718, 0.0006749769706406727], "82": [0.04478584422548759, 0.0031526456036617026, 0.0001556546968803918], "83": [0.04858302534650072, 0.003455186828293955, 0.00021542778370997606], "84": [0.04658722303001894, 0.0034748795668615644, 0.00013141909769232019], "85": [0.05098330493064829, 0.0036623712334642048, 0.00014081791999487336], "86": [0.021795021033127693, 0.0013018876689537698, 0.0006001120488251521], "87": [0.03939098179033962, 0.0028682677289772938, 0.00010559992437242371], "88": [0.05397992678189778, 0.003840412973228048, 0.00020023182136408302], "89": [0.04618642331530998, 0.0033423374696623567, 0.00019151841755449261], "90": [0.03519284125846356, 0.0024164284747147115, 0.00011252419184126783], "91": [0.02419090375979549, 0.0011283821052340429, 0.0006799933444248119], "92": [0.02419090375979549, 0.0011283821052340429, 0.0006799933444248119], "93": [0.02419090375979549, 0.0011283821052340429, 0.0006799933444248119], "94": [0.04818526379248733, 0.0035270241391571542, 0.0001780057341134178], "95": [0.029591402140865974, 0.0017708588142067408, 0.0007163753828738351], "96": [0.029392701627666384, 0.0020558640874321498, 0.0004593462122681746], "97": [0.05438276451361623, 0.004019371556594679, 0.0001738399076207653], "98": [0.0321936610705007, 0.0022315007124142304, 0.00017086441004598996], "99": [0.0371916015917334, 0.0026235520315965313, 0.00015150718798873086], "100": [0.05378354401384444, 0.003971983024348214, 0.00014277473098400772], "101": [0.017195281122429518, 0.0007857898069049168, 0.0007208755505674347], "102": [0.050385523383334796, 0.0038145846826671045, 7.244870949962845e-05], "103": [0.025593041658309668, 0.0014538761344706072, 0.000737132454796785], "104": [0.017996000807848245, 0.0009478041631676975, 0.0005512217717783541], "105": [0.040989782208884606, 0.002964048632446102, 0.00015933676477386527], "106": [0.009797500513242907, 0.0003010751564167187, 0.0005400846573070384],