{"0": [0.488897446538612, 0.4960180874363283, 0.000685066535434431], "1": [0.4236608143385284, 0.43684736626461107, 7.462814746250768e-05], "2": [0.32026738614518013, 0.3148896922667305, 0.00178150708545588], "3": [0.47849652904497475, 0.5272249255255814, 0.00038325861295962493], "4": [0.24855347123171623, 0.22658155945992703, 0.0008738517741286866], "5": [0.44460384131498965, 0.4695132126846297, 0.0018855874161107788], "6": [0.44216379666933203, 0.47452522598092955, 0.0012357106518043892], "7": [0.33278726393391544, 0.32309902573289523, 0.0014140787728273985], "8": [0.39624504046884135, 0.4008738570824615, 0.0010198669977595776], "9": [0.2341628273805464, 0.21785741728168534, 0.0011206446191003305], "10": [0.3668720507758554, 0.37975808408564204, 0.0013892790254779186], "11": [0.23539262632906888, 0.21366584014069054, 0.0016148499787829174], "12": [0.3130141386711589, 0.3022329937771363, 0.0007905417037006313], "13": [0.3234479040008187, 0.32530833746412224, 0.0009775509712209862], "14": [0.30731322207309875, 0.3059098028292958, 0.001619401753527705], "15": [0.28023474218597433, 0.27190455376390243, 0.0012823198027375193], "16": [0.35670715245919793, 0.3575717923228119, 0.0012528990504951931], "17": [0.2723320705669078, 0.23200012004780032, 0.006296340733417338], "18": [0.2972119950575124, 0.2971609870453893, 0.0009455836208913659], "19": [0.34302092547822305, 0.34678290743783013, 0.001766662102192007], "20": [0.32093957263037465, 0.3154210089908897, 0.0008862604849788625], "21": [0.19159646196021207, 0.1711723155848837, 0.0013227370560866536], "22": [0.1575360052952186, 0.1216358162934318, 0.007348858446234341], "23": [0.2951431277704516, 0.2878592192921021, 0.0016431408267411074], "24": [0.3226615999519151, 0.32486450771457664, 0.0010060895465821007], "25": [0.28866984454242295, 0.27871789953822185, 0.000796730545999158], "26": [0.33460929357225433, 0.3401530722178002, 0.001173079200078142], "27": [0.2090712927321945, 0.18581075768769592, 0.0009878608454132465], "28": [0.30901201957975144, 0.30670069477243794, 0.001525361296482619], "29": [0.24798809136107425, 0.23144975113003477, 0.0007251137431968369], "30": [0.1749395568638683, 0.15430713322452175, 0.0006479778962810157], "31": [0.31021883015647334, 0.30357932474362864, 0.00038303263450900626], "32": [0.22216681184271492, 0.1893743372460834, 0.0051377797254748], "33": [0.21749207430277062, 0.19777167007079757, 0.0006417627419268435], "34": [0.22463931271984972, 0.20540842275328505, 0.0007824502136085654], "35": [0.25095954119308994, 0.23797107144555887, 0.0007160623357252982], "36": [0.25638050216277997, 0.24537447283252617, 0.0011169326906108612], "37": [0.255776755296113, 0.238558941118685, 0.0006379823650057848], "38": [0.20190505399494907, 0.18295577232343624, 0.0016430691010709264], "39": [0.23181305070043867, 0.22017417543328388, 0.0016743634359367432], "40": [0.07665415496933936, 0.05275661211157955, 0.009066290277394362], "41": [0.2551313659254435, 0.2488716894028614, 0.0014121188582489896], "42": [0.1456398020013131, 0.12447251432105053, 0.0008647664242068531], "43": [0.08624798850469306, 0.059647538239235014, 0.00909018126156047], "44": [0.23422413349994264, 0.2233452024332071, 0.002328613124781498], "45": [0.2539400423047331, 0.24222291609533558, 0.0015552828291451881], "46": [0.24440890516363278, 0.23257430897450035, 0.0016252509372299828], "47": [0.2240921987013963, 0.20877528453246216, 0.0013461764914041163], "48": [0.19054435092708188, 0.17213418895343546, 0.0010229380365253116], "49": [0.2265044097092942, 0.20596758194306225, 0.0008822483161305961], "50": [0.17558299370605823, 0.15640345908101094, 0.0011684029633356463], "51": [0.14806169184285067, 0.12428745509228231, 0.0012364796463113503], "52": [0.20130806703746873, 0.1878299854297551, 0.0018138540454342156], "53": [0.18154672872349786, 0.16157925494048578, 0.0013893954884598436], "54": [0.2037288758286342, 0.18695551286889278, 0.0009463958257416305], "55": [0.20789752233426562, 0.18975933691181282, 0.0012830621635221418], "56": [0.13366245085507178, 0.11339612601453586, 0.0014983751141565138], "57": [0.1450008075489132, 0.11812395434089956, 0.00569734672688238], "58": [0.18992910886258185, 0.17452866055679223, 0.001958009423973839], "59": [0.16602646620756956, 0.14672233369493093, 0.001087531561066335], "60": [0.18038835217576876, 0.16254030932817595, 0.0018514218244842784], "61": [0.19233844721695526, 0.17033387224804947, 0.0012220568379885943], "62": [0.19654397317078331, 0.18033931464907169, 0.001953838506354333], "63": [0.07134477666252281, 0.050043763461721964, 0.005251610545113805], "64": [0.23484625556308292, 0.22397763412403607, 0.0014626599868603485], "65": [0.2091365816512457, 0.19182434380663915, 0.000820158490842493], "66": [0.16481101202752668, 0.1469396232960524, 0.0021630192310381213], "67": [0.18279733096497175, 0.1644639509012482, 0.001404522502165717], "68": [0.14922903949694444, 0.12712521513236405, 0.00083415935294473], "69": [0.18279229334864533, 0.16616473289557993, 0.0017522074238029983], "70": [0.1708156699631449, 0.15470969126511597, 0.0012274877846552013], "71": [0.16542016575632879, 0.14873342596797778, 0.001986455764163786], "72": [0.07910506379687154, 0.05573574862314737, 0.008125128730095632], "73": [0.09830648747136961, 0.07377767340050428, 0.00583766620590731], "74": [0.1384667413982239, 0.11900378991571746, 0.0014534480831557284], "75": [0.176798063537557, 0.15713443382482906, 0.0010511020733207088], "76": [0.14804732678716204, 0.13001610731716118, 0.0018216078809516478], "77": [0.1558546725330452, 0.13790096153896547, 0.0010217156337991584], "78": [0.15884263493265294, 0.14076326841387393, 0.0013799169663614164], "79": [0.04795468452604368, 0.03194780908399737, 0.006519675848643436], "80": [0.14625218192912426, 0.12958952852226993, 0.001374459176961107], "81": [0.08152159588921104, 0.05903856883567499, 0.006069108732417283], "82": [0.13427267402468512, 0.11506294447196615, 0.0013996746363846846], "83": [0.14564732427473304, 0.12907982441195487, 0.00193710009644521], "84": [0.13968506177571716, 0.12037535736269057, 0.0011816382534701741], "85": [0.15284983305472488, 0.1335924373575993, 0.0012662046328879573], "86": [0.06535520788343485, 0.04692705775961277, 0.005397102844929114], "87": [0.1181188683216634, 0.09989133858090256, 0.0009496510410887948], "88": [0.16181946299793437, 0.14429927725028693, 0.0018004008110108494], "89": [0.13847786947626106, 0.12132714632988623, 0.001722134448782886], "90": [0.10553559396768519, 0.08747596932733862, 0.0010120498875381134], "91": [0.07251820143159571, 0.04951499952449627, 0.006115305060621634], "92": [0.07251820143159571, 0.04951499952449627, 0.006115305060621634], "93": [0.07251820143159571, 0.04951499952449627, 0.006115305060621634], "94": [0.14446744235164588, 0.1284786822002548, 0.0016006574094549197], "95": [0.08872265777825206, 0.06498285862768209, 0.006441607892979984], "96": [0.08813434392909358, 0.06764437548716039, 0.004130862971816973], "97": [0.1630449618111085, 0.14590575283596163, 0.0015630629922021022], "98": [0.0965429688946915, 0.07951203830744852, 0.0015367308944991276], "99": [0.11152444296255737, 0.09340841278254518, 0.0013625767882703421], "100": [0.161251968329574, 0.1425430234645749, 0.001283753094263318], "101": [0.05155755029285036, 0.034371352787495126, 0.006482557244964382], "102": [0.15106977131428267, 0.13177273473088022, 0.0006514599414658706], "103": [0.07673740475517887, 0.05474062686752278, 0.006628393811202726], "104": [0.053964021803779016, 0.03814878932713171, 0.004957670337886966], "105": [0.12290807961582151, 0.10491030238172183, 0.0014328528271159158], "106": [0.029377513852717918, 0.018109824323049247, 0.004857151852269315], "107": [0.04796689993361358, 0.03138521298463314, 0.0055036760587287015], "108": [0.10912588454388117, 0.09141656716907108, 0.0011303648719840353], "109": [0.13489764379357727, 0.11559095680526764, 0.0009121974969716895],