{"0": [4.723751103146961, 93.93018599334656, 0.14452839265060058], "1": [4.136490777865932, 87.30133317048201, 0.0072382288988318555], "2": [3.1381549386775824, 61.39537851147678, 0.18640238178917523], "3": [4.653349676732663, 98.48881477569664, 0.044447938603768056], "4": [2.446030402325879, 33.03152115179634, 0.08520897284993467], "5": [4.340869584357783, 93.19615382442623, 0.23725101187816688], "6": [4.313104319100798, 93.50791190433841, 0.118889228691192], "7": [3.2564378682265156, 61.63160162599171, 0.13668370039108646], "8": [3.878203214405185, 82.67131128739786, 0.10726880736224087], "9": [2.302962871389527, 32.213258420864456, 0.10891733851683172], "10": [3.587066500658582, 78.90546956042932, 0.13421271044894234], "11": [2.3178706522950923, 31.561170459515875, 0.1568561224352012], "12": [3.061170698696353, 56.59882598255376, 0.09094101250236364], "13": [3.1357922008300934, 61.39659921511139, 0.09451930358720251], "14": [2.9800011483484425, 56.06320353797425, 0.16155924498137375], "15": [2.7523795134373112, 50.40552482716768, 0.12490269279493127], "16": [3.488575614888926, 69.96685272053143, 0.12286113499101581], "17": [2.6648227901450814, 25.92872338781827, 3.4157089898663346], "18": [2.8872302506529346, 54.14126086960123, 0.09139521812016937], "19": [3.3614939883275228, 68.18914251314952, 0.18605375311953898], "20": [3.1510652678216453, 59.22214875955395, 0.08574636846988082], "21": [1.8806102058845988, 19.643262022847974, 0.1286034979126125], "22": [1.5519777801829964, 6.602488499840208, 1.0794415998313385], "23": [2.8935382560064133, 51.593511744092595, 0.168696130895567], "24": [3.161554744706954, 62.92408024013118, 0.09734813844443457], "25": [2.839734142300317, 51.66650876574205, 0.0780975568767095], "26": [3.2765444720804364, 68.28243391377836, 0.12088087016474791], "27": [2.0615841932391885, 22.97365926542086, 0.09636759260428363], "28": [3.0380703348133036, 58.88854848223929, 0.14753434642063878], "29": [2.4433868448529656, 36.21978279903473, 0.07054560601775084], "30": [1.726444352404461, 16.198742966380994, 0.06355548452216031], "31": [3.0507257617440104, 56.32272456100926, 0.03693213558028641], "32": [2.183382541568751, 17.647415610135482, 1.653414549868563], "33": [2.147575629990843, 27.01580595005442, 0.06287293787951787], "34": [2.2144390154136806, 28.750335227431552, 0.076449206576648], "35": [2.470593646718244, 38.453770319241, 0.06966771270503325], "36": [2.526602579307855, 41.85501444886771, 0.11100049668210632], "37": [2.520256876974675, 38.15925590872047, 0.06216846256017272], "38": [1.992890375198241, 23.910454557644574, 0.16025328830365382], "39": [2.2838294505626813, 36.48309450127107, 0.16375638933145287], "40": [0.7536929790460571, 1.852517714722385, 0.882668579838639], "41": [2.509850686281183, 42.3521081618073, 0.1370145933128072], "42": [1.442142265775158, 11.768894128831127, 0.08494698457585415], "43": [0.8490368157271435, 2.156126281483895, 0.8858436999658625], "44": [2.3088700145408243, 37.607617154924384, 0.2269653304656336], "45": [2.498748722608765, 41.40912766337924, 0.15196697586806762], "46": [2.409409668062468, 37.59936331199225, 0.15811491004277356], "47": [2.2135394667096304, 30.75325236393507, 0.1314396473393592], "48": [1.8827119937027441, 21.778918975380257, 0.1000697056095835], "49": [2.238734690441584, 30.103615746743124, 0.08643240827579979], "50": [1.7365252644972413, 18.245974664628672, 0.11464547597590191], "51": [1.4682691173449907, 11.896162100784842, 0.12176029556165702], "52": [1.9871508838743825, 27.35661785320925, 0.1775067769125669], "53": [1.7929828028035681, 20.096879405665256, 0.13620326307049158], "54": [2.013168944381811, 26.784290786736268, 0.0929616621026591], "55": [2.0521618298412236, 25.98883871568308, 0.12570117875338538], "56": [1.3243793858013373, 10.752752356814886, 0.1471228881098523], "57": [1.4323010974076014, 8.08579248754212, 0.9059685616054328], "58": [1.8752387559070203, 23.724993058637637, 0.19105059245081402], "59": [1.6447948825581453, 16.24002205451991, 0.10658627372028306], "60": [1.7850244951613066, 21.20158481725622, 0.1814253436886235], "61": [1.9001533456845032, 21.541108750116454, 0.11985082636954492], "62": [1.9426584847542225, 25.478915617721825, 0.1906832691966709], "63": [0.7085104702522743, 1.8904875035957298, 0.5177491918420527], "64": [2.3170656881195484, 35.34287036817983, 0.1421209404713083], "65": [2.06790928828355, 26.283645432636558, 0.08046934989938836], "66": [1.6312724524489344, 17.363213637543943, 0.2120622279379687], "67": [1.8099035443001321, 20.784864111588455, 0.137670905392132], "68": [1.4770989792469713, 12.813103515302087, 0.08218495385420765], "69": [1.8094019955720533, 21.782696660590762, 0.17138104889604344], "70": [1.6917187401525906, 18.778464525144823, 0.1205903099620469], "71": [1.6381645794870452, 17.921506438299396, 0.19450057083432593], "72": [0.7825989120253082, 2.251948021724785, 0.7961655579774781], "73": [0.9747267518980769, 3.268675110330657, 0.5728018085416725], "74": [1.3727824890832627, 11.454824495187788, 0.14276266711461338], "75": [1.7499878736236403, 19.29969652850597, 0.10336832252058159], "76": [1.4668636366413086, 13.183833572220866, 0.17844223942537063], "77": [1.5455678624006592, 15.075549472274705, 0.1005706461316358], "78": [1.5743840089205698, 15.159840324047499, 0.13556792893536984], "79": [0.4755081515998767, 1.0551018215367605, 0.641100921633798], "80": [1.4493447964517392, 13.02575937959202, 0.1349698826014576], "81": [0.808227257564485, 2.4429185500298387, 0.5963397045996733], "82": [1.331369173467988, 10.96334704414588, 0.13778904282779814], "83": [1.4428611914115628, 14.115041084550363, 0.19021036204437924], "84": [1.3865793078877455, 11.47488875264496, 0.11616101155031477], "85": [1.5151020787281189, 14.138982091412915, 0.12456247111636243], "86": [0.6495457351919995, 1.858914870211885, 0.5323695107822553], "87": [1.1739300858528383, 8.188494650879832, 0.09361296687734277], "88": [1.6021094803170932, 17.096672288430767, 0.17652512222620764], "89": [1.3738669773211707, 12.391961136813919, 0.16935106066774097], "90": [1.049589821520455, 6.680695405271382, 0.10000593518564538], "91": [0.7179103242335192, 1.807231014443643, 0.6027906493636659], "92": [0.7179103242335192, 1.807231014443643, 0.6027906493636659], "93": [0.7179103242335192, 1.807231014443643, 0.6027906493636659], "94": [1.4328357400625422, 13.856123816696334, 0.15745670478230567], "95": [0.8803174404823813, 2.7631212705125794, 0.6327405016422154], "96": [0.8754736882877243, 3.1171513509451296, 0.4071098126212399], "97": [1.6166050519149149, 17.10895555806078, 0.1535977483108787], "98": [0.9603227754484288, 5.980442311604701, 0.15164377098120452], "99": [1.1084827704611473, 7.665711460235517, 0.1344494115752759], "100": [1.5992937349089047, 15.351141521189964, 0.12616453034622654], "101": [0.511782121477416, 1.151402453427332, 0.6385005171377903], "102": [1.4990588332812305, 12.870846594782128, 0.06417215679952282], "103": [0.7617804972998484, 2.14793627764631, 0.6516909906146725], "104": [0.5364216943575009, 1.5289128935991352, 0.4897783281577447], "105": [1.220861292127595, 9.345756393536824, 0.14118930551202313], "106": [0.2917637874901403, 0.501306244282055, 0.4796461523000375], "107": [0.4767078405642642, 0.9929015372896375, 0.5428673107561025], "108": [1.0846283278856799, 7.449204715251759, 0.1116684908708262], "109": [1.3398214852709907, 10.486408366149567, 0.08987703208742426], "110": [1.055534794713432, 6.909660374610232, 0.10751942497480649], "111": [1.0553580052048999, 6.986652277789193, 0.08810640775790402], "112": [1.1378966538944555, 8.309528975546419, 0.12893752242586554], "113": [0.8716977181266176, 4.943920756320223, 0.11717053289243262], "114": [1.0200694311391882, 6.752705268882731, 0.1444674066449091], "115": [0.800235986642902, 4.308911269175044, 0.13516524097338412], "116": [0.8892519036345353, 5.1553915527286405, 0.13520259916457278], "117": [1.013378106731213, 6.505389290694943, 0.1426552888821946],