{"1": [0.041553667072248834, 0.038435739825172774, 0.00011286406971910967], "2": [0.032385037786075044, 0.02987766851424147, 8.867874678775145e-05], "3": [0.009448951161160513, 0.008659345652638649, 4.05333687850673e-05], "4": [0.017092397338980936, 0.01571428868811675, 6.751435933705086e-05], "5": [0.009713563986758378, 0.008863630497418899, 2.0530817129937873e-05], "6": [0.016553968175490597, 0.015190462032361263, 4.4673824775687265e-05], "7": [0.007739392539606205, 0.007069154694950383, 2.7366823950769614e-05], "8": [0.0254623034053838, 0.023465667227976373, 6.145656426947976e-05], "9": [0.006749356099932768, 0.006160871992651606, 3.6946772005275186e-05], "11": [0.008637643466312017, 0.007892494270446701, 6.810647177790674e-05], "12": [0.01547553811471103, 0.014245289437016834, 6.984789099406807e-05], "13": [0.0041397408128781565, 0.0037602754560375385, 2.475113772959503e-05], "14": [0.005579578825027354, 0.005085704963735886, 3.051715255963927e-05], "15": [0.0037795464451939598, 0.0034368750581604763, 2.4215369472835313e-05], "17": [0.013405542242080015, 0.012245070500076342, 5.865752774436572e-05], "18": [0.00782758280194018, 0.007128739993641354, 3.1808048647885556e-05], "19": [0.00566956667879337, 0.005169126807213772, 2.8484115170646085e-05], "20": [0.02733184912838771, 0.025187450171517644, 0.00014916488457739074], "21": [0.013138031969939346, 0.012072334508568783, 4.491321182997776e-05], "22": [0.003959020079550957, 0.003582447382343005, 3.4981996396288295e-06], "23": [0.030579190515716892, 0.028258043060718843, 0.0001088751251652198], "24": [0.007918882336794497, 0.007247143576790152, 4.800048004249824e-05], "25": [0.007737101088667875, 0.007046551176390808, 2.341627398783075e-05], "26": [0.004229785357896976, 0.0038445733087266445, 2.4637841457120224e-05], "27": [0.011154283864329817, 0.01014672656178418, 2.276050191196699e-05], "28": [0.0033296557778214053, 0.0030133187230899777, 3.696270190201023e-05], "29": [0.02221393622849377, 0.020556368227554193, 9.533656707816363e-05], "30": [0.0017098987544952315, 0.00154377426753597, 1.3606495888218717e-05], "32": [0.004319311588928398, 0.003921521326044747, 2.9097918669118705e-05], "33": [0.010165453787561396, 0.00925428527957026, 5.0678072523790973e-05], "34": [0.0008099149561960894, 0.0007297957016991052, 3.0856579964488873e-06], "36": [0.006657935027196582, 0.006053687317055056, 1.8145286140192063e-05], "37": [0.008546943262175088, 0.00774197583637988, 4.691987370075701e-05], "38": [0.010528886364076007, 0.009667125911956197, 2.8993636929541822e-05], "39": [0.005128854099633928, 0.004646481472346418, 3.58347891895594e-05], "40": [0.007918412724105317, 0.0072170876952034994, 4.790749454119947e-05], "41": [0.046492248025233995, 0.04306099639769485, 6.862959475428809e-05], "42": [0.004588797399640243, 0.00415152641758567, 5.660564682541391e-06], "43": [0.019432656067058685, 0.017864967351235127, 6.613251867970682e-05], "44": [0.019424855853091616, 0.01787389249724985, 9.336825250738645e-05], "45": [0.020415917695885244, 0.018573828126050372, 6.561422913076154e-05], "46": [0.013045623472553558, 0.011906019566649112, 4.412683130161632e-05], "47": [0.012051613424192698, 0.010997321813833838, 3.398771796792044e-05], "48": [0.009267526196413356, 0.00843536061606215, 3.8989073053774526e-05], "49": [0.0016198866058316774, 0.0014645867181016245, 1.1986642791006474e-05], "50": [0.002069761073933196, 0.0018747698050310424, 1.337901541575981e-05], "51": [0.024735239266289177, 0.022883900799579512, 7.634943064660504e-05], "52": [0.009178436960941894, 0.00840319917871613, 4.3772918537854366e-05], "53": [0.007826571038622387, 0.007122806240035491, 2.3706552945146342e-05], "54": [0.006748586783612676, 0.006129326837830094, 2.9089225908052185e-05], "55": [0.01807608981722464, 0.01647533806794303, 5.444025002721009e-05], "56": [0.006929040263590092, 0.00633950412419152, 5.157987355264293e-05], "57": [0.0201492887989847, 0.018546312104822167, 9.14407990344479e-05], "58": [0.008458024005737586, 0.007730585126148661, 7.307318376215122e-05], "59": [0.012867882216504811, 0.01176458027101047, 4.020918226355086e-05], "60": [0.004229688171017876, 0.0038441698902755427, 2.246710645903427e-05], "61": [0.030404586989943305, 0.02809829833564902, 7.103847057821078e-05], "62": [0.023738850852975002, 0.021909618594472834, 0.00014541028860326488], "63": [0.04029270832185616, 0.03727153198852488, 5.9214133331875196e-05], "64": [0.009808189965002101, 0.008994983642329417, 4.539171882855797e-05], "65": [0.030483142179270284, 0.028167103412785704, 9.481277803891075e-05], "66": [0.004049267067717133, 0.003697003094785272, 5.365745575636183e-05], "67": [0.0020696881834096903, 0.0018719933362649403, 2.59146694570056e-06], "68": [0.00899559535534089, 0.00817992180783344, 2.031512437938865e-05], "69": [0.006477344194766976, 0.00589316325887119, 1.0559342372928882e-05], "70": [0.00818754230170271, 0.0074326579328961905, 5.6615458560060894e-05], "71": [0.005398599054215136, 0.004936976237294062, 3.7637871669438105e-05], "72": [0.010797133531370462, 0.009892890331476159, 5.274810861821688e-05], "73": [0.001979854208504439, 0.0017906365097542366, 1.2667030785729061e-05], "74": [0.010706910661072433, 0.009834698820808611, 9.337551005783595e-05], "75": [0.011337627220400215, 0.010384271751952088, 5.108290249322689e-05], "76": [0.013495765124758807, 0.012332729129252323, 5.1503010845554975e-05], "77": [0.010527501720330568, 0.00965529841986517, 5.725877359508136e-05], "78": [0.014936056364548866, 0.013687687859462058, 5.618768677806418e-05], "79": [0.006929064563589438, 0.006324570689710122, 5.859160642907035e-05], "80": [0.012867882192455493, 0.011782628703144442, 4.141522207756765e-05], "81": [0.0014398542106912604, 0.0013019786773386822, 1.822208325563679e-06], "82": [0.00251953836244434, 0.0022796249519660447, 2.3484735928169798e-06], "83": [0.0008999433026728454, 0.0008105852538914853, 8.447350933860065e-06], "84": [0.0071083277320422855, 0.006475836265394158, 4.411019961181317e-05], "85": [0.03859073542704039, 0.03558769586396144, 7.38689218520161e-05], "86": [0.006479036215899181, 0.005874535257006937, 3.0175315441027806e-05], "87": [0.004048514063616837, 0.003678874003546621, 1.7650556960790986e-05], "88": [0.00395977321044827, 0.00359812993590086, 2.3860149060084268e-05], "89": [0.003329356144880058, 0.003017902042631882, 2.2366717756683308e-05], "90": [0.006028910710481061, 0.005472828744119305, 1.8505643005983785e-05], "91": [0.0056696314693172045, 0.00517347611379932, 2.893794471126032e-05], "92": [0.002879716523569109, 0.00262014905452642, 1.4902250308423959e-05], "93": [0.01817370017990172, 0.016697196311812452, 0.00011019372646170478], "94": [0.0035098258561960805, 0.0031921529773910867, 2.0531626723552243e-05], "95": [0.013767436883883044, 0.012605384421164118, 4.904139216965753e-05], "96": [0.00485817808304323, 0.004414552026748877, 9.40075835287324e-06], "97": [0.025543835952980043, 0.02361336067494308, 5.960056207265918e-05], "98": [0.0042297448629995404, 0.003861423116722898, 2.9205410749244543e-05], "99": [0.006387922942408197, 0.005793618168334014, 5.3432740503400744e-05], "100": [0.0002699878503644726, 0.00024296719729635522, 4.138727179303636e-06], "101": [0.00575944925005345, 0.005246396987236689, 3.0071501446959914e-05], "102": [0.007739384439606312, 0.00707471775912316, 2.7941708135692522e-05], "103": [0.0012599271031588088, 0.0011357756013875475, 6.973381487584973e-06], "104": [0.012504878514529527, 0.011398954791911019, 6.373058589004277e-05], "105": [0.0033298339559530987, 0.0030287658033635255, 2.0742177408661355e-05], "106": [0.0035094533152387752, 0.0031726778184951445, 8.276698763687307e-06], "107": [0.015923866522675967, 0.014702077450973962, 6.073226691893918e-05], "108": [0.021678087027870552, 0.01992295406596748, 7.857649905573805e-05], "109": [0.007737821629381747, 0.00703836041327131, 2.960671160301409e-05], "110": [0.0036892103898253925, 0.003352523729977247, 8.349151155995216e-06],