{"1": [1.6638533143148986, 1.3750912329258873, 0.401872005603077], "2": [0.2621501123928215, 0.09805632461489448, 0.12150405250042018], "3": [0.06652069090310775, 0.013600621783993575, 0.03765745769314599], "4": [0.23174871018893817, 0.09819848586880887, 0.1105009282624776], "5": [1.6630292905033253, 1.4459501145846552, 0.329354069879359], "6": [1.3433086037913187, 1.1361168831467867, 0.2786013109819617], "7": [0.45182132842042466, 0.26866108921251136, 0.17811894531276495], "8": [1.2488269557393308, 0.9001978137593896, 0.337941256736359], "9": [0.38924806873240425, 0.21026382558616946, 0.17362333996711576], "10": [1.1375754055026124, 0.9400314255978774, 0.23701697790842502], "11": [0.7861611989466751, 0.48968324612884767, 0.25891587290797247], "12": [0.2047148967441419, 0.0657634735495874, 0.1044346187683658], "13": [0.46590216207956625, 0.23713322354792568, 0.21261640613259192], "14": [1.7582026152626997, 1.4671291011025722, 0.3877438523937977], "15": [1.6626718947191272, 1.4567151265710594, 0.33642259562664656], "16": [1.2565597668063657, 1.0927883977841797, 0.23672712354057535], "17": [0.4520332822566785, 0.24691924028219803, 0.1697291502196019], "18": [1.982122145538036, 1.7351379544133334, 0.24730003830810798], "19": [1.2736370196713445, 1.1309258094933052, 0.3175613778177079], "20": [1.4612382411504408, 1.2467510461789915, 0.3800626587519913], "21": [0.7139268344902306, 0.5189482606988074, 0.2870301409709245], "22": [0.3500801556737644, 0.18574398076750606, 0.12840719233622944], "23": [0.14198479731735558, 0.06142531593373998, 0.07575140319150486], "24": [0.1994296168728199, 0.08116300308398633, 0.08644330469012007], "25": [0.3552947537465041, 0.2038387078247082, 0.15210851629583155], "26": [1.2953312043904812, 1.1400143599999324, 0.2126181210962711], "27": [1.2501639258167425, 1.0540544310221451, 0.3596871224680377], "28": [0.9660146899899876, 0.7847087214408935, 0.281186973446213], "29": [1.2859971623511113, 1.1394911209386378, 0.26913031375315366], "30": [1.979434210455954, 1.746608649332769, 0.3446977406506547], "31": [1.8173449932664076, 1.6386407194483643, 0.3080986451109343], "32": [0.28708880807671655, 0.13785095911796982, 0.12962605023617269], "33": [1.2969143617271617, 1.064643934572883, 0.3209028725244847], "34": [0.2442405841769708, 0.10944474223909495, 0.10298152879922895], "35": [1.1902551718223928, 1.035065097042744, 0.24656844468406125], "36": [1.3744900505906168, 1.19103832626125, 0.28737788556223], "37": [0.9289237846544248, 0.7362582726130619, 0.18866342784291446], "38": [0.629057975321032, 0.4323493184005268, 0.18874871158729079], "39": [1.392966875032445, 1.2231495186780927, 0.2972485187532724], "40": [0.6627028595020795, 0.45717591921708556, 0.21725274175641573], "41": [0.49141729224492203, 0.315789291742587, 0.15111381694807013], "42": [1.2986267723922258, 1.0868443047042469, 0.2901077656279124], "43": [0.19751826056432142, 0.06845489913409805, 0.10587053581769257], "44": [0.22810676852807632, 0.0907563900757002, 0.11278301337073426], "45": [1.3221103279881823, 0.9558625684481131, 0.3291389004475229], "46": [1.0369660173115856, 0.7255929418075413, 0.3307992905667926], "47": [1.239607219148977, 0.9966234321579918, 0.27010048840760525], "48": [0.34997379950084406, 0.1564865776361797, 0.15659277196432642], "49": [0.16899929871511343, 0.04571884073549885, 0.06293245122280489], "50": [0.8147988764488266, 0.5394836988552353, 0.2192017273746414], "51": [0.41628794480615394, 0.19560767260829018, 0.16132424432193504], "52": [1.2609104070691182, 0.8950278037156457, 0.3187391910239211], "53": [0.4501125995031263, 0.21830399417873916, 0.20331272401366773], "54": [1.1697972391181195, 0.939649298493534, 0.22805090147751028], "55": [0.22805836054654127, 0.07930612266973078, 0.11195089818154358], "56": [1.5165848241448985, 1.2016433023068478, 0.2016906022618682], "57": [1.0459499324703576, 0.7856634383165284, 0.26111929367366926], "58": [0.5923257766485232, 0.40322955048215114, 0.15594523333279997], "59": [0.4625696848657158, 0.2659584103038111, 0.18831242653773117], "60": [0.29600660521350486, 0.11360854602904509, 0.15366426299450775], "61": [0.29630643747329444, 0.16258172056259942, 0.11721278760579645], "62": [1.394455708751513, 1.289425550224877, 0.22535212127017146], "63": [0.10427052043533092, 0.02570283101746076, 0.05547661535306225], "64": [0.7766672238694644, 0.45651154579336545, 0.3023686066510981], "65": [1.2924521778008826, 0.9992885407401596, 0.27753575299512734], "66": [1.652460168919741, 1.2817083582378956, 0.2613089666885099], "67": [0.5094072226580234, 0.3046582512786842, 0.17189246415030268], "68": [1.2667637937828213, 0.9287789071300383, 0.25227210274439527], "69": [0.23341485012909624, 0.08322592443230453, 0.1122691815729493], "70": [0.2998837479877592, 0.1372863709139207, 0.12784785755488648], "71": [1.4715393922056328, 1.280511281759283, 0.28463725706463083], "72": [0.33204473284208547, 0.12687358463321868, 0.15562654848006352], "73": [0.28909346214792353, 0.12449534488933141, 0.1224270845592661], "74": [0.2568614649073273, 0.11065670051422631, 0.11263434909193182], "75": [1.1472583499136024, 1.0574025001192198, 0.26367192960597263], "76": [0.335477404704535, 0.15920198454890092, 0.14893310989497566], "77": [1.3620814339298106, 1.0641780296346526, 0.2883532308575344], "78": [0.07372068313759605, 0.015534154268875833, 0.037073159816106704], "79": [0.7109728050734956, 0.4322778657045621, 0.2531933216342618], "80": [1.29214640182057, 1.1179231376183418, 0.2929104217955727], "81": [0.10247213946376821, 0.023701757220615176, 0.04731248036749758], "82": [0.14912984346856795, 0.04382230674486721, 0.07271168741839407], "83": [0.32145462285684856, 0.14625616150289958, 0.11659933838989456], "84": [0.10966566335001904, 0.033228958431456276, 0.05227212625594113], "85": [0.21554713964520522, 0.06769076006807082, 0.09063456297987926], "86": [1.4525698608835014, 1.123934046785059, 0.2930648051554857], "87": [0.6936220085365602, 0.44767689030246854, 0.20715200252730992], "88": [0.10426406371964725, 0.027870575037690113, 0.04880582691812474], "89": [0.13843653053718052, 0.041328684193672215, 0.056380412035533345], "90": [0.5463084863687766, 0.2886427568761431, 0.20285763729854833], "91": [0.4392804904367411, 0.1924544677675854, 0.19790459154065176], "92": [0.08988347847910616, 0.015663726369807247, 0.03891564644211076], "93": [0.11685595306215113, 0.02896568976804878, 0.05605500283513021], "94": [0.12942521481837765, 0.03470925216019278, 0.060447876000868095], "95": [0.3945212685437748, 0.162538641505607, 0.1709455066209854], "96": [0.2478114553618994, 0.08673200270972968, 0.10603244212605967], "97": [0.12943491734073387, 0.03128361049298965, 0.05795836729698545], "98": [1.740587960076743, 1.4532228464447856, 0.2970959000846315], "99": [0.19394406815966636, 0.06153723063176581, 0.09326242118168593], "100": [0.5104085683093829, 0.23346872740949476, 0.25655411507135417], "101": [0.1796280269780952, 0.05389511832737574, 0.08809655909562086], "102": [0.6382104766460112, 0.4202490717029707, 0.1751689470804838], "103": [0.8987739236678021, 0.6598905473203098, 0.2894319673170168], "104": [0.6016487180188419, 0.46827021390069795, 0.236373139281707], "105": [1.6660419384483895, 1.4743435212599445, 0.2690993851393513], "106": [1.20251676719027, 0.8716257556585015, 0.23291800169781463], "107": [0.06833847691938288, 0.017622359350644358, 0.04240602609483046], "108": [0.3713901589594264, 0.19188741694946654, 0.15646959491862888], "109": [0.7559409326115225, 0.5748301959341278, 0.21913236038821482], "110": [1.2133134980756322, 1.0186749431573896, 0.2842750740650073], "111": [0.3374367401772139, 0.193202801323891, 0.15222058462194787], "112": [2.135186605682244, 1.929077941046403, 0.22772587318718296], "113": [0.2889708307352812, 0.12799984463695033, 0.14351801583232215], "114": [0.9428269915556947, 0.7213396280077576, 0.2586090422399666], "115": [0.8105625323531079, 0.6871282432327026, 0.23640072665644996],