{"1": [1.79735274676835, 1.4168751045541284, 0.2155034545271871], "2": [1.4110003424078648, 0.948913657601865, 0.17044351239922872], "3": [0.41793771532076385, 0.22503703823638896, 0.07934691448738818], "4": [0.7452559141638136, 0.5024715876097712, 0.13117736808625657], "5": [0.4195804514184215, 0.16746548275848236, 0.0396267334885696], "6": [0.7243105578371855, 0.439743014593554, 0.08699640313490886], "7": [0.34280346833050124, 0.14966870960820283, 0.05374843934112761], "8": [1.11700478097056, 0.7785409685873727, 0.11913667846126219], "9": [0.2987323710733316, 0.12926785017653464, 0.07244744180305362], "11": [0.3793932611764773, 0.17912410536867568, 0.1324385830236947], "12": [0.6792895504864328, 0.47642802456420746, 0.13579208786885322], "13": [0.18348912845196952, 0.048543005213039336, 0.048656164693720694], "14": [0.2471701923937275, 0.09679500090782567, 0.05992282957928874], "15": [0.16710795290346547, 0.06023139895015246, 0.04749074228512362], "17": [0.5873042420644755, 0.29814949181311046, 0.1140517278777673], "18": [0.3432806674051515, 0.1216938399108066, 0.06204833497850226], "19": [0.25114652111580527, 0.1055576764474985, 0.05591207553279176], "20": [1.1627871539385872, 0.7460043500851878, 0.2852317254438044], "21": [0.5801355726079949, 0.35933971398251674, 0.08780508382459018], "22": [0.17407966459626645, 0.024134348406089055, 0.006823550878028994], "23": [1.320191952026395, 1.0087028002084155, 0.20813534029415326], "24": [0.3498039550811022, 0.18248642321674202, 0.09397757499374604], "25": [0.33834916396940784, 0.12090102694326985, 0.045461473803446784], "26": [0.18757669238516717, 0.05703304585004198, 0.04843656235769822], "27": [0.48491694198890944, 0.17659119245791866, 0.04420701874541699], "28": [0.14732243537870549, 0.03253659765890304, 0.07245986377324876], "29": [0.9571636149814782, 0.7216833645003129, 0.18111722895783278], "30": [0.07580039401692873, 0.008156214566776095, 0.026741733453600425], "32": [0.1906477710075506, 0.05633807758856944, 0.056961596411157944], "33": [0.44318336568897754, 0.1778429213640381, 0.0982942312791989], "34": [0.03583254262688751, 0.0017165526773274715, 0.006056322215970744], "36": [0.2919658551277978, 0.10996758527629684, 0.035247587469475206], "37": [0.3740477879409616, 0.07376257357876521, 0.09092220825876285], "38": [0.4658099703878029, 0.29530430149992404, 0.05684486312565229], "39": [0.2257577326369401, 0.04940992093846242, 0.07008151748035651], "40": [0.3488922395811723, 0.12873790978892666, 0.09347792724032644], "41": [1.9959648875479712, 1.5106175145433016, 0.1311552959939648], "42": [0.20164575657959516, 0.027317975623953418, 0.011064856539199974], "43": [0.8497273357036708, 0.5973932325094926, 0.12876128082408456], "44": [0.8350006329655004, 0.5230735780405126, 0.17923942945010696], "45": [0.8808265256277397, 0.3011955152220139, 0.12636937377229518], "46": [0.5714839753053502, 0.25727178185721755, 0.08618768170911817], "47": [0.519855702758652, 0.19639101542531856, 0.06573717206144847], "48": [0.4071767596110092, 0.1360699631937544, 0.07584830057019243], "49": [0.07177651106276484, 0.010263003397832869, 0.02355603552052521], "50": [0.09153009292605352, 0.020763224180837217, 0.02623282666547533], "51": [1.0716471301878379, 0.8377324543932713, 0.14627957941844194], "52": [0.4049347578986784, 0.21838698016406638, 0.08571392173955417], "53": [0.34134407680086254, 0.13686409699460822, 0.045937209800905765], "54": [0.2972283890919081, 0.08559061353895037, 0.05691778254055102], "55": [0.7773321118290899, 0.2662988019054816, 0.10605244752927989], "56": [0.3061139263377163, 0.18948316396813103, 0.10102419275309404], "57": [0.8752718696839165, 0.6092011148280132, 0.17683760051660813], "58": [0.37213134777386325, 0.18624193334371433, 0.14233979446718703], "59": [0.5678479485155215, 0.26993948692084035, 0.07865293786953342], "60": [0.18738584004593584, 0.053447316437758075, 0.04415749463947438], "61": [1.3223393173177191, 1.0144567292781614, 0.13730549555877491], "62": [1.0155713337275778, 0.648619364116372, 0.27506091842300295], "63": [1.7398774214214094, 1.3345884782987343, 0.11419352656353177], "64": [0.43245147599640466, 0.2597182991821876, 0.08878534413145056], "65": [1.3047810369143729, 0.8800595217028563, 0.18034070728291052], "66": [0.17856227321143037, 0.08925268515472727, 0.10476295463289542], "67": [0.09138692256037007, 0.013770553789429242, 0.005072624426777028], "68": [0.3914479302879462, 0.13719231736926182, 0.03941353909243517], "69": [0.28283813435840544, 0.10733971003496685, 0.02057879370999438], "70": [0.35920066712903764, 0.10132216282349467, 0.10994832441077973], "71": [0.2372627992929155, 0.13876825542034388, 0.07336596768909154], "72": [0.47441666929949866, 0.260686451781389, 0.10276331093323232], "73": [0.08771274500592052, 0.017424913551699294, 0.024894964435863365], "74": [0.4699665138381258, 0.29149394295820796, 0.18123561388386833], "75": [0.499357287860573, 0.2745458807725112, 0.09977944462348665], "76": [0.591755438597826, 0.2872329915537823, 0.10045321206684699], "77": [0.4631136479403367, 0.2744317847555661, 0.11152096392993704], "78": [0.6563004137641825, 0.35538238902339697, 0.10926959833017691], "79": [0.30616192386108165, 0.15165442281802347, 0.11458532492433005], "80": [0.5678458658651684, 0.29026145542292686, 0.08098879298415596], "81": [0.06371293623991336, 0.009829215259438438, 0.0035741057344649274], "82": [0.11109345710012886, 0.017370219444613793, 0.004593523281792078], "83": [0.03988823426192978, 0.0012981471630993603, 0.01660226858902525], "84": [0.3127292557678264, 0.12407801837611022, 0.08615209976023552], "85": [1.678735868517903, 1.1008023240909488, 0.14165476029652135], "86": [0.2861061307541707, 0.07339065348379444, 0.05912458556830125], "87": [0.17709996945087658, 0.06071078707717232, 0.03418422655094455], "88": [0.17555291558718555, 0.049366847959203, 0.04689592046577218], "89": [0.14673628692277507, 0.032232850115910455, 0.04369107763487301], "90": [0.2658620125274349, 0.07489038766768634, 0.03629804308942941], "91": [0.25127369247600284, 0.1136773137345153, 0.05683059124844947], "92": [0.12744206284405135, 0.047987068116396005, 0.029277802631317407], "93": [0.7957237512186682, 0.5311213593200533, 0.21322741779009236], "94": [0.15565654328617673, 0.047826752044576544, 0.04037449661641812], "95": [0.6069824585124981, 0.3057447767383268, 0.09566212381671046], "96": [0.212450594235865, 0.07218669085851467, 0.018264196391216347], "97": [1.1050427057883172, 0.8171110667881671, 0.11483143509724292], "98": [0.18749713887433272, 0.08705801937783735, 0.057372515378611766], "99": [0.2799474524374055, 0.0655904484154616, 0.10311557914193237], "100": [0.011976031968025547, 0.0, 0.008142146509704018], "101": [0.25491637842112913, 0.09581224671092213, 0.059037099583623465], "102": [0.34278746856414655, 0.1577479526349504, 0.05486264917917316], "103": [0.05585627688596384, 0.0036280094923033693, 0.013711232380358651], "104": [0.5460330212196305, 0.22024772038906276, 0.12354072118280268], "105": [0.1476725219741597, 0.04506720240038258, 0.04078714177463949], "106": [0.15492570322692523, 0.024662713476222446, 0.016216618832611718], "107": [0.6960768440169293, 0.5299230600537901, 0.11761760118687692], "108": [0.9409881872674585, 0.6019277775680072, 0.1520290490359021], "109": [0.3397420395908175, 0.10715771792213413, 0.0578637642926878], "110": [0.16245219597255867, 0.060288976731605624, 0.01631052132354649], "111": [0.43674430339815284, 0.26360954823294663, 0.09980896287271845], "112": [0.7137954702725415, 0.38107504143275134, 0.1632672552305653], "113": [0.15511693549614325, 0.0485451338973931, 0.026946923160145242], "114": [0.5746696372269644, 0.20624993877817732, 0.062370959704178386], "115": [0.4226961548759184, 0.2723589284406261, 0.1618054907409292], "116": [1.1461695763553148, 0.836602343530405, 0.20963839407123785], "117": [0.8259773504277634, 0.49416985641236433, 0.3039280139251811], "118": [0.3327811485512936, 0.1981695394232385, 0.08324209902486779],