{"1": [0.3577334200076999, 0.6625632183616741, 0.41268008785141397], "2": [0.26516677173406056, 0.37571730997790503, 0.34363411670910315], "3": [0.32618108216786723, 0.461711517626119, 0.4168879342686911], "4": [7.899754899413048, 149.3070453504045, 10.886471479611155], "5": [2.728036778046389, 8.224587626224949, 2.9443129539857438], "6": [11.67393008439431, 213.99055540199177, 0], "7": [3.8307669388084546, 34.6888678936781, 1.3500962532858602], "8": [0.638336615163825, 1.2256655906239895, 0.8205230074518871], "9": [0.8718809516139705, 1.3763270010970377, 1.1063522805434312], "10": [0.7296666657165778, 1.3445453985513203, 0.8868131395082111], "11": [0.4526763957810519, 0.6535077765653072, 0.6124846018013864], "12": [0.7361138741700849, 1.1042547388688775, 0.9707008758424035], "13": [0.3235252871077894, 0.5337555641908559, 0.4271971520693385], "14": [2.6103464147357442, 10.355249409260407, 2.369607239977187], "15": [1.0577992710033466, 1.9850676951333726, 1.2545676988222425], "16": [8.516660627702985, 166.36432632896444, 1.1033846029626035], "17": [2.3255088530436363, 7.321170068297944, 2.082430358007791], "18": [2.6220250413595876, 7.555846325407811, 2.4462671413891037], "19": [6.350730990538257, 111.46350890177662, 8.127888641823455], "20": [3.824015914174246, 22.44927670851093, 4.354614283322863], "21": [1.2993660724191156, 2.6398021266996583, 1.4394444947557248], "22": [7.0756509209695455, 126.64311577391028, 11.477525936115008], "23": [1.401751244595519, 2.367082723405538, 1.641547634906737], "24": [11.641400931334525, 215.63341760237913, 0.01881554399220209], "25": [0.7680954013802106, 1.2794997610728718, 0.9409433046524593], "26": [1.4186555006130168, 2.325232632536914, 1.6762871403220951], "27": [1.0280007048402724, 2.3367033235968093, 0.7929424775057989], "28": [2.762493569643342, 10.253694022487105, 2.753741671653319], "29": [1.420778687979677, 3.4139412309529393, 1.323826927669085], "30": [3.844339853153514, 30.01714893767913, 3.3679824587835103], "31": [1.4676635895235988, 2.4834788113381165, 1.8199731098808083], "32": [0.4422189477510283, 0.8603873592091245, 0.511623911518411], "33": [0.2890035873221559, 0.3960314302449448, 0.3899650012977548], "34": [5.980637831047129, 95.24084282653618, 3.324519268080619], "35": [5.8768087863192005, 93.21429434151469, 3.1041737179694815], "36": [2.4001427422159685, 6.89665667748249, 2.310264921253795], "37": [0.7843246923812387, 1.2685439816898754, 0.9337204692448974], "38": [1.8396452498884535, 5.552416355083612, 1.5799176275404698], "39": [1.7826442520030916, 3.6896918229575872, 1.9150414621806193], "40": [1.6139661757011106, 3.833900735512751, 1.4686951633969674], "41": [7.740277762638896, 142.87729718770444, 0.00034998035016731155], "42": [1.2801344339862366, 2.5206964518933295, 1.386894217872979], "43": [2.748814037727866, 13.193457528490065, 1.5818262976263497], "44": [5.177552928035576, 96.99679654995653, 5.169393938661272], "45": [1.4905776624750353, 3.5791702600495903, 1.3898865623477819], "46": [2.5588020163636873, 9.727459615332627, 2.2334161224630456], "47": [1.3761899736337129, 2.728047158082663, 1.5351925385274208], "48": [1.326894739574601, 2.711788408818534, 1.5137055283493228], "49": [0.11990167022376363, 0.16435116359284999, 0.157281647984176], "50": [1.5299445925570936, 3.1715949454424686, 1.7703068561726933], "51": [0.7073934048458056, 1.119829471350346, 0.9566433159618347], "52": [1.6206492487541535, 2.88517596190986, 1.9569459723073042], "53": [0.8609581846576044, 1.4637081723528285, 1.05436990601672], "54": [1.9129158929990449, 7.977963561833578, 1.4898489612003312], "55": [1.7119426657399446, 4.196977583176763, 1.5856693658247245], "56": [2.928945857851115, 16.706723877862526, 2.543046167584391], "57": [2.6691928027793406, 8.939784183026337, 2.197664765409023], "58": [1.0583885037452885, 1.751889937200289, 1.291054223442908], "59": [1.2802425442243632, 2.4937920012132606, 1.290267761933465], "60": [1.7697274762544688, 5.269876348026239, 1.7245551353366566], "61": [0.7416060166674446, 1.229476216982055, 0.9357704281762377], "62": [2.0463210491273216, 5.196007138845028, 1.9603463142117619], "63": [1.4347768188040249, 4.235640694626786, 1.2150650367950622], "64": [0.7004708175589562, 1.0363289671761282, 0.8974673294034602], "65": [3.554502990342097, 24.643506789200877, 2.934924614704269], "66": [1.471199283312401, 2.955078465693215, 1.5970541404041705], "67": [0.46044129526448285, 0.6722061479935414, 0.5771393114737785], "68": [1.824877212211507, 4.419357373676521, 1.749651917379258], "69": [0.9467539541622002, 1.521254113463703, 1.165324274940053], "70": [1.1713345325456366, 2.657167604758511, 0.9248287628131573], "71": [3.0633451542522647, 13.563917014354185, 2.830574184674245], "72": [1.3230598053058693, 3.2000003001502955, 1.3058893219340488], "73": [5.304073384899379, 85.91930926382528, 2.9585413133635194], "74": [7.483956245458192, 148.39896184927332, 0], "75": [0.4585169531339818, 0.6560394598940884, 0.6137832480912869], "76": [9.618688343602969, 193.47750355888812, 0], "77": [0.902074784713665, 1.483752119071001, 1.1594669511296618], "78": [1.1309782111888538, 4.145756409719929, 1.115307212586992], "79": [4.672675537270335, 56.23360785706128, 0.5827893416945079], "80": [1.322140131019113, 2.155019804769368, 1.5739659310821499], "81": [3.4782351614822047, 27.526176269397343, 0.005379178436750065], "82": [2.69233715470913, 10.984177974368256, 2.9763883489520486], "83": [0.6474602000805321, 1.2343519567594916, 0.8036503900783016], "84": [0.832939360505308, 2.056392811336236, 0.8916387384910499], "85": [0.8236424260619525, 1.5620120367750634, 0.9779225827134227], "86": [0.2788383867695765, 0.5179477705863168, 0.3754903181285367], "87": [0.7278900472281186, 1.4071792295813719, 0.809218455713565], "88": [0.8418024337277815, 2.066751721716206, 0.9482807328841225], "89": [0.2968418080000119, 0.4328427224713594, 0.37057963288736673], "90": [0.45594674322253526, 0.9117475621150717, 0.6046150562892992], "91": [6.474633045314485, 130.24670109370294, 0.0009883778477627336], "92": [1.2868793022838838, 3.038969504384496, 1.3144432501733285], "93": [0.07975280338574242, 0.1084767095247941, 0.0891589586360031], "94": [4.966631578221775, 70.03985282189062, 3.5709804277311785], "95": [7.74213701094409, 151.89975802737064, 1.6174663313538211], "96": [4.263959385064773, 49.93881843630845, 1.3873628384270973], "97": [0.3655884590673043, 0.5915118158842517, 0.4275852510206396], "98": [1.5526206511255132, 6.547368686996616, 1.330905775691439], "99": [0.04498530384315036, 0.05908246691986785, 0.058712083268066206], "100": [2.3286978789393857, 8.937935140253758, 2.305341974732264], "101": [1.01125457064939, 2.5847160661819957, 1.2544967356098138], "102": [5.961629134144681, 118.3114221511178, 2.860944330852668], "103": [3.780000172146525, 33.9011185676491, 2.4028101151826435], "104": [0.7268659589531987, 1.9077999996729, 0.9577170412995846], "105": [9.77944659978869, 198.33178066438776, 0.20542912994749984], "106": [1.9381516918461799, 7.533013840540928, 2.110235532086435], "107": [0.734123200723569, 1.8825546249087695, 0.8694696501886248], "108": [0.9649789152445915, 2.6302876918883475, 1.2997647543146396], "109": [5.36434020265003, 91.58561029706726, 2.0410895372768163], "110": [5.042701508286937, 93.4631375092603, 2.011764422409807], "111": [7.4608383313834326, 153.9334214239899, 0.3670890726537255], "112": [1.3417373861560362, 4.238952375139934, 1.7439774298977837], "113": [6.9867059233437505, 136.89424358501998, 12.168355846626284], "114": [0.6234193329530211, 1.3121073286248282, 1.1455077376911569], "115": [1.2285829395994043, 3.8302566770488915, 1.5634264446546493], "116": [0.14263593088672122, 0.30820525176319225, 0.27833148736279256], "117": [4.746567471635044, 79.52399463111621, 6.739264537053572], "118": [3.629008443168643, 36.63638157596105, 4.40115048344151], "119": [8.365086243423073, 186.76960150488557, 0.4748778067804176],