{"1": [2.659558625597421, 3.003710488850733, 0.47697309855392], "2": [2.095373531151486, 2.0734255827453554, 0.3772166434141956], "3": [0.6253707143030615, 0.5005802388421935, 0.17752661096007172], "4": [1.1071331972945868, 1.0867191657444253, 0.29235906143331725], "5": [0.6203844827643049, 0.35826976887497064, 0.08809013671584864], "6": [1.077950847526713, 0.9568667584499962, 0.1942117162919592], "7": [0.5133116904765788, 0.33422075672065765, 0.12050187842563786], "8": [1.664495418007868, 1.7068649329614258, 0.2649288958216651], "9": [0.4471527306428287, 0.28818839308720107, 0.16227944866481336], "11": [0.5656894784614531, 0.3935204967206833, 0.2953352493429623], "12": [1.0125183748464055, 1.0429366235495192, 0.30265616021396413], "13": [0.27485180479812255, 0.10865158846853074, 0.10916630854037357], "14": [0.37013539101780846, 0.21620177959853185, 0.13433941305981656], "15": [0.2499973157001406, 0.13398951533366438, 0.10640981835502894], "17": [0.8745587876907528, 0.6509933629221554, 0.25421453202000566], "18": [0.5114442855041057, 0.2681586141263942, 0.13865736537087758], "19": [0.3760824971920048, 0.23567855695683812, 0.1253207975539431], "20": [1.706868920691175, 1.5781637864580005, 0.6299398328243874], "21": [0.8673313418840888, 0.7961414526486166, 0.19633577574720573], "22": [0.25969669935690887, 0.0532821789702625, 0.015252473433533975], "23": [1.9518548712367934, 2.193111841786334, 0.45998734472860625], "24": [0.5230722551581773, 0.4048117035533088, 0.21026621440061022], "25": [0.5033709755588281, 0.2629528217296669, 0.1013337184070141], "26": [0.2810483352028621, 0.12764985671824453, 0.10866914884425238], "27": [0.7192969199449594, 0.38113508786436745, 0.09857816516823403], "28": [0.22047820715188704, 0.07252257448164269, 0.1622924884658009], "29": [1.4136115733286334, 1.5215590064865654, 0.398937470221741], "30": [0.11355132871304985, 0.018253316206335878, 0.06000279027397948], "32": [0.28496616510063244, 0.12503328699430227, 0.12748133809720807], "33": [0.6583462369315012, 0.38736692197576256, 0.21890675949500882], "34": [0.05362382905590768, 0.0038311801685826166, 0.013580613053259749], "36": [0.434974030566577, 0.2413412783645962, 0.07860626810116], "37": [0.5567044613910982, 0.16156545683910917, 0.20243293392747086], "38": [0.6970835735942812, 0.6567083298506471, 0.12732363344674946], "39": [0.3369790349438082, 0.10951211509247578, 0.15680566626217451], "40": [0.521038942434278, 0.2853910560503849, 0.20880923270196983], "41": [2.942711933334852, 3.5680670488288997, 0.3037399502566298], "42": [0.30072715526439875, 0.060249148195129415, 0.02475873844665022], "43": [1.2641496864516488, 1.2991645917453882, 0.2873349377412939], "44": [1.231763483391489, 1.1068368374732913, 0.39688947416988984], "45": [1.3015791001304304, 0.6448319724640772, 0.2804087940471559], "46": [0.8509845425277367, 0.5662570720997265, 0.19261671023444216], "47": [0.768145245395462, 0.4182970825872774, 0.14627025400933835], "48": [0.6072192563167719, 0.30069553689254136, 0.16915394504673154], "49": [0.1074977232588652, 0.022949922808838834, 0.05285344735184094], "50": [0.1369450495138621, 0.0462692726772419, 0.058787355610017245], "51": [1.5870968529182332, 1.783441113661511, 0.32352062682407257], "52": [0.605128550192414, 0.4842600754373551, 0.19182614840612466], "53": [0.5071561577106076, 0.29812925444352073, 0.10231692866826925], "54": [0.44378660734346276, 0.1886683320722977, 0.1273918667727072], "55": [1.1468944132732364, 0.566261860238185, 0.23673745052475126], "56": [0.4577674225989459, 0.4202869294347424, 0.22616788420805378], "57": [1.297843434942634, 1.3035616236766758, 0.3930532133498522], "58": [0.5553348328635174, 0.41001970255850206, 0.3176654825919236], "59": [0.8486934371172185, 0.5993228769515592, 0.17584250409739632], "60": [0.28062020126770404, 0.11957486234504398, 0.09905681004618294], "61": [1.9621321426049787, 2.3604586038088216, 0.30489638570570476], "62": [1.4945226983892574, 1.358643590540599, 0.6045400366800583], "63": [2.5726830946305057, 3.14525236666555, 0.2533398024287994], "64": [0.6460464258490579, 0.5744444068861201, 0.19855471502090305], "65": [1.9207744009681318, 1.9136903161581373, 0.3975202021025971], "66": [0.2667765669528077, 0.1975263045641263, 0.23414231874106628], "67": [0.13662384554349927, 0.030623687005835534, 0.011359146026653777], "68": [0.5809250795502636, 0.2971511470714215, 0.08778306478564701], "69": [0.4204806722969141, 0.23455966478935078, 0.04595422854909892], "70": [0.5352643189446394, 0.22267089195859413, 0.24491086198611323], "71": [0.35387543992801984, 0.30513102191603736, 0.16387647712567355], "72": [0.707526398734291, 0.5745718231505934, 0.22937969852191065], "73": [0.13135451160068912, 0.038950770943481317, 0.055853514819033556], "74": [0.7005028054553307, 0.6382601935651481, 0.4035761309059478], "75": [0.7456041658892657, 0.6071689684367515, 0.22303865609753804], "76": [0.8815858174297272, 0.6320846142045468, 0.2242766128918171], "77": [0.6910608407051861, 0.6038055240042736, 0.24880847794932404], "78": [0.9787781212216888, 0.7804583600695298, 0.24362892779488088], "79": [0.45787541010966193, 0.33632458390254205, 0.2562775898877606], "80": [0.8486864571510251, 0.6439933218191732, 0.18108950222567954], "81": [0.09535515572780584, 0.021934715822794177, 0.008012123746238387], "82": [0.1659663748149206, 0.03855699688340479, 0.010282710867592915], "83": [0.059748789952527304, 0.002905201562869149, 0.03725456515131531], "84": [0.4666777527069419, 0.2749729485701988, 0.19258816878154095], "85": [2.491038702447627, 2.3689789623135704, 0.3130348713823461], "86": [0.42775011537830465, 0.1628334785572497, 0.1324312950082297], "87": [0.26351481237496177, 0.13245479386593664, 0.07606377225042049], "88": [0.262995087168173, 0.11049024801925778, 0.1052034249575311], "89": [0.21916589503010364, 0.07136921250586241, 0.09770880235784996], "90": [0.3972051613711437, 0.16574522740453743, 0.08135712444720611], "91": [0.376367706176608, 0.2539893003137333, 0.12741668780963666], "92": [0.19074695119186325, 0.107115238504857, 0.0656780056634031], "93": [1.1845681479428065, 1.155967990707675, 0.4740503765661084], "94": [0.23322783238840428, 0.10707771445243024, 0.09059810966865334], "95": [0.9067620948352287, 0.6775067748959187, 0.2135847677556202], "96": [0.3160697486597932, 0.15820659818581723, 0.04071363610393264], "97": [1.6354180217296255, 1.7376155652449923, 0.2547543417020388], "98": [0.2808698395639322, 0.19461808680928405, 0.12865057966789217], "99": [0.4169387057987245, 0.14381987325486748, 0.22907285620043227], "100": [0.01794610783819417, 0.0, 0.018279830380665385], "101": [0.38156674989087447, 0.21392121083177545, 0.1323528728307548], "102": [0.5132756916568338, 0.3521178069780117, 0.12297958434762724], "103": [0.0836769337367862, 0.00812165608381277, 0.03077453980085121], "104": [0.8117432351768584, 0.4789896824520086, 0.2748791265639393], "105": [0.22126376049627483, 0.1009008912416445, 0.09152444758350187], "106": [0.23158920681537432, 0.054861377222354624, 0.03632908031600146], "107": [1.035389805603268, 1.145221877552878, 0.2617332081380278], "108": [1.3948049844818802, 1.2884831881867573, 0.3379842990007643], "109": [0.506470641185445, 0.2366398637880833, 0.1294364178452121], "110": [0.2425310252750289, 0.13325619404383945, 0.0364661792601878], "111": [0.6527017464598158, 0.583183929045618, 0.22302838210390874], "112": [1.0631937468434776, 0.835525982330988, 0.3637227916903063], "113": [0.23201861621139797, 0.10832355080219383, 0.060457308992085346], "114": [0.8495094601026885, 0.4395130594042094, 0.13900367164397365], "115": [0.6301373089824414, 0.5970258953699398, 0.360637544083934], "116": [1.6842282544571572, 1.767433373521972, 0.4640955171762048], "117": [1.2258705344138405, 1.0639669944716268, 0.6715418329324389], "118": [0.4967899963599721, 0.4379464101709324, 0.1861603094276555], "119": [0.2711651044429003, 0.05283634003406705, 0.01673473865636166],