{"1": [17.067202241790856, 50.1114912944192, 32.793907044804435], "2": [14.30184250661024, 59.74818520776613, 18.11885949215847], "3": [4.944273909070546, 47.588990809358705, 9.688416913610695], "4": [7.612420418840702, 31.279306527028947, 19.610849753234028], "5": [3.8912784136324063, 10.32673110269102, 4.75809745896568], "6": [7.70625894669564, 44.04006941269803, 20.242338045472913], "7": [4.119077659688356, 37.20452764296491, 7.035750618691875], "8": [12.133810573689583, 62.81379300785544, 13.866314778339296], "9": [3.559506006344319, 28.215889749067344, 10.887296250416949], "11": [4.159229222695222, 16.396532201597164, 20.635148714545128], "12": [7.406183783092833, 41.91523469910736, 23.247816552117964], "13": [2.2221553558370495, 11.95084030289533, 6.723496235297489], "14": [2.9741737437726004, 20.396703839893355, 8.113365435205221], "15": [1.9673950111643714, 6.537788728270258, 6.26927075777161], "17": [6.268464320411163, 21.139248840020887, 14.37348732143559], "18": [3.702693771869191, 14.102567297701125, 7.9081332755112514], "19": [3.021024109369419, 19.989913557275152, 7.507370031486525], "20": [9.752239353582764, 25.930544240493195, 33.5749207118784], "21": [6.73581388701236, 57.200171445482866, 11.408588005633211], "22": [1.925973737015064, 3.0698536603091116, 0.9001129556821762], "23": [12.457680436860468, 43.324880462799264, 36.376595565304875], "24": [4.07716108384553, 31.430079026479756, 11.798253749097675], "25": [3.538224591594225, 8.851323488537547, 5.941851457747283], "26": [2.2850813413628464, 11.191793245160735, 6.6164450761770865], "27": [4.784493178814287, 9.038830520889466, 5.558297934330068], "28": [1.748348012499603, 3.5683072797764086, 9.257251126133966], "29": [8.779923589414448, 41.17889241108147, 30.286560526102065], "30": [0.9195052273828389, 1.0826883543651205, 3.810125559481002], "32": [2.2018869158316727, 6.309698476930699, 7.629883916433058], "33": [4.520169067113256, 11.60316915721154, 12.531600578651217], "34": [0.4247797694670633, 0.21786544095166568, 0.8587551967103175], "36": [3.1431421206502472, 7.38457376936425, 4.3162282525108235], "37": [3.955980657028978, 8.332854412431494, 13.840860787160768], "38": [5.524752637735562, 51.52438492147196, 7.269871004144676], "39": [2.5348479426523562, 5.840130565841458, 10.525611490324799], "40": [3.960606382960983, 30.28293104022781, 15.362798729487501], "41": [17.913595025943486, 57.04342511995872, 21.855249022512513], "42": [2.2178428869038376, 3.612221088070516, 1.4871487243778905], "43": [8.929729991734296, 39.62242342412335, 25.546434828285705], "44": [7.510131250022564, 22.76278083442035, 21.296253240993643], "45": [8.046715796605625, 12.779587170013038, 15.730833310637633], "46": [6.1224032888741045, 35.595499265910384, 10.393896170595792], "47": [4.779554592009976, 10.302458092001464, 7.63361849834929], "48": [4.497148505282809, 25.195713044297325, 9.183438789578384], "49": [0.8659775138144897, 1.3284427898820006, 3.3648426555494444], "50": [1.080157027820169, 2.3334264236458107, 3.610165781449188], "51": [10.425256654293118, 52.22962483873769, 23.379872357031335], "52": [4.6587319032686425, 35.92025191945468, 11.073921471382905], "53": [3.4898338076406237, 8.417309550930998, 5.665524155999453], "54": [3.3509775468274325, 8.495400020301197, 7.4489299074646125], "55": [6.9993077142752025, 13.538814039637117, 13.098834573278802], "56": [3.5721364512996887, 17.07125072833941, 15.694662753461643], "57": [8.60245247958999, 30.15621877127992, 29.763965982918617], "58": [4.153269956700164, 17.164193219970834, 23.400832803261473], "59": [6.553812743159978, 51.24628943498735, 9.823919158607525], "60": [2.2572288804418883, 13.18430388073536, 6.027193627020493], "61": [13.34075108640623, 63.3178790179148, 16.25437678815895], "62": [8.685630008864566, 18.553271534529138, 49.4930160797833], "63": [16.54853901504487, 64.22520552594587, 15.760175410204207], "64": [4.94108628447665, 37.59881644692519, 11.972602177476643], "65": [11.344797802955965, 43.35864172119178, 30.473656082666732], "66": [2.04249126341352, 8.704548000484625, 13.147509245207743], "67": [1.0592249624894527, 1.5126316456752413, 0.6981271580793739], "68": [3.893573420874721, 7.665654183784467, 4.567161150086255], "69": [2.9243904919606347, 7.030046555044681, 2.533840446354664], "70": [3.8905541550647493, 9.844545782258061, 21.946353499952753], "71": [2.6214781568630707, 10.111463627227614, 10.569254994306002], "72": [5.250753368611378, 39.323762713506646, 17.796726005157517], "73": [1.0564186819232495, 2.1315965971844553, 3.491837649584383], "74": [5.119635426638497, 25.320865139386196, 29.872870923252414], "75": [5.64762011149356, 40.9925607224886, 18.52491768447752], "76": [6.400762943199002, 38.19850820143371, 11.83331334816138], "77": [5.166844008969706, 36.43742451927789, 16.134792543628816], "78": [7.241849108788996, 42.3993621296357, 18.21269733385272], "79": [3.579581119658661, 17.416311146814248, 19.447261812782124], "80": [6.550346503419421, 53.539223293612544, 10.079367449214464], "81": [0.7567755260046178, 1.1947715838796054, 0.506788454722803], "82": [1.2676104530917198, 1.911427384670457, 0.6305999159433623], "83": [0.48294861692379665, 0.177664845468627, 2.3932214103598395], "84": [3.4927270153989465, 14.126947614468152, 11.830264938061601], "85": [16.78951812321476, 63.95585006682017, 14.020623950293093], "86": [3.3213169398610036, 7.952786067265215, 7.880388593033862], "87": [1.8543546765291274, 3.879318566352965, 5.135712781110943], "88": [2.131749911942072, 11.120640341768567, 6.4333628135857595], "89": [1.6665043781452336, 3.4850528129553875, 5.628647192471513], "90": [3.039463911022592, 8.13235571634129, 5.000802124998542], "91": [3.039478298332928, 19.788367859064504, 8.542525005178543], "92": [1.516387980175831, 5.580892838173714, 4.119868325038395], "93": [8.448691781473256, 34.15830462675319, 41.84946739356292], "94": [1.8972953064030902, 10.62026933155376, 5.577571267526137], "95": [6.940907840563044, 53.899785126977456, 11.281078454690723], "96": [2.2242634013085487, 4.997311729102732, 2.106338763120241], "97": [10.66082607905679, 57.74070124456602, 14.663706712582929], "98": [2.273420504551545, 15.84616712102823, 7.617969452934948], "99": [2.997866936212448, 6.721836456427909, 12.083724237983756], "100": [0.14631172649785795, 0.0, 1.188790104124977], "101": [3.0382011114754857, 19.464433692136996, 8.285523456207711], "102": [4.116583086473147, 39.49978106438826, 7.129378538977948], "103": [0.6780309189209406, 0.49311035643686574, 1.9929049024969308], "104": [5.6293571462336125, 13.684220363514578, 15.30706783469632], "105": [1.7997541554045182, 10.303573847498624, 5.652715477444467], "106": [1.7918572410504752, 2.7015057189618332, 2.2287762810263185], "107": [7.287217207944405, 42.4644901135397, 21.166455826841172], "108": [9.217771443191198, 32.82868606870982, 21.001499260342566], "109": [3.7084053613865193, 13.335354715147815, 7.484749006975448], "110": [1.8283652957117797, 4.87278895454005, 2.0092369917437383], "111": [5.031503255800053, 38.685591191389456, 15.910003725923008], "112": [7.671203832190839, 26.455854556862146, 27.725391750298805], "113": [1.8203672141597802, 5.796342189734628, 3.795078818132878], "114": [5.338073834949247, 11.06174708183832, 7.6966418347048], "115": [4.622050499019124, 20.4843021799925, 32.30294170737773], "116": [9.784480963038172, 32.78554514676979, 31.846969979649252], "117": [8.290809070858897, 26.403817797517632, 46.71948319060394], "118": [3.7447201326615165, 20.244557709829678, 17.646714085659728], "119": [1.9929779209785827, 3.239724057493273, 0.9719396903979703], "120": [5.50031078110078, 41.496930037052344, 16.576098950438965], "121": [2.1496385147160604, 3.579114567767589, 1.054419954077713], "122": [3.7927552427642626, 9.121963571550374, 22.04311475213384], "123": [0.9915724864949851, 0.9450021291324131, 4.492176922730017], "125": [10.115990035710306, 34.25275493159423, 28.730708518963787],