{"1": [3.909957881765624, 6.444896260125316, 1.1635258398437789], "2": [3.0966471467883516, 4.775297396447293, 0.8255236854896093], "3": [0.9346205336242464, 1.104750678095261, 0.3955695508562108], "4": [1.6370666465215473, 2.2973408219460514, 0.6476805293322835], "5": [0.9109477604430354, 0.743453782948891, 0.19459526921671344], "6": [1.5982204980294932, 2.0357507564211934, 0.43156240771695975], "7": [0.7679643789422059, 0.7424843417973805, 0.2694611797367824], "8": [2.472393749683995, 3.8504110104421625, 0.5841990042982593], "9": [0.6686101062660328, 0.6384764183304517, 0.3623648769837614], "11": [0.8409835916222289, 0.8509887917192737, 0.6549203033372754], "12": [1.5045557144620294, 2.2657604393155144, 0.6703248035400976], "13": [0.4114208223664656, 0.24241419119300212, 0.24446743106717095], "14": [0.5538129027137547, 0.4805297468318258, 0.3004131280038531], "15": [0.37350881268792213, 0.29586687558246105, 0.23778356185461758], "17": [1.297671002250886, 1.393022725766722, 0.5630707637385839], "18": [0.7594588711379904, 0.5830532949684119, 0.30863300559880746], "19": [0.56269511961195, 0.5234538660407986, 0.2801397890016004], "20": [2.480806561590181, 3.3361046149006253, 1.378714384264875], "21": [1.2945836935429507, 1.7445800602923154, 0.4371444962125963], "22": [0.386376012100757, 0.11640184473894719, 0.0339762769077353], "23": [2.8662894263562464, 4.755962640356148, 1.0061387657112228], "24": [0.7809573914730039, 0.8892190711773903, 0.4685153559657126], "25": [0.7458687743295042, 0.5596085558200505, 0.22467451068562838], "26": [0.42086137323686823, 0.28473923326054673, 0.2433166896497565], "27": [1.0611914459532956, 0.801838268671866, 0.21874972245396618], "28": [0.32958513731377237, 0.16069653250857227, 0.3623637056957698], "29": [2.0723805003096416, 3.230824814029205, 0.868140833882733], "30": [0.1699919788776103, 0.040728105117903236, 0.13441673648123964], "32": [0.4252029946566064, 0.2750815864447769, 0.28429207860807193], "33": [0.9733863179982447, 0.827154711433316, 0.4844992817845325], "34": [0.08015566140076091, 0.008514863365788885, 0.03039674864654429], "36": [0.6458611923512789, 0.521273323427782, 0.17445849399387103], "37": [0.8254071983523998, 0.34846787863133244, 0.44794989331701507], "38": [1.0419754258942207, 1.447984991626053, 0.2842930597822645], "39": [0.5017834242920094, 0.24060890989792036, 0.34966520610340346], "40": [0.7764425918830502, 0.6269695453889804, 0.46420559090038693], "41": [4.303674807226537, 7.710279255756039, 0.7198925777405965], "42": [0.4472170267385227, 0.1314243262257148, 0.05523593235547364], "43": [1.8732084694986306, 2.7581941743819223, 0.6378868128291246], "44": [1.8027722450370998, 2.3358140492814767, 0.8750329101526425], "45": [1.9094229604114803, 1.3395375031428929, 0.6172124861201226], "46": [1.2626987271482686, 1.2294078677969356, 0.42850409508061293], "47": [1.1268702770576953, 0.8622215075478478, 0.3235141208490597], "48": [0.9029812074059266, 0.6574982627989983, 0.3751004203729228], "49": [0.160871808025427, 0.051143334973931545, 0.11839961442482172], "50": [0.2046342209866412, 0.10251940031228084, 0.13143976286748438], "51": [2.336380329757623, 3.7936969259382374, 0.7277510210604411], "52": [0.9026240619282705, 1.0632541261832134, 0.42768308403664146], "53": [0.7500383394728162, 0.6365582674924386, 0.226657679277822], "54": [0.661096014251566, 0.41033907328564195, 0.28422768690247413], "55": [1.6789478598569192, 1.1914670580530216, 0.5258559763575275], "56": [0.6835139045429149, 0.9224586223053964, 0.504647761577392], "57": [1.9137379017564085, 2.715683310354614, 0.8668829077793612], "58": [0.8266347222408605, 0.8895615313061888, 0.7051978855906326], "59": [1.266179145991241, 1.318613738802374, 0.3912083132199117], "60": [0.41990238443390804, 0.2665814596599677, 0.22175669025564004], "61": [2.896635705369705, 5.10453275003276, 0.6711811686349476], "62": [2.1795234521461695, 2.931624612676094, 1.3259513929206184], "63": [3.778887038315842, 6.775532446454965, 0.5568953645826376], "64": [0.9632069008626064, 1.2554752011610448, 0.4421151660278243], "65": [2.802799060289237, 4.1795598762608615, 0.8744422216243474], "66": [0.3977856346405647, 0.43234127018768964, 0.5210726635447037], "67": [0.20391463743185312, 0.06765798832981357, 0.025372405627751227], "68": [0.8576357693455952, 0.6287879120034695, 0.19430115378156554], "69": [0.6223961391481588, 0.5034761816574941, 0.10215358202402447], "70": [0.7950541532535312, 0.4822609086710225, 0.5419293883206401], "71": [0.5263335666004634, 0.6603346515021686, 0.3645034670505243], "72": [1.052229320422077, 1.2496653741285197, 0.5093981349340116], "73": [0.19655046254074005, 0.08671784785782766, 0.12508889372317367], "74": [1.0408918138640748, 1.371890514303085, 0.8925465384836011], "75": [1.1107771477625148, 1.3270622721703058, 0.4964360332152552], "76": [1.3090197246254232, 1.3715334383479998, 0.498038162440555], "77": [1.028570970145295, 1.3086757305435879, 0.5519284106591961], "78": [1.4555907898441385, 1.6864264610952775, 0.5399967618482086], "79": [0.6837568416834114, 0.738466462215218, 0.5708510403381302], "80": [1.266155834269794, 1.4150472967178669, 0.40310298322242], "81": [0.14255262997235607, 0.04872406896629277, 0.017926028703178498], "82": [0.24744479885750226, 0.08494020885307617, 0.02295706820355292], "83": [0.08943566264609659, 0.00648384168227205, 0.08347225632452382], "84": [0.6946482298821386, 0.6035053403970391, 0.4287529568484355], "85": [3.677247203178492, 5.480422545379267, 0.6833068678201696], "86": [0.6384757568946309, 0.3580194066923186, 0.2958243774991929], "87": [0.3905413118341824, 0.2833789506517972, 0.16810333377356435], "88": [0.3937424043498333, 0.24648508575878517, 0.23553767099816836], "89": [0.32665427649482426, 0.1565207352546807, 0.21774695146947787], "90": [0.5922640108750559, 0.3628680847335582, 0.18194476995955655], "91": [0.5633337283966908, 0.5647816089440993, 0.28496427776524946], "92": [0.285188405240858, 0.23784693443433394, 0.1470705968346515], "93": [1.7569089546526264, 2.457404238182276, 1.0458265603520611], "94": [0.34926467823247087, 0.23899321241919638, 0.20292228689035474], "95": [1.3518867986982945, 1.4860301787229977, 0.4742906582394465], "96": [0.46834286783456924, 0.3411856003210773, 0.09024386172369969], "97": [2.405183129844002, 3.7954152131583316, 0.5603162550076259], "98": [0.42046143763803, 0.4331348279062876, 0.28778671546091583], "99": [0.618801649298271, 0.3106148386443217, 0.5051658265609091], "100": [0.026878863681349063, 0.0, 0.04098934934628273], "101": [0.5705416433357776, 0.4752402455077422, 0.29599972393578144], "102": [0.7678833848977579, 0.781683993826835, 0.2749246319926363], "103": [0.125274147554562, 0.018131765187507125, 0.06897924472942507], "104": [1.2014836226515175, 1.0192812988895141, 0.6070764026745241], "105": [0.33134543577823816, 0.22521654140835184, 0.20500395735468213], "106": [0.34559711348546296, 0.12124851728557035, 0.0811900103337595], "107": [1.5338466782111349, 2.406992018914805, 0.578577889798001], "108": [2.0557275136623137, 2.7106225686064898, 0.7456537766973542], "109": [0.7527291958746523, 0.5163939133307017, 0.2885555016469521], "110": [0.36124027598975805, 0.2912221993675749, 0.08120172984168084], "111": [0.9736694998631119, 1.2751042058616742, 0.4961019059210061], "112": [1.578197350253458, 1.7995925262689687, 0.8048843015988287], "113": [0.34656037280201835, 0.24043011199725237, 0.1354044355557984], "114": [1.2470484135410307, 0.9074406981930477, 0.30817696174830655], "115": [0.9365451015335335, 1.2852022890901011, 0.7989524183554505], "116": [2.4515706035524114, 3.7572474430334726, 1.0171977296653947], "117": [1.8100986452281087, 2.2328594147651524, 1.4702665236547645], "118": [0.7398858298642396, 0.9557921823865176, 0.41471675364537575], "119": [0.4031892277969237, 0.11519149640319394, 0.03723782883195659], "120": [1.1120548902315535, 1.784341525583306, 0.47388132234555813], "121": [0.43754774391105244, 0.1256825085442484, 0.04078705481448541],