{"1": [17.06720224179086, 50.1114912944192, 32.793907044804435], "2": [14.30184250661024, 59.74818520776613, 18.118859492158474], "3": [4.944273909070548, 47.58899080935874, 9.6884169136107], "4": [7.612420418840702, 31.279306527028947, 19.610849753234035], "5": [3.8912784136324072, 10.32673110269102, 4.758097458965682], "6": [7.70625894669564, 44.04006941269804, 20.242338045472913], "7": [4.11907765968836, 37.20452764296493, 7.035750618691875], "8": [12.133810573689583, 62.81379300785544, 13.866314778339296], "9": [3.5595060063443213, 28.215889749067372, 10.887296250416956], "11": [4.159229222695224, 16.39653220159716, 20.635148714545135], "12": [7.406183783092834, 41.91523469910735, 23.247816552117964], "13": [2.2221553558370504, 11.950840302895335, 6.723496235297489], "14": [2.974173743772602, 20.39670383989338, 8.113365435205221], "15": [1.967395011164373, 6.53778872827026, 6.26927075777161], "17": [6.268464320411163, 21.13924884002089, 14.373487321435594], "18": [3.7026937718691917, 14.102567297701125, 7.908133275511253], "19": [3.021024109369419, 19.98991355727516, 7.507370031486527], "20": [9.752239353582764, 25.930544240493195, 33.574920711878406], "21": [6.7358138870123625, 57.200171445482866, 11.408588005633215], "22": [1.9259737370150642, 3.069853660309112, 0.9001129556821762], "23": [12.457680436860468, 43.324880462799264, 36.37659556530488], "24": [4.077161083845532, 31.430079026479767, 11.79825374909768], "25": [3.5382245915942265, 8.851323488537547, 5.941851457747283], "26": [2.2850813413628464, 11.191793245160735, 6.6164450761770865], "27": [4.784493178814287, 9.038830520889466, 5.558297934330068], "28": [1.7483480124996036, 3.568307279776412, 9.257251126133966], "29": [8.77992358941445, 41.17889241108147, 30.286560526102065], "30": [0.9195052273828392, 1.082688354365121, 3.810125559481002], "32": [2.2018869158316736, 6.309698476930699, 7.629883916433058], "33": [4.520169067113256, 11.603169157211541, 12.531600578651217], "34": [0.42477976946706364, 0.21786544095166568, 0.8587551967103176], "36": [3.1431421206502472, 7.38457376936425, 4.3162282525108235], "37": [3.95598065702898, 8.332854412431496, 13.840860787160779], "38": [5.524752637735563, 51.524384921471984, 7.269871004144676], "39": [2.534847942652357, 5.84013056584146, 10.525611490324799], "40": [3.960606382960983, 30.28293104022782, 15.362798729487512], "41": [17.913595025943486, 57.043425119958705, 21.855249022512517], "42": [2.2178428869038376, 3.612221088070517, 1.4871487243778905], "43": [8.929729991734296, 39.62242342412335, 25.546434828285722], "44": [7.510131250022565, 22.762780834420347, 21.296253240993643], "45": [8.046715796605625, 12.779587170013038, 15.73083331063764], "46": [6.122403288874105, 35.59549926591039, 10.393896170595792], "47": [4.779554592009976, 10.302458092001462, 7.63361849834929], "48": [4.497148505282809, 25.195713044297325, 9.183438789578384], "49": [0.8659775138144903, 1.3284427898820017, 3.3648426555494444], "50": [1.0801570278201698, 2.3334264236458124, 3.6101657814491923], "51": [10.42525665429312, 52.22962483873769, 23.379872357031342], "52": [4.658731903268644, 35.920251919454685, 11.073921471382912], "53": [3.4898338076406246, 8.417309550931, 5.665524155999453], "54": [3.350977546827435, 8.495400020301197, 7.448929907464614], "55": [6.999307714275203, 13.538814039637117, 13.098834573278804], "56": [3.5721364512996914, 17.071250728339415, 15.69466275346165], "57": [8.602452479589992, 30.15621877127992, 29.76396598291863], "58": [4.153269956700165, 17.164193219970834, 23.400832803261473], "59": [6.55381274315998, 51.24628943498738, 9.823919158607529], "60": [2.2572288804418887, 13.184303880735365, 6.027193627020493], "61": [13.340751086406232, 63.3178790179148, 16.25437678815896], "62": [8.685630008864566, 18.553271534529138, 49.4930160797833], "63": [16.54853901504487, 64.22520552594587, 15.76017541020421], "64": [4.94108628447665, 37.59881644692519, 11.972602177476643], "65": [11.344797802955966, 43.35864172119177, 30.473656082666732], "66": [2.0424912634135204, 8.704548000484628, 13.147509245207743], "67": [1.0592249624894532, 1.5126316456752413, 0.6981271580793739], "68": [3.893573420874721, 7.665654183784466, 4.567161150086255], "69": [2.9243904919606356, 7.030046555044683, 2.533840446354664], "70": [3.890554155064752, 9.844545782258063, 21.946353499952757], "71": [2.6214781568630725, 10.111463627227618, 10.569254994306005], "72": [5.250753368611381, 39.323762713506646, 17.796726005157517], "73": [1.05641868192325, 2.1315965971844553, 3.491837649584383], "74": [5.1196354266384985, 25.320865139386196, 29.87287092325243], "75": [5.64762011149356, 40.9925607224886, 18.52491768447752], "76": [6.400762943199003, 38.19850820143372, 11.83331334816138], "77": [5.166844008969708, 36.43742451927789, 16.13479254362882], "78": [7.241849108788997, 42.399362129635705, 18.21269733385272], "79": [3.5795811196586644, 17.41631114681426, 19.447261812782138], "80": [6.550346503419422, 53.53922329361256, 10.079367449214464], "81": [0.7567755260046183, 1.1947715838796062, 0.506788454722803], "82": [1.26761045309172, 1.9114273846704584, 0.6305999159433623], "83": [0.48294861692379687, 0.177664845468627, 2.3932214103598395], "84": [3.4927270153989483, 14.126947614468156, 11.830264938061605], "85": [16.78951812321476, 63.95585006682017, 14.020623950293093], "86": [3.3213169398610054, 7.952786067265218, 7.880388593033864], "87": [1.8543546765291279, 3.879318566352967, 5.135712781110946], "88": [2.131749911942073, 11.120640341768569, 6.4333628135857595], "89": [1.6665043781452338, 3.485052812955388, 5.628647192471513], "90": [3.0394639110225947, 8.132355716341294, 5.000802124998542], "91": [3.039478298332929, 19.78836785906451, 8.542525005178547], "92": [1.516387980175831, 5.580892838173714, 4.119868325038395], "93": [8.448691781473256, 34.1583046267532, 41.84946739356293], "94": [1.8972953064030904, 10.620269331553763, 5.577571267526137], "95": [6.940907840563047, 53.899785126977456, 11.281078454690723], "96": [2.2242634013085487, 4.997311729102732, 2.106338763120241], "97": [10.66082607905679, 57.74070124456602, 14.663706712582938], "98": [2.273420504551546, 15.846167121028232, 7.617969452934948], "99": [2.997866936212448, 6.72183645642791, 12.083724237983759], "100": [0.14631172649785795, 0.0, 1.188790104124977], "101": [3.0382011114754865, 19.464433692137007, 8.285523456207711], "102": [4.116583086473151, 39.499781064388316, 7.129378538977949], "103": [0.6780309189209408, 0.4931103564368656, 1.9929049024969308], "104": [5.629357146233613, 13.684220363514578, 15.30706783469633], "105": [1.7997541554045184, 10.303573847498628, 5.652715477444467], "106": [1.7918572410504758, 2.701505718961834, 2.2287762810263185], "107": [7.287217207944407, 42.4644901135397, 21.166455826841176], "108": [9.2177714431912, 32.82868606870982, 21.001499260342573], "109": [3.7084053613865198, 13.33535471514782, 7.484749006975449], "110": [1.8283652957117806, 4.87278895454005, 2.0092369917437387], "111": [5.031503255800055, 38.68559119138946, 15.910003725923016], "112": [7.67120383219084, 26.455854556862146, 27.72539175029881], "113": [1.8203672141597802, 5.79634218973463, 3.795078818132878], "114": [5.338073834949247, 11.06174708183832, 7.696641834704802], "115": [4.622050499019124, 20.4843021799925, 32.302941707377734], "116": [9.784480963038174, 32.78554514676979, 31.84696997964926], "117": [8.290809070858899, 26.403817797517632, 46.71948319060394], "118": [3.7447201326615165, 20.24455770982968, 17.646714085659735], "119": [1.9929779209785827, 3.239724057493273, 0.9719396903979703], "120": [5.500310781100781, 41.49693003705235, 16.576098950438976], "121": [2.1496385147160604, 3.5791145677675895, 1.054419954077713], "122": [3.7927552427642635, 9.121963571550374, 22.043114752133846], "123": [0.9915724864949854, 0.9450021291324132, 4.492176922730017], "125": [10.115990035710306, 34.25275493159423, 28.73070851896381],