{"0": [0.007361570399314399, 0.006674924844650266, 1.547018438907699e-07], "1": [0.006371743077248526, 0.005779425196973865, 1.6847149342247292e-08], "2": [0.004814834805931811, 0.004365328655032943, 4.02066577032123e-07], "3": [0.007199660786239903, 0.006535244766028717, 8.658371386527364e-08], "4": [0.003734899360106736, 0.003383478874231561, 1.970662915073973e-07], "5": [0.006686730239042982, 0.006066305816115143, 4.25714709262337e-07], "6": [0.006650721167974605, 0.0060350835219284875, 2.789504472966442e-07], "7": [0.005003816703574748, 0.0045359048698562126, 3.192056828860146e-07], "8": [0.0059577847084927305, 0.00540252795265507, 2.3019126671464107e-07], "9": [0.0035189014660934603, 0.003188736795452761, 2.527913655070435e-07], "10": [0.005516790743638422, 0.005004508241201073, 3.1353689422530806e-07], "11": [0.0035369081888196874, 0.003203875341036697, 3.640843232455282e-07], "12": [0.004706822738261174, 0.0042665218976336615, 1.7843463440136986e-07], "13": [0.0048687394833230035, 0.004415730503804244, 2.2063375570979815e-07], "14": [0.004625754264525717, 0.004194934200017239, 3.656154787812227e-07], "15": [0.00421187259045519, 0.003818228962762504, 2.89160566935287e-07], "16": [0.005363798641145223, 0.004864249671570693, 2.8283815811658286e-07], "17": [0.004094849305764425, 0.003707145831327326, 1.420841613031243e-06], "18": [0.0044727766584207185, 0.004056563439039136, 2.135047828533132e-07], "19": [0.005156824356860379, 0.004677192470023131, 3.9874465107558876e-07], "20": [0.004823851126234846, 0.004373778618736246, 1.9998051381531212e-07], "21": [0.002879908959728894, 0.0026085026972012698, 2.9839238091522446e-07], "22": [0.0023669405069367544, 0.002140095990970534, 1.6568866765265255e-06], "23": [0.004436851896192251, 0.004022705642795585, 3.7088157556208756e-07], "24": [0.004850833509842389, 0.004399617401608304, 2.2703313229399669e-07], "25": [0.004337880527854332, 0.003932248850614487, 1.7965223897409288e-07], "26": [0.005030821684701925, 0.004563167248831262, 2.6461700985969117e-07], "27": [0.003140925927232585, 0.0028446342829535564, 2.2274297362123718e-07], "28": [0.004643867487310938, 0.004211163978989194, 3.4415501370954615e-07], "29": [0.0037259071762016926, 0.003376346937068749, 1.6353333509577794e-07], "30": [0.002627941276883483, 0.002379969346447028, 1.4603937592561067e-07], "31": [0.004661869026211463, 0.004226757610416073, 8.642348525711441e-08], "32": [0.0033389023571767096, 0.0030228137214304215, 1.158985294513748e-06], "33": [0.0032669306248998, 0.002959588735073398, 1.4466204734109311e-07], "34": [0.003374918718435427, 0.0030576078482437486, 1.764126278391842e-07], "35": [0.0037709007369374214, 0.003417855430049832, 1.61508132423549e-07], "36": [0.0038519054751028348, 0.003491620624631455, 2.5182144181012944e-07], "37": [0.0038429046247144827, 0.003482277377313528, 1.4385150215456832e-07], "38": [0.0030329335409664537, 0.0027475565873976604, 3.7048227652380916e-07], "39": [0.0034829128054958414, 0.00315683333142441, 3.7744937442241167e-07], "40": [0.0011519671150653776, 0.0010400951755165269, 2.044772731801814e-06], "41": [0.0038338943787237234, 0.0034762971725928993, 3.185606257671836e-07], "42": [0.0021869639151135267, 0.0019797799406305115, 1.9488140323709047e-07], "43": [0.0012959657379072453, 0.0011701868984435107, 2.049800267744928e-06], "44": [0.0035189153162344944, 0.0031896236259900354, 5.249463539414023e-07], "45": [0.003815896322847734, 0.0034587774132740453, 3.5063874237462045e-07], "46": [0.003671911873977529, 0.0033283400244974387, 3.665127507046506e-07], "47": [0.003365930665211958, 0.003050252669819814, 3.0349801616313954e-07], "48": [0.002861942410049778, 0.002592575010805366, 2.3060048182088622e-07], "49": [0.0034019334191137673, 0.0030817893878153776, 1.9884991697693977e-07], "50": [0.002636951117356179, 0.0023883703529755727, 2.6332456415367744e-07], "51": [0.0022229688558766947, 0.002011863111772224, 2.7855391926401296e-07], "52": [0.0030239342293071347, 0.0027404060212773036, 4.0887674568335086e-07], "53": [0.0027269429366780784, 0.0024697678266778645, 3.131382559917739e-07], "54": [0.0030599389270666855, 0.002772379824893186, 2.132681230504474e-07], "55": [0.003122931840062515, 0.0028293231542726367, 2.891630490609032e-07], "56": [0.0020069690180086752, 0.0018166760321000396, 3.376012114308935e-07], "57": [0.002177955126836051, 0.0019705986862355684, 1.284061414197346e-06], "58": [0.002852938967745855, 0.002584979792635233, 4.4135732346628487e-07], "59": [0.002492960918060949, 0.0022577548707823926, 2.4510003071576136e-07], "60": [0.0027089523322163522, 0.002453862276143657, 4.1722149779488404e-07], "61": [0.0028889410736729904, 0.002616275007545061, 2.753936751975772e-07], "62": [0.002951942328989876, 0.0026745720445513275, 4.403858568924335e-07], "63": [0.0010709875666232715, 0.0009671955303581849, 1.1829051577150196e-06], "64": [0.0035279202976743473, 0.0031980418711370895, 3.298214713565173e-07], "65": [0.0031409406684509422, 0.002845856065859875, 1.8483752883824422e-07], "66": [0.0024749574351482506, 0.0022416856253713933, 4.873670925720219e-07], "67": [0.0027449543571446133, 0.0024864751936133395, 3.1654029786221116e-07], "68": [0.0022409614852406667, 0.0020285454230187638, 1.8791660072459138e-07], "69": [0.002744953223153046, 0.0024867849013118183, 3.948660872721277e-07], "70": [0.0025649584880735876, 0.0023237143631233814, 2.7660871593226943e-07], "71": [0.002483959500559574, 0.002250106528652684, 4.475967876338416e-07], "72": [0.001187978616350116, 0.0010729299411213608, 1.8310438053559253e-06], "73": [0.001475978940294942, 0.0013340581221585534, 1.3153320587155903e-06], "74": [0.002078969989909085, 0.0018821791516142493, 3.2747643086139533e-07], "75": [0.0026549545191867363, 0.002404556776461923, 2.3683894723180998e-07], "76": [0.0022229656159951094, 0.002013127871099443, 4.104987448849684e-07], "77": [0.0023399672763790846, 0.002119265823104308, 2.301973904828003e-07], "78": [0.0023849645629554495, 0.0021600832454643725, 3.109520344546368e-07], "79": [0.0007199897941497779, 0.0006498259679112368, 1.4689856445704308e-06], "80": [0.002195966709478747, 0.0019889644372605864, 3.097368385107657e-07], "81": [0.0012239823422559581, 0.0011058057545478494, 1.3674147680831084e-06], "82": [0.0020159713263842027, 0.0018250917047926253, 3.1532712030379884e-07], "83": [0.0021869656159866357, 0.0019807619640436766, 4.364197433437411e-07], "84": [0.0020969741207753634, 0.0018985599119207745, 2.6624151250320693e-07], "85": [0.0022949661829486656, 0.0020781719505888257, 2.8527640860698256e-07], "86": [0.0009809899155934776, 0.0008861734064420496, 1.215629327866452e-06], "87": [0.0017729817346620047, 0.0016048940629522221, 2.1391739335463456e-07], "88": [0.002429959338618004, 0.0022009488962358346, 4.0564012537824823e-07], "89": [0.002078972500801579, 0.0018826840270374028, 3.8798267065764946e-07], "90": [0.001583985501113716, 0.001433455741540836, 2.2793077592009325e-07], "91": [0.001088981572842207, 0.0009831557642047478, 1.3774638499830516e-06], "92": [0.001088981572842207, 0.0009831557642047478, 1.3774638499830516e-06], "93": [0.001088981572842207, 0.0009831557642047478, 1.3774638499830516e-06], "94": [0.0021689701518446958, 0.001964577068520374, 3.606053281535182e-07], "95": [0.0013319825851944023, 0.0012035509420995362, 1.4512497166219163e-06], "96": [0.001322985217647621, 0.0011961241164848624, 9.305123734870691e-07], "97": [0.0024479650894104754, 0.0022173867913133994, 3.521807919737441e-07], "98": [0.001448987161596138, 0.0013111597401264565, 3.4610801502577004e-07], "99": [0.00167398299014343, 0.001515069225054849, 3.069042509018516e-07], "100": [0.0024209666688654874, 0.002192629344071856, 2.892451261837792e-07], "101": [0.0007739904421020238, 0.0006985745358397609, 1.4603234226306938e-06], "102": [0.0022679706783075293, 0.0020537384569899986, 1.4676917470257678e-07], "103": [0.00115198590615051, 0.0010405706183812698, 1.4932884155882675e-06],