{"1": [0.9111654053541474, 1.1647473927601102, 0.0548485894350883], "2": [0.7126796683690059, 0.8719070930260221, 0.04324750204945438], "3": [0.20948321720145213, 0.24427222435893375, 0.019935145564040635], "4": [0.376279271355181, 0.46074738244652974, 0.033084008178479674], "5": [0.21285791536794352, 0.22929234228752748, 0.010025479161567374], "6": [0.36504909416960574, 0.43566279703535876, 0.021912177087773155], "7": [0.17170043410332814, 0.19158951389490278, 0.01347944844785176], "8": [0.5622247744251708, 0.6977275004437525, 0.030092977470766225], "9": [0.14968254719104224, 0.16665039392708436, 0.018184248376886702], "11": [0.19084218670220943, 0.21514939356772592, 0.033386309983583606], "12": [0.34180926325463523, 0.42483727194375076, 0.03424046426083405], "13": [0.09187214119479037, 0.09463415355776547, 0.012195526958800107], "14": [0.12379227435763707, 0.13535071861514666, 0.01502921144625613], "15": [0.08377649505490192, 0.090161448714025, 0.01191828010636975], "17": [0.29581210611092923, 0.33824009515616854, 0.028756739594751668], "18": [0.17281311955401868, 0.1842919147883271, 0.015614019331970042], "19": [0.12578631556920228, 0.13934119784429821, 0.014025882075576313], "20": [0.5943965134646259, 0.7074808084591996, 0.07255103518164352], "21": [0.29103095460203976, 0.35088007066433147, 0.022074391772855195], "22": [0.08751796435400372, 0.08403221242914999, 0.001716983047185372], "23": [0.6698847021535385, 0.8466535827487568, 0.05293329177143469], "24": [0.17544949785229602, 0.20292975245411893, 0.02360960720006644], "25": [0.17057769982046278, 0.18185470259315928, 0.011468359974030506], "26": [0.09389408660736931, 0.09861981325262584, 0.012140376402384745], "27": [0.24520283402761578, 0.26108038902614883, 0.011148758760743838], "28": [0.07383030487725162, 0.07432716809857473, 0.018189536884192448], "29": [0.48617783629731415, 0.6115997323266653, 0.046212381532989455], "30": [0.03795004929269552, 0.036111858817051486, 0.0067031122064384885], "32": [0.09566097368332704, 0.0996993138947837, 0.014309615011826371], "33": [0.22377509441173082, 0.2429327599461109, 0.024811586806809727], "34": [0.01795806791409027, 0.016520075185546042, 0.0015190957223859547], "36": [0.14698575916714163, 0.1584083279450434, 0.008888586065157078], "37": [0.18850104171912474, 0.1858135103954581, 0.02295994302875093], "38": [0.2334512491429641, 0.2834746813790378, 0.014268914270127553], "39": [0.11343672824670714, 0.11358621813786732, 0.01761281935921133], "40": [0.17521954359636538, 0.18882567129669148, 0.0235240183239378], "41": [1.0156715728494299, 1.2761024495484417, 0.033357927747882266], "42": [0.10140872975419857, 0.09715627116681906, 0.0027812276288233795], "43": [0.428402144913717, 0.5316456510962585, 0.032437910262037684], "44": [0.42463465729125316, 0.5055403043472118, 0.04549052923032082], "45": [0.44712512241965563, 0.4681025616667612, 0.032014008356481716], "46": [0.28785460453075606, 0.3205484378041797, 0.021678537836653078], "47": [0.2639105571581204, 0.28119284386312604, 0.016614309395593274], "48": [0.20478614388337302, 0.21662067863842163, 0.019117362956956208], "49": [0.035944063941377946, 0.03482591802648697, 0.005904810552871176], "50": [0.0458822621402738, 0.046307658631474374, 0.006583571791815346], "51": [0.542810225470206, 0.6927061556814373, 0.03716508204469504], "52": [0.20323085433974342, 0.23663248077373542, 0.021530607237426724], "53": [0.17232112601432092, 0.1871010862006515, 0.01159884016383117], "54": [0.14930455629883077, 0.15480070603049675, 0.014300604491395807], "55": [0.39523081722823183, 0.41298946581899987, 0.026709268695367383], "56": [0.15352724372306592, 0.18509283872236576, 0.0253715631486926], "57": [0.44276347735157107, 0.546124377544788, 0.044711540945321926], "58": [0.18702843584344087, 0.2137759937929961, 0.03585192067358345], "59": [0.28495800806890614, 0.32266992249308935, 0.019770771695906353], "60": [0.09384623033576889, 0.09760054491053838, 0.011069287283464901], "61": [0.6684857444132041, 0.8493299235200137, 0.03473383727552115], "62": [0.5177228661294893, 0.6183127403465614, 0.07033660062346603], "63": [0.8827444608506478, 1.1168060331432064, 0.02891842172307979], "64": [0.2171094458839683, 0.25942304597296534, 0.02231599214829716], "65": [0.6649642252412428, 0.8060682049477502, 0.045983818926703224], "66": [0.08963928806554633, 0.10257150514771891, 0.026353630349695845], "67": [0.04584636599234604, 0.04445969711444302, 0.0012741145709181945], "68": [0.19784312945539173, 0.20939989845221377, 0.009947669068522624], "69": [0.14269884293447221, 0.15350388906201742, 0.0051814010079254125], "70": [0.18079311821796018, 0.18631244185196347, 0.027739492879352512], "71": [0.11931186887487066, 0.14136322642693958, 0.018469424515482502], "72": [0.23859415340191326, 0.2783476098069922, 0.025880861028631075], "73": [0.04392809322943492, 0.04378066485260071, 0.006240432211778502], "74": [0.2364828582598033, 0.2842224547033778, 0.04573845640462326], "75": [0.2508336863906565, 0.2930661232330356, 0.025095006227517147], "76": [0.2979235342946722, 0.33730961690464883, 0.0252871292816208], "77": [0.23277223289678584, 0.2768706303916748, 0.028093544119779823], "78": [0.3300636181711821, 0.38383055924517, 0.027546470223809072], "79": [0.15353924356767246, 0.1756074524256518, 0.028801425656272972], "80": [0.2849577459100665, 0.327810992368354, 0.020359021659734355], "81": [0.03192811718149735, 0.03107812542384253, 0.000896781442177419], "82": [0.05577268373238364, 0.054177474736065406, 0.0011542069165899616], "83": [0.019972029308018557, 0.018250819277322902, 0.00416143690063786], "84": [0.15717817508528864, 0.17134546383117433, 0.02166793834937719], "85": [0.8485839574357962, 1.0301147597974565, 0.03598892379461849], "86": [0.14352526916674302, 0.14683502551243854, 0.014844315210767789], "87": [0.08927051800330299, 0.09451365043380024, 0.008635675132745102], "88": [0.0878881145574325, 0.09128314680064628, 0.01175557477354039], "89": [0.0736830385933478, 0.0738935904522071, 0.010986624291533631], "90": [0.13346375643784036, 0.1380774803735955, 0.009107962076562282], "91": [0.12581821177954133, 0.1414514879884312, 0.014252547423569295], "92": [0.06386025826054365, 0.06928185052271299, 0.007340271610044358], "93": [0.4009096004023778, 0.490792386638279, 0.05389731045553403], "94": [0.07791406795535927, 0.0819629856209045, 0.010118151929665031], "95": [0.3047398335499002, 0.34922592120233625, 0.02407998426011515], "96": [0.10710636194870338, 0.11318430109182191, 0.004606181973285439], "97": [0.5601381274760826, 0.7020617008478367, 0.029089269398345885], "98": [0.09387414251282256, 0.10611261511180964, 0.014386329410931653], "99": [0.14098046693841038, 0.14177537539279464, 0.02609509895201656], "100": [0.005994003998000763, 0.005383825173022239, 0.002039839844650615], "101": [0.12772854831632874, 0.138544364979824, 0.014808015632946092], "102": [0.17169643411796287, 0.19361612060633546, 0.013760904720217182], "103": [0.02796403463868624, 0.026013336078169427, 0.0034360114656407648], "104": [0.2754892478543697, 0.29972636075607484, 0.031199825976698126], "105": [0.07391806529002543, 0.07768185376255857, 0.010221670482460588], "106": [0.0777307144488456, 0.07569511878395782, 0.0040713044221803996], "107": [0.35099477574370785, 0.44624051480263993, 0.02971233864988565], "108": [0.47618116900571894, 0.5733988990208249, 0.03843021766921206], "109": [0.1709297826863574, 0.17907638139854182, 0.014546708603465519], "110": [0.08161152956717777, 0.08799796731616495, 0.004101723276415559], "111": [0.21918304826460722, 0.26240180624491016, 0.025109453557838002], "112": [0.3594315449025297, 0.415734334571459, 0.041183843255023], "113": [0.07777861846526013, 0.08181246843476582, 0.006754911380341122], "114": [0.29161032930620967, 0.308134445581168, 0.015737902394174386], "115": [0.21266606477729888, 0.2582148622274182, 0.04080563116781322], "116": [0.5852715199278784, 0.7238531386178924, 0.053209457938528826],