{"1": [5.8867826663532306, 12.262387417244353, 2.373552506996137], "2": [4.7011360758537535, 9.125146924208266, 1.893672432766333], "3": [1.4450298276117737, 2.574011825869857, 0.9387406887914299], "4": [2.487492772776144, 4.888154658941172, 1.522298644970439], "5": [1.3684742308714837, 1.5541335625710486, 0.45640799959734835], "6": [2.439417577579888, 4.430052560887287, 1.020786362560858], "7": [1.1894477475620104, 1.7525211505016365, 0.6440104987498474], "8": [3.7845322079052246, 7.889754916911468, 1.35842790444672], "9": [1.0346040365977909, 1.499238932891977, 0.8638003725257756], "11": [1.289027460405864, 1.9093423204831035, 1.5424391906981714], "12": [2.3044135582063108, 4.949366400847657, 1.5737888904084163], "13": [0.6377761464713158, 0.5775218032505445, 0.5861974234752785], "14": [0.8579014730445894, 1.1354647699551712, 0.7181845001994485], "15": [0.5771918811938052, 0.6907606789468764, 0.5679193735231454], "17": [1.9827878076696002, 3.062661552408304, 1.322034544824707], "18": [1.1618632461341152, 1.32278446068823, 0.7325260074520703], "19": [0.8716213613203941, 1.2351822038018352, 0.6692065418976245], "20": [3.669704556284515, 6.004920774704792, 3.146583223933181], "21": [1.9973691065254404, 4.005076263930096, 1.0363428349832589], "22": [0.5929450184089279, 0.2674514491060944, 0.08082143801577146], "23": [4.308765032665264, 8.932585165418905, 2.3134929551150116], "24": [1.2054586984608524, 2.0531991807293832, 1.1116898606643622], "25": [1.1370498480703382, 1.2201053968921376, 0.5296766677005075], "26": [0.6528355848189219, 0.6778208616991769, 0.5831488154232406], "27": [1.606397907642933, 1.715797563844872, 0.5167125502953192], "28": [0.5097736426464275, 0.3778632140939591, 0.8637996684620765], "29": [3.106059166828225, 6.129739640876713, 1.9793225199389122], "30": [0.26356682417905486, 0.0971085263048163, 0.3226970750417846], "32": [0.6556692720030379, 0.6381381742619983, 0.6762535390465715], "33": [1.4788364758797181, 1.8188062128760705, 1.1376010805110108], "34": [0.12396511902377494, 0.020176779567599452, 0.07288406023604976], "36": [0.9879403810975106, 1.1681290721258653, 0.41222385776229054], "37": [1.2596604945567922, 0.7820417742637359, 1.0519763667428745], "38": [1.6114726657127485, 3.3644702432362723, 0.6776618291852059], "39": [0.7711782116255386, 0.5578375909535394, 0.8322933168728908], "40": [1.1947718099557934, 1.4518600761835023, 1.0976993694945802], "41": [6.427211941664986, 12.664364247551115, 1.4596312265288183], "42": [0.6858096750731731, 0.3012420174212212, 0.1317084817931864], "43": [2.856114046259082, 5.96067356426227, 1.5053426090720383], "44": [2.694911189019327, 4.439983403326668, 2.0105664468312994], "45": [2.8639749774486516, 2.803636942520332, 1.435803574221345], "46": [1.9295417779942734, 2.78529148450515, 1.0144240191680436], "47": [1.690488482590513, 1.7817231254775618, 0.7599554387187223], "48": [1.3848172310955191, 1.5111509148215998, 0.8831212433197608], "49": [0.24927781189087062, 0.12166892510483815, 0.28425825887950074], "50": [0.3163068442010235, 0.24123640128446866, 0.31449088626165833], "51": [3.5257462601814415, 7.506451030631826, 1.6280575706197395], "52": [1.391131568921304, 2.4536702635391276, 1.0163589157067174], "53": [1.139950406077086, 1.3988617367536111, 0.5339227735941943], "54": [1.016659238161616, 0.9308939932531238, 0.6772685878032564], "55": [2.5105774062183457, 2.4143428646346714, 1.2423430090381897], "56": [1.055194630002197, 2.123289782731051, 1.2016674361016282], "57": [2.894742507155751, 5.559152811098128, 2.0207600381130257], "58": [1.2696623390136503, 2.0071699669842413, 1.6633651954079212], "59": [1.952091388200515, 3.054880786477348, 0.9250084111716391], "60": [0.6505323304121755, 0.6341422606886951, 0.5313480922915984], "61": [4.391133052144127, 9.644669649383822, 1.5553640725729747], "62": [3.239079328161419, 5.009598531738001, 2.97326420531706], "63": [5.683569779304184, 11.97903385651805, 1.2893924664944523], "64": [1.4833528374591016, 2.8700263760740663, 1.0479378806052542], "65": [4.170338432332111, 7.210675426338946, 1.9790112873098384], "66": [0.612695854242962, 0.9921264001252675, 1.2351061945562094], "67": [0.31457816208563383, 0.15852351555574004, 0.060630806397857784], "68": [1.2996615230553772, 1.3599661608798799, 0.4562608058286458], "69": [0.9472790244700301, 1.1174839422543705, 0.24178543585750856], "70": [1.2168853236438633, 1.087489763016404, 1.2702931920461986], "71": [0.8073808093722082, 1.4812337968090132, 0.8639644364497283], "72": [1.6139593498848952, 2.8361763677739837, 1.202646719686864], "73": [0.3045037653310473, 0.20575674956345308, 0.3000837721097015], "74": [1.5941756590694869, 3.040106773719428, 2.0898800033020053], "75": [1.7084711531067547, 3.034982952163628, 1.176759180669832], "76": [2.002611399444198, 3.101438149029782, 1.1745681317829066], "77": [1.5796175159235628, 2.9472393287259244, 1.2994219634852235], "78": [2.232399817725466, 3.7776335512455037, 1.2700052545127125], "79": [1.0557822655000293, 1.7037530370565144, 1.3545797065419398], "80": [1.9520051599160797, 3.268367400494597, 0.9548220013816009], "81": [0.2205118831243198, 0.1152556013821353, 0.04296023639508739], "82": [0.3810592689115301, 0.19801897274294508, 0.05482191734962849], "83": [0.13863800082033495, 0.015475488940780453, 0.20049869901681228], "84": [1.0669214481527804, 1.3936257099515323, 1.0170567267129313], "85": [5.572666729466222, 10.395373297879898, 1.5597885749568996], "86": [0.9851055703892355, 0.8292418477113586, 0.7064065657257638], "87": [0.5955396437538001, 0.6240381947039823, 0.3935800049010407], "88": [0.6105510698236087, 0.5870124219652058, 0.564504687310962], "89": [0.5027686841521831, 0.36149295130631987, 0.5179209524598062], "90": [0.9122305513303919, 0.8334434682978221, 0.4354770590166406], "91": [0.8731541896677186, 1.3356036291703626, 0.6813768353646712], "92": [0.44122775533835235, 0.5611300864133187, 0.35278309621791293], "93": [2.6826574309819082, 5.321752802143344, 2.4381648255699484], "94": [0.5418092171973401, 0.5696848993837378, 0.48668434177299835], "95": [2.081913989476317, 3.4220188272147722, 1.1183979220446179], "96": [0.7140065325182008, 0.7636513622002188, 0.2124386015363674], "97": [3.6243863322661247, 7.2833726242301005, 1.30040249263741], "98": [0.6518745675266473, 1.0259060364055754, 0.6883747341341572], "99": [0.9458730606960706, 0.6981726022351611, 1.1793343622647345], "100": [0.041707367211414326, 0.0, 0.09858523523705665], "101": [0.8828580032206612, 1.1224809201211818, 0.7079468748502676], "102": [1.189251782243817, 1.8423841978959106, 0.6567063256988791], "103": [0.19424782376888738, 0.0432874893703489, 0.16580089459207825], "104": [1.8283910041361655, 2.221949192298784, 1.417604751038638], "105": [0.5140043057230639, 0.5369151010894513, 0.4917390988083923], "106": [0.5330119042274064, 0.2841953837108261, 0.1941416334257391], "107": [2.3376877270032788, 5.113650909160048, 1.3555917833545905], "108": [3.1073488750100315, 5.530451912771229, 1.738979726845875], "109": [1.1532035932650175, 1.1797085959812497, 0.686710827267429], "110": [0.5554043523024594, 0.6672303395816757, 0.19270240625769353], "111": [1.5008445896599665, 2.9175909188425355, 1.1743900576856632], "112": [2.4130817269768308, 4.000834063775245, 1.8863685642650783], "113": [0.5353310214649004, 0.5669838896934625, 0.3248795589798238], "114": [1.8728248984778664, 1.8793629409441404, 0.7267817540407142], "115": [1.4349170983743509, 2.8536387796968494, 1.8776780470836139], "116": [3.6349557694126586, 6.873832482183242, 2.3454543795224136], "117": [2.7442840637322297, 4.693532239259756, 3.3570867769935626], "118": [1.1374379240134713, 2.17883925781101, 0.9849330578881399], "119": [0.618110284446677, 0.26373482672560866, 0.08841927351955448], "120": [1.7042200256865163, 3.9329823923203464, 1.1194831516749888], "121": [0.6702153048850508, 0.28709944501727774, 0.09675902780213308], "122": [1.2544590028549112, 2.414484415407338, 1.796308230453763],