{"1": [3.6514477567952257, 27.339860094251133, 1.9310771122878436], "2": [0.5807988066704785, 1.0011481088004535, 0.5960988940405768], "3": [0.14760877737784894, 0.16440290369640176, 0.18538050790991445], "4": [0.5137755620085216, 0.8854847420991678, 0.5424959005352366], "5": [3.6567550178737678, 23.75966752939806, 1.5853010487749408], "6": [2.9576519194583373, 13.761234453115161, 1.3469931585447594], "7": [0.9992557917164572, 2.5049866271157946, 0.8705302744872777], "8": [2.750110100768878, 11.644771183074061, 1.632679221871577], "9": [0.861347851635668, 2.0555084761404623, 0.8497758121650114], "10": [2.50857777593233, 9.749840767060661, 1.1502858683035184], "11": [1.7361706977392712, 5.187339605651687, 1.259601655910263], "12": [0.45360982230676905, 0.7015413379803257, 0.5126770176293732], "13": [1.029689197217884, 2.493731333835532, 1.0380902883487997], "14": [3.8537300228939433, 31.339358388255363, 1.8616099374485964], "15": [3.6458252436534373, 30.03106847852065, 1.6206853415859173], "16": [2.768673637132376, 13.694432609299735, 1.1484434581356968], "17": [1.000291215975586, 2.29801665118131, 0.8303677784556791], "18": [4.35294963118966, 26.57317782200442, 1.1894682406263681], "19": [2.8041783086871046, 16.36293221052149, 1.5386766166247727], "20": [3.207944425914616, 22.976095977541945, 1.8323006943267712], "21": [1.575026218553977, 6.897747085186901, 1.3974191818685018], "22": [0.7754691956312709, 1.7526450845486201, 0.629692696065758], "23": [0.31493882026868314, 0.5400391798794194, 0.3724863946485484], "24": [0.4421745379157047, 0.7296958605918367, 0.42472185076520363], "25": [0.7865590114060417, 1.981033589743222, 0.7453065549979716], "26": [2.8574000752433824, 13.224207132107065, 1.03317415318002], "27": [2.7518540704017145, 16.638879380100974, 1.73817421172749], "28": [2.1306303864842704, 9.440835389257261, 1.3671263053203033], "29": [2.831040827308832, 16.817180790336202, 1.30202233575173], "30": [4.349218445685386, 31.21341192052845, 1.6583035963988695], "31": [3.988992743535743, 28.751331847674987, 1.4956981646220524], "32": [0.6355152229070495, 1.3451727491366718, 0.6353518683558755], "33": [2.850885325665984, 17.235258421210734, 1.557394028233798], "34": [0.5412440909863357, 1.0144282466289785, 0.5057343280441682], "35": [2.6221449902050615, 14.175296272824793, 1.194959074366584], "36": [3.0236724377749544, 18.024528010149034, 1.3930811775336367], "37": [2.0501002864690463, 7.45934991396942, 0.9200213995120907], "38": [1.3905211804058777, 4.284009716430887, 0.9220992600590039], "39": [3.065972977834978, 17.55106753135494, 1.4397673103698692], "40": [1.4638024518863524, 5.068459852319938, 1.0602922101365104], "41": [1.0872311177532241, 2.879183641565607, 0.7399636875354396], "42": [2.859142342183153, 15.62625203108421, 1.4058708955020869], "43": [0.43762717315960953, 0.7250549035352585, 0.5197244682391499], "44": [0.5055695122997909, 0.8981807904338385, 0.5537578626006702], "45": [2.911616078292144, 12.487924045676328, 1.5911178603563574], "46": [2.2855346953152464, 8.64237621450463, 1.60233048600828], "47": [2.7337746785109793, 10.611363478198834, 1.308789126931043], "48": [0.7749473580014083, 1.5231188528160557, 0.7673664468141276], "49": [0.37500995942863513, 0.4745482076155439, 0.3096007107399077], "50": [1.7993672386808028, 5.420389611884715, 1.067856797851964], "51": [0.921541044834411, 1.8762266677929267, 0.7898289885696294], "52": [2.7756359475902617, 12.099589692147871, 1.5422536165930303], "53": [0.9957001300008794, 2.1938208942857087, 0.9941949578081991], "54": [2.579698203962031, 9.745365377859958, 1.1086366257312708], "55": [0.5053316136518595, 0.8296191446981013, 0.5496249164470169], "56": [3.343889630987549, 13.620285526302169, 0.9749272822496724], "57": [2.3054466486200367, 9.1294832948465, 1.2663387474271404], "58": [1.31175683513067, 3.3030762588742166, 0.7631422230655837], "59": [1.0230019231805458, 2.5602566898454633, 0.9209820626859839], "60": [0.6551117766520913, 1.2678554367941746, 0.7528845292434548], "61": [0.6565835202691518, 1.364921980291095, 0.5750697858511417], "62": [3.0685019423784787, 19.051639737574444, 1.094531145308653], "63": [0.23136132040863933, 0.28293611456476314, 0.2729429001512901], "64": [1.7137513775565003, 5.4104680043165985, 1.4705261865114565], "65": [2.848138445618452, 10.995643396560528, 1.3430027194325056], "66": [3.638598809712258, 16.821448843015432, 1.2594744168606575], "67": [1.1271793116913713, 2.7591309392620715, 0.8407786975257635], "68": [2.794544439924038, 10.384845182790688, 1.2229043196216054], "69": [0.5171181226526449, 0.8441059098060113, 0.5508353532906743], "70": [0.6644714192948229, 1.2542908687807195, 0.6272272311702267], "71": [3.238881206468643, 17.890929943916525, 1.3761322343944768], "72": [0.7352955713477553, 1.2944458808706156, 0.7624794366937465], "73": [0.6405193551048107, 1.1707289956965832, 0.6006707926821028], "74": [0.5693461310384522, 1.00859550581022, 0.5528707937630458], "75": [2.527142541848691, 14.455180228080412, 1.2806353542602449], "76": [0.742476147637765, 1.5100493055276718, 0.72931958789218], "77": [3.001383636644084, 12.811501059879454, 1.39163911945808], "78": [0.16360869230003838, 0.18462179994527758, 0.18254384122335365], "79": [1.5701847641985578, 4.82830353282042, 1.2330496167629645], "80": [2.8419415933006222, 16.63599228182361, 1.4181758665336996], "81": [0.2273693097526308, 0.27038348600145207, 0.2328469123179081], "82": [0.33066820185229173, 0.4822177767412563, 0.35743637359316516], "83": [0.712327800310347, 1.3580258136634673, 0.5719804217663839], "84": [0.24333735237666487, 0.3299834984117407, 0.2572377001834173], "85": [0.47776810319148044, 0.7403306384906826, 0.44519989917037217], "86": [3.198958854323652, 13.27204505621041, 1.4153238997696964], "87": [1.533359240313789, 4.0548678947018155, 1.0106445223329672], "88": [0.23132957534503795, 0.2876965871753525, 0.24022193375968803], "89": [0.30719365034100043, 0.40802510623640487, 0.2774289337506186], "90": [1.20678194710688, 3.128614741486607, 0.989896379906825], "91": [0.9715433137054481, 2.0078878992833986, 0.9673267975553893], "92": [0.1994252987778482, 0.2047641902011634, 0.19157213729413414], "93": [0.25928945885162125, 0.3084653681347341, 0.2758572165536822], "94": [0.2871379165492147, 0.3662545239309158, 0.2973955769742854], "95": [0.872728705819034, 1.827094227925149, 0.8366901325963417], "96": [0.5491004342805222, 0.8861716997779404, 0.5204999114795542], "97": [0.2871857249964478, 0.34615288149778795, 0.2851939700349878], "98": [3.8295090887968675, 18.742024761854914, 1.431041713949003], "99": [0.4297539442723175, 0.6363193334667396, 0.45796846029907723], "100": [1.127274013464353, 2.839550699596666, 1.25070320720765], "101": [0.39816686792932965, 0.5713669448331963, 0.4328829307413853], "102": [1.4112659352176984, 3.798464104062746, 0.8554653770847143], "103": [1.984293038381212, 6.492193606611842, 1.4065342870734026], "104": [1.328523070861559, 5.0688461373809055, 1.1533210933612716], "105": [3.666605883700033, 22.89336150199561, 1.2983385095779907], "106": [2.6532496835856323, 10.103418034569877, 1.129444468926314], "107": [0.1516964049283236, 0.18086959674058709, 0.2088184117037677], "108": [0.8220467054721446, 1.798106472378618, 0.7663523742170905], "109": [1.6700208925410356, 5.355560379215353, 1.068769497962068], "110": [2.672496409067281, 12.176363646951316, 1.3752614668026477], "111": [0.747256741817654, 1.6931554205274106, 0.7460695300197738], "112": [4.69304998649758, 27.65764298681522, 1.0949480793125845], "113": [0.6399166994700994, 1.240905886205067, 0.7036366564462616], "114": [2.079679139907329, 7.506024682876048, 1.2567958177890861], "115": [1.7882746984291593, 6.886089502969965, 1.1508106183246993], "116": [0.7636524612837986, 1.6010256615474625, 0.7038370381199731], "117": [1.497926325062542, 5.266111268727344, 1.3438273780787817], "118": [0.4785158308684361, 0.9497955043901705, 0.48217753189311163],