{"1": [23.898937519774492, 98.44411322331628, 49.974481253619956], "2": [4.20517971483597, 19.27056171579566, 27.856010438905198], "3": [1.0882744597818035, 3.2659384793161745, 9.757751047814052], "4": [3.747581060317051, 19.898883696390094, 25.526333515364428], "5": [24.374111105411362, 106.85760605407523, 42.97054220512171], "6": [20.008437729427186, 99.88693483147637, 41.1484124041122], "7": [7.093005684126049, 41.028186521690856, 36.12645567789678], "8": [18.627707826731108, 87.49221747613683, 48.30851504592721], "9": [6.1511768132014435, 33.82599490971492, 36.71271237053149], "10": [17.243505999443364, 92.83518594654969, 39.14001486610777], "11": [12.126513385101926, 64.56993872228269, 44.12565162886602], "12": [3.2890533858321356, 13.109764576179394, 24.57706907658355], "13": [7.2508555632674785, 35.141229795604374, 41.7606889927069], "14": [24.9318304895331, 99.68457282618057, 48.37344290270205], "15": [23.68543422146233, 100.55313711103447, 46.35516569426071], "16": [18.85440102858804, 94.96832531386269, 39.097103667592066], "17": [7.144305177837089, 40.2771945829817, 34.94861931737297], "18": [28.67286545608731, 123.21607662225536, 32.75675773609727], "19": [18.9375288044568, 88.53047631720466, 50.4694597509919], "20": [21.03830865041035, 88.90155648426924, 53.40632906247903], "21": [10.870105354213946, 54.04160051231915, 51.886919025383506], "22": [5.602666434141856, 32.43774349098529, 28.53387126244081], "23": [2.3113225138565507, 13.263106122208622, 18.61501388394042], "24": [3.22964903992846, 16.899498355083427, 20.58809077827946], "25": [5.644867843524596, 32.567823412537145, 33.21862425882512], "26": [19.707787946468464, 106.30645209558234, 35.35827793991214], "27": [18.54879915928563, 87.48816705029569, 52.18328278660988], "28": [14.664375834060397, 74.03742949041984, 48.72439935438951], "29": [19.109466373838067, 97.71521063095781, 40.796257042387836], "30": [28.73248894228077, 113.00739927798317, 44.067440558712605], "31": [26.126718545315494, 111.9634591929718, 40.6661428255627], "32": [4.557293821990782, 23.63840851047661, 28.953754020913173], "33": [18.94699806536888, 82.55455933429594, 49.476876866463506], "34": [3.929273556315808, 21.87294586048968, 24.154854805358774], "35": [17.833029412173897, 93.7089648185226, 39.38391905043834], "36": [20.23995434090138, 91.90444682351584, 45.76648483021184], "37": [14.209925537262603, 78.3742581683764, 36.09500086492766], "38": [9.811013860728025, 57.788534049341216, 37.601812905933194], "39": [20.63846733276054, 94.69475087570083, 46.97111532851676], "40": [10.24197829943661, 54.55067307142452, 42.03390016138965], "41": [7.748743880103502, 48.540241137576366, 32.29979017172594], "42": [19.301382133100667, 87.41608921432345, 46.201412290445205], "43": [3.1704853607501073, 13.879240067782556, 24.910522182220976], "44": [3.6766711392730973, 18.0197059098821, 26.287994063147266], "45": [19.746484693656004, 91.53956142758567, 46.48764943922669], "46": [15.625245894628204, 75.32987921660411, 50.79330147584596], "47": [18.7982881085505, 96.00199945133204, 41.14132759544459], "48": [5.57544618881591, 28.348617971012445, 34.077765540795376], "49": [2.765017849131742, 10.661484276765222, 15.629592320187568], "50": [12.560420722467725, 67.5172403322771, 39.57938388024555], "51": [6.609745287036987, 34.39974909614595, 34.00393603666098], "52": [18.738286460542792, 86.3535354646955, 47.20984914710547], "53": [7.084061830817971, 35.053819866819275, 41.31959044438577], "54": [17.734458920715937, 92.25106812921086, 39.18197522235878], "55": [3.6640292538986623, 16.14569379052861, 26.217160694555457], "56": [22.953132848302328, 117.21126723798, 28.251215937727686], "57": [15.766370092930584, 79.73770934691932, 41.863866338101026], "58": [9.452129047294019, 64.91493628046577, 31.491933209225415], "59": [7.259396656652867, 41.63807090773949, 38.7463452335752], "60": [4.686152218414867, 20.35362637441734, 33.96154000374855], "61": [4.76332760845306, 30.37527328073193, 26.643329228995984], "62": [20.620967203198116, 104.64328689755563, 36.31431538849421], "63": [1.704550922826968, 6.0679791046298925, 14.01171164541012], "64": [11.852704116056433, 54.303181977830896, 51.89464928538807], "65": [19.42232880912418, 92.52506313933344, 41.54082089156983], "66": [24.611968948125188, 113.14896101615267, 33.412160821594426], "67": [8.044580495837131, 47.5144004950885, 35.0654814273566], "68": [19.28914839879389, 98.64631899438974, 37.96175546413714], "69": [3.7428877257460726, 16.529417891085647, 25.79206303448736], "70": [4.816999703353827, 26.471232578530337, 28.81287060145275], "71": [21.790685497880958, 98.708893718172, 42.66512174690274], "72": [5.293732507149197, 23.70952363052052, 33.707838936025226], "73": [4.639672141701172, 24.024851226809247, 27.671701290598666], "74": [4.14433210654462, 22.29765284684298, 25.845419779229704], "75": [17.164940903000304, 89.61156653726589, 45.16818399144181], "76": [5.311933012184704, 26.657458698378097, 32.08550919424637], "77": [20.47264758230031, 102.28998809570321, 38.81486606558319], "78": [1.2082392585622355, 3.784595548922347, 9.61536526342264], "79": [10.968506786665014, 54.506332070855706, 45.48186571319039], "80": [18.993903821714536, 90.99032373660638, 45.76407852218055], "81": [1.6749964563754767, 5.637708041553011, 12.063255935840623], "82": [2.416591745482585, 9.542464526070153, 17.908397905229748], "83": [5.169052724671953, 28.08074852545442, 26.212065309575014], "84": [1.7932143221814436, 7.76516654688211, 13.217417073944821], "85": [3.4773518410537267, 14.21434099346328, 21.591976638985297], "86": [21.673475147663268, 99.69185620269808, 41.39105317056229], "87": [10.827815823456652, 60.36793294132459, 38.71746695648349], "88": [1.7028556195244904, 6.574931067052443, 12.406722543436441], "89": [2.2652381337540723, 9.71698021797343, 14.139146164937156], "90": [8.452328228755977, 41.93265677071191, 39.34820449853536], "91": [6.896358894324588, 30.996920678182377, 40.02210757346423], "92": [1.4681410060510278, 3.799279364109698, 10.056254955691983], "93": [1.9105587215001782, 6.909231281904706, 14.167242884843443], "94": [2.112199187737226, 8.134269827480097, 15.14521045367536], "95": [6.210616067609303, 28.001086277316467, 36.377468558563926], "96": [3.981323304287022, 17.630859352184647, 24.72935612373412], "97": [2.1148195871989235, 7.410919953038209, 14.60124973755672], "98": [25.688904345278484, 114.67800323957628, 38.595507515762506], "99": [3.1171891955310125, 12.802950607386798, 22.07384561216106], "100": [7.878564090897704, 34.469112134306066, 48.38358687842296], "101": [2.8993364282136636, 11.691103894970558, 21.131283808406685], "102": [9.997817919946414, 59.80841046943879, 34.188522035441274], "103": [13.805398891065614, 70.90030207135386, 47.98181175043958], "104": [9.262632156229962, 54.5142675074859, 45.464152039124244], "105": [24.657133440071956, 112.86766538503082, 37.03881057805232], "106": [18.34644940186497, 98.216659525795, 35.738148802352804], "107": [1.12306972515669, 4.325735828577787, 10.966883813659006], "108": [5.888652383059597, 32.87732756865838, 33.28417908576623], "109": [11.705489603203011, 67.94060372380949, 41.146822464065615], "110": [18.150890539665944, 94.95740502820728, 42.38172499748614], "111": [5.381941007093016, 33.12403570208507, 33.17352753669732], "112": [31.11863211199946, 128.97154440006827, 30.14595192271264], "113": [4.607643079274886, 23.337980740509064, 31.820960819390123], "114": [14.33302817570396, 77.23392792891252, 43.94887764658978], "115": [12.355837796623778, 74.82899312887169, 43.50439747119109], "116": [5.522711144428399, 34.69224764498411, 30.97023442258795], "117": [10.418419306461148, 57.470894528246234, 51.37752651841244], "118": [3.517891521008595, 25.09576026056534, 23.562959611563347], "119": [0.4728714632238695, 0.20343639629734736, 0.158916750989749], "120": [0.4728714632238695, 0.20343639629734736, 0.158916750989749], "121": [0.4728714632238695, 0.20343639629734736, 0.158916750989749],