{"0": [4.723751103146961, 9.440839503939028, 0.0652039140350622], "1": [4.136490777865934, 8.81532850731396, 0.0072382288988318555], "2": [3.1381549386775833, 6.888693151516479, 0.17004169482272158], "3": [4.653349676732663, 9.992865279102737, 0.03677136013433302], "4": [2.446030402325879, 5.259255887789154, 0.08520897284993467], "5": [4.340869584357783, 9.064411438350115, 0.18037221290019467], "6": [4.313104319100798, 9.083046925747068, 0.118889228691192], "7": [3.2564378682265156, 6.770032251235577, 0.13598596970550536], "8": [3.878203214405185, 8.047549787515011, 0.0984345012539436], "9": [2.302962871389527, 5.434147272645956, 0.10891733851683172], "10": [3.587066500658582, 7.6602021154546165, 0.13421271044894245], "11": [2.3178706522950923, 4.969631170667733, 0.1568561224352012], "12": [3.061170698696353, 6.529287158146188, 0.07625395022568382], "13": [3.1357922008300942, 6.744143367793578, 0.09451930358720251], "14": [2.9800011483484425, 6.437878888764896, 0.1555982235215776], "15": [2.7523795134373112, 5.894353721762839, 0.12490269279493127], "16": [3.488575614888926, 7.561536828873144, 0.12047581342912694], "17": [2.6648227901450814, 5.591814622475407, 0.6041414220566672], "18": [2.8872302506529346, 6.35652773356345, 0.09107501301747922], "19": [3.3614939883275228, 7.5097502585695155, 0.1700548813651852], "20": [3.1510652678216453, 7.044467551294012, 0.08574636846988082], "21": [1.8806102058845988, 4.263435799276555, 0.1286034979126125], "22": [1.5519777801829964, 3.0639399412989414, 0.7148759523880135], "23": [2.8935382560064133, 6.534933304863173, 0.15837980602936874], "24": [3.161554744706954, 7.110954857016837, 0.09734813844443457], "25": [2.839734142300317, 6.144909783753425, 0.07773072298849826], "26": [3.2765444720804364, 7.123250501481409, 0.11386924560530565], "27": [2.0615841932391885, 4.423864960879811, 0.09636759260428363], "28": [3.0380703348133036, 6.654051892918363, 0.14753434642063878], "29": [2.4433868448529656, 5.3367420952430935, 0.07054560601775084], "30": [1.726444352404461, 3.8593987346909793, 0.06355548452216031], "31": [3.0507257617440104, 6.649250651348948, 0.03693213558028641], "32": [2.183382541568751, 4.830526053401696, 0.4967343859040023], "33": [2.147575629990843, 4.746657121070253, 0.06287293787951787], "34": [2.2144390154136806, 4.904590514009167, 0.076449206576648], "35": [2.470593646718244, 5.479386593720472, 0.06966771270503325], "36": [2.526602579307855, 5.615067986366779, 0.10902571663158034], "37": [2.520256876974675, 5.370815395274091, 0.06216846256017272], "38": [1.992890375198241, 4.304287550309587, 0.16025328830365382], "39": [2.2838294505626813, 4.899692646022849, 0.16375638933145287], "40": [0.7536929790460571, 1.100453244396404, 0.882668579838639], "41": [2.509850686281183, 5.674905682306071, 0.1370145933128072], "42": [1.442142265775158, 3.1050663704324117, 0.08494698457585415], "43": [0.8490368157271435, 1.2211610231085117, 0.8858436999658625], "44": [2.3088700145408243, 4.916268494513712, 0.2269653304656336], "45": [2.498748722608765, 5.296601440917518, 0.15166631760107174], "46": [2.409409668062468, 5.343164391227039, 0.15811491004277356], "47": [2.2135394667096304, 4.846957542735976, 0.1314396473393592], "48": [1.8827119937027441, 4.168509801281011, 0.1000697056095835], "49": [2.238734690441584, 4.704637630545528, 0.08643240827579979], "50": [1.7365252644972413, 3.8749570701342018, 0.11464547597590191], "51": [1.4682691173449907, 2.94553160377559, 0.12176029556165702], "52": [1.9871508838743825, 4.341755396579126, 0.1775067769125669], "53": [1.7929828028035681, 3.6704458267636833, 0.13620326307049158], "54": [2.013168944381811, 4.358570454538707, 0.0929616621026591], "55": [2.0521618298412236, 4.330947926698224, 0.12570117875338538], "56": [1.3243793858013373, 2.6392797935680194, 0.1471228881098523], "57": [1.4323010974076014, 2.888270323536229, 0.5574540367571714], "58": [1.8752387559070203, 4.05322299231474, 0.19105059245081402], "59": [1.6447948825581453, 3.602280396007649, 0.10658627372028306], "60": [1.7850244951613066, 3.7895277589849026, 0.1814253436886235], "61": [1.9001533456845032, 3.842908519006565, 0.11985082636954492], "62": [1.9426584847542225, 4.13653605398494, 0.1906832691966709], "63": [0.7085104702522743, 1.1542467659036977, 0.5177491918420527], "64": [2.3170656881195484, 5.165311575351032, 0.1421209404713083], "65": [2.06790928828355, 4.453327171281657, 0.08046934989938836], "66": [1.6312724524489344, 3.3643861631290615, 0.2120622279379687], "67": [1.8099035443001321, 3.9406267236605865, 0.137670905392132], "68": [1.4770989792469713, 2.9264792550981835, 0.08218495385420765], "69": [1.8094019955720533, 3.873967852663642, 0.17138104889604344], "70": [1.6917187401525906, 3.7510601026451478, 0.1205903099620469], "71": [1.6381645794870452, 3.4638030448858697, 0.19450057083432593], "72": [0.7825989120253082, 1.1426023651575579, 0.7961655579774781], "73": [0.9747267518980769, 1.8531806779037687, 0.5728018085416725], "74": [1.3727824890832627, 2.8987009197912634, 0.14276266711461338], "75": [1.7499878736236403, 3.7003549996763314, 0.10336832252058159], "76": [1.4668636366413086, 3.2907611818480786, 0.17844223942537063], "77": [1.5455678624006592, 3.315844007187025, 0.1005706461316358], "78": [1.5743840089205698, 3.4938165637744363, 0.13556792893536984], "79": [0.4755081515998767, 0.6484160804038912, 0.641100921633798], "80": [1.4493447964517392, 3.273215942438115, 0.1349698826014576], "81": [0.808227257564485, 1.3703829516615347, 0.5963397045996733], "82": [1.331369173467988, 2.723115032961134, 0.13778904282779814], "83": [1.4428611914115628, 2.969365730115207, 0.19021036204437924], "84": [1.3865793078877455, 2.998589084051126, 0.11616101155031477], "85": [1.5151020787281189, 3.1499722204826917, 0.12456247111636243], "86": [0.6495457351919995, 1.1350068400268207, 0.5323695107822553], "87": [1.1739300858528383, 2.4925733796700587, 0.09361296687734277], "88": [1.6021094803170932, 3.288571291539129, 0.17652512222620764], "89": [1.3738669773211707, 2.882904719612532, 0.16935106066774097], "90": [1.049589821520455, 2.108982533916239, 0.10000593518564538], "91": [0.7179103242335192, 0.9802963980212367, 0.6027906493636659], "92": [0.7179103242335192, 0.9802963980212367, 0.6027906493636659], "93": [0.7179103242335192, 0.9802963980212367, 0.6027906493636659], "94": [1.4328357400625422, 3.037727173340108, 0.15745670478230567], "95": [0.8803174404823813, 1.5311162008162218, 0.6327405016422154], "96": [0.8754736882877243, 1.7841565660230485, 0.4071098126212399], "97": [1.6166050519149149, 3.445430897246011, 0.1535977483108787], "98": [0.9603227754484288, 1.9504040588144904, 0.15164377098120452], "99": [1.1084827704611473, 2.2840548951758097, 0.1344494115752759], "100": [1.5992937349089047, 3.4101163949923583, 0.12616453034622654], "101": [0.511782121477416, 0.6835406707059324, 0.6385005171377903], "102": [1.4990588332812305, 3.28317124515208, 0.06417215679952282], "103": [0.7617804972998484, 1.2619578360163317, 0.6516909906146725], "104": [0.5364216943575009, 0.8289807580895104, 0.4897783281577447], "105": [1.220861292127595, 2.5702782886007287, 0.14118930551202313], "106": [0.2917637874901403, 0.26317579575963496, 0.4796461523000375], "107": [0.4767078405642642, 0.606797841690163, 0.5428673107561025], "108": [1.0846283278856799, 2.1739485616112155, 0.1116684908708262], "109": [1.3398214852709907, 2.8451682503687783, 0.08987703208742426], "110": [1.055534794713432, 2.232235723942159, 0.10751942497480649], "111": [1.0553580052048999, 2.2385847330535875, 0.08810640775790402], "112": [1.1378966538944555, 2.379763258590619, 0.12893752242586554], "113": [0.8716977181266176, 1.762375371494898, 0.11717053289243262], "114": [1.0200694311391882, 2.11039731055397, 0.1444674066449091], "115": [0.800235986642902, 1.4948713928793478, 0.13516524097338412], "116": [0.8892519036345353, 1.7326399423796737, 0.13520259916457278], "117": [1.013378106731213, 2.112419982026703, 0.1426552888821946],