{"1": [25.401290683998948, 42.9840393500022, 41.032115916657126], "2": [22.102791931001217, 53.3640601340157, 28.601006502277357], "3": [8.501757883249113, 50.414293062480525, 22.738504400049948], "4": [11.840417396145877, 32.31666547383765, 37.02098850697449], "5": [5.670134955512986, 9.147484995892011, 11.695427513704514], "6": [12.377612335959464, 43.175954317360095, 30.616162980722674], "7": [7.1699129554321575, 47.25636127122143, 17.97279229371682], "8": [19.648029700200865, 58.72445591037425, 23.646680438451074], "9": [6.152848213120846, 35.47756898471726, 25.945378824808287], "11": [6.748075484918416, 17.320733676992717, 41.17283896677269], "12": [11.993339037179087, 38.931344337329705, 39.78540659826636], "13": [3.893132493787437, 23.57756177126156, 18.979288932565545], "14": [5.182614607188555, 31.858978808230532, 21.88952059745909], "15": [3.3679880602424994, 11.717978217215157, 16.183858163520263], "17": [9.98338504217723, 24.180044766904285, 30.38484415206176], "18": [5.9393559848129724, 14.451925907382952, 20.926265898254243], "19": [5.263771041275284, 32.44880139369886, 20.443713196735466], "20": [13.838156675098006, 23.61924016498158, 51.25059559462057], "21": [11.411792154186791, 55.41878268231824, 24.8814413955686], "22": [3.136320764481889, 5.031186518496611, 2.4636483296564413], "23": [18.640302556575932, 37.33942606353138, 46.29901126724673], "24": [6.925898464234041, 33.90802407619248, 28.483748280511033], "25": [5.544060511020942, 7.656697791320198, 13.87839177484319], "26": [4.023010769645824, 24.26998398929611, 18.2868641939258], "27": [7.2233996606968685, 8.408678890778578, 14.137399155772437], "28": [3.01180376067287, 8.074066704904649, 25.253631966420606], "29": [12.899413327560163, 38.159437205511324, 37.95685651028622], "30": [1.6130839572402176, 2.8753059518260726, 10.955531563748933], "32": [3.71171761787756, 10.411058593406757, 18.76472128214336], "33": [7.0170105803428475, 14.336049210630543, 28.87484687766038], "34": [0.7308098714293308, 0.5706214057212189, 2.48943170807749], "36": [5.0264938656793285, 9.491928038815097, 11.900538861456916], "37": [6.276285124685822, 10.115025875125127, 29.786113305447145], "38": [9.519662949165507, 58.39415095835259, 18.50171154121745], "39": [4.192173042941127, 11.04719964387752, 28.703973528100853], "40": [6.607346168856433, 31.589145282197226, 30.72660986751383], "41": [26.222218518967185, 49.424821594175484, 31.297620898802702], "42": [3.599991205573504, 5.53475381100237, 4.128733970618335], "43": [14.136890630907105, 37.362250009953115, 42.08224046011391], "44": [10.914316694214776, 19.823620810779772, 39.013154778466784], "45": [11.55119628620885, 11.44410654165951, 32.66516866688534], "46": [9.837448952737166, 38.92851564132759, 25.68081969340464], "47": [6.956563243256496, 9.032118996605536, 18.461837607776907], "48": [7.378196672749554, 32.798747235953, 21.960468921119986], "49": [1.5121994607738145, 3.464594284060321, 9.733911153966803], "50": [1.8529853706288726, 5.369299713138016, 10.029808628971558], "51": [15.932161557749238, 48.48920000547008, 31.770042348146536], "52": [7.8427466688421, 38.31021284980653, 27.570548111488673], "53": [5.417734557307982, 9.726450277502842, 14.179813391507619], "54": [5.54181621304782, 9.629380621164346, 19.330729051069405], "55": [10.166269866867983, 15.757021935690872, 32.863662228812224], "56": [6.072740592547109, 24.292189205897373, 37.93449040468514], "57": [13.023454937042844, 27.225465859104645, 45.23278588044188], "58": [6.827139876918514, 19.61373088552455, 44.7089041017082], "59": [11.066061647572964, 53.47233628157751, 21.38289004789153], "60": [3.9378873076133685, 24.47947926498561, 17.185168975251358], "61": [20.794730100529875, 57.63399992747894, 28.22451821196931], "62": [12.173199963106647, 15.837492934229374, 59.33065540573702], "63": [25.048895772709997, 58.02606808654448, 24.46393514350214], "64": [8.273037081905036, 38.599203828930534, 28.317505811535547], "65": [16.253999238037405, 39.199987644752056, 39.69352368223523], "66": [3.4202226038047803, 11.87529130058988, 32.14913378049941], "67": [1.7889701682338912, 3.8670134666321068, 2.018007471320469], "68": [5.900959318121626, 7.843156846309876, 11.217355167831851], "69": [4.5701891226765365, 9.067548657201758, 6.459652119893322], "70": [6.262056954410281, 12.789844363708236, 38.908865028995656], "71": [4.287143399562994, 12.14467205261364, 26.608236535698463], "72": [8.63752572662133, 38.71584155919206, 32.60169619434736], "73": [1.842296622034549, 5.005151734817518, 9.805779963810334], "74": [8.278302242088689, 23.683491258921233, 49.83520951076626], "75": [9.397978828539992, 41.20400559820337, 33.506431202123096], "76": [10.346555388703448, 38.80742703715778, 27.885525715563013], "77": [8.50621727312911, 35.19077426128309, 33.282778770153705], "78": [11.837774254465685, 40.83459854350861, 31.551546048709866], "79": [6.0965021809018864, 24.997245005785206, 39.90793039860779], "80": [11.048444366929445, 52.71448981600851, 23.271292472723573], "81": [1.3042977951387493, 2.9597500908880647, 1.4870621790805072], "82": [2.114699125767661, 4.641732992678958, 1.7976041774736877], "83": [0.8458724655500869, 0.5061182601044026, 7.039410664096366], "84": [5.755248892054657, 20.844945661872835, 28.809657750901383], "85": [25.78799596525375, 55.849738558493726, 23.00848963703011], "86": [5.6213003449575245, 12.47715230644858, 20.79537512973804], "87": [2.9008944379337374, 4.222917611953965, 9.48820297602829], "88": [3.7432183869363405, 22.882943609095207, 17.72410097983407], "89": [2.770705915632914, 5.880125416108067, 14.62660615163431], "90": [5.082925219376033, 10.65411241372696, 13.903453406059281], "91": [5.319900723915754, 35.13200395066869, 21.998347077219123], "92": [2.6184988913730893, 12.063679222388526, 11.651135681727867], "93": [13.420225918162641, 32.74874655471158, 53.70085574170647], "94": [3.341868092684466, 22.60827788145748, 15.685884075650792], "95": [11.648598607966642, 53.6355289290163, 24.77044699918665], "96": [3.493633315393425, 6.739588337045747, 4.861387173956148], "97": [16.291281095561644, 53.42731827966735, 25.057802938445498], "98": [3.987246733468302, 28.262101138485964, 20.059724744315997], "99": [4.78458086588672, 7.874435486106451, 28.253213425394186], "100": [0.25820644418631544, 0.0, 3.5392897089860993], "101": [5.255369311573213, 30.751178211972594, 22.91159870520514], "102": [7.161867530480063, 47.79831230714716, 18.154333805532673], "103": [1.1901477244651741, 1.3698636822423553, 5.930377605504521], "104": [8.749699985547721, 13.602107278701252, 29.851338866540473], "105": [3.169730463226923, 21.94361200209627, 15.974443284700914], "106": [3.0226138834029124, 6.024601581467964, 7.056164130181346], "107": [11.509784956323923, 40.32077222232023, 35.40591330194139], "108": [13.996431664161266, 30.41696174596636, 37.05722844971134], "109": [5.994570770547996, 14.287272235495468, 19.82237736365358], "110": [3.021539977553495, 7.658455162944849, 4.960786104379389], "111": [8.480601993137878, 40.69045054583697, 31.15838773125093], "112": [12.297403423867847, 28.764725041196794, 48.071775972996], "113": [3.111197203162927, 12.310897549056218, 10.789267415210297], "114": [7.843058496072304, 11.007100671088011, 18.863071910721615], "115": [7.498763577581762, 20.948028378964707, 48.993423369161135], "116": [14.030500197167548, 28.89476387188719, 47.37710162942478], "117": [12.767420163983044, 23.392698657483272, 57.191431793351995], "118": [6.199420620484274, 23.989692237881293, 31.973677748054165], "119": [3.219389487049752, 4.763471475312618, 2.6240748363233157], "120": [8.951648499222694, 39.56326020957982, 32.62185641929109], "121": [3.4576443810201036, 5.03094048918769, 2.8212989106389585], "122": [5.770952956616129, 7.220867047333995, 43.24995545084012], "123": [1.7075059655341212, 2.4200187473320107, 12.660759374882215], "125": [14.464478405152175, 30.65755617092361, 48.84852515734395],