{"0": [0.5700119698010554, 0.551688542853257, 0.0009318458506264449], "1": [0.49405006048677025, 0.48747284028809523, 0.00010152012596165161], "2": [0.3735031946258145, 0.35699259793087784, 0.0024234751850114034], "3": [0.5579545610696095, 0.5788769049681539, 0.0005212947892737629], "4": [0.2898923993649797, 0.26136451038836567, 0.0011889384559081728], "5": [0.5184725335359268, 0.519336259749, 0.0025649325349339502], "6": [0.5156180905293702, 0.5234247158007648, 0.0016809724394170056], "7": [0.3880942157559524, 0.3653969130737878, 0.001923618364897628], "8": [0.4621006287617613, 0.4479985505287087, 0.001387394999288638], "9": [0.27310513325917274, 0.2526004133372135, 0.001524644285982868], "10": [0.4278374356898268, 0.42353870417916356, 0.0018899649518171469], "11": [0.2745456745769145, 0.24658511215633352, 0.0021971804950388085], "12": [0.3650308075578971, 0.3431895604709042, 0.0010754233824634696], "13": [0.37713318717448874, 0.36604728406326503, 0.0013298404935810915], "14": [0.3583220063303172, 0.34534834078279947, 0.002202866722615715], "15": [0.3268308527564622, 0.30842310863721595, 0.0017447036558209117], "16": [0.4159852132847529, 0.4030191575173037, 0.0017043453483110982], "17": [0.31759129212825266, 0.2725409485766479, 0.00856552263986321], "18": [0.3465562746352775, 0.33578146014799026, 0.001286264416788807], "19": [0.4000399519204946, 0.3913316081894092, 0.00240330065937433], "20": [0.3743013685532701, 0.35852739009649026, 0.0012056964435337436], "21": [0.22345098903627192, 0.19970607090768594, 0.0017995814701750046], "22": [0.18374077018901425, 0.14526803730642854, 0.009998958032074845], "23": [0.34420623802614103, 0.32826573051047137, 0.002235258798278128], "24": [0.37629531309267505, 0.3672702925184451, 0.0013687035220268928], "25": [0.33667859079299134, 0.31696361922130595, 0.001084030653528023], "26": [0.3902241755949878, 0.3820872326386179, 0.0015959798001908831], "27": [0.24385270900529277, 0.21566811118942678, 0.0013440879476868117], "28": [0.3603999151420749, 0.34696269711756067, 0.0020751796558005076], "29": [0.28923949408387417, 0.2658078506180637, 0.0009865560418891306], "30": [0.20404563390336472, 0.18030749655005518, 0.0008817123060689269], "31": [0.3618091784445272, 0.34446768280638085, 0.0005210910362957177], "32": [0.2591105620804719, 0.223482930217874, 0.006989899407502387], "33": [0.25368097275864365, 0.22893762124213388, 0.0008732319193350824], "34": [0.26200919422853064, 0.23753812510707425, 0.0010646218751575454], "35": [0.2927006499438808, 0.2726974515805617, 0.0009742266830233826], "36": [0.29902915774597594, 0.28056762722388595, 0.0015197280440332195], "37": [0.2983240653354845, 0.27329026069434526, 0.0008680403725781494], "38": [0.23549864400063925, 0.21149683628096255, 0.002235563733375634], "39": [0.27037345279489156, 0.2512173401292934, 0.0022782370089292625], "40": [0.08940155998044286, 0.06302381363485957, 0.012335127028580306], "41": [0.2975623194451109, 0.283864121243048, 0.0019211722470288128], "42": [0.169881993959885, 0.14592084773968814, 0.0011767186968778542], "43": [0.10059315626576504, 0.071081667932206, 0.012367982864226024], "44": [0.27318852025605644, 0.2544029474084857, 0.003168414400888775], "45": [0.29617413714322116, 0.27579273748898603, 0.0021161651593444297], "46": [0.2850678089950731, 0.26631806789575985, 0.0022112647440390987], "47": [0.2613811295086713, 0.24000846165561804, 0.0018316517099332685], "48": [0.22225210365373893, 0.19961967053995086, 0.0013918692456771353], "49": [0.26419774347661584, 0.23708915136950495, 0.0012004739301344491], "50": [0.20480468780341332, 0.18217982015385092, 0.0015898691253454222], "51": [0.17271177258085324, 0.14523468770276968, 0.0016826176332629394], "52": [0.2348027344778575, 0.21574979945913794, 0.0024680554194682625], "53": [0.21175534864357437, 0.18646973727361527, 0.0018905667488923195], "54": [0.23763104143868952, 0.21537642005759544, 0.0012878028105569594], "55": [0.24248839897585328, 0.21839427419841587, 0.0017458844477034052], "56": [0.155912814508677, 0.13207281486989084, 0.002038952631029267], "57": [0.16912893302579057, 0.1394126495536351, 0.007752414136535601], "58": [0.22153137061816675, 0.20102589626761616, 0.0026641993015871224], "59": [0.19366383889222716, 0.17088817829338407, 0.0014798206241791734], "60": [0.2104119718774995, 0.18771866382853758, 0.0025192916697589496], "61": [0.2243440762526866, 0.19656801436386206, 0.0016628959287180445], "62": [0.2292515854647197, 0.20744030845603917, 0.0026585535296818064], "63": [0.08322484321305279, 0.06000016095459707, 0.007146637857396665], "64": [0.27391862676116496, 0.25651395741009275, 0.0019900658270554095], "65": [0.24394152218175436, 0.22098914746181572, 0.0011160082205995403], "66": [0.19224280988594822, 0.169680770718568, 0.0029433620863217325], "67": [0.21322418820325872, 0.19055216995732707, 0.0019111563194379455], "68": [0.17406735347821667, 0.1478105818525151, 0.0011351386107625316], "69": [0.2132173319904691, 0.19168051069984837, 0.002384275080425491], "70": [0.19924914485899703, 0.1793281280551715, 0.0016703002109935694], "71": [0.1929552631800987, 0.17183834291468772, 0.002703081606620139], "72": [0.09227080479938132, 0.06614079663343315, 0.01105610627936715], "73": [0.11467273887998264, 0.08832283149100131, 0.00794370866716787], "74": [0.16151864774897906, 0.13901593651153715, 0.0019778205430048823], "75": [0.20622518816081514, 0.1820360183562576, 0.0014303070036673082], "76": [0.17269222805851747, 0.15208773234552297, 0.0024787246742895563], "77": [0.1818022186784931, 0.16019921437892978, 0.0013903397365475634], "78": [0.1852858392407335, 0.16408994898471627, 0.0018777231589883758], "79": [0.05593833069461829, 0.03820934746810746, 0.00887182104760964], "80": [0.1705988353446537, 0.15137661531118207, 0.001870281363282933], "81": [0.09509330049054532, 0.07051414533213383, 0.00825873233462282], "82": [0.156626721041782, 0.1340538777891126, 0.001904686441141834], "83": [0.1698922240708739, 0.14925581060579995, 0.0026359875357253593], "84": [0.16294357484299082, 0.14088301111455948, 0.0016079446438590494], "85": [0.17829563625708877, 0.15515311485481786, 0.0017230405309804908], "86": [0.07623903927348552, 0.05630860556794265, 0.007344681707998402], "87": [0.1377895817260547, 0.11723419107739357, 0.0012923183496453827], "88": [0.18875431054898484, 0.1665395075655025, 0.0024499441822242174], "89": [0.16153378707025456, 0.1409678528238855, 0.002343477502511293], "90": [0.12311234393511905, 0.102584804894651, 0.0013772785062454718], "91": [0.0845886860367393, 0.058855680590615474, 0.00832197724824879], "92": [0.0845886860367393, 0.058855680590615474, 0.00832197724824879], "93": [0.0845886860367393, 0.058855680590615474, 0.00832197724824879], "94": [0.1685195975125532, 0.14888928382465755, 0.0021781819400823466], "95": [0.10349474173974638, 0.07758270909512392, 0.008765699234486335], "96": [0.10281064475066348, 0.08108341110144394, 0.005621421306911456], "97": [0.19018900340908684, 0.1689190584769863, 0.002126977884374104], "98": [0.11262238088018806, 0.09347894954825109, 0.0020912909849022387], "99": [0.13009716821728712, 0.10952550790002719, 0.0018542716984532026], "100": [0.18809853700579082, 0.16556234216220395, 0.001746903019778201], "101": [0.06014222809886294, 0.04103746081122522, 0.008821612205653251], "102": [0.17622276498950018, 0.15400035109509583, 0.000886508232040728], "103": [0.08951481106194892, 0.06547511214231416, 0.00901993324287187], "104": [0.06295103462036533, 0.04542903989539107, 0.006746775310624176], "105": [0.1433748996581572, 0.12272163094123373, 0.001949859777696239], "106": [0.0342693969956791, 0.021451498222718968, 0.006609868374401362], "107": [0.05595495165109665, 0.037500663520791386, 0.007489665565375003], "108": [0.12729913072766286, 0.1068838843310823, 0.0015382882883989701], "109": [0.15736069629274185, 0.13522319439061656, 0.001241337487227323], "110": [0.12381160728049401, 0.10462798296067725, 0.0014814176587966132],