{"0": [0.0980836776321442, 0.004392962519108686, 2.748449006428899e-05], "1": [0.08491434511205409, 0.0040010962499123625, 2.99318377372515e-06], "2": [0.06417064407031792, 0.0030592154838166167, 7.143973956902361e-05], "3": [0.09593972653870597, 0.004625666087509734, 1.53810471912319e-05], "4": [0.04978211417766165, 0.0022750086809677364, 3.5019236504840734e-05], "5": [0.08911206340947464, 0.004136762057723992, 7.563553470901763e-05], "6": [0.08863045281858883, 0.004149874909393968, 4.956130292099736e-05], "7": [0.06668742837907105, 0.0030072018567698314, 5.671387563321861e-05], "8": [0.07940174018485935, 0.0036079193851015416, 4.089924702588288e-05], "9": [0.04690248854661605, 0.002359209613995122, 4.491947069562574e-05], "10": [0.07352281451392217, 0.0034369882055552176, 5.5708809808097115e-05], "11": [0.047143683097613076, 0.002144157249965618, 6.470240893086121e-05], "12": [0.06272850161985166, 0.0028967691781356707, 3.1703280675809964e-05], "13": [0.06487372934344593, 0.0030434314022421763, 3.920123438283518e-05], "14": [0.061636354272397775, 0.0028998726929584553, 6.495746716439488e-05], "15": [0.0561373569880701, 0.0025724176733694145, 5.138550982208834e-05], "16": [0.07148421852928688, 0.003386223533205315, 5.025181018347702e-05], "17": [0.05457322364100081, 0.0024821082394137902, 0.00025246031975045824], "18": [0.05960032970473861, 0.002847406604285339, 3.793173043953324e-05], "19": [0.06872878630223811, 0.003351948791895924, 7.084743281782213e-05], "20": [0.0642935428350282, 0.0031163882313832102, 3.553338666562045e-05], "21": [0.03838382323594358, 0.0018452789788273919, 5.302196495737821e-05], "22": [0.031549426606333975, 0.0013098925175836433, 0.0002944484470324138], "23": [0.05913368071916647, 0.0028878588002651173, 6.589609045259959e-05], "24": [0.06465041345929556, 0.003160870322509492, 4.033970811456733e-05], "25": [0.05781876676382347, 0.0026841204155690444, 3.192547828678727e-05], "26": [0.06704831309401316, 0.003169594350787919, 4.7020996681745864e-05], "27": [0.04186683530656543, 0.0018922668374803991, 3.958325483222058e-05], "28": [0.06189644944618611, 0.0029252592139002976, 6.115224412661657e-05], "29": [0.04966350281702503, 0.0023038835765402717, 2.906009919712016e-05], "30": [0.03502956446401995, 0.00164482638999258, 2.5954567373420723e-05], "31": [0.06213672281018079, 0.0029158026589102635, 1.5356399459154346e-05], "32": [0.044502647142887986, 0.0021024070530192597, 0.00020594522801542503], "33": [0.04354766971778368, 0.0020307443682316545, 2.570898888965001e-05], "34": [0.04498555418731376, 0.002111276477219464, 3.135040660540156e-05], "35": [0.050262358576421695, 0.0023742835526349604, 2.8699632689144217e-05], "36": [0.05134320018276217, 0.0024341033885784628, 4.4751579371893335e-05], "37": [0.05122304924843435, 0.002318945223056417, 2.5563670258077487e-05], "38": [0.040428188276010024, 0.0018400757381960534, 6.583765976253542e-05], "39": [0.04642450313082247, 0.002109794453407762, 6.707867670796563e-05], "40": [0.015354156124096408, 0.0004720300645852079, 0.0003633559093965122], "41": [0.0511012288555075, 0.0024729117619262425, 5.660572354604376e-05], "42": [0.029153586257255282, 0.001304157485138291, 3.4635454114195774e-05], "43": [0.01727391095069497, 0.0005229695259096721, 0.0003642617332435538], "44": [0.04690494891194097, 0.0021160953070371567, 9.329136813029937e-05], "45": [0.05086157474826103, 0.0022962558223233905, 6.231310442061933e-05], "46": [0.04894433748671223, 0.0023098801967015923, 6.513078199166245e-05], "47": [0.04486767647193246, 0.002076467810259584, 5.393537878672916e-05], "48": [0.03814976408952164, 0.001773040781386907, 4.09812713190183e-05], "49": [0.045348165839842136, 0.00200708542004098, 3.533987900650182e-05], "50": [0.035151311631401505, 0.0016420242011982171, 4.6799063314173495e-05], "51": [0.029634464095261603, 0.0012295783816650833, 4.950947069226608e-05], "52": [0.040308310299284944, 0.0018547180211193077, 7.266438204722725e-05], "53": [0.03634985799260659, 0.0015528987125990586, 5.565193262457857e-05], "54": [0.04078914492869823, 0.001856032875717034, 3.790357828781232e-05], "55": [0.04162788610336887, 0.0018485619036481913, 5.139140069976289e-05], "56": [0.026754493207895247, 0.001100643138763596, 6.0002964461403074e-05], "57": [0.02903202438215169, 0.0012249711385358731, 0.00022820775479726052], "58": [0.038029152553852974, 0.001727641333737264, 7.843765937898262e-05], "59": [0.03323305333061055, 0.0015170388936514745, 4.356015789763745e-05], "60": [0.03611152729861056, 0.0016020234633210213, 7.415168575475306e-05], "61": [0.03850952678051933, 0.0016268890482354524, 4.8944901100189675e-05], "62": [0.039349749547293755, 0.0017602378963390765, 7.826611261796401e-05], "63": [0.014277789893437087, 0.00047690828220053617, 0.0002102525440559333], "64": [0.04702583436873409, 0.002225582940869438, 5.861162820697263e-05], "65": [0.041869454254903626, 0.0018964260984451957, 3.285014455112201e-05], "66": [0.032992434337349, 0.001417008833596677, 8.662106102808043e-05], "67": [0.03659188712873784, 0.0016659695804817091, 5.6256826762690615e-05], "68": [0.029873154557786052, 0.0012242140123951471, 3.339989010608946e-05], "69": [0.03659168554775738, 0.0016384112141353583, 7.017863971270355e-05], "70": [0.03419262136058099, 0.001583067089397324, 4.9161023964461315e-05], "71": [0.03311280132689287, 0.0014587372891800218, 7.955229562450761e-05], "72": [0.015836199231009207, 0.0004788513180046739, 0.0003254255593461153], "73": [0.019676256700287387, 0.000773934082352092, 0.00023377713322747518], "74": [0.027714665771836677, 0.001212208392631407, 5.820349872664998e-05], "75": [0.03539191602949321, 0.0015620442951983073, 4.2093559130318425e-05], "76": [0.02963388837512171, 0.0013841136864178544, 7.295706005527869e-05], "77": [0.03119418330074375, 0.0013895365059778712, 4.0913811961140745e-05], "78": [0.031793701080122805, 0.0014695647914515716, 5.526499270058771e-05], "79": [0.009598185956476657, 0.0002685453313105635, 0.000261085971461017], "80": [0.029274082736244544, 0.0013753392072046622, 5.5048531124923805e-05], "81": [0.016316861407566052, 0.0005716164976280499, 0.0002430357136429251], "82": [0.026874903312806397, 0.0011353877624364077, 5.604516215529376e-05], "83": [0.029153888354973012, 0.0012443984877123849, 7.756742569098307e-05], "84": [0.02795539985454054, 0.0012514283567857602, 4.731970505544858e-05], "85": [0.030593989065136884, 0.0013189990194801568, 5.07034535845996e-05], "86": [0.013078207423173227, 0.00046882370001100434, 0.00021607054295036399], "87": [0.0236367531867413, 0.0010329041738195322, 3.8021786813113856e-05], "88": [0.032392772665071345, 0.001383180893028644, 7.209631115001613e-05], "89": [0.027715111916166046, 0.001203704612502272, 6.895847892129936e-05], "90": [0.02111742267184491, 0.0008701603211003242, 4.051390276127442e-05], "91": [0.014516724812248305, 0.0004063651401689149, 0.00024483343534453805], "92": [0.014516724812248305, 0.0004063651401689149, 0.00024483343534453805], "93": [0.014516724812248305, 0.0004063651401689149, 0.00024483343534453805], "94": [0.02891469441925032, 0.0012702316552642369, 6.409285061714787e-05], "95": [0.01775690446246725, 0.0006377562730204773, 0.0002579394635927601], "96": [0.017637372351604452, 0.0007403634566968213, 0.0001653898618407812], "97": [0.032633794575033015, 0.001447601019305457, 6.259398746766287e-05], "98": [0.0193177178312417, 0.0008035583131570684, 6.151926977837618e-05], "99": [0.022316976343837003, 0.000944765079240401, 5.4550252370333396e-05], "100": [0.03227407526706161, 0.0014305105029776605, 5.14083734799442e-05], "101": [0.010318301042465117, 0.00028298437309362355, 0.0002595564837607478], "102": [0.03023478793085721, 0.0013737944273223464, 2.608606564691307e-05], "103": [0.015357494758225676, 0.0005235817955516195, 0.0002654123910664774], "104": [0.010798560174507865, 0.0003413075539151034, 0.0001984656910035687], "105": [0.02459632127715805, 0.0010674171569161157, 5.737040503039914e-05],