{"1": [0.09227005953623701, 0.052412320221705305, 0.0005568550733681121], "2": [0.07192615223997667, 0.040513762557669857, 0.0004376240383854313], "3": [0.02099482121971874, 0.011410528732553923, 0.00020012135955371768], "4": [0.03796247552855747, 0.02090194501141255, 0.00033326213363182866], "5": [0.02156823824327725, 0.011549722958434823, 0.00010132165697185336], "6": [0.03677022934520058, 0.020084490365961293, 0.00022052752687040655], "7": [0.017197000434609366, 0.009209153260104358, 0.000135126081826753], "8": [0.0565620069353453, 0.03155525663661289, 0.000303352571233817], "9": [0.014996820547918288, 0.008000232398745866, 0.00018242019085101813], "11": [0.01918836621305875, 0.010286690015709785, 0.0003361911315851174], "12": [0.034377973326295996, 0.019030745817355005, 0.00034478995419073843], "13": [0.00919872014131895, 0.004805252952195257, 0.00012221289526592738], "14": [0.012397920274635044, 0.006568880171509078, 0.00015067981326377655], "15": [0.008397760495905016, 0.004391806501761486, 0.00011956004988211699], "17": [0.029777994174978617, 0.0158963941895738, 0.0002895521858031769], "18": [0.017388067152340536, 0.009201841627078391, 0.00015702384969418226], "19": [0.012597860315956222, 0.006673834243007164, 0.00014064049942941192], "20": [0.060661158202307, 0.034096686058283115, 0.0007359990476717426], "21": [0.02919028296185755, 0.016054700034357747, 0.00022173659236912613], "22": [0.008795161970033827, 0.004525591453201442, 1.726901982734841e-05], "23": [0.0678973312103811, 0.03843808239231154, 0.000537183409636155], "24": [0.017594481500984083, 0.009489900711664896, 0.0002369893193531203], "25": [0.01718568974915813, 0.009096264071506318, 0.00011558194704253122], "26": [0.009398940086660201, 0.004917258999656484, 0.00012165401690167332], "27": [0.024771787031264814, 0.013016795002919915, 0.00011234559290751456], "28": [0.00739830030528732, 0.0037843513948775313, 0.00018249724129537626], "29": [0.04932073710671958, 0.028172708553907206, 0.00047030550552717987], "30": [0.003799500049329052, 0.0019270886659627422, 6.718347183332085e-05], "32": [0.009596600975767644, 0.004990447409251268, 0.00014366075199179207], "33": [0.022577561252924316, 0.011889732805025598, 0.0002501420127152265], "34": [0.001799580067991302, 0.0009049265448053634, 1.5235146333836269e-05], "36": [0.014789805783906318, 0.00773139736617714, 8.956518756031429e-05], "37": [0.018984911103738678, 0.009805433258566969, 0.00023158434688086427], "38": [0.023394501251712607, 0.01278571045990966, 0.00014315193402358872], "39": [0.011394342738820451, 0.005875764617182871, 0.00017691523311713642], "40": [0.017592163555954943, 0.00934102485869509, 0.00023650673956820967], "41": [0.1032137541500815, 0.059343330728693466, 0.00033860758577897165], "42": [0.010194062738972276, 0.0052406044719776395, 2.7945339391988178e-05], "43": [0.043163750352747776, 0.023705412318287888, 0.0003264580281202578], "44": [0.0431252801088533, 0.023991801046236817, 0.0004607317700542346], "45": [0.04533050386002446, 0.023908014382717006, 0.00032380149492861054], "46": [0.028978396702398546, 0.015450294623873704, 0.0002178491000449645], "47": [0.026758615101603933, 0.014355641301952616, 0.00016774344454284495], "48": [0.020587788188364153, 0.010866355639725071, 0.00019246326100075262], "49": [0.0035994400639939306, 0.0018386492266560942, 5.918508890845331e-05], "50": [0.004598820262613712, 0.0023653123501304954, 6.605600002196343e-05], "51": [0.054927165452724025, 0.031249359030661974, 0.00037673283389860757], "52": [0.02039228286303063, 0.011017889422709677, 0.00021611644195584923], "53": [0.017383075232129563, 0.009134923711175014, 0.00011700750710386121], "54": [0.014993022563227876, 0.007821979198557882, 0.0001436143337807394], "55": [0.04013136601366285, 0.021435394504664983, 0.00026874348359573474], "56": [0.01539526124637125, 0.008235403507519065, 0.00025466063206380785], "57": [0.04474713592818469, 0.02479078317760424, 0.00045131333485026737], "58": [0.018790244451578397, 0.01006994485544591, 0.0003607265178041663], "59": [0.028589544021201507, 0.015374046043886078, 0.00019851917730351332], "60": [0.009398460230633066, 0.00492165651157801, 0.00011093474163825778], "61": [0.06752394296894715, 0.03820733589174884, 0.00035061924418122725], "62": [0.05269565712223645, 0.029869086905984284, 0.0007172377516684314], "63": [0.08946535596245808, 0.050977080960253336, 0.00029223786094578763], "64": [0.021791063456184756, 0.011853728867223278, 0.00022410319146670687], "65": [0.06766750154254986, 0.038562930449663066, 0.00046773535982080894], "66": [0.008996381291605404, 0.004786549165712735, 0.00026489539937335493], "67": [0.004598460366599055, 0.0023553857066353503, 1.2794148214867462e-05], "68": [0.01997825925526775, 0.010481039085227238, 0.00010027449382288278], "69": [0.014386890912251094, 0.00755583371323015, 5.2126384594841646e-05], "70": [0.018187867149808246, 0.009469628034030298, 0.0002794626638579212], "71": [0.01199308388607978, 0.006414833784587522, 0.00018579991812783803], "72": [0.023985850216900362, 0.0130231931371377, 0.0002603917653548615], "73": [0.004399280093322688, 0.0022438798103365577, 6.254494295543367e-05], "74": [0.023784748898208252, 0.013056275870029393, 0.0004609091277948396], "75": [0.025188285709429103, 0.013638691739340429, 0.00025218906313639877], "76": [0.029979095629372732, 0.016076344130373073, 0.00025425685491220484], "77": [0.02338766625727995, 0.012737928732715483, 0.00028266017518774333], "78": [0.033180531678584035, 0.018041554788428744, 0.0002773595644102178], "79": [0.015395381246355533, 0.00817675081402871, 0.00028926901249060055], "80": [0.028589543757386426, 0.01548966644289644, 0.00020446983572908195], "81": [0.0031992801173179597, 0.0016348018490163526, 8.99679812704779e-06], "82": [0.005597720685172836, 0.0028731542200828514, 1.1594222264599274e-05], "83": [0.001999720029330687, 0.00100347830210916, 4.170957641180806e-05], "84": [0.01579174419150209, 0.008346645025710352, 0.00021776448791588354], "85": [0.08570492284818021, 0.04820532461512253, 0.00036451982695884233], "86": [0.014395241271715764, 0.007439811856398649, 0.0001489819093550837], "87": [0.008992664537792239, 0.00469477782222847, 8.711816512629866e-05], "88": [0.008798880114655239, 0.004602080781680279, 0.00011781301516688991], "89": [0.007396821041058543, 0.0038268150061960063, 0.00011041976739445403], "90": [0.013394621760842385, 0.006966101459495988, 9.136860770497801e-05], "91": [0.012598180211977228, 0.0066949975529588006, 0.00014288302694365207], "92": [0.0063986002586257085, 0.0033550676939732077, 7.358076848629214e-05], "93": [0.040368901719974426, 0.022130582291337873, 0.0005438798172228143], "94": [0.007799140067995092, 0.004095839673525672, 0.00010137936827592231], "95": [0.030587345857344128, 0.016575584423658755, 0.00024210544607494722], "96": [0.010791006396177472, 0.005635671977862316, 4.640326181248877e-05], "97": [0.05672024777703488, 0.03221438596764175, 0.00029413212402884525], "98": [0.009398740142650741, 0.005006069953403479, 0.00014420484671717748], "99": [0.014189746499078004, 0.007368832528586401, 0.0002637005149510596], "100": [0.000599940003999766, 0.00029991001399848317, 2.0435904759308343e-05], "101": [0.012797280549230905, 0.00676149022606689, 0.00014847818186136674], "102": [0.01719696043461083, 0.00924165815543037, 0.00013796370329510754], "103": [0.0027996400346637085, 0.0014095950492210186, 3.4432109097926045e-05], "104": [0.027774719357127053, 0.014745206194454678, 0.0003145700953196551], "105": [0.007399180065328581, 0.003888943064635724, 0.00010241883054862289], "106": [0.00779730071584428, 0.00397891100772124, 4.0863512638433797e-05], "107": [0.035369724930682245, 0.01987355688089099, 0.00029975602830756287], "108": [0.04814120775921038, 0.026518594937455644, 0.00038782589494834596], "109": [0.0171892458078573, 0.009046384310827592, 0.0001461643082232289], "110": [0.008196101534155176, 0.00426776869221111, 4.121856164640558e-05],