{"0": [0.8127278149598646, 0.817856608343196, 0.0018979097405912304], "1": [0.7048406410143935, 0.7268642603125424, 0.00020683469970217416], "2": [0.5329679256832677, 0.5408536006830119, 0.004937236908803433], "3": [0.7958314544244272, 0.8501393248677488, 0.0010616320334156937], "4": [0.4137610667597609, 0.40192202108178343, 0.0024234844671495726], "5": [0.7396825429123516, 0.7673924015294867, 0.005224752853907111], "6": [0.7355718146836722, 0.7711386838689327, 0.0034245304005173782], "7": [0.5537459864231407, 0.5504530861279237, 0.003918885807167705], "8": [0.6593508809021862, 0.6679863557980132, 0.0028267148677872944], "9": [0.3897870490432911, 0.3924403594972487, 0.003107314496911928], "10": [0.6104262587810324, 0.6305139165507313, 0.003850866642618578], "11": [0.39186967409052076, 0.37938092510374527, 0.004478911223645521], "12": [0.5208207384538561, 0.5197114135463601, 0.00219106389921242], "13": [0.5378104638419501, 0.5489214342926831, 0.002709533387696861], "14": [0.5109912031356042, 0.5196069936150506, 0.004487432884136222], "15": [0.4664317272498195, 0.46638915711800866, 0.003556401696103717], "16": [0.5935237656645561, 0.6065334820943896, 0.003472087446596772], "17": [0.4531480499331154, 0.4259037785966922, 0.017452308454331322], "18": [0.49426416722617317, 0.5060815741671009, 0.0026202057586326433], "19": [0.5708388313186633, 0.5905936434907882, 0.004896429491044629], "20": [0.5341677924867749, 0.5449354164918752, 0.0024568557098902932], "21": [0.3188810919346182, 0.311279528957362, 0.0036675967509174345], "22": [0.26226746704752024, 0.23015288650326063, 0.020383022194727984], "23": [0.4911779166842666, 0.5005530686659999, 0.004554044791141965], "24": [0.5369518051257813, 0.5552088103178243, 0.0027889489656065525], "25": [0.4805289063161049, 0.48097165364735206, 0.0022097694491802766], "26": [0.5568069765291401, 0.5729033913793217, 0.003252671898014259], "27": [0.34808787149397813, 0.333520619179654, 0.0027399201898055114], "28": [0.5143685304964535, 0.5240164291515629, 0.004228773567308108], "29": [0.412857012607483, 0.4072411090234864, 0.0020108600391223197], "30": [0.29127757369580265, 0.28121247856634507, 0.001797809250145388], "31": [0.5163873945749213, 0.5216757532301092, 0.0010618232776261616], "32": [0.3697981620177657, 0.35177314031187445, 0.014245100235420471], "33": [0.3621454164504513, 0.3537039958963291, 0.001780377066349259], "34": [0.37399914880762075, 0.3666893756459359, 0.0021703373504836643], "35": [0.41777783554667025, 0.4171650129911902, 0.00198564849930849], "36": [0.4268358777553708, 0.4284188705883689, 0.0030981081425259793], "37": [0.4258255308591965, 0.41713286106069963, 0.001769482515313281], "38": [0.3361815072865205, 0.32577845949949175, 0.004557167754567826], "39": [0.38592623221230604, 0.38186201729975316, 0.00464474302994633], "40": [0.12759545610358014, 0.09847517912960842, 0.025142040736077176], "41": [0.424699727236441, 0.4325667789862249, 0.003915294272410996], "42": [0.2425553419987646, 0.22789114137896185, 0.00239945097234584], "43": [0.14357824179829404, 0.11071329857454074, 0.025211094402916467], "44": [0.3899568754165599, 0.38588134196826257, 0.00645930572888509], "45": [0.4227238948341139, 0.41814794478447126, 0.004314018448171919], "46": [0.4069147064908304, 0.4070570122262075, 0.0045072722956692735], "47": [0.37314565953713263, 0.3679509617810023, 0.0037340460415125065], "48": [0.31729043846361404, 0.3088665353026189, 0.002837667489487994], "49": [0.37717952538824573, 0.36328770844758285, 0.002447675968444196], "50": [0.29239767372098036, 0.28324821910077774, 0.003241786292258464], "51": [0.24661601754081308, 0.2252823742754776, 0.0034316063007423514], "52": [0.3351897904028429, 0.3303335978870548, 0.005031856385914524], "53": [0.30229711310360496, 0.2858353681486139, 0.0038548378855056686], "54": [0.3392474611730756, 0.33069038936094636, 0.002626008019672166], "55": [0.34616063817755827, 0.3344500030273221, 0.0035598610888640803], "56": [0.22261819789495907, 0.2040095337725669, 0.004157965353992377], "57": [0.2414471452121596, 0.21837421521240324, 0.015806776907432485], "58": [0.3162482062756823, 0.30843982824092747, 0.0054316625058009604], "59": [0.2765182690220144, 0.2653582538700639, 0.0030173501250756463], "60": [0.3004124817150573, 0.28857945043591504, 0.005137017593354942], "61": [0.3202741061457345, 0.3011883888057143, 0.0033907896339393506], "62": [0.32728935634391587, 0.31766921787595065, 0.005420323422201112], "63": [0.11884666966768453, 0.09456711101084651, 0.014576252491532604], "64": [0.3910182922379113, 0.39209857080072263, 0.004056472322131466], "65": [0.34826880312497077, 0.33913601611290173, 0.0022755831700411733], "66": [0.27447538847243236, 0.2602985436793675, 0.006002132156952444], "67": [0.3044373836068901, 0.294291268398438, 0.00389685211728219], "68": [0.24852551531766787, 0.22788728249204077, 0.002315078766369383], "69": [0.30442339466601265, 0.2944194503923999, 0.00486160092331589], "70": [0.2844882864445364, 0.27724447028036514, 0.003405992743163999], "71": [0.27550076698450565, 0.26408293543706246, 0.00551201216559849], "72": [0.1317364802355484, 0.10262028598561296, 0.0225440337810755], "73": [0.16374040471155482, 0.14000410772721145, 0.016199020792125318], "74": [0.23063006171510236, 0.21605618970956883, 0.004033326921682678], "75": [0.2944394417288909, 0.28065729483912777, 0.002916753912264425], "76": [0.2465761791730826, 0.23746783773873573, 0.005054301397885208], "77": [0.25959652075522643, 0.2477646429480044, 0.0028353797342791642], "78": [0.2645631243696206, 0.25515545163489356, 0.0038289901746301203], "79": [0.07987420600978568, 0.05958866863794517, 0.01809213212079952], "80": [0.24358965668823496, 0.23603352470989467, 0.0038137223152373556], "81": [0.13578235112078085, 0.11090167840394637, 0.016842000615190367], "82": [0.2236465275982783, 0.20738967361615188, 0.0038844472456680545], "83": [0.2425761675647804, 0.22916528824170368, 0.005375640577418905], "84": [0.23268087843009144, 0.2196598327763793, 0.00327904174093252], "85": [0.2545831156572773, 0.2394949402531139, 0.0035138776326042453], "86": [0.10887562903890868, 0.08911287349904187, 0.014980503914038046], "87": [0.1967747236302092, 0.18306587823962128, 0.002635741712051054], "88": [0.26949884668852797, 0.25525025390706985, 0.004996068629376738], "89": [0.2306609140700906, 0.21775222950499962, 0.004779221513513732], "90": [0.17582115720750535, 0.1595975717060247, 0.0028093085921980787], "91": [0.1207729692074746, 0.0911867179321623, 0.016973363033541022], "92": [0.1207729692074746, 0.0911867179321623, 0.016973363033541022], "93": [0.1207729692074746, 0.0911867179321623, 0.016973363033541022], "94": [0.24063197363946898, 0.22947327942081996, 0.004442186104100965], "95": [0.1477852673755271, 0.12211282128845785, 0.017876266203735613], "96": [0.14681770329248056, 0.12911939484121418, 0.011465123187194837], "97": [0.27156956367860374, 0.2602608440866412, 0.004337484674128755], "98": [0.16084163373069438, 0.14590332542206919, 0.004265605792949101], "99": [0.18579019883461978, 0.17061897474997634, 0.0037820537566095602], "100": [0.2685890013209895, 0.255916110371447, 0.003562428801912265], "101": [0.08588214018563711, 0.06383318373214925, 0.017991570848965632], "102": [0.2516384225856778, 0.23988478607785615, 0.0018079480578655494], "103": [0.1278262071110462, 0.10301705406892372, 0.0183951309336019], "104": [0.08990010090574452, 0.07091745202695915, 0.013761634971901748], "105": [0.2047447758876424, 0.19092371230092128, 0.0039767274846199685], "106": [0.0489375641105011, 0.032585672008011664, 0.013481714071597595], "107": [0.07990809225322482, 0.058259097040240286, 0.015275951354957962], "108": [0.18179420614731334, 0.16574523524976564, 0.0031377100398864988], "109": [0.22471579523449936, 0.21049171997056776, 0.0025316865276611145], "110": [0.17681965238752884, 0.16359923326760065, 0.003021633017640468], "111": [0.1768146673646368, 0.16399077559907374, 0.002473800003368276],