{"0": [3.9612945871102165, 6.7705981374926685, 0.045800920909756515], "1": [3.462257983422126, 6.293055974157801, 0.00505522545545678], "2": [2.624928167251946, 4.893744633193428, 0.11940369884301771], "3": [3.8976925539787444, 7.16327074933519, 0.02574894106001202], "4": [2.044378696289752, 3.715022937832122, 0.05948435765572202], "5": [3.633344786625792, 6.479139490100707, 0.12652035009032325], "6": [3.6107000540962595, 6.493281406734299, 0.08324907918733815], "7": [2.7245319534704455, 4.808678127226109, 0.09523834412686039], "8": [3.244647553858116, 5.7303236663311745, 0.06887138589371034], "9": [1.9250266194737127, 3.84139456733093, 0.07608860789005967], "10": [3.0016159103272035, 5.45427168729289, 0.09388582326395256], "11": [1.9370551072190383, 3.508435053624452, 0.10966731055985113], "12": [2.561424276412746, 4.635825522313963, 0.05336187476372234], "13": [2.6278469959298296, 4.801892468976382, 0.06609492009932416], "14": [2.4971984015288444, 4.581732741745103, 0.10898248351548745], "15": [2.3012596075647074, 4.172129925388553, 0.08723241919774916], "16": [2.91905316529105, 5.381381592812562, 0.084372909269681], "17": [2.2295348406680953, 3.9700092002032084, 0.423637964724348], "18": [2.4186870590376084, 4.5191364964349034, 0.06373366916494716], "19": [2.8116929708588456, 5.341921628619759, 0.11908601245602446], "20": [2.634765747768452, 5.0012105359847645, 0.05996603359016672], "21": [1.572524563080849, 3.0099424379532103, 0.08982643012225511], "22": [1.2968810137764768, 2.1582155236144684, 0.4996421646233481], "23": [2.420079488678629, 4.637287450585385, 0.11085411747899176], "24": [2.6445139577981323, 5.052922820926019, 0.06807279401063548], "25": [2.3736088259742782, 4.350606696302179, 0.054262834798344595], "26": [2.7410069912409347, 5.06244907020086, 0.07958326518727121], "27": [1.7224311301819584, 3.117150615481045, 0.06727743336465886], "28": [2.539660626552864, 4.718013043519713, 0.10319961317178739], "29": [2.0417229204815452, 3.7683594525572333, 0.04927975998478484], "30": [1.4421913359732041, 2.7165623266968613, 0.044318397419322086], "31": [2.5501190016679507, 4.711991669537395, 0.025858321561650244], "32": [1.8253154010892207, 3.416083014810151, 0.34763461530900175], "33": [1.793825050935388, 3.3453046087926483, 0.043849920986914426], "34": [1.8502402937115838, 3.4607552364781213, 0.053350422606293635], "35": [2.064775345707631, 3.8721987788502674, 0.04866005053621736], "36": [2.1111814645894276, 3.9688281214022902, 0.07610969331256334], "37": [2.105937743657595, 3.792621588665396, 0.04341722818817362], "38": [1.6647359985270982, 3.032588717272387, 0.11188400319040726], "39": [1.908425914932499, 3.4578116248572925, 0.11426249693078527], "40": [0.6300294401680823, 0.7749720791807369, 0.6164254381561467], "41": [2.0978610799391193, 4.015081020623578, 0.09576130823364337], "42": [1.20396700516873, 2.1792018492766347, 0.05921285079681049], "43": [0.7095786413811384, 0.8597633331408496, 0.6185871429064075], "44": [1.929157073146285, 3.46959889644516, 0.15853553399597675], "45": [2.0884810221584305, 3.7431713380718645, 0.10591239028666033], "46": [2.013135093865165, 3.7743030120346637, 0.11046239745457265], "47": [1.848806054311729, 3.4172633749489316, 0.09175036575891027], "48": [1.5724035493624493, 2.933955528087347, 0.06981876170999801], "49": [1.8696393781928298, 3.3139328530662904, 0.06028904099806609], "50": [1.4500581674876356, 2.725074394917926, 0.07993671180580186], "51": [1.225451881394191, 2.0647683705903677, 0.08484290478932877], "52": [1.6599220179258354, 3.0587768756653992, 0.12383954839974987], "53": [1.4975874554159385, 2.5800443442233365, 0.09499290982301745], "54": [1.6813314091400078, 3.068684414961942, 0.06480376922890707], "55": [1.7142269797768876, 3.0503908073600305, 0.08768935664190947], "56": [1.1055241064006491, 1.8493887606216464, 0.10259254099090431], "57": [1.1962920996067625, 2.0311907874119983, 0.3890816743959681], "58": [1.5663740221061824, 2.8538237179223556, 0.13341853409610382], "59": [1.3730330592993099, 2.5301159764739247, 0.07434429782898733], "60": [1.490409493385639, 2.663927867093316, 0.12656535706772132], "61": [1.5870116068564757, 2.701816325223525, 0.083587860622652], "62": [1.6223683905152724, 2.911761362600889, 0.13316478974937052], "63": [0.5911836259966373, 0.8070560917483548, 0.3607004001647064], "64": [1.9356840082297921, 3.6460786405663907, 0.09933649503360353], "65": [1.7268493768509194, 3.1356218116790795, 0.05610968465005228], "66": [1.3619728833074913, 2.3629474137280297, 0.1479425310211666], "67": [1.5110223414135855, 2.7703077538664473, 0.09602256500455575], "68": [1.2332383341898439, 2.051979121679458, 0.057258239245084774], "69": [1.5106737528429992, 2.7235867896920625, 0.11962872218631904], "70": [1.4122852809380886, 2.635918380360683, 0.08406085824468601], "71": [1.3675953682389412, 2.4328218645502067, 0.13574194387963157], "72": [0.6534596498269277, 0.8010994176104284, 0.55541507948581], "73": [0.8135502802660857, 1.2987611488504507, 0.39950158672940694], "74": [1.1458073243766136, 2.032572489891018, 0.09954153300996615], "75": [1.4610795022383498, 2.60017886289822, 0.0720403382042979], "76": [1.2244719030595586, 2.3105692287898676, 0.12449937423405544], "77": [1.289964806750743, 2.3265297035271573, 0.07007752359508579], "78": [1.3141401499554175, 2.453339335111314, 0.09450303746080146], "79": [0.3968755905765132, 0.4534822743783806, 0.44683603092212376], "80": [1.2098066000967918, 2.2977368555019178, 0.09409441173609001], "81": [0.6745936190989456, 0.9599924626041023, 0.41575855511895266], "82": [1.1112155846135048, 1.9082135649441188, 0.09601780229775736], "83": [1.2044704808677906, 2.083130642790573, 0.13264813181310475], "84": [1.1570596031019655, 2.1019903748196738, 0.0809697349982077], "85": [1.2646390384625068, 2.209564287085978, 0.08681354681312659], "86": [0.5419035662806937, 0.7935826139215985, 0.3708423580863577], "87": [0.9793903526397942, 1.744403014181785, 0.06521545656708039], "88": [1.33755518496005, 2.3089324480944144, 0.12315584108584876], "89": [1.1465640447659031, 2.0210372743482576, 0.11804842889501055], "90": [0.875544588253647, 1.474438410049466, 0.06963123641221847], "91": [0.5993706757229603, 0.6857745440761049, 0.4199651211061254], "92": [0.5993706757229603, 0.6857745440761049, 0.4199651211061254], "93": [0.5993706757229603, 0.6857745440761049, 0.4199651211061254], "94": [1.1958464426134654, 2.130306314560638, 0.10974942157350531], "95": [0.734658277066055, 1.0724312114343477, 0.4412151104044074], "96": [0.730462808276642, 1.2488105855517104, 0.2836346698545469], "97": [1.3492951341772739, 2.4188458523901244, 0.10707869070378861], "98": [0.8010541651985212, 1.3631174886841344, 0.10562763566291444], "99": [0.9247747719441942, 1.5977978113772244, 0.09364546663121143], "100": [1.3347749100742572, 2.393278575156461, 0.08795210561055433], "101": [0.4270674497009648, 0.47803216314201014, 0.444901902126309], "102": [1.2510026169148558, 2.302882164578632, 0.04470759368546939], "103": [0.6356757782717973, 0.8831177720468198, 0.45431173918739987], "104": [0.44751256628840164, 0.5791502318929668, 0.3410373222653832], "105": [1.018646847116572, 1.7997218511894064, 0.09836580867178102], "106": [0.24344548583830594, 0.18382295276462482, 0.3339822143666594], "107": [0.39771149174758724, 0.4239519804849059, 0.37813883114460123], "108": [0.904875675778076, 1.52017145689996, 0.07775715441762143], "109": [1.117924272087404, 1.9931691218181302, 0.06261784807658843], "110": [0.8805064923896264, 1.5609628693676665, 0.07486776388641225], "111": [0.8803833531437227, 1.5654722639818566, 0.06133465175601138], "112": [0.9493668410757173, 1.6653828039512217, 0.08981861304218997], "113": [0.7270102598811762, 1.230874334529991, 0.08158309399313746], "114": [0.8508783849709775, 1.475450259052949, 0.10060012414081076], "115": [0.6673842581947299, 1.0432999693964085, 0.09411769220518962], "116": [0.7417001845948807, 1.2101188389755553, 0.09416710270949136],