{"0": [9.104168773452605, 109.72778163535567, 1.0275592440884012], "1": [8.060251860463596, 108.09823826390081, 0.03867712646667676], "2": [6.138676952613533, 103.50309255934589, 1.6049833697837101], "3": [9.029089321251352, 108.95530599412888, 0.5778214223909321], "4": [4.807069480046056, 99.32280720759985, 0.49626992735247677], "5": [8.458088508533098, 105.69625041271993, 2.3706894654220445], "6": [8.396021268150255, 107.30369053605179, 0.6336748666202805], "7": [6.36104899189122, 104.54558099805553, 0.9767969040902447], "8": [7.576124881134566, 105.8400854452835, 0.8626223845854615], "9": [4.5227878967437185, 99.44146826689058, 0.6535123004239818], "10": [7.000227442266194, 105.07982216825488, 0.7650937228676719], "11": [4.558105531654401, 98.14766402509127, 0.8737309581461763], "12": [5.976151305117076, 104.23589724757733, 0.8590258283826528], "13": [6.0714045263077665, 104.9809582941792, 0.5258027715520739], "14": [5.770964240611418, 104.4261950414443, 1.0334875773895205], "15": [5.397421201014156, 102.40208864848277, 0.6499093592666284], "16": [6.810239141710535, 106.50612322824308, 0.8938329170598108], "17": [5.2060763596668505, 85.76008370874415, 19.11662506613422], "18": [5.60132027066191, 104.26221359820192, 0.656215375906056], "19": [6.575996063046533, 104.74498967365274, 1.4355297919266237], "20": [6.177027087203749, 104.98479702084826, 0.4026785929147235], "21": [3.6865031059047597, 77.80587602200244, 0.7190673450780076], "22": [3.053542406726206, 38.180002480384694, 15.092569032390006], "23": [5.663407640888167, 103.56132763210374, 1.6108789102832501], "24": [6.184195932471843, 105.21712072195596, 0.571250508289539], "25": [5.578182776914087, 102.79310023320039, 0.5251080613069491], "26": [6.4050709030382755, 104.42400213633995, 1.0071863425656704], "27": [4.060304797195309, 86.13640718590266, 0.47085643689782686], "28": [5.964031996953102, 103.98677661407486, 0.721596737448856], "29": [4.808044940442555, 101.20359005583535, 0.3315871499844042], "30": [3.4038485550315922, 63.755108649350014, 0.26950362084172375], "31": [5.990546639228883, 104.53049107151865, 0.14854845045422138], "32": [4.284554488599163, 81.84124996981849, 15.974519586115273], "33": [4.235900401623221, 93.75925547684704, 0.2895195514357106], "34": [4.359949431541969, 95.96904436760786, 0.31432517645038505], "35": [4.857138424698231, 101.46449769696443, 0.47643817629309004], "36": [4.9728028022619615, 101.63379109831301, 0.6960895866211307], "37": [4.95954202304192, 101.79042140292734, 0.3097971236777569], "38": [3.9292263275793133, 87.45762371229719, 0.7268801715305707], "39": [4.493588650242771, 100.02358917666788, 0.6932824007147396], "40": [1.4799565055815185, 4.234001683804048, 4.235488609862889], "41": [4.930484217909296, 101.98143348773647, 0.8774922173183741], "42": [2.853274975042982, 46.81822468915508, 0.356251454089793], "43": [1.6691745404791014, 5.558998184939415, 5.434708549559624], "44": [4.545464335981727, 100.16553676704092, 0.9410606772268953], "45": [4.910192900676842, 101.39682142136009, 0.8521241231709011], "46": [4.743884424140203, 100.73547178051713, 0.7992883913974332], "47": [4.367551458471526, 97.1316844682522, 0.5202349176014168], "48": [3.7160543215647306, 83.49215766522705, 0.436877582514241], "49": [4.420219177926327, 96.82563475542989, 0.35401861190054673], "50": [3.4310848095867885, 74.11848281403516, 0.5279873823954709], "51": [2.9095145699755114, 47.50231663021553, 0.4847180537459427], "52": [3.9180988981722797, 93.09621630683739, 0.7133654824867173], "53": [3.5372762972514655, 77.61998132471706, 0.5603461200679832], "54": [3.97390234963566, 93.28686110619444, 0.38998277367804557], "55": [4.046414450635847, 90.8937591559732, 0.5473969080458672], "56": [2.622102275784358, 40.592291353061206, 0.579362347281713], "57": [2.826163390616594, 41.37737248892885, 14.023948768849202], "58": [3.698378306091902, 87.2908178407128, 0.9041826693724975], "59": [3.255827462831913, 65.04477973016158, 0.4230235081709506], "60": [3.5289252463621072, 81.88923643831211, 0.7577058751909048], "61": [3.7499530841285518, 81.9173039754832, 0.5062396783872117], "62": [3.835772415684279, 90.38720527989636, 0.8855704446429032], "63": [1.4061860697608877, 4.993700348840595, 2.630318668979402], "64": [4.566170492622852, 99.91986827393741, 0.7186825216035597], "65": [4.084733631481624, 91.23682916255038, 0.3389744879551282], "66": [3.225837837714762, 68.01879270517392, 0.8937733072634415], "67": [3.580359902083697, 80.95869165866125, 0.6209085506230981], "68": [2.9212419468352584, 50.66382010873988, 0.3209489666446447], "69": [3.578364089034602, 82.1898176933481, 0.6714718298112189], "70": [3.347539194863946, 74.11932892688928, 0.5101172907520519], "71": [3.2413063114138967, 70.44703654279557, 0.8179689185844726], "72": [1.5467995523817888, 4.826817678269386, 4.085681019858023], "73": [1.9312477226722131, 12.109329002669822, 5.228693532187244], "74": [2.7196039449742484, 44.33425609143007, 0.5612423169418685], "75": [3.460744431648956, 77.08825640313987, 0.4748438711942877], "76": [2.904027016064892, 52.941836918335305, 0.7169555163390542], "77": [3.062713003335511, 59.405650180164386, 0.3931710165706085], "78": [3.1180639665289633, 60.92344217339538, 0.555725978839729], "79": [0.9422059368456659, 2.462540571216517, 2.4965965673375594], "80": [2.8699324562037574, 50.458094543672985, 0.5465713191796923], "81": [1.601204536257118, 6.435485898133028, 3.523887308778732], "82": [2.63792193101506, 41.00938406588343, 0.5382836450363756], "83": [2.856008035975524, 54.49919700420116, 0.7703329770210029], "84": [2.7506383494896047, 44.44756149624186, 0.45639906112572404], "85": [3.000928078312472, 55.32938757223807, 0.48713516862766193], "86": [1.2902925776113832, 4.553085943559355, 2.3390125420205616], "87": [2.3319106105524674, 27.38106774328107, 0.3656495693561197], "88": [3.1691505678649463, 67.50650870443016, 0.7404001539194847], "89": [2.723819428361016, 46.9612015835516, 0.6582697619284106], "90": [2.0864932835739527, 20.04890076315079, 0.39222945336049353], "91": [1.4200329537524805, 3.9403024312564843, 2.674925540039025], "92": [1.4200329537524805, 3.9403024312564843, 2.674925540039025], "93": [1.4200329537524805, 3.9403024312564843, 2.674925540039025], "94": [2.839744543911443, 53.191329117156826, 0.6123665044435271], "95": [1.7454965539036347, 7.564608450934911, 4.080336346643927], "96": [1.7380673880157413, 9.561111723132303, 3.1856046501505184], "97": [3.2028977470265194, 67.69487284820767, 0.6141165555684946], "98": [1.9094051520412685, 18.03209980355236, 0.5925424719016621], "99": [2.2021004704440243, 25.97634696320713, 0.5258659828887932], "100": [3.169600645821386, 59.626113890484675, 0.4954016862001672], "101": [1.0152474645794376, 2.5957269693255136, 2.4897885258404835], "102": [2.972594431153875, 49.585425153711185, 0.2564125064281848], "103": [1.5112977110818346, 5.901012050030412, 3.588908999870073], "104": [1.0657725914488256, 3.1695629446450266, 1.9201155838493205], "105": [2.423679491109449, 33.7098229345833, 0.5521825426994699], "106": [0.5791097251759633, 1.0101931595917462, 1.881765913736222], "107": [0.9469099043365302, 2.321493016455828, 2.1224061890651384], "108": [2.1546887205362366, 23.817731075552146, 0.43768297438915793], "109": [2.659537166181067, 38.62709780766635, 0.35091822290753805], "110": [2.0982692044313396, 21.704564650045484, 0.42159400475857456], "111": [2.097574655326985, 22.02742418331198, 0.346238768960879], "112": [2.2597869652168496, 27.61635341487401, 0.5059691083410157], "113": [1.734861221566076, 12.819329256024085, 0.4593203575817789], "114": [2.0283865842879814, 20.99837678235201, 0.5660491721681942], "115": [1.5930073430926166, 10.361527959453172, 0.5294125072634486], "116": [1.7690944957547676, 13.545254594942163, 0.528459238101106], "117": [2.013663290159359, 19.101350301870877, 0.5584653627347647], "118": [1.6057724633690893, 10.537279461408314, 0.4337638225406293],