{"1": [8.097285521176051, 22.53890024300658, 4.4942209557410555], "2": [6.527175714327323, 18.88134688930207, 3.588539354008784], "3": [2.0493925543258973, 6.5513838675733815, 1.8622350644357104], "4": [3.4572648451926966, 10.220951410934974, 2.9855532732671897], "5": [1.876876791290492, 3.5148566544267674, 0.8965446827713388], "6": [3.408782213990004, 9.872524128719014, 2.0196958916349184], "7": [1.6904290922601213, 4.832830012092063, 1.290650069961842], "8": [5.305055155935092, 17.035936025016092, 2.6189858025198447], "9": [1.4687400032244748, 4.10888669603357, 1.7251622155894004], "11": [1.8095336306301624, 4.688551242086193, 3.0340375850981056], "12": [3.232260233745101, 10.811882370285312, 3.0795339499985976], "13": [0.9073399589923994, 1.9267365681690682, 1.1810173340248493], "14": [1.219471603523472, 3.2466474413216653, 1.440282956571244], "15": [0.818086688195212, 1.9848204895178945, 1.1381259483923913], "17": [2.773247754791048, 7.134089556594762, 2.5870442156416447], "18": [1.627405409053536, 3.589585866593507, 1.4576434117302446], "19": [1.2389117397511655, 3.4488744988615974, 1.34056384847794], "20": [4.95248994572863, 11.039581385294237, 5.9579690067861995], "21": [2.8256837278904214, 9.60601754867454, 2.0540259694213434], "22": [0.8335090074681794, 1.1430566038903607, 0.16149201256156054], "23": [5.918554190458244, 16.87616742929821, 4.416742008551538], "24": [1.7062671388560586, 5.178516914748394, 2.204564002754905], "25": [1.586028937046438, 3.1178217476715004, 1.0453248119466916], "26": [0.9294860769660651, 2.1457602421919755, 1.1737323965791537], "27": [2.2225902361078522, 4.18790703118616, 1.0228652773483564], "28": [0.723300824601633, 1.338089723873411, 1.7255690980240392], "29": [4.250521041209352, 11.376371729327488, 3.742447208978045], "30": [0.3750489295552122, 0.5193578980263053, 0.6517218056883215], "32": [0.9269532455578648, 1.9463704106539932, 1.3474124638101603], "33": [2.0550174238049723, 4.508942629426173, 2.230568289417831], "34": [0.17586714895878175, 0.18987731595650542, 0.1470271561724319], "36": [1.3835214446554285, 3.0487011582628325, 0.8164120132784315], "37": [1.7594525047043956, 2.6749449663569744, 2.0645828159171584], "38": [2.286223985138278, 8.21010763412557, 1.3534301379016476], "39": [1.0860262506416447, 1.9093194113387553, 1.661368057660846], "40": [1.6850238497602823, 4.0510192530537585, 2.1692552054636405], "41": [8.763332722947036, 23.31146659147561, 2.794128838057671], "42": [0.9632403635361164, 1.3003897154072939, 0.26387859530154156], "43": [3.98539965676096, 12.525979676294181, 2.9677691804660657], "44": [3.6772484561629124, 8.534492285018477, 3.860958130941202], "45": [3.9205156606478124, 6.609315866410715, 2.783522421330786], "46": [2.6994766980951845, 6.985428693600655, 2.007569526256395], "47": [2.3151807599921854, 4.052243704539119, 1.4943357635499863], "48": [1.9455213146077486, 4.2947639087456535, 1.735831291362569], "49": [0.3544634177843421, 0.5464860893859899, 0.5741858866821551], "50": [0.4484574860843996, 0.8406512004363266, 0.6324533862723256], "51": [4.8638285600762465, 14.538734328871532, 3.1057158942300997], "52": [1.9655699462151133, 6.1101678427061925, 2.0207907764383424], "53": [1.5847316927973853, 3.4633512978235945, 1.05365417941025], "54": [1.4326887056933364, 2.7788629553427153, 1.354071396527787], "55": [3.4265964883961253, 5.712997916008734, 2.4541073235185022], "56": [1.4938177953243246, 5.11254184970943, 2.397414989163801], "57": [4.002093220816039, 10.91556854354312, 3.918704125635907], "58": [1.7866836300192745, 4.908789220370967, 3.27638050542736], "59": [2.7592807956166516, 7.923857942380758, 1.8242894362840067], "60": [0.9248273964784844, 2.045367403168196, 1.069229629275461], "61": [6.089231109366836, 19.415417922176925, 2.98932859269689], "62": [4.389584594914931, 8.863650136164695, 5.585454960727878], "63": [7.813212288226812, 22.950426600704624, 2.476650967516618], "64": [2.0939457050925396, 6.865620409618951, 2.075931283975472], "65": [5.661534786681539, 13.394705428688184, 3.753062482234891], "66": [0.8650535545479608, 2.4976146770867365, 2.449928674833333], "67": [0.44496001347383607, 0.6698162281875942, 0.1218184065275788], "68": [1.8003443030290613, 3.409142153747947, 0.8949184386485405], "69": [1.3189893303317888, 2.853915393403421, 0.47918148238983704], "70": [1.7054148069312287, 3.208911841122425, 2.48114077167363], "71": [1.1345038234692248, 3.4643115062200187, 1.7161133123350942], "72": [2.2679550723361754, 6.848742589907719, 2.3727062986756833], "73": [0.4328923034321508, 0.7761316366580485, 0.6052354653582229], "74": [2.2358750700951475, 6.8280731924693905, 4.0743265587337385], "75": [2.4082647202546332, 7.4092135442127605, 2.333432175334721], "76": [2.8054363630897536, 7.60654624626044, 2.3112729451407437], "77": [2.2225976990578418, 6.903838476732778, 2.551933195514327], "78": [3.1362445429210037, 8.971292950045632, 2.491853778794048], "79": [1.4950162947305916, 4.36933415460522, 2.688735644838405], "80": [2.7590346060694992, 8.270381900077874, 1.8894267807333467], "81": [0.31291582960869935, 0.49005553497907633, 0.08662936212918326], "82": [0.537869594046261, 0.8105313906610485, 0.11007858143212834], "83": [0.19722908185482213, 0.20304021047067225, 0.405323359730439], "84": [1.5014167230672708, 3.763966495997914, 2.0198774033948403], "85": [7.721951083383324, 21.372329654957436, 2.93730938121226], "86": [1.3936441463457472, 2.6852984617860494, 1.416231554853219], "87": [0.8309276895681297, 1.6288244956466265, 0.7685544448617421], "88": [0.8689135832223479, 1.9131881415097702, 1.1364513354374108], "89": [0.709214464822863, 1.2340596798342118, 1.0334840508953365], "90": [1.2879134218608126, 2.5557162429055826, 0.876031243185246], "91": [1.2420098140359506, 3.664100277336093, 1.3667718306686687], "92": [0.6262546538294727, 1.6154756255112028, 0.7116016350430693], "93": [3.749266026346036, 11.363134773323386, 4.7254143234055555], "94": [0.7714675559589198, 1.7984140261866557, 0.980657373191147], "95": [2.939004871827226, 8.655503488279725, 2.1998641054264416], "96": [0.9960361030357235, 2.046440484839529, 0.41782376256864706], "97": [4.9927082712009945, 14.249778196569872, 2.510172424155334], "98": [0.9275411421769119, 2.8017856047563026, 1.3814116931283766], "99": [1.3235603734090549, 2.2124315498507885, 2.297615619459317], "100": [0.05940398007973424, 0.05240493221696668, 0.1996201694516666], "101": [1.2533393108126925, 3.2388972203904913, 1.4211344582939558], "102": [1.6900292357688547, 4.99099074586678, 1.3150553246899674], "103": [0.2764343886278011, 0.3276036147304675, 0.33548765127159996], "104": [2.545209987865864, 5.419287059316721, 2.7536592033875693], "105": [0.7318649025724303, 1.6993533410460626, 0.9911033979850233], "106": [0.7537007405936426, 1.1644361551636018, 0.39022599598210816], "107": [3.260312532427257, 10.393690337550767, 2.6501294964386712], "108": [4.293118792110622, 11.193147500208891, 3.3745099606950957], "109": [1.6179414573902782, 3.374471337201955, 1.3710460318864026], "110": [0.7824849463891613, 1.8243185255452985, 0.38292331861625606], "111": [2.120957388064095, 7.004422976354097, 2.3240520580542414], "112": [3.3779896677830177, 9.344782347915558, 3.6821411126271757], "113": [0.7584049407565129, 1.7324362260356927, 0.6554600204663388], "114": [2.568287116306317, 4.404037799223146, 1.43583488643748], "115": [2.0134722370420803, 6.388868071369692, 3.680401772370468], "116": [4.9182545686201955, 12.44979051754988, 4.487225696009279], "117": [3.8045972405923525, 9.852019121324235, 6.351701663849255], "118": [1.6023335413961264, 5.188574966596853, 1.9587763246881862], "119": [0.8678126690552178, 1.1525391048955091, 0.176287165047033], "120": [2.3920483791685774, 8.453076452621131, 2.212154088640508], "121": [0.9400467719723468, 1.243714675090247, 0.1926832393064204], "122": [1.7411711785533752, 4.751915383478894, 3.4906905284007586], "123": [0.4103849949929337, 0.5224561728180136, 0.7786711170372502],