{"0": [0.007361570399314399, 0.006687737056392773, 1.547018438907699e-07], "1": [0.006371743077248526, 0.005790860960095032, 1.6847149342247292e-08], "2": [0.004814834805931811, 0.004372877202033694, 4.02066577032123e-07], "3": [0.007199660786239903, 0.006550361895699634, 8.658371386527364e-08], "4": [0.003734899360106736, 0.003388211744365799, 1.970662915073973e-07], "5": [0.006686730239042982, 0.006079077047936229, 4.25714709262337e-07], "6": [0.006650721167974605, 0.006048420976841653, 2.789504472966442e-07], "7": [0.005003816703574748, 0.00454386197727077, 3.192056828860146e-07], "8": [0.0059577847084927305, 0.005412863596107537, 2.3019126671464107e-07], "9": [0.0035189014660934603, 0.0031930576191258183, 2.527913655070435e-07], "10": [0.005516790743638422, 0.00501475563679339, 3.1353689422530806e-07], "11": [0.0035369081888196874, 0.00320826256864913, 3.640843232455282e-07], "12": [0.004706822738261174, 0.004273736858057852, 1.7843463440136986e-07], "13": [0.0048687394833230035, 0.004424349104509332, 2.2063375570979815e-07], "14": [0.004625754264525717, 0.00420288593452764, 3.656154787812227e-07], "15": [0.00421187259045519, 0.0038248947447730238, 2.89160566935287e-07], "16": [0.005363798641145223, 0.004873341194829337, 2.8283815811658286e-07], "17": [0.004094849305764425, 0.0037111839749654285, 1.420841613031243e-06], "18": [0.0044727766584207185, 0.004064297774824292, 2.135047828533132e-07], "19": [0.005156824356860379, 0.004685967731978127, 3.9874465107558876e-07], "20": [0.004823851126234846, 0.004381318920285788, 1.9998051381531212e-07], "21": [0.002879908959728894, 0.002611687395223424, 2.9839238091522446e-07], "22": [0.0023669405069367544, 0.002141386510084295, 1.6568866765265255e-06], "23": [0.004436851896192251, 0.004029497259059278, 3.7088157556208756e-07], "24": [0.004850833509842389, 0.004407827801120458, 2.2703313229399669e-07], "25": [0.004337880527854332, 0.00393889950729736, 1.7965223897409288e-07], "26": [0.005030821684701925, 0.004572147803010312, 2.6461700985969117e-07], "27": [0.003140925927232585, 0.0028482831782856103, 2.2274297362123718e-07], "28": [0.004643867487310938, 0.00421891494868632, 3.4415501370954615e-07], "29": [0.0037259071762016926, 0.0033814745700167233, 1.6353333509577794e-07], "30": [0.002627941276883483, 0.002382808863845431, 1.4603937592561067e-07], "31": [0.004661869026211463, 0.004234228367515629, 8.642348525711441e-08], "32": [0.0033389023571767096, 0.003025885321595884, 1.158985294513748e-06], "33": [0.0032669306248998, 0.0029636210601127087, 1.4466204734109311e-07], "34": [0.003374918718435427, 0.003061839011911002, 1.764126278391842e-07], "35": [0.0037709007369374214, 0.003423298631376767, 1.61508132423549e-07], "36": [0.0038519054751028348, 0.003497323556814747, 2.5182144181012944e-07], "37": [0.0038429046247144827, 0.003487682283381609, 1.4385150215456832e-07], "38": [0.0030329335409664537, 0.002751404378098783, 3.7048227652380916e-07], "39": [0.0034829128054958414, 0.0031620941849213376, 3.7744937442241167e-07], "40": [0.0011519671150653776, 0.0010404572509180746, 2.044772731801814e-06], "41": [0.0038338943787237234, 0.003482344143123614, 3.185606257671836e-07], "42": [0.0021869639151135267, 0.00198190255999495, 1.9488140323709047e-07], "43": [0.0012959657379072453, 0.0011706534044184627, 2.049800267744928e-06], "44": [0.0035189153162344944, 0.0031950594166154506, 5.249463539414023e-07], "45": [0.003815896322847734, 0.003464658953261566, 3.5063874237462045e-07], "46": [0.003671911873977529, 0.003333742152733956, 3.665127507046506e-07], "47": [0.003365930665211958, 0.0030549406364625354, 3.0349801616313954e-07], "48": [0.002861942410049778, 0.0025960582599731425, 2.3060048182088622e-07], "49": [0.0034019334191137673, 0.0030862368700308356, 1.9884991697693977e-07], "50": [0.002636951117356179, 0.002391356881968381, 2.6332456415367744e-07], "51": [0.0022229688558766947, 0.0020140311826138567, 2.7855391926401296e-07], "52": [0.0030239342293071347, 0.0027446887324190676, 4.0887674568335086e-07], "53": [0.0027269429366780784, 0.002473216123961873, 3.131382559917739e-07], "54": [0.0030599389270666855, 0.002776439098321291, 2.132681230504474e-07], "55": [0.003122931840062515, 0.0028335339733271746, 2.891630490609032e-07], "56": [0.0020069690180086752, 0.001818812760491516, 3.376012114308935e-07], "57": [0.002177955126836051, 0.001972412224400659, 1.284061414197346e-06], "58": [0.002852938967745855, 0.0025888489470504957, 4.4135732346628487e-07], "59": [0.002492960918060949, 0.0022605721395501, 2.4510003071576136e-07], "60": [0.0027089523322163522, 0.0024573078225905553, 4.1722149779488404e-07], "61": [0.0028889410736729904, 0.0026198717063427046, 2.753936751975772e-07], "62": [0.002951942328989876, 0.0026785921096860272, 4.403858568924335e-07], "63": [0.0010709875666232715, 0.0009675180980533845, 1.1829051577150196e-06], "64": [0.0035279202976743473, 0.00320332032735464, 3.298214713565173e-07], "65": [0.0031409406684509422, 0.0028500874497621575, 1.8483752883824422e-07], "66": [0.0024749574351482506, 0.002244855342040359, 4.873670925720219e-07], "67": [0.0027449543571446133, 0.0024898441771965584, 3.1654029786221116e-07], "68": [0.0022409614852406667, 0.002030979865719677, 1.8791660072459138e-07], "69": [0.002744953223153046, 0.002490388702434693, 3.948660872721277e-07], "70": [0.0025649584880735876, 0.002326930096153334, 2.7660871593226943e-07], "71": [0.002483959500559574, 0.002253316785806493, 4.475967876338416e-07], "72": [0.001187978616350116, 0.0010734759160784756, 1.8310438053559253e-06], "73": [0.001475978940294942, 0.001334737712853486, 1.3153320587155903e-06], "74": [0.002078969989909085, 0.0018843523914066518, 3.2747643086139533e-07], "75": [0.0026549545191867363, 0.0024077580872541313, 2.3683894723180998e-07], "76": [0.0022229656159951094, 0.0020154979745573946, 4.104987448849684e-07], "77": [0.0023399672763790846, 0.002122038934540841, 2.301973904828003e-07], "78": [0.0023849645629554495, 0.0021627930211347633, 3.109520344546368e-07], "79": [0.0007199897941497779, 0.000649996851250954, 1.4689856445704308e-06], "80": [0.002195966709478747, 0.001991426158700891, 3.097368385107657e-07], "81": [0.0012239823422559581, 0.0011063237926308188, 1.3674147680831084e-06], "82": [0.0020159713263842027, 0.001827285628166811, 3.1532712030379884e-07], "83": [0.0021869656159866357, 0.0019835434404744164, 4.364197433437411e-07], "84": [0.0020969741207753634, 0.0019007078552665763, 2.6624151250320693e-07], "85": [0.0022949661829486656, 0.002080847569733493, 2.8527640860698256e-07], "86": [0.0009809899155934776, 0.0008865045970629181, 1.215629327866452e-06], "87": [0.0017729817346620047, 0.0016066126158144221, 2.1391739335463456e-07], "88": [0.002429959338618004, 0.002204092822491668, 4.0564012537824823e-07], "89": [0.002078972500801579, 0.001885131191645584, 3.8798267065764946e-07], "90": [0.001583985501113716, 0.001434957502898041, 2.2793077592009325e-07], "91": [0.001088981572842207, 0.0009835647372619602, 1.3774638499830516e-06], "92": [0.001088981572842207, 0.0009835647372619602, 1.3774638499830516e-06], "93": [0.001088981572842207, 0.0009835647372619602, 1.3774638499830516e-06], "94": [0.0021689701518446958, 0.0019672873969269083, 3.606053281535182e-07], "95": [0.0013319825851944023, 0.0012041553114936817, 1.4512497166219163e-06], "96": [0.001322985217647621, 0.0011967731098764696, 9.305123734870691e-07], "97": [0.0024479650894104754, 0.0022204608086882137, 3.521807919737441e-07], "98": [0.001448987161596138, 0.0013124483709730575, 3.4610801502577004e-07], "99": [0.00167398299014343, 0.0015166715405737128, 3.069042509018516e-07], "100": [0.0024209666688654874, 0.002195519788793682, 2.892451261837792e-07], "101": [0.0007739904421020238, 0.0006987782760429886, 1.4603234226306938e-06], "102": [0.0022679706783075293, 0.0020561864454711636, 1.4676917470257678e-07], "103": [0.00115198590615051, 0.001041001581907138, 1.4932884155882675e-06],