{"1": [2.75415737781211, 3.698655009080201, 1.1011168376507308], "2": [0.43619725315342817, 0.2705155318811291, 0.3363727796301549], "3": [0.11077982809206333, 0.03764641409140582, 0.10443053221085163], "4": [0.3857476925372949, 0.27115430055930306, 0.30602847774014874], "5": [2.7557442805690098, 3.905173039852141, 0.9032644517454678], "6": [2.2275587334209215, 3.083695407840455, 0.7656994260653024], "7": [0.7510713425794153, 0.7379040177842777, 0.4921628368993718], "8": [2.0710859342025576, 2.44719735569929, 0.9284690668332231], "9": [0.6472520267024686, 0.5782927085306991, 0.4800893358224555], "10": [1.8880100900090022, 2.561240441438827, 0.6526240220783558], "11": [1.305816596172537, 1.3406771533378385, 0.7138219566451967], "12": [0.34065414733145305, 0.18142726286379615, 0.28920611325171075], "13": [0.7741877014450489, 0.6505953716455536, 0.5871878037146285], "14": [2.908350265685625, 3.9376838671658545, 1.0619609867701771], "15": [2.7509413854008944, 3.9145356578351778, 0.9228697790106217], "16": [2.0845450763674878, 2.968661276517983, 0.6516992098933593], "17": [0.7516566386772245, 0.6792865786419053, 0.4692354402054617], "18": [3.2822453383491714, 4.678467623287852, 0.6778955501212802], "19": [2.1120008310226117, 3.06382104217704, 0.873659069662337], "20": [2.4192547059909244, 3.3602982797754146, 1.0429996521099634], "21": [1.1851695446455324, 1.4153761747916258, 0.7915561917324616], "22": [0.5824484507821143, 0.5118098606598869, 0.355418017709325], "23": [0.23640269047463525, 0.16982919577017982, 0.20995595113921406], "24": [0.3319722605068358, 0.22422571294039914, 0.23949561261591334], "25": [0.5909350993960724, 0.5607936747579376, 0.42083728807117105], "26": [2.150221715860205, 3.1036133856237913, 0.5858377483481159], "27": [2.0728091508300293, 2.8557135722481104, 0.9883246625033089], "28": [1.603431801168909, 2.136545997514166, 0.7749303276259863], "29": [2.1323490793847357, 3.0899926460465457, 0.7398776088876337], "30": [3.2787059928495172, 4.702288645392037, 0.9450336470099062], "31": [3.0085247947019367, 4.409238614921138, 0.8447430618921733], "32": [0.47747350019113677, 0.3795040804995186, 0.3586866606219178], "33": [2.1487223850917507, 2.8781250191776055, 0.8819515020641248], "34": [0.4064481059002034, 0.3021631452015573, 0.28524515132562145], "35": [1.974369547518949, 2.81161621817959, 0.6784393207693321], "36": [2.2781854804018273, 3.2245234504727938, 0.790524116498769], "37": [1.542391725190403, 2.0105102099176255, 0.5207044545498918], "38": [1.0454023356842956, 1.1858298080329281, 0.5214312267486], "39": [2.309493285681696, 3.313626420607847, 0.8176429903374339], "40": [1.1008672960228592, 1.2507310786622465, 0.59986866765483], "41": [0.8170586711588549, 0.8684006952886597, 0.41795365902916326], "42": [2.153417501736727, 2.9464566921956514, 0.7982042568691607], "43": [0.328663718742626, 0.18889653858442998, 0.293182036131988], "44": [0.37963151661675787, 0.2504808895589945, 0.3123619285111514], "45": [2.192668592066119, 2.598477572713251, 0.9046179551958987], "46": [1.720544408545802, 1.9769021917720568, 0.9100154149968237], "47": [2.0574326307979964, 2.7147015633546787, 0.7432197669529592], "48": [0.5821540553241918, 0.4311913144251925, 0.4332755624273418], "49": [0.2814428269750988, 0.1265320817931357, 0.17447027611267185], "50": [1.3533651215946623, 1.477003453513755, 0.6047275846879604], "51": [0.6923616474055295, 0.5387192228859647, 0.4461640776415935], "52": [2.0906748300803226, 2.432969129918999, 0.8763922565536791], "53": [0.7483229096810079, 0.600097305785348, 0.5619441338265976], "54": [1.9415152592802478, 2.5608652471581506, 0.6284634742853087], "55": [0.3794974042445237, 0.2189220478941463, 0.310039344565198], "56": [2.5168463136458152, 3.2718363767996186, 0.5543387331471489], "57": [1.735497049941026, 2.139943424912004, 0.7187498026981698], "58": [0.9853569380369165, 1.1101137778190409, 0.4312138109498178], "59": [0.7689282464304469, 0.7310251046248343, 0.5205152295157447], "60": [0.4922459258721599, 0.3127085493173971, 0.42511711614184755], "61": [0.49307605431644863, 0.4484768590904946, 0.32450571852950205], "62": [2.3116492164842586, 3.492645535396656, 0.6199665290797657], "63": [0.17364055728528394, 0.0711306675980334, 0.15380248522212447], "64": [1.289450617596001, 1.2475917952116047, 0.8334554029479342], "65": [2.1442450138171574, 2.717890669128725, 0.7631431872999573], "66": [2.7403284593977184, 3.4793109150946884, 0.7171998034660113], "67": [0.8470300596842939, 0.8377476773735438, 0.47517214741810954], "68": [2.10286650545343, 2.533896906420442, 0.6943256593436834], "69": [0.38837696472479155, 0.22957732431991495, 0.31081945854521376], "70": [0.49901301112119034, 0.37878200722703664, 0.35394837549037883], "71": [2.4397523671188743, 3.466819400571414, 0.7822621663156336], "72": [0.5523504544690973, 0.34963750303588514, 0.43055710217326837], "73": [0.48103998406091275, 0.34347958981374194, 0.33895159374713], "74": [0.42750577764058684, 0.30553413983359656, 0.3119093179688216], "75": [1.9029321607407772, 2.8708940082903887, 0.7262354767001165], "76": [0.5578877723726784, 0.4379509765269736, 0.4119264242973163], "77": [2.2596792825297487, 2.893876791201978, 0.7919059717018245], "78": [0.12277979217294988, 0.0430154674985175, 0.10282269509410091], "79": [1.1809542349715283, 1.1829237644006942, 0.6983788553436182], "80": [2.1414579776106826, 3.0283587157773124, 0.8055461351027337], "81": [0.17064505278865694, 0.06560186725674308, 0.1311889687696588], "82": [0.24825027386509202, 0.12109439563613399, 0.20149704753177045], "83": [0.5349321721750303, 0.403508462443644, 0.32278878193153304], "84": [0.18262707077516493, 0.09196829168667746, 0.1449375611120266], "85": [0.35874342114520585, 0.18693745498648895, 0.25107037003536437], "86": [2.409052057948682, 3.053291219660884, 0.8050732377369386], "87": [1.1527478943250302, 1.2278683024762491, 0.5719208897391278], "88": [0.17362266494851175, 0.07714245673674433, 0.13533861864388064], "89": [0.23054619655281083, 0.11439929848659004, 0.15632269572076662], "90": [0.9075461358194952, 0.791536840976183, 0.5600734864948227], "91": [0.7302342545313977, 0.528795328350323, 0.5468645815580353], "92": [0.14967654819107112, 0.043358221387569104, 0.10791950898505365], "93": [0.19460011571448366, 0.08018096271836937, 0.15542775694015898], "94": [0.215514808907737, 0.0960509874818071, 0.16758525651630007], "95": [0.6559019673416552, 0.44707120846560033, 0.47268373076825987], "96": [0.41236725052245304, 0.23938169544691437, 0.29362911416887916], "97": [0.21554172804930483, 0.08658256448172676, 0.16069665542280476], "98": [2.8851759528673218, 3.932886209773356, 0.8150767144942156], "99": [0.3227351994185249, 0.16989351889376417, 0.25830852620400047], "100": [0.8478234771113676, 0.6398527856499789, 0.7079802700443943], "101": [0.2989678998003963, 0.14891281859262526, 0.24408470952355732], "102": [1.060823384273581, 1.153855699403282, 0.4838475513660613], "103": [1.4926328199138288, 1.801927138785657, 0.7975361112179368], "104": [0.9992725615844801, 1.2805989864817267, 0.6525818875004368], "105": [2.7620702675588835, 3.988368440944675, 0.7388592567225604], "106": [1.9963946840031421, 2.3804090390636548, 0.6411411737754414], "107": [0.11382917087182598, 0.04881168924779686, 0.11761918421692252], "108": [0.6176458539182066, 0.5282550402311982, 0.43282304715257713], "109": [1.2558637042617606, 1.5733368265978753, 0.6048835646014925], "110": [2.0124324243598006, 2.7694304222886386, 0.7815527598035623], "111": [0.5613284496808978, 0.5321958386598538, 0.4212186782512105], "112": [3.5373568430006106, 5.202903468267098, 0.6241823217118869], "113": [0.48070024203950945, 0.3527278289074539, 0.39719420295057173], "114": [1.5650216460251594, 1.9687616359897775, 0.712580627207572], "115": [1.3456128772626168, 1.876143922799727, 0.6518691635428607], "116": [0.5735516408050485, 0.5280252812781417, 0.3974272168650588], "117": [1.1268069768117743, 1.422751086084889, 0.7607766017985141],