{"0": [0.07357706090475535, 0.0712790482690897, 1.5462789356934792e-05], "1": [0.0636943160451332, 0.061904816992964615, 1.6839493676146233e-06], "2": [0.04813348548022245, 0.046572052637844884, 4.0190803821671395e-05], "3": [0.07196609143526833, 0.0704631980573297, 8.653606896835697e-06], "4": [0.03733993835640559, 0.035839078180663, 1.9700572345349165e-05], "5": [0.06684303248939982, 0.06509715208783189, 4.25521867079004e-05], "6": [0.06648212622153549, 0.06489553657973776, 2.7882794230271735e-05], "7": [0.0500216762731478, 0.04832144659401412, 3.19067158233155e-05], "8": [0.05955847669104375, 0.05773947894839449, 2.300943232891317e-05], "9": [0.03518014894330257, 0.033859267419547756, 2.527043713007604e-05], "10": [0.055149080786292215, 0.05365588379942766, 3.134094657430975e-05], "11": [0.03536082096948878, 0.03391541790474948, 3.639873575955743e-05], "12": [0.04705227990917904, 0.045433740689884684, 1.783590680048963e-05], "13": [0.048663966159332106, 0.04724216394841912, 2.205412994527034e-05], "14": [0.04623544311331951, 0.04483899208380132, 3.654480728232379e-05], "15": [0.042107262154620795, 0.040695586342620285, 2.890752655315687e-05], "16": [0.0536198705428238, 0.052006585802599904, 2.8271303053051255e-05], "17": [0.04093493621200972, 0.03903024171210746, 0.0001420293998568578], "18": [0.04470768016050353, 0.04339311155141701, 2.1340357839738644e-05], "19": [0.05155244050924179, 0.05006607375435307, 3.985786689675308e-05], "20": [0.04822511643389504, 0.04668541239734648, 1.9990383703261116e-05], "21": [0.028790899328198782, 0.027584957758802944, 2.9828751756832972e-05], "22": [0.02366405198715127, 0.02228439324711832, 0.00016564395658391629], "23": [0.04435519384134601, 0.04291729146858693, 3.707241159767172e-05], "24": [0.048493355791158654, 0.047088333131308655, 2.2694400803491277e-05], "25": [0.043368055353684376, 0.04189111932806437, 1.79600184020412e-05], "26": [0.05029217404970798, 0.04887118634633291, 2.6452671827659202e-05], "27": [0.03140259428258119, 0.030060268281310087, 2.226794537463217e-05], "28": [0.04642675171036037, 0.04500524184116794, 3.440285114630903e-05], "29": [0.03725071960109316, 0.035858524925952394, 1.6348212537264928e-05], "30": [0.0262741293834986, 0.025141176902410425, 1.4600662980979173e-05], "31": [0.04660690551077995, 0.04510334478444428, 8.63916392890296e-06], "32": [0.033380238126120565, 0.03183053131214481, 0.00011585895574417471], "33": [0.03266306374977712, 0.03135319010450738, 1.4462634103873384e-05], "34": [0.03374187358541858, 0.03240852359001564, 1.7636409267662856e-05], "35": [0.037700075887108775, 0.0363666299058302, 1.6145514266541205e-05], "36": [0.03851054940224574, 0.037185085266461464, 2.5175309131930668e-05], "37": [0.038420464464341886, 0.03697646983237336, 1.4381081101078053e-05], "38": [0.030323355416547848, 0.029101867651297686, 3.703762930851173e-05], "39": [0.034821282345952276, 0.033591885171211554, 3.773533179685096e-05], "40": [0.011516712464967771, 0.010697574503114716, 0.00020441198368281732], "41": [0.03832944032362928, 0.03711236129164596, 3.1844880851616963e-05], "42": [0.02186639206481178, 0.02083974026729277, 1.948398756457248e-05], "43": [0.012956574607393967, 0.012042873597233201, 0.00020491969015801192], "44": [0.035181533184828084, 0.03395615966508827, 5.24813564626303e-05], "45": [0.03814963484718048, 0.0368174158264755, 3.505458608665801e-05], "46": [0.036711189177347614, 0.03543359807154495, 3.6640194155612704e-05], "47": [0.03365306761165643, 0.03240481544375978, 3.034167686555289e-05], "48": [0.028614241950321473, 0.027452782100765887, 2.3054157489488247e-05], "49": [0.034013342913739364, 0.03264119068620454, 1.988039419209553e-05], "50": [0.026365112507042543, 0.025254064979197993, 2.6326638287055282e-05], "51": [0.02222688592770128, 0.021132388364752494, 2.785079229050691e-05], "52": [0.030233424107588447, 0.029119733875538324, 4.087750177539373e-05], "53": [0.027264294728204352, 0.02610644657468187, 3.130682094221182e-05], "54": [0.030593893666848615, 0.029399880329387514, 2.1322403744528096e-05], "55": [0.03122318541248137, 0.029990804674691365, 2.8910010481664195e-05], "56": [0.020066902259608055, 0.01910912431006748, 3.3753966583449646e-05], "57": [0.02177551343626616, 0.020646225211419407, 0.00012837753556660392], "58": [0.028523897896233552, 0.027424737022749817, 4.412514175622384e-05], "59": [0.024926092311375325, 0.02385523832024062, 2.4504601805808157e-05], "60": [0.027085233866631975, 0.025974611790387923, 4.1713538344478884e-05], "61": [0.028884108423104293, 0.02763615700720786, 2.7533641953403354e-05], "62": [0.029514233790313926, 0.02836631707899392, 4.402847206075311e-05], "63": [0.010708756773797234, 0.009968796830993113, 0.00011827343374992694], "64": [0.0352720312744198, 0.034065897337338454, 3.2972604692482754e-05], "65": [0.031404067701331306, 0.030186288919998833, 1.8479710989227627e-05], "66": [0.02474574409859831, 0.023708188237253566, 4.8727713328755584e-05], "67": [0.0274454362949621, 0.026319092213836694, 3.164706166236542e-05], "68": [0.02240614919161288, 0.021343736794773673, 1.8788584326578928e-05], "69": [0.027445322902985292, 0.026351754297966056, 3.94785145469978e-05], "70": [0.025645849324017478, 0.024621667961747747, 2.765519049108267e-05], "71": [0.024835950559804698, 0.0238216076528073, 4.475130457193277e-05], "72": [0.011877861950598367, 0.011065579471579892, 0.0001830661479923501], "73": [0.014757894295446161, 0.013850579955479458, 0.00013150876978429427], "74": [0.020786999360009828, 0.019827769553447276, 3.274169066846966e-05], "75": [0.02654545253747287, 0.025416048478263734, 2.3679327197934086e-05], "76": [0.022226562045775333, 0.02125979630355992, 4.104148183869949e-05], "77": [0.023396727980012466, 0.022398803203529466, 2.3015570946416375e-05], "78": [0.023846456705693186, 0.022835096805125826, 3.1088903761467e-05], "79": [0.007198979550395279, 0.006662645556452333, 0.00014687109297562007], "80": [0.021956671379373738, 0.021030510909092612, 3.0967209054821865e-05], "81": [0.012238234456328545, 0.011437084940000165, 0.00013671679993276786], "82": [0.020157132985105686, 0.019221856185729996, 3.152738848843928e-05], "83": [0.02186656203727433, 0.020941087307675427, 4.363448057287389e-05], "84": [0.020967412326141854, 0.020007742413639288, 2.661918506041694e-05], "85": [0.022946618699371868, 0.021933626235922248, 2.8522579432199713e-05], "86": [0.009808991644153497, 0.009156608206541293, 0.00012154600152414208], "87": [0.017728173613160148, 0.016882465573765635, 2.138847314081538e-05], "88": [0.02429593441810518, 0.023279226714510833, 4.055685623394201e-05], "89": [0.02078725035214135, 0.01987955423821199, 3.879162423947591e-05], "90": [0.01583855021468694, 0.015046475036751997, 2.2790158633934077e-05], "91": [0.010888157592687908, 0.01010688962132746, 0.00013772630506592165], "92": [0.010888157592687908, 0.01010688962132746, 0.00013772630506592165], "93": [0.010888157592687908, 0.01010688962132746, 0.00013772630506592165], "94": [0.02168701549563179, 0.02078024780066311, 3.6054485922254464e-05], "95": [0.013318258695109164, 0.012463736339496169, 0.00014510020915226018], "96": [0.01322852189833712, 0.012450194341856737, 9.303707961472174e-05], "97": [0.0244765093113547, 0.023464721205254658, 3.521155230012951e-05], "98": [0.014488716247556765, 0.013751278279517765, 3.460627915730097e-05], "99": [0.016738299145058866, 0.01591866267881041, 3.0686122177936426e-05], "100": [0.02420666721580178, 0.02317429048947092, 2.891919389291786e-05], "101": [0.007739044302292997, 0.007163543305936326, 0.00014600916799767383], "102": [0.022677068108338694, 0.02167568768696357, 1.467436280633283e-05], "103": [0.01151859075113082, 0.010745392454091597, 0.0001493038190941709], "104": [0.008099190073622364, 0.007548333017516804, 0.00011164236819660722], "105": [0.01844793065130579, 0.017586171316443095, 3.2272774726394005e-05], "106": [0.004409493796773356, 0.004047960077785089, 0.00010938898671608577],