{"0": [0.040886743996859876, 0.03753860549628133, 4.773596740781372e-06], "1": [0.03539207158546709, 0.032534304671287255, 5.198541355166952e-07], "2": [0.02674490218123582, 0.024593040203576857, 1.2406997393465957e-05], "3": [0.039989532441289555, 0.03677625329461257, 2.6715930013798683e-06], "4": [0.020746894196962518, 0.0190619779611036, 6.081348012720866e-06], "5": [0.037141675385933715, 0.03413184725901353, 1.3136338722352647e-05], "6": [0.036941395545803224, 0.03395340715963205, 8.607671525107108e-06], "7": [0.027794343627249973, 0.02552755253353307, 9.849867724009975e-06], "8": [0.03309335611313158, 0.03039931583535387, 7.103156549170819e-06], "9": [0.01954695919471483, 0.017996784574956588, 7.800845515104626e-06], "10": [0.03064354247381129, 0.028165130013182976, 9.67507713256488e-06], "11": [0.019647166647760672, 0.01804995972793813, 1.1235661597996938e-05], "12": [0.02614452990916616, 0.024023862972320963, 5.50606318538982e-06], "13": [0.027041962147821397, 0.024852732128356904, 6.808241119204972e-06], "14": [0.025692418175502385, 0.023613981513311705, 1.1281817855479659e-05], "15": [0.023396068092420563, 0.021496486436962274, 8.92337894831119e-06], "16": [0.029793786224942442, 0.027391949564106153, 8.727621843229727e-06], "17": [0.022745349823953487, 0.02089398595472222, 4.3844609614374086e-05], "18": [0.02484310897901254, 0.022841649351039175, 6.588074405455835e-06], "19": [0.02864457966904821, 0.02635304638215525, 1.2304346450275894e-05], "20": [0.026795405726060872, 0.02464926445281247, 6.171042293168227e-06], "21": [0.015997190639390757, 0.014713148064964616, 9.20800505543884e-06], "22": [0.013148163996450246, 0.012057674388655812, 5.113151474200883e-05], "23": [0.024645429554517984, 0.02267464439262695, 1.144450666490382e-05], "24": [0.026944862165955707, 0.02479059352276617, 7.0058052249466485e-06], "25": [0.024096312989360213, 0.0221465236784554, 5.544010300284619e-06], "26": [0.027944497313203587, 0.025691161694969555, 8.165783660363246e-06], "27": [0.017447714047111762, 0.01602763320336545, 6.873792588346639e-06], "28": [0.025795910567677383, 0.02371736506402191, 1.0620096371205534e-05], "29": [0.020697135377454212, 0.019022616621817024, 5.046526656116157e-06], "30": [0.014598187823016584, 0.013420905509760142, 4.506877482879368e-06], "31": [0.025895958050599188, 0.02380584044955527, 2.66689548722443e-06], "32": [0.018546986708918523, 0.017052262563136387, 3.576498503254921e-05], "33": [0.0181478589900379, 0.01668205421605838, 4.4643209865524724e-06], "34": [0.018747491581896703, 0.01723509498901552, 5.444077145755344e-06], "35": [0.020946936667928018, 0.0192593317679711, 4.983992324958386e-06], "36": [0.021397082860500682, 0.019675099341576793, 7.771201060879918e-06], "37": [0.02134705662972558, 0.01961002478570968, 4.439226918617756e-06], "38": [0.016847949001491336, 0.01547918078791623, 1.1432985501547144e-05], "39": [0.01934730909227378, 0.017774359409201627, 1.1648174192302463e-05], "40": [0.006398985182634265, 0.005839324211658866, 6.310008510401754e-05], "41": [0.021296740467064312, 0.019590963182922715, 9.830374230301864e-06], "42": [0.012148886355430655, 0.011158544105845675, 6.014210340965498e-06], "43": [0.007198942655605722, 0.0065680564552824585, 6.325603202927965e-05], "44": [0.019547386547491552, 0.017955650620207125, 1.6199980084841137e-05], "45": [0.02119680048825945, 0.01947042866614016, 1.0820736107475248e-05], "46": [0.0203972803390845, 0.01875403713026895, 1.1310394632757514e-05], "47": [0.01869786020777453, 0.017184996129171442, 9.36595601164214e-06], "48": [0.01589822268011054, 0.014613245061889785, 7.1163801494966705e-06], "49": [0.01889794519098409, 0.017353160482026526, 6.1366262867901256e-06], "50": [0.014648491396967556, 0.013466191372503213, 8.126393957086364e-06], "51": [0.012349038814768898, 0.011325980983666934, 8.596626329016033e-06], "52": [0.016797970224228465, 0.01543677559225348, 1.2618066287273244e-05], "53": [0.015148238952042647, 0.013900054841684073, 9.663668855242058e-06], "54": [0.016998115182943807, 0.015617374628734111, 6.581661972648867e-06], "55": [0.01734789651794466, 0.015930514514750582, 8.923804567850802e-06], "56": [0.011149043837390238, 0.010223609545928377, 1.0418831937974993e-05], "57": [0.012098615143404268, 0.011099094784363177, 3.962706806648342e-05], "58": [0.015848116463708095, 0.01456008959585183, 1.3620490519672401e-05], "59": [0.01384879384626525, 0.012725266338978143, 7.563973834390225e-06], "60": [0.015048528872887768, 0.013819334983207945, 1.2875865268213715e-05], "61": [0.01604818145116782, 0.014722751257905899, 8.498912499432798e-06], "62": [0.01639822016981962, 0.01506101419210621, 1.3590581814826308e-05], "63": [0.005949616271229585, 0.005436797049439111, 3.6506757445486926e-05], "64": [0.01959754028713523, 0.018020069173721443, 1.0178188746046146e-05], "65": [0.017448168913134054, 0.01602952664864763, 5.704231711423091e-06], "66": [0.013748686361222062, 0.012617616447546873, 1.5040794057896711e-05], "67": [0.01524859136059764, 0.01401060143660026, 9.76867606750087e-06], "68": [0.012448811377176128, 0.011414462551887376, 5.799415622398385e-06], "69": [0.015248556361972976, 0.014005725195271088, 1.21859652114642e-05], "70": [0.014248718848432373, 0.013096538273870435, 8.536420067706274e-06], "71": [0.013798750095995072, 0.012670028056380735, 1.3813412961471982e-05], "72": [0.006599340060121084, 0.0060214201056824615, 5.650774146537252e-05], "73": [0.008199350050663967, 0.00751268144403182, 4.05928633009367e-05], "74": [0.011549073820309674, 0.010603061619715071, 1.0106370062490377e-05], "75": [0.014748596367888278, 0.013542569451127879, 7.309131765165233e-06], "76": [0.012348938835016421, 0.011352564272488234, 1.2668407294968986e-05], "77": [0.012998990065164695, 0.01193863180106862, 7.104207758512615e-06], "78": [0.01324890632814224, 0.012177315100497048, 9.596302650405342e-06], "79": [0.0039996850257906225, 0.003645801669590068, 4.5334780178429845e-05], "80": [0.012198972582204148, 0.01121612812993054, 9.558769268225298e-06], "81": [0.006799455043956293, 0.006217826160759363, 4.220031509771793e-05], "82": [0.011199115066039322, 0.010274826883352508, 9.731488814002098e-06], "83": [0.012148938833558498, 0.011148299406926038, 1.3468578715092328e-05], "84": [0.011649201297353695, 0.010700199389193905, 8.216556535378672e-06], "85": [0.012748956327058969, 0.01170129652642313, 8.804038528209546e-06], "86": [0.005449688766146599, 0.004985583231776958, 3.751678609831277e-05], "87": [0.009849436277980628, 0.009042864344384217, 6.601879671608302e-06], "88": [0.013498745105993248, 0.012386894862969192, 1.2518643610182068e-05], "89": [0.011549151301811666, 0.010601782988265664, 1.1973738939685674e-05], "90": [0.008799552519668796, 0.00806990762061552, 7.034445560494262e-06], "91": [0.006049431308766007, 0.005514067076432216, 4.251118846443358e-05], "92": [0.006049431308766007, 0.005514067076432216, 4.251118846443358e-05], "93": [0.006049431308766007, 0.005514067076432216, 4.251118846443358e-05], "94": [0.01204907880926942, 0.011063146387532653, 1.1128852082653573e-05], "95": [0.007399462533457912, 0.006769327206158844, 4.478780288996731e-05], "96": [0.007349543775438061, 0.006742354066894934, 2.8717311700066084e-05], "97": [0.013598922570538963, 0.012488540354098965, 1.0868760416116174e-05], "98": [0.008049603766731472, 0.007383477496459354, 1.0681641880894155e-05], "99": [0.009299475024876713, 0.008532660574696385, 9.471682921202706e-06], "100": [0.013448971312727376, 0.012350697588408531, 8.926489883154254e-06], "101": [0.004299705017541622, 0.0039183598770145475, 4.5068099540745976e-05], "102": [0.012599095052874487, 0.011576170872944533, 4.529514395890111e-06], "103": [0.006399565025916654, 0.005849769076865808, 4.608525170246569e-05], "104": [0.004499750012625814, 0.004108602458835427, 3.4459740731240807e-05], "105": [0.010249361284521474, 0.009408662643356045, 9.961520610946017e-06], "106": [0.002449843758021042, 0.0022234136614728605, 3.376446818426082e-05],