{"0": [0.11441612929732825, 0.005977210373447334, 3.740496851090125e-05], "1": [0.0990578635930568, 0.005444421499846322, 4.073598399600975e-06], "2": [0.07486004623618636, 0.004162955482064214, 9.722776743970041e-05], "3": [0.11191796877141935, 0.006294008279155745, 2.0932460053413315e-05], "4": [0.05807565680938109, 0.003095996436692678, 4.7661433140944176e-05], "5": [0.10395475810042809, 0.005628969193379673, 0.0001029367136844428], "6": [0.10339256640800243, 0.005646783427237232, 6.745106437522352e-05], "7": [0.0777956699371588, 0.004092156298067351, 7.718553911006953e-05], "8": [0.09262792762918948, 0.004909555063645715, 5.5662591498140124e-05], "9": [0.05471616636009824, 0.00321055467519226, 6.11351629550283e-05], "10": [0.08576939025684682, 0.004676925318747648, 7.581821628732666e-05], "11": [0.054997792129543366, 0.002917939771470673, 8.806128207772268e-05], "12": [0.07317713083691091, 0.003941878830782155, 4.314714310449386e-05], "13": [0.07567703113174351, 0.0041412142796126835, 5.335168525411049e-05], "14": [0.07190060325607028, 0.003945883168937058, 8.840425393541462e-05], "15": [0.06548918220165256, 0.003500668816102308, 6.993624981532776e-05], "16": [0.08339130128111827, 0.004607860953539707, 6.839076164999458e-05], "17": [0.06366355776454047, 0.0033775987564830727, 0.00034359338831591035], "18": [0.06952601286415183, 0.003874554711089088, 5.162322700136279e-05], "19": [0.08017751756946412, 0.004561277166598782, 9.642122114228435e-05], "20": [0.07500399113432532, 0.004240813849968655, 4.836027387189468e-05], "21": [0.044777983629809004, 0.0025111463410435156, 7.216249076635872e-05], "22": [0.03680560920886877, 0.0017826311469526196, 0.0004007499990642538], "23": [0.0689841790556982, 0.003929816582320055, 8.9682425594928e-05], "24": [0.07541973230118937, 0.004301283605577731, 5.490146705633414e-05], "25": [0.06745110074020588, 0.003652679057116148, 4.3450992243121433e-05], "26": [0.07821687393186438, 0.004313137964502427, 6.399536646473081e-05], "27": [0.0488420823207627, 0.002575193527327777, 5.3873384857072715e-05], "28": [0.07220794685882137, 0.003980785414871853, 8.32273740299927e-05], "29": [0.057937546684036056, 0.003135308869222681, 3.955094068519571e-05], "30": [0.04086579708809601, 0.002238455045294208, 3.532507949088881e-05], "31": [0.07248831888409513, 0.003967938117887205, 2.0899840420196547e-05], "32": [0.0519163822717329, 0.002861056189036457, 0.0002802904412387841], "33": [0.05080321786829467, 0.0027636582433837494, 3.499064442791244e-05], "34": [0.05248033868411672, 0.0028732072267910022, 4.266846830558446e-05], "35": [0.058635989372289976, 0.003231087703981995, 3.906020355559647e-05], "36": [0.05989713471208058, 0.0033124994735124706, 6.090775484790534e-05], "37": [0.05975692933391752, 0.0031558059427713283, 3.479254222227279e-05], "38": [0.047163923719507506, 0.0025041708641247357, 8.960599031049288e-05], "39": [0.05415890811202484, 0.0028711903212669514, 9.129574977240207e-05], "40": [0.01791204640788424, 0.0006423665596306769, 0.0004945285148043599], "41": [0.059614451850570016, 0.0033652629055553602, 7.703995177277267e-05], "42": [0.03401127051398589, 0.0017749033614269964, 4.7140204891160664e-05], "43": [0.020151712615047668, 0.000711692431692977, 0.0004957643659699862], "44": [0.054719514729349994, 0.0028797746992573173, 0.00012697188155452732], "45": [0.05933492271533758, 0.0031248915733396872, 8.480945135924678e-05], "46": [0.05709868264196738, 0.0031434655358095523, 8.86435514587669e-05], "47": [0.05234322696036853, 0.0028258803139889857, 7.340714893722122e-05], "48": [0.04450606835312876, 0.002412974281432229, 5.5776519322314755e-05], "49": [0.052903892991828405, 0.002731482180954176, 4.8098732907786435e-05], "50": [0.04100817462567419, 0.002234687950292634, 6.36952247085043e-05], "51": [0.03457246522160862, 0.001673432081143928, 6.738511567006e-05], "52": [0.0470240897213523, 0.002524106534222216, 9.889817494712627e-05], "53": [0.0424061962343697, 0.0021133941940774522, 7.57442447243406e-05], "54": [0.04758522561534295, 0.00252591694483933, 5.158832845830741e-05], "55": [0.04856351248050206, 0.002515729144404741, 6.994560753181833e-05], "56": [0.031212504918023742, 0.001497950879366647, 8.166697854272709e-05], "57": [0.03386914474746705, 0.0016670954042072345, 0.000310598835217446], "58": [0.044365236090414095, 0.0023511717803585772, 0.00010675595806508564], "59": [0.03877054511289746, 0.002064623362070414, 5.92869584988831e-05], "60": [0.04212846809725168, 0.0021802660640933723, 0.00010092347814671943], "61": [0.04492574541517802, 0.0022140906473501138, 6.661599389623518e-05], "62": [0.04590604852728841, 0.0023955478815556592, 0.00010652274415834384], "63": [0.016656991865958815, 0.0006490744636508484, 0.00028616674812520504], "64": [0.05486071990192276, 0.0030287706343117143, 7.97711678165447e-05], "65": [0.04884564658059265, 0.002580893395164122, 4.471026384456067e-05], "66": [0.03848970264117968, 0.0019284829550167157, 0.00011789543262863411], "67": [0.0426889578275117, 0.0022672961081534656, 7.656759168817029e-05], "68": [0.03485068299117999, 0.0016661158961014456, 4.545910751607707e-05], "69": [0.04268868345771859, 0.0022297869277573385, 9.551601563306811e-05], "70": [0.039889957160494594, 0.0021544761481135815, 6.691019727389502e-05], "71": [0.038630202107002076, 0.0019852760062807036, 0.00010827442417116195], "72": [0.01847482691956992, 0.0006516926822579975, 0.00044291724262635057], "73": [0.022954905111995605, 0.001053302748497, 0.0003181818618024357], "74": [0.03233273974319795, 0.001649782258986144, 7.921783022046824e-05], "75": [0.04128899718749657, 0.0021258589605332593, 5.729126213371849e-05], "76": [0.034571681665995335, 0.0018837208889517934, 9.929758707516445e-05], "77": [0.03639208303031649, 0.0018911203005043066, 5.5685735030563954e-05], "78": [0.03709142671515153, 0.002000019643501317, 7.521800322163319e-05], "79": [0.011197530966053915, 0.0003654870673394687, 0.0003553504638370564], "80": [0.034151946204260986, 0.0018717833404799332, 7.492327020552914e-05], "81": [0.019035728164763288, 0.0007779531107049148, 0.0003307836991468527], "82": [0.031353063049463725, 0.00154524146625056, 7.628048156615996e-05], "83": [0.034011681634004254, 0.0016935847217131109, 0.00010557334178507016], "84": [0.032613738839363804, 0.0017031733929816705, 6.440438190513653e-05], "85": [0.03569181869135207, 0.001795119585524659, 6.900998142478354e-05], "86": [0.015257560154383953, 0.0006380723112653533, 0.0002940857828495069], "87": [0.02757558081412015, 0.0014057863964715743, 5.174990544376534e-05], "88": [0.03779016312640804, 0.0018824488129872763, 9.812674257092535e-05], "89": [0.032333346937222895, 0.0016382189543934767, 9.385613717693975e-05], "90": [0.02463649203167384, 0.0011843015726925436, 5.514216225011026e-05], "91": [0.016935542289768124, 0.0005530580593747285, 0.0003332333698129464], "92": [0.016935542289768124, 0.0005530580593747285, 0.0003332333698129464], "93": [0.016935542289768124, 0.0005530580593747285, 0.0003332333698129464], "94": [0.033732778700910626, 0.0017287561761506046, 8.723383641606741e-05], "95": [0.02071578673436525, 0.0008679734286278855, 0.0003510692651893521], "96": [0.02057642355832401, 0.001007631456365645, 0.00022510542896891916], "97": [0.03807155394827921, 0.001970133552447692, 8.519343242008315e-05], "98": [0.022536893767198363, 0.001093658315706262, 8.373182459175954e-05], "99": [0.026035884545991594, 0.0012858333121820496, 7.424635665342905e-05], "100": [0.03765193597683436, 0.0019468818556864626, 6.996929797886686e-05], "101": [0.012037687585017887, 0.0003851392435069968, 0.0003532712206841815], "102": [0.03527290596055277, 0.001869702797372778, 3.550449640976616e-05], "103": [0.017916590168837065, 0.000712589832832655, 0.0003612406131481283], "104": [0.012598040277107536, 0.00046452426284030547, 0.00027012509195578627], "105": [0.02869499295769351, 0.0014527516130364404, 7.808438634204773e-05],