{"1": [8.829629517301342, 93.22256753829794, 14.11923191220641], "2": [1.4401299000287482, 2.8438553956431334, 3.630722849974994], "3": [0.3675621164302658, 0.4077427015105216, 1.146418133121923], "4": [1.27616764425086, 2.8679549720176083, 3.310305112829374], "5": [8.886408207508381, 81.88592661585145, 12.222586630300171], "6": [7.213120347872613, 52.76736165774834, 9.039105421021535], "7": [2.466009560770872, 7.446342845631343, 5.2144720235348325], "8": [6.709754214171715, 39.410147531006785, 9.683000450933653], "9": [2.12882928102763, 5.899493387975493, 5.121004581122354], "10": [6.142848944712623, 32.223323101914076, 7.326475171234276], "11": [4.267996569738499, 14.321471025150133, 7.37477865813173], "12": [1.1251526896090065, 1.9094346358093313, 3.1323498336020776], "13": [2.5363780318135047, 6.5193345392664, 6.190695895086579], "14": [9.289551270691968, 97.21648204354172, 12.754602577926919], "15": [8.797760283041073, 95.878879271137, 10.63029239210621], "16": [6.764684579061884, 53.669490870571124, 8.195757709774703], "17": [2.4722932177491437, 6.945959224280601, 4.989379926895032], "18": [10.54452721679134, 102.24899243228592, 10.448595566366276], "19": [6.837597179906113, 59.14955945155333, 11.25566829344862], "20": [7.763452082896399, 75.7974389120428, 13.367804765044749], "21": [3.861058468472777, 26.06497831360248, 8.603915618747333], "22": [1.9218792213607152, 5.300092717662137, 3.8229232404432], "23": [0.7833939174854186, 1.8152805790379123, 2.2899790603668633], "24": [1.098651641425517, 2.3817086289865954, 2.6012193819386162], "25": [1.9462809246848782, 5.725728651922743, 4.51232509942771], "26": [7.003054177553929, 51.91660489400512, 6.275551632575506], "27": [6.706156104754881, 61.96207303429989, 10.634004428134396], "28": [5.219571656960466, 37.70094900598941, 8.468682761964114], "29": [6.901245622512681, 60.58785513961421, 8.778838220520814], "30": [10.547499831156758, 104.66916431271119, 14.361902892600197], "31": [9.649447800352691, 96.89617851686238, 12.69086576579871], "32": [1.5722219365585461, 3.9094370290049563, 3.855175204967729], "33": [6.922773228790372, 61.4010654596242, 11.891081973212163], "34": [1.342887814054091, 3.1911334038007437, 3.0912032225863406], "35": [6.404074021584257, 52.15748031114588, 8.278873257109137], "36": [7.356422988583738, 64.71010670518123, 9.648610333753814], "37": [5.030728114550995, 24.951214308121003, 5.592266951000567], "38": [3.4267991738485017, 12.357852937485152, 5.511757982451547], "39": [7.4699196471537475, 62.85965794972703, 10.140053183655679], "40": [3.600183340095212, 17.419426099728966, 6.454889567046563], "41": [2.685776678688958, 8.819016754976529, 4.4669273414429185], "42": [6.971166706313827, 59.272635877018985, 9.4501770399366], "43": [1.0852734625212868, 1.9929983108001597, 3.175379623749242], "44": [1.2548978310956145, 2.6401032531284327, 3.38199552618895], "45": [7.105065308170189, 44.21037199033499, 10.014006081638195], "46": [5.589075538077089, 27.873042549327852, 9.770141056275815], "47": [6.695381545882091, 35.21998735830877, 8.08964423496772], "48": [1.9186744538965306, 4.48004462266355, 4.645294324347391], "49": [0.9338305404519124, 1.3665070680206555, 1.9065303168193342], "50": [4.422945848104301, 15.221312139823484, 6.305003159896139], "51": [2.279974609177496, 5.57174832113076, 4.761059547717499], "52": [6.76550303992883, 41.903372596086484, 9.413001306219284], "53": [2.4586802263006486, 6.108724820915437, 5.962237551193379], "54": [6.317358097456204, 33.9592264512996, 7.118195060443752], "55": [1.2534304174905224, 2.3143212607548542, 3.3574445666927124], "56": [8.185284781195262, 49.25177260730304, 6.500050791010341], "57": [5.638393675907933, 31.395303625141423, 8.122930709537622], "58": [3.248895430129674, 11.364398648849656, 4.5801100337274105], "59": [2.5244418628758307, 7.422096264775846, 5.5302920297462785], "60": [1.6197420872673718, 3.2322359626641073, 4.561971305530168], "61": [1.6287910242932206, 4.69186694147161, 3.5006310889810552], "62": [7.471774428899351, 68.85149148862222, 9.531939708714331], "63": [0.5760205786556404, 0.7687400390254787, 1.683071918799742], "64": [4.203209433885422, 14.623503011830765, 8.629602921110079], "65": [6.961278378545109, 39.78963090943081, 10.145734006385613], "66": [8.874914202661092, 62.221290554237896, 8.110847412071791], "67": [2.7854184771510235, 8.516130011777834, 5.045452884993274], "68": [6.85013263452, 32.20483753619254, 7.278820261760666], "69": [1.2821191814072375, 2.4145498575493822, 3.35600190727673], "70": [1.648089577304586, 3.9772183789500617, 3.815394494590283], "71": [7.890727089786764, 65.93631327712653, 11.341777293125373], "72": [1.8208160261431814, 3.6441846383646146, 4.612438230598693], "73": [1.5883885699974445, 3.6063668966903877, 3.654949334311306], "74": [1.4135074998064023, 3.229561491050186, 3.370746659069991], "75": [6.1702064896462145, 54.97895031393642, 8.97952171468253], "76": [1.8358098338260789, 4.48741914245073, 4.405929600811981], "77": [7.335088751791359, 46.904755808497455, 8.391907636574924], "78": [0.40756079305043147, 0.46718183056709234, 1.1294035156416267], "79": [3.86027629724589, 12.785636391939192, 7.2716311678003525], "80": [6.910836592372191, 62.96372791016254, 10.055017087516884], "81": [0.5660704124048085, 0.7098037741489105, 1.4375961207994186], "82": [0.821715386503681, 1.2924506643210576, 2.1966964028255216], "83": [1.7671954620830588, 4.234017594327025, 3.4779588261665912], "84": [0.6058710774081361, 0.9935524277318896, 1.5870374011450332], "85": [1.1861260347703946, 1.9845032495080395, 2.7255781637465137], "86": [7.8058034359935204, 50.17535019407592, 10.396639042014124], "87": [3.7795933904958723, 12.180834965507652, 5.990455409908963], "88": [0.5758245372873089, 0.8342108428138431, 1.4831078061907865], "89": [0.7649757167372806, 1.2370518950246385, 1.710315651212189], "90": [2.9686151130134917, 7.993009672090931, 5.897595278104945], "91": [2.3977295852610583, 5.373071848320415, 5.794887123467343], "92": [0.4964202337732385, 0.4700377985186636, 1.1844572100835729], "93": [0.6455727366030446, 0.8681651132568191, 1.7019036921014896], "94": [0.7146298655083536, 1.037281977036059, 1.8327445306497503], "95": [2.155076242414143, 4.591448080835887, 5.045497615335333], "96": [1.3619932226461464, 2.5281664570092945, 3.177772254197282], "97": [0.7149268829336107, 0.9363147742547747, 1.7587632813196796], "98": [9.320632895760061, 73.29349759413697, 11.26400656861607], "99": [1.0660544565244707, 1.799848077646906, 2.8007658095736034], "100": [2.7716535117759697, 6.527975565910546, 7.412454003457914], "101": [0.9886067824468723, 1.5882675346987531, 2.653147495100968], "102": [3.4813153084062147, 11.554028878871915, 5.099365118545733], "103": [4.8739360531618985, 18.68322058144457, 8.57282965293], "104": [3.2646920451158508, 19.12025096967548, 7.064730154832473], "105": [8.930757908739348, 83.04131913817548, 9.449614312152663], "106": [6.506622778131048, 33.02906980579641, 6.534152937169001], "107": [0.37810631753161195, 0.5310562165169426, 1.2918909205978253], "108": [2.0331492632782835, 5.441900559215693, 4.626240165776069], "109": [4.109145677829405, 15.789636916791473, 6.398540678034442], "110": [6.524387234758288, 43.94716736665781, 8.857086083796833], "111": [1.8505840029050362, 5.495506429735277, 4.5181392922756975], "112": [11.391733481057491, 108.95388088336233, 10.788967870904106], "113": [1.5846713430798425, 3.668444325458415, 4.26943728564902], "114": [5.096127632100197, 24.113674005568818, 7.406437288256545], "115": [4.384437778650015, 21.849834694947468, 6.831670019959961], "116": [1.8930177858635402, 5.494356739028345, 4.256502685478058], "117": [3.6787836295578176, 17.527341218819615, 8.218913671348774], "118": [1.1907596444896222, 3.5825813139440243, 2.957812316852067], "119": [0.1592026600133103, 0.023524964199750163, 0.018018361207770672], "120": [0.1592026600133103, 0.023524964199750163, 0.018018361207770672],