{"0": [5.476680902401685, 71.56159147972242, 0.16991877490978224], "1": [4.804817290001106, 64.96538058974441, 0.009796016323246226], "2": [3.6475602021319706, 43.578810550459075, 0.25891291201697886], "3": [5.4013004545998555, 78.43686514660298, 0.06326075580414026], "4": [2.845321853499988, 24.767329889043808, 0.1153420107167592], "5": [5.042184849786075, 71.66800406669368, 0.3196934640209833], "6": [5.009117945982188, 71.79930573499055, 0.1611095463349015], "7": [3.784128488112855, 43.50008000276067, 0.18998542618016412], "8": [4.506752710943012, 60.097466278544545, 0.14568150972124316], "9": [2.6785903372307933, 24.299518728939812, 0.14956829791351323], "10": [4.167688518413689, 56.99831998401383, 0.18149474121130782], "11": [2.6965301968916155, 23.684833639307985, 0.2126363755634636], "12": [3.5568586017056076, 40.062570032980965, 0.12213148707821486], "13": [3.6381898651471563, 43.363770314213134, 0.13033325705538978], "14": [3.457564830824307, 39.75946141925726, 0.22192265565814506], "15": [3.20051864531975, 35.91962726851622, 0.1689821887163162], "16": [4.053463887088169, 49.888168839360745, 0.17096113551050984], "17": [3.096680915813704, 22.77567525145909, 2.9032274739018495], "18": [3.3509739285090943, 38.483390641270034, 0.1262698173744271], "19": [3.907213334465681, 48.83434632569026, 0.2563317251453775], "20": [3.6638907847550755, 42.30619833580676, 0.11584661812155128], "21": [2.1866218679624554, 16.01417436610489, 0.17398886402523372], "22": [1.8056744958650133, 7.509805079601128, 1.4511851856613016], "23": [3.363563097502613, 37.07982620909326, 0.23532750566457705], "24": [3.6747383474030144, 44.962246328879786, 0.1319832381086784], "25": [3.303046567791688, 36.887337937903744, 0.10851048585835554], "26": [3.807972294823348, 48.593595299184095, 0.16776397224145512], "27": [2.398991419003181, 18.24737343750315, 0.13043307240715485], "28": [3.5333666662550716, 41.79724567523134, 0.19926713389120265], "29": [2.8428643447648057, 26.833832639079947, 0.09542186532673258], "30": [2.0093358257775975, 13.731065497984199, 0.08612860567034919], "31": [3.548252537066024, 40.179340441439365, 0.04982717194262809], "32": [2.5391666967847817, 16.83074531158096, 1.6867107912850066], "33": [2.4996806199555013, 20.863251277992422, 0.08519084787993436], "34": [2.5767234915697754, 22.00124409740004, 0.10351990895579644], "35": [2.8740778008865067, 28.289736018666314, 0.09425203061796483], "36": [2.939790728683128, 30.522287165985663, 0.15290735518701237], "37": [2.9323272754726712, 28.038979480316584, 0.08410937754619585], "38": [2.3194741153735063, 18.747859961811592, 0.21688918139782987], "39": [2.6571758938452037, 26.773842204809345, 0.22176820989400658], "40": [0.8765949219034451, 2.2026318493684767, 1.1943121605255815], "41": [2.919362676700168, 30.860842319637765, 0.18821463231213664], "42": [1.6794562501683052, 10.371012576106743, 0.1151659124605402], "43": [0.9876924478633976, 2.5253300523766566, 1.1986690916844576], "44": [2.686575613523564, 27.50420734648542, 0.30698552144070357], "45": [2.906592059190886, 30.069662248039336, 0.2090015584777397], "46": [2.8036031433286945, 27.688707118549523, 0.21384000385014545], "47": [2.576619525681446, 23.281670041190026, 0.17792336686507892], "48": [2.191649228328094, 17.339695910614555, 0.1355336328225144], "49": [2.606239893720651, 22.720888895550328, 0.11709120918629212], "50": [2.0218267881475374, 14.952876237269619, 0.15538089408717737], "51": [1.7103357383767623, 10.367313890815375, 0.16512844428350237], "52": [2.3128187979802606, 20.91346390477739, 0.24042650332016713], "53": [2.0870258947161817, 16.019431256830533, 0.18454244855203206], "54": [2.3435501040069027, 20.490117037092674, 0.1260202516861143], "55": [2.3884884587692845, 20.082599091035835, 0.17026328482224096], "56": [1.5424942917258497, 9.42342252693854, 0.19935661189989795], "57": [1.66724249222842, 8.393755736154652, 1.2174731356736572], "58": [2.1826565255127344, 18.51941592342195, 0.26063148626942734], "59": [1.9156189411208566, 13.582698152340837, 0.14439666801558348], "60": [2.078497268489857, 16.74086297909131, 0.24572977358908532], "61": [2.2118965954874708, 17.01806399280024, 0.1623814431763837], "62": [2.2615724968898467, 19.553331448788374, 0.25796184787201126], "63": [0.8255363571826777, 2.2774604711943987, 0.702284681619664], "64": [2.696559901639581, 26.253349436421953, 0.192407595741941], "65": [2.4075503107344844, 20.375341144130104, 0.10905553656857758], "66": [1.8995524723454977, 14.157321931252003, 0.2872020883151536], "67": [2.1076890748395787, 16.587239110778075, 0.1865156394033688], "68": [1.7200443238596361, 10.961470953164271, 0.11147634552574937], "69": [2.1070069867952754, 17.211157378464026, 0.23196412843033187], "70": [1.9701550961716294, 15.258177568646543, 0.1634802077734976], "71": [1.9077610026039866, 14.558527723366868, 0.2633029389022524], "72": [0.9112271625497798, 2.5539315111957923, 1.078371802111091], "73": [1.1353975491492099, 3.8067633650233916, 0.7953660731485603], "74": [1.5990365669735427, 10.047648396715658, 0.19347212235132571], "75": [2.0378065828875345, 15.510032566476045, 0.14016445678476075], "76": [1.7084304300595168, 11.40917764532592, 0.24165419654987852], "77": [1.800381437354371, 12.6845102676021, 0.13639720821750445], "78": [1.8337750315438859, 12.836657946141095, 0.18378000059193045], "79": [0.5538960019733754, 1.2905184789723754, 0.8692250345126665], "80": [1.68808424932329, 11.336041723002353, 0.18295299324139602], "81": [0.9414373221676842, 2.84284499365844, 0.8082493016595069], "82": [1.5508334670086086, 9.631263201633999, 0.1868539659008156], "83": [1.6804265665946894, 11.84400071106135, 0.25771340069708004], "84": [1.6154734771775885, 10.138286921949, 0.15747714187457873], "85": [1.7647519514361787, 11.984517097976447, 0.16889179000134802], "86": [0.7569434991212722, 2.23081856970184, 0.7222073348649531], "87": [1.3680267895783773, 7.637854507851074, 0.12698504181372228], "88": [1.86568974176412, 13.927692612444522, 0.2390565453612653], "89": [1.6005056468038517, 10.674927370682262, 0.22957199211914137], "90": [1.2232826645376682, 6.329314927692885, 0.13573651106930318], "91": [0.8360114893303703, 2.1170982670719396, 0.8175952631286334], "92": [0.8360114893303703, 2.1170982670719396, 0.8175952631286334], "93": [0.8360114893303703, 2.1170982670719396, 0.8175952631286334], "94": [1.6691048807178461, 11.734173916758834, 0.21346445987171614], "95": [1.0255561146364256, 3.198803971672689, 0.8573876614799767], "96": [1.0201268049836225, 3.616757393328301, 0.552189838176105], "97": [1.8830730041977977, 14.049393188113424, 0.20819734156762626], "98": [1.1192791594368388, 5.688459533954126, 0.20572763672306604], "99": [1.2917778616846216, 7.121218735643149, 0.18241708166102621], "100": [1.8630074051513397, 12.966756875846377, 0.17101605383908902], "101": [0.5962657816950107, 1.3936674518616532, 0.8659235730574085], "102": [1.7464060991936043, 11.279425952854703, 0.08704821888655068], "103": [0.8875445846953327, 2.551779205568666, 0.8833284314505095], "104": [0.6251344178306995, 1.7800795718432134, 0.6647284625688406], "105": [1.4225745590996826, 8.45314710380619, 0.19151035092548185], "106": [0.3399593749364882, 0.6026732183262522, 0.6509998273210242], "107": [0.5555234788473484, 1.2205364935641287, 0.7364959029439531], "108": [1.2639763278475922, 6.918695770179481, 0.1515533154167743], "109": [1.5611602220527157, 9.421550130439135, 0.12190802537594803], "110": [1.2302075385131988, 6.568671416262197, 0.1459256337477809], "111": [1.2299676289037662, 6.63034333531335, 0.11961245190645153], "112": [1.3259818612311736, 7.640787096668226, 0.17490977993199908], "113": [1.0161481183632546, 4.827318369592841, 0.1590289483073727], "114": [1.1889340309391785, 6.371857804818122, 0.19605785215623683], "115": [0.9328803679338209, 4.2127473013731125, 0.1834372070777317], "116": [1.036542257823328, 4.953753974098236, 0.18343698479437232],