{"0": [0.07357706090475535, 0.002472338261044194, 1.5462789356934792e-05], "1": [0.0636943160451332, 0.0022515517106086796, 1.6839493676146233e-06], "2": [0.04813348548022245, 0.0017214116322203919, 4.0190803821671395e-05], "3": [0.07196609143526833, 0.0026031946716374233, 8.653606896835697e-06], "4": [0.03733993835640559, 0.0012800276501497953, 1.9700572345349165e-05], "5": [0.06684303248939982, 0.0023279306790886566, 4.25521867079004e-05], "6": [0.06648212622153549, 0.0023353276443881855, 2.7882794230271735e-05], "7": [0.0500216762731478, 0.0016921558707559622, 3.19067158233155e-05], "8": [0.05955847669104375, 0.0020302100913206726, 2.300943232891317e-05], "9": [0.03518014894330257, 0.0013274206781562045, 2.527043713007604e-05], "10": [0.055149080786292215, 0.0019340450832747848, 3.134094657430975e-05], "11": [0.03536082096948878, 0.0012063949273706542, 3.639873575955743e-05], "12": [0.04705227990917904, 0.0016300167892913029, 1.783590680048963e-05], "13": [0.048663966159332106, 0.0017126928472750863, 2.205412994527034e-05], "14": [0.04623544311331951, 0.0016318989464575637, 3.654480728232379e-05], "15": [0.042107262154620795, 0.0014474030911236088, 2.890752655315687e-05], "16": [0.0536198705428238, 0.00190547020746939, 2.8271303053051255e-05], "17": [0.04093493621200972, 0.0013966962653703737, 0.0001420293998568578], "18": [0.04470768016050353, 0.0016023349511474973, 2.1340357839738644e-05], "19": [0.05155244050924179, 0.0018861485391041032, 3.985786689675308e-05], "20": [0.04822511643389504, 0.0017535464827260555, 1.9990383703261116e-05], "21": [0.028790899328198782, 0.0010382680994229102, 2.9828751756832972e-05], "22": [0.02366405198715127, 0.0007369862964919638, 0.00016564395658391629], "23": [0.04435519384134601, 0.0016249638671554034, 3.707241159767172e-05], "24": [0.048493355791158654, 0.001778614281396265, 2.2694400803491277e-05], "25": [0.043368055353684376, 0.0015102540920233721, 1.79600184020412e-05], "26": [0.05029217404970798, 0.0017835339809738474, 2.6452671827659202e-05], "27": [0.03140259428258119, 0.001064642027124067, 2.226794537463217e-05], "28": [0.04642675171036037, 0.0016459626848897826, 3.440285114630903e-05], "29": [0.03725071960109316, 0.0012962632829007176, 1.6348212537264928e-05], "30": [0.0262741293834986, 0.0009254226427961152, 1.4600662980979173e-05], "31": [0.04660690551077995, 0.001640628482832966, 8.63916392890296e-06], "32": [0.033380238126120565, 0.0011829456526394422, 0.00011585895574417471], "33": [0.03266306374977712, 0.0011425470275307022, 1.4462634103873384e-05], "34": [0.03374187358541858, 0.0011878860064697698, 1.7636409267662856e-05], "35": [0.037700075887108775, 0.0013358900302702541, 1.6145514266541205e-05], "36": [0.03851054940224574, 0.0013695446004641898, 2.5175309131930668e-05], "37": [0.038420464464341886, 0.0013047376152372767, 1.4381081101078053e-05], "38": [0.030323355416547848, 0.0010352751278301176, 3.703762930851173e-05], "39": [0.034821282345952276, 0.0011870521919547159, 3.773533179685096e-05], "40": [0.011516712464967771, 0.0002655903894079539, 0.00020441198368281732], "41": [0.03832944032362928, 0.0013914108521583216, 3.1844880851616963e-05], "42": [0.02186639206481178, 0.0007337120002978586, 1.948398756457248e-05], "43": [0.012956574607393967, 0.000294249016889781, 0.00020491969015801192], "44": [0.035181533184828084, 0.0011905912969983137, 5.24813564626303e-05], "45": [0.03814963484718048, 0.0012919943909787581, 3.505458608665801e-05], "46": [0.036711189177347614, 0.0012996396676802173, 3.6640194155612704e-05], "47": [0.03365306761165643, 0.0011682742106089712, 3.034167686555289e-05], "48": [0.028614241950321473, 0.0009975398790708192, 2.3054157489488247e-05], "49": [0.034013342913739364, 0.0011292225521490292, 1.988039419209553e-05], "50": [0.026365112507042543, 0.0009238172666620867, 2.6326638287055282e-05], "51": [0.02222688592770128, 0.0006917370434644136, 2.785079229050691e-05], "52": [0.030233424107588447, 0.0010435077422745458, 4.087750177539373e-05], "53": [0.027264294728204352, 0.0008736744075936523, 3.130682094221182e-05], "54": [0.030593893666848615, 0.0010442345168989785, 2.1322403744528096e-05], "55": [0.03122318541248137, 0.0010400438650760807, 2.8910010481664195e-05], "56": [0.020066902259608055, 0.0006192023829553035, 3.3753966583449646e-05], "57": [0.02177551343626616, 0.0006891860804009284, 0.00012837753556660392], "58": [0.028523897896233552, 0.0009720081811902055, 4.412514175622384e-05], "59": [0.024926092311375325, 0.0008534794835038447, 2.4504601805808157e-05], "60": [0.027085233866631975, 0.0009013022755081915, 4.1713538344478884e-05], "61": [0.028884108423104293, 0.0009153017338326995, 2.7533641953403354e-05], "62": [0.029514233790313926, 0.0009903384206961007, 4.402847206075311e-05], "63": [0.010708756773797234, 0.00026829222762488525, 0.00011827343374992694], "64": [0.0352720312744198, 0.0012521958942636488, 3.2972604692482754e-05], "65": [0.031404067701331306, 0.0010669576473041524, 1.8479710989227627e-05], "66": [0.02474574409859831, 0.0007972054362207006, 4.8727713328755584e-05], "67": [0.0274454362949621, 0.0009372767070378369, 3.164706166236542e-05], "68": [0.02240614919161288, 0.0006887287098005627, 1.8788584326578928e-05], "69": [0.027445322902985292, 0.000921774637471736, 3.94785145469978e-05], "70": [0.025645849324017478, 0.000890632013894186, 2.765519049108267e-05], "71": [0.024835950559804698, 0.0008206801528742974, 4.475130457193277e-05], "72": [0.011877861950598367, 0.00026940156752297014, 0.0001830661479923501], "73": [0.014757894295446161, 0.0004354043335488225, 0.00013150876978429427], "74": [0.020786999360009828, 0.000681970975195886, 3.274169066846966e-05], "75": [0.02654545253747287, 0.0008788084821001737, 2.3679327197934086e-05], "76": [0.022226562045775333, 0.0007786945657313504, 4.104148183869949e-05], "77": [0.023396727980012466, 0.0007817335494939727, 2.3015570946416375e-05], "78": [0.023846456705693186, 0.0008267667694870288, 3.1088903761467e-05], "79": [0.007198979550395279, 0.00015107713205595632, 0.00014687109297562007], "80": [0.021956671379373738, 0.0007737555309152689, 3.0967209054821865e-05], "81": [0.012238234456328545, 0.0003215839956098908, 0.00013671679993276786], "82": [0.020157132985105686, 0.0006387466446985283, 3.152738848843928e-05], "83": [0.02186656203727433, 0.0007000852061234505, 4.363448057287389e-05], "84": [0.020967412326141854, 0.0007040269690023477, 2.661918506041694e-05], "85": [0.022946618699371868, 0.0007420509156486491, 2.8522579432199713e-05], "86": [0.009808991644153497, 0.00026374349530461214, 0.00012154600152414208], "87": [0.017728173613160148, 0.0005810770717847674, 2.138847314081538e-05], "88": [0.02429593441810518, 0.0007781714041450273, 4.055685623394201e-05], "89": [0.02078725035214135, 0.0006771805995953223, 3.879162423947591e-05], "90": [0.01583855021468694, 0.0004895166047157875, 2.2790158633934077e-05], "91": [0.010888157592687908, 0.00022861132769766575, 0.00013772630506592165], "92": [0.010888157592687908, 0.00022861132769766575, 0.00013772630506592165], "93": [0.010888157592687908, 0.00022861132769766575, 0.00013772630506592165], "94": [0.02168701549563179, 0.0007146103721061148, 3.6054485922254464e-05], "95": [0.013318258695109164, 0.0003587896148031267, 0.00014510020915226018], "96": [0.01322852189833712, 0.0004165072154561653, 9.303707961472174e-05], "97": [0.0244765093113547, 0.0008144065636345167, 3.521155230012951e-05], "98": [0.014488716247556765, 0.0004520471301719741, 3.460627915730097e-05], "99": [0.016738299145058866, 0.0005314901864604623, 3.0686122177936426e-05], "100": [0.02420666721580178, 0.0008047867213990057, 2.891919389291786e-05], "101": [0.007739044302292997, 0.00015919968607469622, 0.00014600916799767383], "102": [0.022677068108338694, 0.0007728729329153216, 1.467436280633283e-05], "103": [0.01151859075113082, 0.00029455378415366526, 0.0001493038190941709], "104": [0.008099190073622364, 0.0001920060406127192, 0.00011164236819660722],