{"1": [30.392980637466714, 109.82292904195721, 63.09643117875806], "2": [5.53266431787756, 28.217681300730657, 44.2305352801999], "3": [1.4415659428721073, 5.362095556162044, 16.68787572080923], "4": [4.944169057655853, 29.53429651467431, 40.60319885909595], "5": [31.15546134850964, 117.84794368942713, 55.701426627421384], "6": [25.709982132092886, 112.74213460763181, 55.2147278954814], "7": [9.265727284356288, 53.85411841421634, 54.00275144171246], "8": [23.940259210597425, 100.8577072044747, 63.884709466778034], "9": [8.05206992783909, 44.97869815280614, 55.90151497077978], "10": [22.271251013329493, 106.35779591341075, 54.44043306248556], "11": [15.750202631899374, 80.92475603251431, 61.18238037973512], "12": [4.329527736331882, 19.401387282180654, 39.63335863843912], "13": [9.443466502439898, 45.67916369351578, 61.479445483493535], "14": [31.600107436915383, 110.24324566267494, 61.7066543606419], "15": [30.06021640155436, 110.82644215528256, 60.619453211407], "16": [24.269704924652327, 106.27490711048385, 54.65261496108904], "17": [9.352618748611864, 53.7963462294758, 52.43882208765188], "18": [36.527210656108394, 134.72739144963867, 42.58189892287434], "19": [24.305086540840634, 97.05249540290086, 68.8633281405485], "20": [26.753239854046747, 97.44902580715708, 70.55437497260012], "21": [14.054893334888988, 62.54734049781074, 73.77396045063722], "22": [7.36526186034347, 44.5782349445634, 44.481452674741014], "23": [3.0563638086958806, 20.302324754277908, 30.733144015064713], "24": [4.263145309190713, 25.466295119426796, 33.366408354703125], "25": [7.4024640774262265, 43.03731081979372, 51.33057892959199], "26": [25.48141941548063, 121.11066046611015, 48.80786157350808], "27": [23.79718656548483, 98.30226702416843, 69.21538997994028], "28": [18.942987241720846, 83.75817080908168, 68.31748380181516], "29": [24.531246865939718, 110.99360511697562, 55.05790757611052], "30": [36.60211906408498, 121.64234884776374, 56.13259192385362], "31": [33.21838475928626, 122.70317324224101, 52.65611877318145], "32": [5.974755171307302, 32.39780435623463, 45.44083602448806], "33": [24.1962303275456, 91.26101230641879, 67.05717667243717], "34": [5.174876710830397, 32.11664249459931, 38.79647041355975], "35": [22.949525862354786, 107.23423570780085, 54.23118959701215], "36": [25.901653647364217, 100.72957775031158, 62.633685382849215], "37": [18.402879926205433, 90.80162371410053, 52.601728652700885], "38": [12.786922854761297, 71.28350251602464, 55.71539526587627], "39": [26.45947096982801, 103.1246829990428, 64.15053646803739], "40": [13.308351077312166, 65.43566686971936, 61.40615807654506], "41": [10.136410461178272, 62.85587282557836, 49.3962655342333], "42": [24.767101922201263, 96.31272463363737, 63.18770396559942], "43": [4.172356019324332, 20.715093937128902, 40.16387975344684], "44": [4.845213322932538, 26.446313189214905, 42.05260366185647], "45": [25.396428310181957, 105.43551454161711, 60.93047263401867], "46": [20.14466987237382, 88.0196195790129, 68.58390688261015], "47": [24.277468792895174, 109.47827014231385, 55.683457503234244], "48": [7.318235762199798, 39.72744329275474, 52.52106438429013], "49": [3.6627306984517864, 17.129330538268096, 25.942099252145038], "50": [16.307912013347476, 81.99001091666022, 56.431187664803566], "51": [8.665876047138449, 47.49968610891285, 51.59406110315174], "52": [24.063057051100806, 99.18424281406313, 63.10681757849293], "53": [9.260717853329501, 46.7453633574011, 61.634162042446604], "54": [22.90454649290373, 105.31081573523181, 54.919949138127535], "55": [4.823222341284362, 24.04988823888279, 42.10581535839936], "56": [29.633398926084816, 135.47223876153777, 37.09144498712512], "57": [20.327424594042245, 92.61755555849291, 57.66926303587789], "58": [12.414133482855307, 86.05155155680053, 46.65918728625974], "59": [9.481917090282309, 54.69016639906409, 58.203285188622516], "60": [6.138145965947608, 28.62285676916595, 52.8923511200861], "61": [6.27176733717806, 43.084258196957165, 42.046449830333216], "62": [26.433194792836566, 117.04603718470294, 50.169099094283744], "63": [2.2573003802633753, 9.84780164962332, 23.55365097768807], "64": [15.337662942464137, 65.06849984888407, 72.29418093912084], "65": [25.011796054765554, 104.85751217590358, 56.284662832530515], "66": [31.612158710355953, 128.153860896455, 43.05432931857549], "67": [10.528261915887073, 62.11124457189249, 52.49344374302317], "68": [24.948330911979205, 115.50011078599888, 50.706347893267036], "69": [4.9239693836071385, 24.39462547658894, 40.9946849920363], "70": [6.340513636901067, 38.21412006733027, 45.196344686632415], "71": [27.926373729492152, 108.37658685326747, 57.69519468147153], "72": [6.949920046257476, 33.89070128214437, 51.81667084734892], "73": [6.105247908006903, 34.709241779745255, 43.506957703825066], "74": [5.463431588727138, 32.950222474877656, 40.96669312834358], "75": [22.07879372951157, 99.74033727426708, 62.96032333384438], "76": [6.958311336450503, 36.267255277551264, 49.34242237837802], "77": [26.37798008377072, 117.97808413346286, 50.764891774980875], "78": [1.6014831224267936, 6.256242051471777, 16.435008945131212], "79": [14.244626007864708, 66.70234419269228, 64.62350107721545], "80": [24.301335022498833, 101.33566270914912, 62.37781722645636], "81": [2.2180898194156984, 9.191272668219412, 20.396242087064778], "82": [3.190501013155221, 14.775441626784081, 29.658457667555187], "83": [6.806469797145101, 40.48724778076512, 41.07074430274249], "84": [2.374932062806406, 12.489910873178033, 22.21022207796596], "85": [4.583885730737616, 21.569002129786092, 35.016529064026614], "86": [27.852859498709204, 112.20816203183473, 55.11424318577212], "87": [14.116004299833833, 74.85965737633923, 55.90558987033906], "88": [2.2543460140709572, 10.649507229195159, 20.912127092996307], "89": [3.000823853273028, 15.686496756621105, 23.614284716478195], "90": [10.98866391873845, 54.18159471846399, 57.589146069037696], "91": [9.007749285215512, 41.68504184554311, 59.54122043282413], "92": [1.94367617846774, 6.284077459506408, 17.160668881397747], "93": [2.5302368381151243, 11.274258804817643, 23.792805125627535], "94": [2.795485955556926, 13.130079783365, 25.29965581709215], "95": [8.120333518024442, 38.72568205807705, 55.494854936970555], "96": [5.240835683580394, 26.32255626282815, 39.623885737268125], "97": [2.8000983598028943, 12.050538107529706, 24.473859990578266], "98": [32.90924234248064, 127.24269061946997, 49.50431980606179], "99": [4.103999296465749, 19.376601242893035, 35.702963044106], "100": [10.234331450195924, 45.181776051701405, 69.97847870391199], "101": [3.822669251290078, 18.063595432793516, 34.39179764195408], "102": [13.049236935235877, 75.67591749559222, 50.29507240817071], "103": [17.899857404269483, 82.45429745555433, 66.41402155434389], "104": [12.020626960776047, 64.78175239427473, 66.3682425208634], "105": [31.604331793210054, 124.91177388501936, 48.6844502262882], "106": [23.7437909408779, 116.71967648925296, 47.984520326961835], "107": [1.4900013122117204, 7.170247183810159, 18.691448567839892], "108": [7.717477918049572, 44.86163791081653, 50.70449861579844], "109": [15.219285364580982, 80.45881138627831, 59.58344408132677], "110": [23.3517645621028, 107.80896894197892, 57.30110404340296], "111": [7.066976572996818, 45.022459969874994, 51.183546574992405], "112": [39.690878225127804, 138.26081296485034, 39.753223844300514], "113": [6.04952069664682, 32.78550006727301, 49.56034019560691], "114": [18.526614317042572, 89.58299571161581, 61.67677943621662], "115": [15.988039879533625, 87.31642976212859, 62.51074682458224], "116": [7.262942302512692, 48.53438550436593, 47.54924154595387], "117": [13.50935628347924, 67.00098591296, 73.81224031764617], "118": [4.654950486107927, 37.249905358852985, 38.305652570394095], "119": [0.6273689735628292, 0.3545239430901983, 0.27965146585150413], "120": [0.6273689735628292, 0.3545239430901983, 0.27965146585150413],