{"1": [0.9111654053541474, 1.1509836155830577, 0.0548485894350883], "2": [0.7126796683690059, 0.898621253140317, 0.04324750204945438], "3": [0.20948321720145213, 0.20381257890317647, 0.019935145564040635], "4": [0.376279271355181, 0.3896175330434039, 0.033084008178479674], "5": [0.21285791536794352, 0.1867493550442441, 0.010025479161567374], "6": [0.36504909416960574, 0.36144468546851294, 0.021912177087773155], "7": [0.17170043410332814, 0.15117753873176282, 0.01347944844785176], "8": [0.5622247744251708, 0.6544017522132405, 0.030092977470766225], "9": [0.14968254719104224, 0.12796049834029002, 0.018184248376886702], "11": [0.19084218670220943, 0.16729423045643046, 0.033386309983583606], "12": [0.34180926325463523, 0.37146277216236195, 0.03424046426083405], "13": [0.09187214119479037, 0.06761691677072998, 0.012195526958800107], "14": [0.12379227435763707, 0.10067021087303002, 0.01502921144625613], "15": [0.08377649505490192, 0.06139224036809121, 0.01191828010636975], "17": [0.29581210611092923, 0.2492056035055985, 0.028756739594751668], "18": [0.17281311955401868, 0.13969965386212968, 0.015614019331970042], "19": [0.12578631556920228, 0.10183881748589176, 0.014025882075576313], "20": [0.5943965134646259, 0.72217168277429, 0.07255103518164352], "21": [0.29103095460203976, 0.3048498179811984, 0.022074391772855195], "22": [0.08751796435400372, 0.057047347368407095, 0.001716983047185372], "23": [0.6698847021535385, 0.8480731670875301, 0.05293329177143469], "24": [0.17544949785229602, 0.161118751806807, 0.02360960720006644], "25": [0.17057769982046278, 0.13806148465775317, 0.011468359974030506], "26": [0.09389408660736931, 0.06958374567870167, 0.012140376402384745], "27": [0.24520283402761578, 0.185132094347427, 0.011148758760743838], "28": [0.07383030487725162, 0.04536205566014293, 0.018189536884192448], "29": [0.48617783629731415, 0.6402992606815253, 0.046212381532989455], "30": [0.03795004929269552, 0.021716511032180492, 0.0067031122064384885], "32": [0.09566097368332704, 0.06723520306666274, 0.014309615011826371], "33": [0.22377509441173082, 0.17171467090128817, 0.024811586806809727], "34": [0.01795806791409027, 0.009489525141725887, 0.0015190957223859547], "36": [0.14698575916714163, 0.1067086539756019, 0.008888586065157078], "37": [0.18850104171912474, 0.1267055510880613, 0.02295994302875093], "38": [0.2334512491429641, 0.23182035730085288, 0.014268914270127553], "39": [0.11343672824670714, 0.07483333894196914, 0.01761281935921133], "40": [0.17521954359636538, 0.14671964062890627, 0.0235240183239378], "41": [1.0156715728494299, 1.4454877241834077, 0.033357927747882266], "42": [0.10140872975419857, 0.06564257423641554, 0.0027812276288233795], "43": [0.428402144913717, 0.4330655875955793, 0.032437910262037684], "44": [0.42463465729125316, 0.47891570797867405, 0.04549052923032082], "45": [0.44712512241965563, 0.3483598918042036, 0.032014008356481716], "46": [0.28785460453075606, 0.24388550886787122, 0.021678537836653078], "47": [0.2639105571581204, 0.2373823494477188, 0.016614309395593274], "48": [0.20478614388337302, 0.16256796647956698, 0.019117362956956208], "49": [0.035944063941377946, 0.021900140115821636, 0.005904810552871176], "50": [0.0458822621402738, 0.02955064382218298, 0.006583571791815346], "51": [0.542810225470206, 0.6937182321017966, 0.03716508204469504], "52": [0.20323085433974342, 0.1894799615615044, 0.021530607237426724], "53": [0.17232112601432092, 0.1299452436671283, 0.01159884016383117], "54": [0.14930455629883077, 0.10818141097390002, 0.014300604491395807], "55": [0.39523081722823183, 0.3486271455566562, 0.026709268695367383], "56": [0.15352724372306592, 0.13044268426728786, 0.0253715631486926], "57": [0.44276347735157107, 0.4791656670240756, 0.044711540945321926], "58": [0.18702843584344087, 0.16300893838381114, 0.03585192067358345], "59": [0.28495800806890614, 0.25909739288322786, 0.019770771695906353], "60": [0.09384623033576889, 0.07036620691105021, 0.011069287283464901], "61": [0.6684857444132041, 0.8560103872124867, 0.03473383727552115], "62": [0.5177228661294893, 0.6697560194981055, 0.07033660062346603], "63": [0.8827444608506478, 1.188550360010498, 0.02891842172307979], "64": [0.2171094458839683, 0.21022306750180603, 0.02231599214829716], "65": [0.6649642252412428, 0.895576478664774, 0.045983818926703224], "66": [0.08963928806554633, 0.07385618061376145, 0.026353630349695845], "67": [0.04584636599234604, 0.028615179538563417, 0.0012741145709181945], "68": [0.19784312945539173, 0.14775152798260538, 0.009947669068522624], "69": [0.14269884293447221, 0.1073934333419965, 0.0051814010079254125], "70": [0.18079311821796018, 0.12837506068874074, 0.027739492879352512], "71": [0.11931186887487066, 0.10118426359089025, 0.018469424515482502], "72": [0.23859415340191326, 0.22983386904137812, 0.025880861028631075], "73": [0.04392809322943492, 0.026360050413802374, 0.006240432211778502], "74": [0.2364828582598033, 0.24126920377946384, 0.04573845640462326], "75": [0.2508336863906565, 0.2368771442416633, 0.025095006227517147], "76": [0.2979235342946722, 0.2631835418576305, 0.0252871292816208], "77": [0.23277223289678584, 0.22891007200777547, 0.028093544119779823], "78": [0.3300636181711821, 0.31979448549050155, 0.027546470223809072], "79": [0.15353924356767246, 0.12520032924032876, 0.028801425656272972], "80": [0.2849577459100665, 0.2733745053859018, 0.020359021659734355], "81": [0.03192811718149735, 0.019499506901865415, 0.000896781442177419], "82": [0.05577268373238364, 0.035444417719963206, 0.0011542069165899616], "83": [0.019972029308018557, 0.010346297098004355, 0.00416143690063786], "84": [0.15717817508528864, 0.12463707216480964, 0.02166793834937719], "85": [0.8485839574357962, 1.0591018207409355, 0.03598892379461849], "86": [0.14352526916674302, 0.09630785064535194, 0.014844315210767789], "87": [0.08927051800330299, 0.06421648547396884, 0.008635675132745102], "88": [0.0878881145574325, 0.06518249737518496, 0.01175557477354039], "89": [0.0736830385933478, 0.04992882936767227, 0.010986624291533631], "90": [0.13346375643784036, 0.09428613293519149, 0.009107962076562282], "91": [0.12581821177954133, 0.1037397282888085, 0.014252547423569295], "92": [0.06386025826054365, 0.04766591741752856, 0.007340271610044358], "93": [0.4009096004023778, 0.40363405785790324, 0.05389731045553403], "94": [0.07791406795535927, 0.05950949662713405, 0.010118151929665031], "95": [0.3047398335499002, 0.29430720210599554, 0.02407998426011515], "96": [0.10710636194870338, 0.07742908315430116, 0.004606181973285439], "97": [0.5601381274760826, 0.7186483258696398, 0.029089269398345885], "98": [0.09387414251282256, 0.07873087992705764, 0.014386329410931653], "99": [0.14098046693841038, 0.09867664443167372, 0.02609509895201656], "100": [0.005994003998000763, 0.002991013985012207, 0.002039839844650615], "101": [0.12772854831632874, 0.10179926973680316, 0.014808015632946092], "102": [0.17169643411796287, 0.15491457758408744, 0.013760904720217182], "103": [0.02796403463868624, 0.014955012487290413, 0.0034360114656407648], "104": [0.2754892478543697, 0.2274184420354209, 0.031199825976698126], "105": [0.07391806529002543, 0.05682311542951858, 0.010221670482460588], "106": [0.0777307144488456, 0.04687231504231158, 0.0040713044221803996], "107": [0.35099477574370785, 0.4122320551054571, 0.02971233864988565], "108": [0.47618116900571894, 0.49899898883006033, 0.03843021766921206], "109": [0.1709297826863574, 0.13278406170527243, 0.014546708603465519], "110": [0.08161152956717777, 0.05755879962557122, 0.004101723276415559], "111": [0.21918304826460722, 0.21071783629659763, 0.025109453557838002], "112": [0.3594315449025297, 0.3004566348580856, 0.041183843255023], "113": [0.07777861846526013, 0.054391245904663474, 0.006754911380341122], "114": [0.29161032930620967, 0.2561866877959839, 0.015737902394174386], "115": [0.21266606477729888, 0.18928623813045553, 0.04080563116781322], "116": [0.5852715199278784, 0.7466195343557672, 0.053209457938528826],