{"1": [1.79735274676835, 2.6366310113787317, 0.2155034545271871], "2": [1.4110003424078648, 1.9751746862935025, 0.17044351239922872], "3": [0.41793771532076385, 0.486481819164362, 0.07934691448738818], "4": [0.7452559141638136, 0.9484329887991592, 0.13117736808625657], "5": [0.4195804514184215, 0.412038959695886, 0.0396267334885696], "6": [0.7243105578371855, 0.8738297951267588, 0.08699640313490886], "7": [0.34280346833050124, 0.35606826078649984, 0.05374843934112761], "8": [1.11700478097056, 1.5312214635635204, 0.11913667846126219], "9": [0.2987323710733316, 0.30425994241388765, 0.07244744180305362], "11": [0.3793932611764773, 0.39822303118413754, 0.1324385830236947], "12": [0.6792895504864328, 0.9048579227538639, 0.13579208786885322], "13": [0.18348912845196952, 0.15236643241285588, 0.048656164693720694], "14": [0.2471701923937275, 0.2385444165785612, 0.05992282957928874], "15": [0.16710795290346547, 0.14865241281986996, 0.04749074228512362], "17": [0.5873042420644755, 0.6155404259059751, 0.1140517278777673], "18": [0.3432806674051515, 0.31842340581402523, 0.06204833497850226], "19": [0.25114652111580527, 0.2465827668090412, 0.05591207553279176], "20": [1.1627871539385872, 1.527538248316667, 0.2852317254438044], "21": [0.5801355726079949, 0.7327361704288993, 0.08780508382459018], "22": [0.17407966459626645, 0.11919525939013004, 0.006823550878028994], "23": [1.320191952026395, 1.9154931403365703, 0.20813534029415326], "24": [0.3498039550811022, 0.3904129681204818, 0.09397757499374604], "25": [0.33834916396940784, 0.31268473667304514, 0.045461473803446784], "26": [0.18757669238516717, 0.16140287680736393, 0.04843656235769822], "27": [0.48491694198890944, 0.43133856546133204, 0.04420701874541699], "28": [0.14732243537870549, 0.10601888002957362, 0.07245986377324876], "29": [0.9571636149814782, 1.4043611300832342, 0.18111722895783278], "30": [0.07580039401692873, 0.04683167614378688, 0.026741733453600425], "32": [0.1906477710075506, 0.1573430238853525, 0.056961596411157944], "33": [0.44318336568897754, 0.41057081562358755, 0.0982942312791989], "34": [0.03583254262688751, 0.0196339822492412, 0.006056322215970744], "36": [0.2919658551277978, 0.25935853525298275, 0.035247587469475206], "37": [0.3740477879409616, 0.27404818644146367, 0.09092220825876285], "38": [0.4658099703878029, 0.5784795814596295, 0.05684486312565229], "39": [0.2257577326369401, 0.16807312624072518, 0.07008151748035651], "40": [0.3488922395811723, 0.33483770938082946, 0.09347792724032644], "41": [1.9959648875479712, 3.0174631839503263, 0.1311552959939648], "42": [0.20164575657959516, 0.13694464756552605, 0.011064856539199974], "43": [0.8497273357036708, 1.0897403562675483, 0.12876128082408456], "44": [0.8350006329655004, 1.0613429897327664, 0.17923942945010696], "45": [0.8808265256277397, 0.7781570523429336, 0.12636937377229518], "46": [0.5714839753053502, 0.5804458583701195, 0.08618768170911817], "47": [0.519855702758652, 0.5084448630823869, 0.06573717206144847], "48": [0.4071767596110092, 0.36924046128323956, 0.07584830057019243], "49": [0.07177651106276484, 0.04777316014255679, 0.02355603552052521], "50": [0.09153009292605352, 0.06799326660735218, 0.02623282666547533], "51": [1.0716471301878379, 1.5800333818594294, 0.14627957941844194], "52": [0.4049347578986784, 0.45986339078075006, 0.08571392173955417], "53": [0.34134407680086254, 0.3133595780524914, 0.045937209800905765], "54": [0.2972283890919081, 0.24714795608322007, 0.05691778254055102], "55": [0.7773321118290899, 0.7294577119908497, 0.10605244752927989], "56": [0.3061139263377163, 0.34810338491158643, 0.10102419275309404], "57": [0.8752718696839165, 1.1436321879502718, 0.17683760051660813], "58": [0.37213134777386325, 0.3970474529018953, 0.14233979446718703], "59": [0.5678479485155215, 0.6125595938544831, 0.07865293786953342], "60": [0.18738584004593584, 0.15982642562572097, 0.04415749463947438], "61": [1.3223393173177191, 1.945498632011185, 0.13730549555877491], "62": [1.0155713337275778, 1.3778050567197702, 0.27506091842300295], "63": [1.7398774214214094, 2.6013836187170805, 0.11419352656353177], "64": [0.43245147599640466, 0.5183819354384459, 0.08878534413145056], "65": [1.3047810369143729, 1.844883493655525, 0.18034070728291052], "66": [0.17856227321143037, 0.18555703493340361, 0.10476295463289542], "67": [0.09138692256037007, 0.06195687645900987, 0.005072624426777028], "68": [0.3914479302879462, 0.3431865924998581, 0.03941353909243517], "69": [0.28283813435840544, 0.25575306480064225, 0.02057879370999438], "70": [0.35920066712903764, 0.29308732146105476, 0.10994832441077973], "71": [0.2372627992929155, 0.26288899153413214, 0.07336596768909154], "72": [0.47441666929949866, 0.5494353957361608, 0.10276331093323232], "73": [0.08771274500592052, 0.06108531566846526, 0.024894964435863365], "74": [0.4699665138381258, 0.5816664700601294, 0.18123561388386833], "75": [0.499357287860573, 0.5735389012979828, 0.09977944462348665], "76": [0.591755438597826, 0.6287460520839279, 0.10045321206684699], "77": [0.4631136479403367, 0.5551081743484696, 0.11152096392993704], "78": [0.6563004137641825, 0.757713655417827, 0.10926959833017691], "79": [0.30616192386108165, 0.3160884594379544, 0.11458532492433005], "80": [0.5678458658651684, 0.6440189425905919, 0.08098879298415596], "81": [0.06371293623991336, 0.04288430749188355, 0.0035741057344649274], "82": [0.11109345710012886, 0.07645408904300724, 0.004593523281792078], "83": [0.03988823426192978, 0.02121539636344526, 0.01660226858902525], "84": [0.3127292557678264, 0.2969369688600764, 0.08615209976023552], "85": [1.678735868517903, 2.312756328745983, 0.14165476029652135], "86": [0.2861061307541707, 0.2227834543352103, 0.05912458556830125], "87": [0.17709996945087658, 0.15205730882548849, 0.03418422655094455], "88": [0.17555291558718555, 0.14841205473737454, 0.04689592046577218], "89": [0.14673628692277507, 0.11109292910594026, 0.04369107763487301], "90": [0.2658620125274349, 0.21726800701749258, 0.03629804308942941], "91": [0.25127369247600284, 0.25469982893825827, 0.05683059124844947], "92": [0.12744206284405135, 0.11606987093037124, 0.029277802631317407], "93": [0.7957237512186682, 0.9999201305069696, 0.21322741779009236], "94": [0.15565654328617673, 0.13660699388142808, 0.04037449661641812], "95": [0.6069824585124981, 0.6869360898036014, 0.09566212381671046], "96": [0.212450594235865, 0.18274924712819487, 0.018264196391216347], "97": [1.1050427057883172, 1.599586785942459, 0.11483143509724292], "98": [0.18749713887433272, 0.19334137072246685, 0.057372515378611766], "99": [0.2799474524374055, 0.21734244930918323, 0.10311557914193237], "100": [0.011976031968025547, 0.005964111760396245, 0.008142146509704018], "101": [0.25491637842112913, 0.240490905937468, 0.059037099583623465], "102": [0.34278746856414655, 0.3662278209144322, 0.05486264917917316], "103": [0.05585627688596384, 0.03154008958621528, 0.013711232380358651], "104": [0.5460330212196305, 0.5261118573038222, 0.12354072118280268], "105": [0.1476725219741597, 0.12987710078052414, 0.04078714177463949], "106": [0.15492570322692523, 0.10374968711984654, 0.016216618832611718], "107": [0.6960768440169293, 0.9867169615081386, 0.11761760118687692], "108": [0.9409881872674585, 1.17460726695878, 0.1520290490359021], "109": [0.3397420395908175, 0.29979696389246013, 0.0578637642926878], "110": [0.16245219597255867, 0.1421517587877617, 0.01631052132354649], "111": [0.43674430339815284, 0.5229088553048403, 0.09980896287271845], "112": [0.7137954702725415, 0.7591036467519966, 0.1632672552305653], "113": [0.15511693549614325, 0.12978272490344694, 0.026946923160145242], "114": [0.5746696372269644, 0.547471469630929, 0.062370959704178386], "115": [0.4226961548759184, 0.4956709078999599, 0.1618054907409292], "116": [1.1461695763553148, 1.6195856396624868, 0.20963839407123785], "117": [0.8259773504277634, 1.0235846707997749, 0.3039280139251811], "118": [0.3327811485512936, 0.37654473757566237, 0.08324209902486779],