{"1": [1.8466098616086097, 2.58069623407406, 0.49510707107203744], "2": [0.29119785474246607, 0.2655809404500357, 0.14992551050076963], "3": [0.07390209725272412, 0.05362060640894073, 0.046478217304581904], "4": [0.25744294662376743, 0.24912499354597123, 0.13635731033186393], "5": [1.8460277199203956, 2.6724500321697526, 0.4058289251684889], "6": [1.491305430179596, 2.124511321990783, 0.34339521543142604], "7": [0.5018050068761053, 0.5791081862742458, 0.2197193261120559], "8": [1.386437422842334, 1.7849689643806894, 0.4165163776019938], "9": [0.4323314973527097, 0.4731875098181896, 0.21419763771720712], "10": [1.2630865730523153, 1.7755010634806347, 0.2922201494781569], "11": [0.8730164607671862, 1.0331725039694688, 0.31928345057325025], "12": [0.22740122989108968, 0.19410224108680096, 0.12886911057646777], "13": [0.517411192016155, 0.5476697248596177, 0.2622537640657384], "14": [1.9510988223393353, 2.7407030753501553, 0.4776716060538496], "15": [1.8451562472028904, 2.6779594928933874, 0.41453945966712213], "16": [1.3950936566090575, 2.025189153877964, 0.2918540184159807], "17": [0.5020664209480223, 0.5529336270120928, 0.20938861937300046], "18": [2.199979360631054, 3.1965722668008607, 0.3046927153147303], "19": [1.4139558722257548, 2.0785587422278797, 0.39147104102700514], "20": [1.6217949288194395, 2.315670384222402, 0.4683429569362647], "21": [0.7927274160882036, 1.027560265410854, 0.3539619776250127], "22": [0.3888646547178233, 0.42194378711991676, 0.1584399164387844], "23": [0.1577343529330627, 0.15429739334504577, 0.09348767411851988], "24": [0.22154281861753478, 0.2103176514160828, 0.10667667032747985], "25": [0.39463588619048473, 0.446732806296682, 0.18767144590723828], "26": [1.438291341608088, 2.1068076567497127, 0.2621675931375228], "27": [1.3878664811596897, 1.971529395545435, 0.44332485081374506], "28": [1.0726150102430787, 1.490717472491166, 0.3467225513464447], "29": [1.427660834900312, 2.0964719250605537, 0.3317336018736168], "30": [2.1970999177678023, 3.207760294209425, 0.4247082932162507], "31": [2.016994760957273, 2.986132098753602, 0.37961448996258407], "32": [0.31887541207589365, 0.3279854064559962, 0.15993551581480336], "33": [1.439586863664028, 2.007356796003879, 0.3955247786681382], "34": [0.2713095143479973, 0.26980132124917905, 0.12708104632471806], "35": [1.3214586467035176, 1.9180429587593022, 0.30396285522164135], "36": [1.5258018993011184, 2.2059031892978114, 0.35425542610843896], "37": [1.0314897091323014, 1.4128304444806332, 0.23268507661115068], "38": [0.6986161996058379, 0.8773706213699336, 0.2328252019652225], "39": [1.546389326921433, 2.2563170594503936, 0.3664221330984029], "40": [0.7359313876051317, 0.9252545690800027, 0.26796412359182264], "41": [0.5457999154499914, 0.6592417636507537, 0.1864353726188216], "42": [1.4416963579465403, 2.03871868364236, 0.357633961357951], "43": [0.21940539964991423, 0.193438139185008, 0.13064094963103656], "44": [0.25339119118170705, 0.23786863449982365, 0.13917402834882386], "45": [1.4678009378128811, 1.893180821879194, 0.40569472403566675], "46": [1.151322258392284, 1.4569223743991273, 0.40779189458934095], "47": [1.376385169545265, 1.9005235359128678, 0.33298227709971073], "48": [0.388733427857909, 0.38576367573952997, 0.1932068253364737], "49": [0.18775224513081068, 0.14998741435502624, 0.07767045975886477], "50": [0.9048160192980546, 1.1099940391707177, 0.2703350866478553], "51": [0.46238064194445383, 0.47036562638920815, 0.19903100644776806], "52": [1.399801484380221, 1.7848191919878524, 0.3928967359173582], "53": [0.49991754137843214, 0.5164499505106465, 0.25080995887229085], "54": [1.298866619839671, 1.792790245230228, 0.28120135981692673], "55": [0.2533314545149611, 0.2237095572196846, 0.13814561018576543], "56": [1.683890724236381, 2.3032234022106852, 0.24860534897961306], "57": [1.161302199519501, 1.5353770189874933, 0.3219216386705296], "58": [0.6579336181645624, 0.8231298497307638, 0.19239184013669375], "59": [0.5137412760698199, 0.5818069222437101, 0.23230677857225468], "60": [0.32877398400746183, 0.3030056117672554, 0.18958831570892531], "61": [0.3291439440094224, 0.36393173877374957, 0.14463183520864853], "62": [1.548006685189411, 2.3378565355838092, 0.2777997942695739], "63": [0.11584016519210283, 0.08944435727732777, 0.06846840903336193], "64": [0.8624070737540799, 0.9861150398392268, 0.37285373517849296], "65": [1.4349607406272096, 1.9311748057450566, 0.34211063018076393], "66": [1.834530720283965, 2.4715973843396926, 0.3220267443625061], "67": [0.565787436252511, 0.6554823044412006, 0.21205484399105834], "68": [1.4065783936173286, 1.8334530202505135, 0.31101594816448164], "69": [0.25927776932424285, 0.23142665578149615, 0.13853136737448424], "70": [0.33311593103330395, 0.3347602146263651, 0.15775507797815702], "71": [1.6336148092271445, 2.368820907160659, 0.35083210124082564], "72": [0.3688209525316335, 0.3394494823909304, 0.19201147516368255], "73": [0.3211279230213663, 0.3130311149839431, 0.151066950879726], "74": [0.28533526851995517, 0.2783199559183316, 0.13898810053070965], "75": [1.2737093533423378, 1.921520836156722, 0.3250927123659605], "76": [0.37261453185809845, 0.38080887717529827, 0.18374478317561382], "77": [1.5122575852284417, 2.048562553226628, 0.3553844274487761], "78": [0.08190208660204246, 0.060005930409584796, 0.04575800747043213], "79": [0.7895241920528487, 0.9212110426967708, 0.31224668321253635], "80": [1.4343656613541276, 2.0717406909246563, 0.3610634077285807], "81": [0.11384216385943591, 0.08598394392278433, 0.058393787401864516], "82": [0.16566652594821785, 0.13650280928583408, 0.08973356654711118], "83": [0.35707997884604115, 0.3577467704603392, 0.14387394667892683], "84": [0.12183416919010359, 0.10171445236299172, 0.0645149323858506], "85": [0.23944101444740207, 0.20256884154661012, 0.11184603389935865], "86": [1.6126395500662571, 2.1699599749950877, 0.3612034112926751], "87": [0.7703249583492914, 0.9317434272938633, 0.25550514385110035], "88": [0.11583219712553205, 0.09211020143968952, 0.06023763186248998], "89": [0.15379820647948894, 0.12764706648076873, 0.06958512092721325], "90": [0.6066788187278102, 0.6549109728400617, 0.25020498013174075], "91": [0.4878779403625, 0.47855774150602554, 0.24412848203458648], "92": [0.0998561625068074, 0.06909912795613417, 0.04803114132280362], "93": [0.12982218251144595, 0.10044413345046038, 0.06918390897476978], "94": [0.14378423978416244, 0.11446566080650718, 0.07460407426995253], "95": [0.43817511468780435, 0.41731972546395524, 0.21089337779377304], "96": [0.27527355713793855, 0.2437651750529172, 0.1308409912119991], "97": [0.14379621581213842, 0.1102614133356577, 0.07153246448581962], "98": [1.932222933686198, 2.726236174443931, 0.3660988920835231], "99": [0.21543724551251664, 0.1829855135032015, 0.11508594214964774], "100": [0.5668023275104442, 0.5672233046378342, 0.3164110266990434], "101": [0.19954085991012704, 0.16573611089273008, 0.10871730835455662], "102": [0.7088042821691752, 0.8679853449811367, 0.21607081335119882], "103": [0.9980447451652917, 1.3026886123536914, 0.3568875444639029], "104": [0.668111467610164, 0.9050495744872182, 0.29154215224598323], "105": [1.849521648103949, 2.7113207652002314, 0.33163821135280847], "106": [1.3352604918606192, 1.7287920353969815, 0.2871591737118261], "107": [0.075924050641343, 0.059611784010407426, 0.05234064740955091], "108": [0.41250685304845636, 0.44092620678121963, 0.19304765233442311], "109": [0.8394846948129184, 1.1211942737253304, 0.2702724712616339], "110": [1.3470377212994502, 1.9108766206546772, 0.3504079185694604], "111": [0.3748110996831582, 0.4240158187142416, 0.18781542463446277], "112": [2.3700538865976273, 3.5178802089451198, 0.28057625140759246], "113": [0.32097659303945825, 0.31704890276304637, 0.17708127807891716], "114": [1.0468771205042442, 1.401466376157256, 0.31887647969167476], "115": [0.9000315534985215, 1.2874240380322517, 0.29151955339190716], "116": [0.38291056282113156, 0.4261835301336334, 0.17722521186862727],