{"1": [1.3573178172452396, 1.956274985955242, 0.1223267357682819], "2": [1.0636088209001069, 1.5101722807504794, 0.09660889241145376], "3": [0.3138386033477978, 0.34791262652721416, 0.044747115368461876], "4": [0.5616675631777703, 0.6709368311674535, 0.07411905388417517], "5": [0.3169723562773987, 0.3061084751120347, 0.022423734137525964], "6": [0.5453927277345326, 0.6195807482407668, 0.0491209347706989], "7": [0.257326464149775, 0.25493244156849476, 0.030282740514550488], "8": [0.8405355644476226, 1.1208917452285776, 0.067373138461435], "9": [0.22428634540728876, 0.2160517232727936, 0.04083552253654821], "11": [0.28540183098758864, 0.28271740740759915, 0.07481314503599634], "12": [0.5110856460316913, 0.6430074462762567, 0.07671993206329042], "13": [0.13771247629894168, 0.11051569616696058, 0.027405355067801396], "14": [0.18553292543630873, 0.1690827021381807, 0.03376275084039215], "15": [0.12549766921940508, 0.10306350828246648, 0.02676591287077945], "17": [0.44209297982792795, 0.42583995379621764, 0.06443508140210541], "18": [0.258337467394957, 0.23084254934997472, 0.03501795307517508], "19": [0.1885195643204436, 0.17241551372924857, 0.03150598793369819], "20": [0.8817333190062172, 1.1854873444459364, 0.1618629371042285], "21": [0.43582295822171546, 0.5241613650460236, 0.04953260987010677], "22": [0.1309176190842002, 0.0895302574188761, 0.0038507509136104234], "23": [0.9974257654410659, 1.4356544545592453, 0.11809552467459106], "24": [0.26276304939483064, 0.2753894924897259, 0.05299665777277096], "25": [0.25481064500301054, 0.22756499250645482, 0.025688848143595955], "26": [0.14076179219990115, 0.11504133556727743, 0.02728171482832764], "27": [0.3657361986069553, 0.30632673775367075, 0.024976053370791007], "28": [0.11061852819256623, 0.07391309476786964, 0.040844817355537466], "29": [0.7235280993767184, 1.072212766304292, 0.10293450210673327], "30": [0.05688766629434516, 0.034042950472966696, 0.015062334417884848], "32": [0.14323828228361135, 0.11094804331001712, 0.03212065458868829], "33": [0.33401739945260245, 0.287502628035605, 0.055561968738773726], "34": [0.026905729065310524, 0.014510161612056347, 0.0034123541468142893], "36": [0.21972439106684405, 0.1791260970053334, 0.01991338829869227], "37": [0.28163965036769145, 0.2019877895497903, 0.05140433117770782], "38": [0.3497667110521533, 0.40282845787315524, 0.03204198363683253], "39": [0.16973568810822837, 0.12082978818021639, 0.03952630407570745], "40": [0.26224793656844336, 0.24359811190460717, 0.052759194184613056], "41": [1.5101233809848336, 2.3849718033603575, 0.07441786194787237], "42": [0.15167269571180586, 0.1028917767259658, 0.006240938192928147], "43": [0.6399383531061976, 0.7545749981410311, 0.07271155984907729], "44": [0.6315587900084768, 0.7984571258475346, 0.10159714776745765], "45": [0.665623671186442, 0.5680920082549241, 0.0715613393446688], "46": [0.4301913581902249, 0.41120672241823125, 0.04863252435794474], "47": [0.39285912283905466, 0.38567598912138434, 0.03718028890191294], "48": [0.3062779028166287, 0.26797678184236523, 0.04284282274362072], "49": [0.05387421570333961, 0.03470730251000384, 0.013268217624184397], "50": [0.06873538383751232, 0.04806637854114769, 0.01478476096600212], "51": [0.8089379966260903, 1.177401395027254, 0.08296031797068082], "52": [0.3042726171682639, 0.32447680387129363, 0.048332501435968345], "53": [0.2572393531921977, 0.21800177701199486, 0.025968900082122715], "54": [0.2234381145620249, 0.1773628646241638, 0.032097346970746954], "55": [0.5878850474548526, 0.560453576456535, 0.05987886686441746], "56": [0.2299376926141743, 0.2303058155217083, 0.05695913603435265], "57": [0.660279399837304, 0.8208560838677621, 0.10004623874908902], "58": [0.2798189416072182, 0.2778641421769122, 0.08037276762168433], "59": [0.4266600027170795, 0.4386184028651611, 0.044368318312639654], "60": [0.14065427682593334, 0.11554097506695639, 0.02487313664860702], "61": [0.9972051299509832, 1.4559909919472782, 0.07770496080406664], "62": [0.7690690147013319, 1.0935881738817266, 0.15649721820355011], "63": [1.3144301243886243, 1.9959614187745858, 0.06465886800531828], "64": [0.3250001106198913, 0.3630196616731906, 0.05008068897969209], "65": [0.98793140311085, 1.4666887909278907, 0.10245824259502245], "66": [0.1341898406075953, 0.12692189747178262, 0.05911586954001513], "67": [0.06865473408881151, 0.04532177782583541, 0.0028600746692515333], "68": [0.29516832803602666, 0.24398609234406352, 0.02227778686881765], "69": [0.21308446603061815, 0.17926846538938307, 0.011617435005777832], "70": [0.270292465094255, 0.209901500249919, 0.06213640741939852], "71": [0.17845602538428207, 0.17656675845671133, 0.04141374644513118], "72": [0.35684814968676204, 0.3919826570943665, 0.058022237507586394], "73": [0.06583831447427224, 0.04271054569028105, 0.014022508259797006], "74": [0.35359632216805104, 0.41389015811976954, 0.1024391953464322], "75": [0.37538214860785557, 0.40550652192406766, 0.056298479629747655], "76": [0.4453452514342817, 0.44588015793762514, 0.05670622954632598], "77": [0.3482444905422015, 0.3932491321872093, 0.06297675651725398], "78": [0.4936560988942533, 0.5434853220206567, 0.061727198282450546], "79": [0.22996469182902501, 0.21549068317906264, 0.06463329493232617], "80": [0.4266591210207017, 0.46399484202737784, 0.045686102605082435], "81": [0.0478383952317456, 0.0310041704205868, 0.002014106471762589], "82": [0.08348930490289674, 0.056153306881898596, 0.0025904202464546167], "83": [0.029937098871891443, 0.015731389851094877, 0.009351090047510113], "84": [0.2351555602887977, 0.20911564955994222, 0.04860942088366593], "85": [1.2659269559748576, 1.7734156169201483, 0.08034496429372351], "86": [0.2149332786702991, 0.15759752200993274, 0.03332961102546561], "87": [0.13336371136326763, 0.10657283275649988, 0.01933088330594479], "88": [0.1317483864472555, 0.10701849561166518, 0.026415383411740767], "89": [0.11028800064400568, 0.08053184991768891, 0.024648751491233356], "90": [0.19979541974644532, 0.1547688501744938, 0.020455674678417135], "91": [0.18859121438445747, 0.17679733209742543, 0.03201923699975551], "92": [0.09568587094537762, 0.08031258205127878, 0.01649249220635174], "93": [0.5990706788523883, 0.6990881800341809, 0.12061761436155705], "94": [0.11680672927407443, 0.09824378783159982, 0.02273899637210164], "95": [0.4561711438680315, 0.49810948567293567, 0.054000566916816206], "96": [0.1599964078499242, 0.12839448208287263, 0.010319392023809715], "97": [0.8344496418116041, 1.2106016860235422, 0.06502782799803297], "98": [0.14071698072156114, 0.13437525815100784, 0.03232218097192796], "99": [0.2107132660626707, 0.1589691276364454, 0.058361259496381934], "100": [0.008986513489880998, 0.00447979717415653, 0.00458483850074709], "101": [0.19138984885561616, 0.17049967519551815, 0.03326452638191624], "102": [0.25731746422378254, 0.2620862452742502, 0.030912849982365764], "103": [0.04191911685839944, 0.02307001529943833, 0.007721856952295436], "104": [0.41137225813268885, 0.37840354393160297, 0.06985391955775588], "105": [0.11081572028082043, 0.09370379435830453, 0.022971476490331266], "106": [0.116394908654469, 0.07460366847259321, 0.009141267338052317], "107": [0.5242658300088882, 0.7108755046940446, 0.06651072885724418], "108": [0.7099821014704304, 0.8485951825973235, 0.08600112138456262], "109": [0.25559846965758526, 0.2179525444403268, 0.03264019090787351], "110": [0.12212765372043521, 0.0970494765765374, 0.009202273039769393], "111": [0.3281652704184279, 0.36448981855960105, 0.056323452621103276], "112": [0.537240525984405, 0.5178005472410344, 0.09226129528160032], "113": [0.11650258473861086, 0.09042187873391874, 0.01517840171343332], "114": [0.43418780256364276, 0.41516585622843405, 0.035247785983119506], "115": [0.31800764178326846, 0.3324588351027424, 0.09142174989795682], "116": [0.8686685731377383, 1.2404104839096912, 0.11883450594191114], "117": [0.6228088303152163, 0.7547617117338723, 0.17242651473390058],