{"0": [0.9740171583814661, 0.43034248693278226, 0.0027291984216836207], "1": [0.8450541481844294, 0.39355605635019103, 0.0002975069550218423], "2": [0.6390759428069217, 0.3017108966501208, 0.007100928582327581], "3": [0.954002869747305, 0.45377837000270393, 0.0015265881726329589], "4": [0.4962169601190013, 0.22515466371191983, 0.0034869691774876976], "5": [0.8868266020009341, 0.4066480915134331, 0.0075139429587924855], "6": [0.8818675170212842, 0.4078290157927919, 0.004925414286870211], "7": [0.6639567970959163, 0.296515959954188, 0.005636447593009852], "8": [0.7905878174361813, 0.3554879602346487, 0.004065874266817482], "9": [0.4674543696022537, 0.2333668575039592, 0.004470429598475767], "10": [0.7318966116783946, 0.3385352178263193, 0.005539180077369088], "11": [0.46997324193057866, 0.2122730696814943, 0.006444500244300655], "12": [0.6244645114150823, 0.28563006347734526, 0.0031515359547390487], "13": [0.644614754628698, 0.2991484165937945, 0.0038974196038881193], "14": [0.6124745185545377, 0.28508654182489224, 0.006453854106799439], "15": [0.5593430442940117, 0.2543133868864085, 0.005117075094197898], "16": [0.7116370227901495, 0.33359697628030593, 0.004993752821250919], "17": [0.5433356392052273, 0.24468511837537346, 0.025103131433002357], "18": [0.5924665814703587, 0.2801814888255166, 0.0037684079182400687], "19": [0.6844900208773371, 0.3304373975262448, 0.007042724061277039], "20": [0.6405632836134273, 0.3075749205471979, 0.0035342011297374576], "21": [0.3823902304764133, 0.18248106793746566, 0.005276455409004455], "22": [0.3145457174084425, 0.12979949944655453, 0.02932869582843245], "23": [0.5889780409758766, 0.28499031386957413, 0.006550275309219589], "24": [0.6438526950926492, 0.31171657927837243, 0.0040118626418012004], "25": [0.576282747005406, 0.2653473656175825, 0.003179584747009634], "26": [0.6676444768949186, 0.31251334482088355, 0.004679505909977011], "27": [0.4174872159860914, 0.1875381387809873, 0.003942430457553603], "28": [0.6168519847333298, 0.28897310100151014, 0.006083250144005903], "29": [0.49515496323770003, 0.2280846544594746, 0.002893166908720879], "30": [0.3493604435732194, 0.16304724326524903, 0.0025872742391453984], "31": [0.6192791101172235, 0.28813166856932787, 0.0015274121641015714], "32": [0.44347040458391285, 0.20786244303266144, 0.020493180524599697], "33": [0.43436995023009883, 0.20129408932842716, 0.002562054651308543], "34": [0.4485595348332002, 0.2090786626777798, 0.0031229780097382642], "35": [0.5010410409684178, 0.2349375664823092, 0.0028568241139103057], "36": [0.5119244904936457, 0.24086983116891328, 0.004457958309629251], "37": [0.510709634805918, 0.22957503512987643, 0.0025460577898495096], "38": [0.40322194690917856, 0.1823834428468869, 0.006557215634116709], "39": [0.4628545590952272, 0.20893227297291656, 0.006683801162277181], "40": [0.1530178743466445, 0.04670909149203463, 0.03617357544315214], "41": [0.5093286772998469, 0.24450617084266765, 0.0056326727678797095], "42": [0.2909599344560334, 0.12955679918533772, 0.003453239505696759], "43": [0.1721930247238591, 0.051766618959402065, 0.03627485492146976], "44": [0.4676985830817083, 0.209590557709828, 0.009294598267360676], "45": [0.5069635261981252, 0.22717990242357913, 0.006207557924224338], "46": [0.48803795457279364, 0.22865472767295847, 0.006485047576641367], "47": [0.44757022671551305, 0.20580665614236907, 0.005373078298877787], "48": [0.3805786447901546, 0.17587123185265868, 0.004083418555958285], "49": [0.45241895497002826, 0.19903874410179873, 0.0035224232876421846], "50": [0.3507329874612535, 0.16295145714816348, 0.004665386680369421], "51": [0.2958472140945205, 0.1222632234961858, 0.004939237335426339], "52": [0.40203381257563386, 0.18386897541509464, 0.007240980561046606], "53": [0.362588306271853, 0.15411647381471297, 0.005547566499508827], "54": [0.40691676404684374, 0.1840866964869378, 0.0037793338248832686], "55": [0.4151919328221242, 0.18326524138311542, 0.005123072038546894], "56": [0.26705040552388937, 0.10943678379692931, 0.005984330509304581], "57": [0.2896042181949835, 0.12152590382464647, 0.022747446429101315], "58": [0.37931790721760783, 0.17130059067063724, 0.007816145422698484], "59": [0.3317065284750983, 0.15068352892658984, 0.004342333870449688], "60": [0.3603542559027473, 0.15904877473720547, 0.007392951397111824], "61": [0.38415517426323187, 0.16145775276625357, 0.004879899997342285], "62": [0.3925770629610319, 0.1745911334367355, 0.007799982163864461], "63": [0.142579253128573, 0.047475025603465885, 0.020981157809119133], "64": [0.46898699923051446, 0.22040988807617862, 0.005836474138939951], "65": [0.4177474510955229, 0.1881065867976951, 0.0032748939506558328], "66": [0.3292448148108231, 0.14073521730528796, 0.008638346992038803], "67": [0.3651900864494797, 0.165406151456613, 0.0056080553935647925], "68": [0.2981170337164982, 0.12167161653700356, 0.0033322069886950745], "69": [0.3651699455799884, 0.16265608811704987, 0.006996441294290112], "70": [0.34126335861191104, 0.15720307865510963, 0.004901902484741316], "71": [0.33048132499876093, 0.14488844968148978, 0.007932801967038161], "72": [0.15802066958326977, 0.04756091306876796, 0.03244415347693097], "73": [0.196426299127051, 0.07693380624089033, 0.023314032335889134], "74": [0.276667450372846, 0.12049748865772682, 0.005804975744741148], "75": [0.3531930668114682, 0.15509449034408718, 0.004197930178878706], "76": [0.29578989326824345, 0.13749512883589624, 0.007273902860034265], "77": [0.31141913966547474, 0.13811331046535436, 0.004080938030752601], "78": [0.3173710786356275, 0.14599475766456912, 0.005510707161725192], "79": [0.09581891587328106, 0.02671661723343207, 0.026039273410029096], "80": [0.2922092944196747, 0.13664142457846612, 0.0054886440517962765], "81": [0.16288668654837735, 0.05682116535722234, 0.024240049362552196], "82": [0.2682911514361862, 0.11290480000966677, 0.005590973168021374], "83": [0.290989873229212, 0.12366511800127086, 0.007737005022765864], "84": [0.2791405737880014, 0.12444929935971523, 0.004719379625901521], "85": [0.30539986356497784, 0.13110181628419776, 0.00505748872781453], "86": [0.1306209429351326, 0.0466738985364805, 0.021563360222716765], "87": [0.2360756663628768, 0.10280923441246059, 0.003793846616216734], "88": [0.32327858262530673, 0.13739507411743107, 0.007190511825412305], "89": [0.2767118353647031, 0.11969132350617458, 0.00687872505627618], "90": [0.2109425116111251, 0.08665601546692507, 0.004043960505959787], "91": [0.14487321045975343, 0.04042606510816266, 0.024431466566941062], "92": [0.14487321045975343, 0.04042606510816266, 0.024431466566941062], "93": [0.14487321045975343, 0.04042606510816266, 0.024431466566941062], "94": [0.2886701782670197, 0.12628488004670163, 0.006393693363255237], "95": [0.17729086192441135, 0.0634183209174051, 0.02572894969960693], "96": [0.17613755121776975, 0.07366870367775429, 0.016502692629452143], "97": [0.32578033381064275, 0.14383714620646332, 0.006242732952444707], "98": [0.1929719910512021, 0.08003732617823475, 0.00614015105180965], "99": [0.22289794352912318, 0.09405688253216576, 0.005444008523337596], "100": [0.3222083061057943, 0.14217158331098076, 0.005127251595148485], "101": [0.10303032218979591, 0.02815607711850091, 0.02589627674973871], "102": [0.30187945008500994, 0.1365776726853889, 0.002602217764361092], "103": [0.15334979781115676, 0.0520897134935187, 0.02647617503224098], "104": [0.10785617433258665, 0.03399017322861901, 0.0198095574648538], "105": [0.2456325566375318, 0.1062141044768733, 0.00572394673332044], "106": [0.05871011076355437, 0.010792632482708116, 0.019406012326847022], "107": [0.09586767938591356, 0.02489778838858252, 0.021988403091434128], "108": [0.21810371615833535, 0.0893989226002052, 0.004516669160068099], "109": [0.2695908300735492, 0.11777823731716947, 0.0036439977480331454], "110": [0.21214034328681441, 0.09179159628454692, 0.004349510193971229], "111": [0.21213316915935598, 0.09207558628469056, 0.003560999078351279],