{"1": [16.74900171591291, 111.15358843243338, 41.96812153293264], "2": [2.8414201138041464, 10.119895286062816, 13.582834412523217], "3": [0.7302965324171796, 1.5504798191248867, 4.476503625318753], "4": [2.5251343950253964, 10.27454501534051, 12.418228258870627], "5": [16.978712699165715, 115.62381697752637, 37.55845284131497], "6": [13.861108068620734, 101.566907753637, 31.79017030936061], "7": [4.828318105482685, 27.260703462057386, 19.22607594417084], "8": [12.900382610194061, 86.01170956882416, 35.57004619702088], "9": [4.177957166045298, 21.605799467716572, 18.86924408036114], "10": [11.878346709571527, 87.44506603486961, 27.73878312614692], "11": [8.304384128280004, 48.92558226772662, 26.41606541558067], "12": [2.2212111855578462, 6.802270424429926, 11.827333978524058], "13": [4.950820756072697, 23.929451282373645, 22.495084499856006], "14": [17.541078371151468, 112.93661631558336, 41.099157666917], "15": [16.63963785817355, 113.08815525161297, 38.08897611308858], "16": [13.033552534440773, 94.41494183692652, 29.10098019374994], "17": [4.852253936075774, 24.347994386568494, 18.050436178025162], "18": [20.052688419466023, 136.65045428402377, 29.563935451464758], "19": [13.131452181360604, 92.57902439990902, 40.10706737997685], "20": [14.739147870614639, 96.85525987285331, 43.95115116149731], "21": [7.478006872968508, 52.13590534766535, 31.31536950761521], "22": [3.7888079899809948, 19.660250769678118, 14.285893749147347], "23": [1.5537493660282111, 6.653576983790898, 8.779418648142983], "24": [2.1750063706943803, 8.640452058753644, 9.863195054473632], "25": [3.8269998869922643, 22.054114451008946, 16.906714989222166], "26": [13.559672583801596, 103.50251513298099, 25.677452050707803], "27": [12.869112576660724, 91.03566138451421, 40.076655047536235], "28": [10.098366126206427, 70.77884726224431, 32.85445254798485], "29": [13.250578272563988, 98.82498644751291, 31.729406965899656], "30": [20.08336150130011, 126.88389893543827, 41.21700100031938], "31": [18.310039402949222, 123.69827882160692, 36.38070743949115], "32": [3.0905307458234694, 14.624712411141104, 14.474967096018066], "33": [13.211741903162949, 87.02409586178318, 38.816976676925464], "34": [2.6522879521642952, 11.400371543261665, 11.658658482258897], "35": [12.332157550344144, 90.28653815952815, 29.797067692087285], "36": [14.079065403200259, 96.92293486413556, 34.59937200657499], "37": [9.759602620223909, 71.91625667930163, 21.596090188622505], "38": [6.693942972660509, 44.29059290243599, 20.327532772431287], "39": [14.327671419364844, 99.69364002655168, 37.110081508686356], "40": [7.009878738435883, 47.58183036061374, 24.16341380750906], "41": [5.266889218679598, 32.53685603550656, 16.521940147399594], "42": [13.386084711753172, 92.39211487223118, 33.94234703199461], "43": [2.141773022243331, 7.184315804020461, 11.98921298957107], "44": [2.4801721454437313, 9.411129151413657, 12.727633851464487], "45": [13.666742770202768, 90.81017621572813, 34.9462247801899], "46": [10.784650601656228, 69.76952932814403, 35.330143288372625], "47": [12.948884068290647, 91.58311935734878, 29.913978955557642], "48": [3.7763561020508747, 15.991391603744281, 17.087203945465443], "49": [1.8554433210828143, 5.144501356851304, 7.336911492224856], "50": [8.604020609168979, 54.09423713775524, 23.442282359220766], "51": [4.482141604231445, 19.767133453866567, 17.321935097162637], "52": [12.99036317435926, 86.61478641709023, 33.958186286962786], "53": [4.8183208123127015, 21.911867810563834, 21.514513264720513], "54": [12.216451338850826, 87.75572817818349, 26.89093105054512], "55": [2.4744295891305654, 8.332648610483615, 12.655925383758477], "56": [15.819048383444256, 114.67203869092965, 22.692688060276133], "57": [10.881222168350433, 76.11298840545754, 28.18231565990251], "58": [6.398296399299884, 39.30470136609335, 16.610953592293463], "59": [4.942164005073508, 27.035125373319584, 20.207990274544514], "60": [3.180879011266388, 11.943865192970945, 16.88160170614004], "61": [3.2161087512598563, 16.442243780429195, 13.067185971204195], "62": [14.32126727786018, 107.074515185503, 28.84693004277744], "63": [1.1441639302812554, 2.9061856237137618, 6.514424693720655], "64": [8.147356504811889, 46.525885396368565, 31.499484101346304], "65": [13.419579523984382, 90.27589206642216, 31.484383267539396], "66": [17.05430357569614, 116.65229064436679, 27.006417734057237], "67": [5.465239952440876, 30.358842344013997, 18.54955531148679], "68": [13.267474515233948, 91.48777456124947, 27.29706052262115], "69": [2.5293339709834357, 8.61929356692782, 12.56428267840778], "70": [3.253298862828525, 14.031502750965625, 14.188701537601638], "71": [15.131924921097237, 103.63429216860224, 35.00034920652711], "72": [3.5846982880848914, 13.013073872747915, 16.912123788014544], "73": [3.1344907489324987, 12.79698222630648, 13.604427276668064], "74": [2.794649491558106, 11.574847168990088, 12.614323628162618], "75": [11.87597181507709, 89.89064446294584, 33.41165377963723], "76": [3.6054137538466966, 15.950207572118922, 16.432412742796664], "77": [14.140985879981226, 99.70760053222457, 29.835738231324758], "78": [0.810286024267784, 1.7856251979003672, 4.411704797077162], "79": [7.511549473329424, 44.95538059620306, 26.772368744302113], "80": [13.217867935399928, 94.51463847269149, 34.084378207985914], "81": [1.1243626035880108, 2.690382729664239, 5.5825616455335485], "82": [1.627119560960614, 4.75023712676979, 8.42814509217192], "83": [3.489745054751667, 14.962196201429753, 12.921823084052686], "84": [1.2035679103609893, 3.743247445937621, 6.14535541794482], "85": [2.3450006581178475, 7.202374247883495, 10.336578324939852], "86": [15.00940561102871, 101.25592573626373, 31.731334877718137], "87": [7.38549047952994, 43.84373103956323, 22.056354987519295], "88": [1.1433952731085402, 3.1530822917339187, 5.753618831694929], "89": [1.5200048088665463, 4.670510013210682, 6.604123330120096], "90": [5.782361514921584, 30.10127252545026, 21.55950554634112], "91": [4.694710448316386, 19.29708715353566, 20.897272687822444], "92": [0.985761080687753, 1.7935274594258015, 4.620780179685557], "93": [1.2823811245951555, 3.2940067491615395, 6.5891979793753155], "94": [1.4186378562149917, 3.9116102423189103, 7.07439525025296], "95": [4.223683001776623, 17.178590567598704, 18.440352152355974], "96": [2.688731788114732, 9.099860846853426, 11.961138346805198], "97": [1.41981413383143, 3.543934603295664, 6.801740978199241], "98": [17.85254895529179, 121.5043861574605, 34.4996372371751], "99": [2.1048235251405583, 6.508238771176973, 10.596467394752107], "100": [5.394267964218865, 24.749592442627936, 26.022340996881844], "101": [1.9548472902171987, 5.829752149624458, 10.085966678796868], "102": [6.811127861018735, 41.74121992269362, 18.596739933690305], "103": [9.469334820296062, 62.60691767512588, 31.964326735175902], "104": [6.347936031758795, 46.5478136707388, 26.112315562882035], "105": [17.122818449271172, 120.61894160353933, 31.07959229925298], "106": [12.610853226229091, 88.82807207602931, 24.27841385334898], "107": [0.7524504143433004, 2.035234209655671, 5.041641522847709], "108": [3.9949223201697874, 19.41982320116097, 16.928439193216697], "109": [8.006366802101132, 56.16568887698857, 24.440511673303323], "110": [12.557022177839901, 94.18060129530315, 31.79262103190059], "111": [3.643838054428527, 19.217068087402506, 16.669373887703863], "112": [21.722123962386316, 143.08571003707127, 28.55827841664808], "113": [3.1199433494902693, 12.961185935435324, 15.787262533586752], "114": [9.864542532225995, 68.56855740899314, 28.202217810620592], "115": [8.495086913674829, 65.51212600839038, 26.5594232173913], "116": [3.733317020644558, 18.94219184805033, 15.573990396919625], "117": [7.146349666608111, 49.59215818702052, 31.065765661438437], "118": [2.3632743433391736, 12.914886540705556, 11.250537313925994], "119": [0.31682122709191596, 0.09223886072582228, 0.07134992851590694], "120": [0.31682122709191596, 0.09223886072582228, 0.07134992851590694],