{"0": [0.7319269653293717, 1.2863462194364415, 0.001538351776047553], "1": [0.6346398985696683, 1.1342705452863648, 0.00016763037114075896], "2": [0.4798534201755694, 0.8163710919064894, 0.004001538170076868], "3": [0.7166219080820166, 1.370071527846649, 0.0008605272274025966], "4": [0.37249617585217865, 0.5866293167852282, 0.001963816010495001], "5": [0.6660118066934658, 1.2208514223119307, 0.0042347294564346605], "6": [0.6623220143639804, 1.234377201568028, 0.0027755106386184725], "7": [0.4985735235186882, 0.8389342208816206, 0.0031761689991660624], "8": [0.5936534960274761, 1.0422816129624182, 0.002290917994316577], "9": [0.3509172229163098, 0.5619703359766165, 0.002518067503936461], "10": [0.5496144815784014, 0.9874288698377282, 0.0031208898207987223], "11": [0.3527841795236989, 0.5532873442172845, 0.0036293266449501926], "12": [0.4689340525005523, 0.7836028348862005, 0.0017757621291163428], "13": [0.4843143083189081, 0.8431839190615731, 0.0021959239118387597], "14": [0.4601608484048134, 0.7924329674848913, 0.003637056834601804], "15": [0.41992931709258274, 0.7062426109792027, 0.0028818348443858666], "16": [0.534393461761968, 0.9277257042622755, 0.0028140711369254445], "17": [0.40799923108687763, 0.5967884835843384, 0.014144134589721635], "18": [0.445082232984255, 0.7697651146652457, 0.0021236755653405437], "19": [0.513948861144438, 0.8993576320143535, 0.003968362133638492], "20": [0.4809154439480521, 0.8173555329969843, 0.0019910735310597616], "21": [0.28709327379178184, 0.4412346280995917, 0.00297211582460033], "22": [0.2361064893258462, 0.31293815059941543, 0.016516547853375863], "23": [0.4422235942521693, 0.7451592511163911, 0.0036908742972581177], "24": [0.4834403721604429, 0.8422985967513477, 0.002260224285166368], "25": [0.43260809836060465, 0.7234019038397679, 0.001790603789970091], "26": [0.5013229666167449, 0.8836276947114211, 0.002635870314299016], "27": [0.31336098423186065, 0.4807617893667951, 0.0022201838777566874], "28": [0.46307814356876886, 0.7964415550982559, 0.003427020806194392], "29": [0.37167393672868865, 0.599813258512538, 0.0016294828778369297], "30": [0.26221462702110176, 0.3983235685196426, 0.0014566620314687695], "31": [0.4648934344278449, 0.788016491241407, 0.0008605220820379067], "32": [0.33292621532500666, 0.4867015390720074, 0.011543994898033039], "33": [0.3260076323870771, 0.5117964980721214, 0.0014425754468563312], "34": [0.33668909646759804, 0.5314003015412018, 0.0017586152665826082], "35": [0.3761097772164108, 0.6166218598744423, 0.0016090738552467787], "36": [0.38425682836229524, 0.6361633589566706, 0.0025103880040853177], "37": [0.3833484350280101, 0.6189165713399706, 0.0014338341258314236], "38": [0.30263685866690015, 0.4738575683509619, 0.0036927238957257247], "39": [0.3474300272402907, 0.5717836631218578, 0.003763527298467295], "40": [0.11487220187964098, 0.13668120620355412, 0.02037366996210188], "41": [0.3823464778656154, 0.6450604224901023, 0.0031728757778959338], "42": [0.2183397589263818, 0.3216844141292808, 0.0019441034598692841], "43": [0.12925827550389868, 0.1546948150036531, 0.020429072040364704], "44": [0.35105487702439686, 0.5804033071109773, 0.00523391198908596], "45": [0.3805660401944285, 0.6291576588400137, 0.003495634824582594], "46": [0.36632069350535146, 0.6029484774230754, 0.0036523939446468923], "47": [0.3359078500061409, 0.5412864449655211, 0.0030256724906534416], "48": [0.2856251388246226, 0.4453970701435893, 0.0022992951083412594], "49": [0.3395352921981495, 0.5344596842893231, 0.001983236306070335], "50": [0.26321202079635875, 0.40429114688853174, 0.0026266211068075584], "51": [0.22198893233283157, 0.3221476128713009, 0.0027802309056980112], "52": [0.3017435854654782, 0.487152470640624, 0.004077162725686367], "53": [0.2721305311997104, 0.41939276853439206, 0.003123361988595863], "54": [0.3053903253767092, 0.48474928235913833, 0.002127654826902581], "55": [0.311619944142806, 0.49228913387967704, 0.0028843526722178714], "56": [0.2003906838579893, 0.2941579319449987, 0.003368817479619035], "57": [0.2173520950140685, 0.3048530637043833, 0.012807444699750703], "58": [0.2846909091338893, 0.4525070506812208, 0.004401147227506841], "59": [0.24890973570039066, 0.3796399146452948, 0.0024447878735557316], "60": [0.2704240307759719, 0.421617035942686, 0.004162185919301842], "61": [0.2883118961243488, 0.4422363278937981, 0.002747324624546854], "62": [0.2946242689438079, 0.46798466166732544, 0.004391914374807682], "63": [0.10697578869980795, 0.12960935862177556, 0.011809150287037884], "64": [0.3520046314122002, 0.5807111184674053, 0.003287079414842964], "65": [0.3135076251267569, 0.4974720054865358, 0.0018437627894142272], "66": [0.2470749927954885, 0.38146828488578205, 0.004863024590677667], "67": [0.27404420923873063, 0.4260464791659623, 0.0031573956813251147], "68": [0.22371558532538927, 0.32986447656446244, 0.0018756312445727952], "69": [0.274032877296535, 0.4310755860697602, 0.003939067672945495], "70": [0.256085448394928, 0.40061016170331704, 0.002759611805099982], "71": [0.24799555920565663, 0.385888016203442, 0.004465961547380215], "72": [0.11858651014737409, 0.14485822005171203, 0.018265984329681184], "73": [0.14738969507999167, 0.19025884423909842, 0.01312466563800363], "74": [0.20760030454746325, 0.3080664113739457, 0.0032678267418393414], "75": [0.2650458716250427, 0.4073473607800122, 0.0023631805410488926], "76": [0.2219566501895236, 0.33586825739514886, 0.004095166817739138], "77": [0.23367313967266645, 0.35732969481075205, 0.0022972154047706805], "78": [0.23814608022349704, 0.36405453394530607, 0.0031023257663741477], "79": [0.07189809020469018, 0.08310999676713601, 0.014658341488180682], "80": [0.2192675687969634, 0.3348415394579389, 0.003089980551910121], "81": [0.1222236760067924, 0.15277272624301572, 0.013645453047076983], "82": [0.20131364467266744, 0.29830838657122305, 0.003147130458531322], "83": [0.2183566417228261, 0.33510059382274654, 0.00435534558438011], "84": [0.20944148090490622, 0.31137824665805625, 0.0026566998012624854], "85": [0.22916227387551846, 0.346414517586693, 0.002846931708911149], "86": [0.0979992490786693, 0.1213147206873945, 0.012136571887854442], "87": [0.17711750804121773, 0.25841902830100566, 0.0021353993194337395], "88": [0.2425939973314205, 0.3747223568390461, 0.004047864584172056], "89": [0.20762530688841063, 0.3145920740263906, 0.00387209523165033], "90": [0.15825512461343683, 0.22668659218228693, 0.002275939545983263], "91": [0.10871606712205795, 0.12890649643288338, 0.013751231692297194], "92": [0.10871606712205795, 0.12890649643288338, 0.013751231692297194], "93": [0.10871606712205795, 0.12890649643288338, 0.013751231692297194], "94": [0.21660186032157125, 0.33323008962509215, 0.003599013876878443], "95": [0.13302604493796455, 0.1680895937072744, 0.014483316365211718], "96": [0.132152323215333, 0.17416820931197535, 0.009288707607743696], "97": [0.24445130096938594, 0.3783965266117167, 0.0035142600775390775], "98": [0.1447717124971526, 0.20590251970902232, 0.0034557801162535817], "99": [0.16723004496248495, 0.24190230327235326, 0.0030640575209816], "100": [0.2417670505003211, 0.3693983133499758, 0.0028862990664418886], "101": [0.07730452220608708, 0.08950056503356664, 0.014576374318425511], "102": [0.22650708809513997, 0.3408046710439148, 0.0014647789089942131], "103": [0.11505921100014271, 0.14174323354640536, 0.014903586813117764], "104": [0.08091907356715311, 0.09908995131370239, 0.011148915666915005], "105": [0.18429324614241327, 0.27164373542515624, 0.0032218527829773747], "106": [0.044049421740646744, 0.04761771337015327, 0.010922315453506859], "107": [0.0719255472584367, 0.08183277486488663, 0.012376000429731082], "108": [0.16363329029494145, 0.2370604190205399, 0.002541996801500135], "109": [0.20226977024528991, 0.29920154043213115, 0.002051117720197282], "110": [0.1591539060987015, 0.2302483543214273, 0.0024479776702100997], "111": [0.1591498670186806, 0.2310134227929728, 0.002004131574552259],