{"1": [2.2313931047791997, 2.1505393986311407, 0.333592172023093], "2": [1.7549052144185429, 1.4530159441768156, 0.26418214927645955], "3": [0.5217814535385144, 0.3496688036527032, 0.12364104013607591], "4": [0.927069526043214, 0.7701161331496931, 0.20401123636013463], "5": [0.5207090477489446, 0.2552476845960972, 0.061545245189529973], "6": [0.9018231913772286, 0.6759791961914043, 0.135405866452733], "7": [0.42813176969998323, 0.2329978526017413, 0.08383628283807176], "8": [1.3916517187234367, 1.1978088347095635, 0.18509383932990042], "9": [0.37302103096103834, 0.2010762567821157, 0.11295308603892673], "11": [0.4728209876507352, 0.2766332166219957, 0.2060282243237408], "12": [0.8464306144469799, 0.7345470598972044, 0.21119697028404338], "13": [0.2292022029287768, 0.07565313856673367, 0.07591989429470758], "14": [0.3087042796130075, 0.15070315556684344, 0.09346466933124609], "15": [0.20860771317371396, 0.09358939152299132, 0.07405290810111376], "17": [0.7314561342589101, 0.4590816120199272, 0.1773892640540642], "18": [0.42764789811606396, 0.18821137187681095, 0.09662305736604804], "19": [0.31366742070331655, 0.16431371849528598, 0.08719981619424833], "20": [1.4377658047644966, 1.1219710527513713, 0.4416181539599976], "21": [0.7239709777714367, 0.5572813069750272, 0.13677988807677066], "22": [0.2170055460496234, 0.03735666840813516, 0.010626951931951734], "23": [1.6382979692630268, 1.533065557734753, 0.32234127369182175], "24": [0.4365733227615617, 0.2831727492795413, 0.14644155901269396], "25": [0.421200289495853, 0.18579174414318703, 0.07070438978895566], "26": [0.23433885185252057, 0.08888405300539258, 0.07557616102966869], "27": [0.6027642301130723, 0.2703322731846488, 0.06876647475933195], "28": [0.18394225305184464, 0.050604249919049896, 0.11296690840320567], "29": [1.187165158656961, 1.0923212264034117, 0.2800311923110055], "30": [0.09468826924762552, 0.012710220732706452, 0.04172688381357714], "32": [0.23789015977688144, 0.08743740522117209, 0.08877064884758434], "33": [0.5512880438027903, 0.2734753025304367, 0.15281105190251276], "34": [0.04473855914943303, 0.002671337607323432, 0.009447076061025017], "36": [0.36371434899858957, 0.16973893995043338, 0.054831902879643346], "37": [0.4657334319799701, 0.11373148255796993, 0.1413286338363643], "38": [0.5815819512642382, 0.4588063285154687, 0.08862461241589381], "39": [0.28150485590851027, 0.07663072965543422, 0.109201502867186], "40": [0.435155049314914, 0.1996872168667603, 0.14554345229084475], "41": [2.4734215250755196, 2.3514936797784713, 0.2031304542021396], "42": [0.2513299141473917, 0.04226280283459457, 0.01724137835308104], "43": [1.0577906897744405, 0.9181322836840589, 0.20037646677813925], "44": [1.035042240664666, 0.7912867113967775, 0.27786150230132955], "45": [1.0927924582529265, 0.45923897877110115, 0.19610069206575764], "46": [0.7117444303680311, 0.3976602343153799, 0.13422514612274328], "47": [0.6449385906633417, 0.29867776575354965, 0.10214691795555353], "48": [0.5074886043342683, 0.2107273667879014, 0.11799949454656455], "49": [0.08965099771270091, 0.015987016494103647, 0.036755510359029464], "50": [0.1142665836593526, 0.032288576950518295, 0.040907376023127884], "51": [1.331009929807109, 1.2740099957724815, 0.22663465994065146], "52": [0.5052193743387273, 0.33881163511065987, 0.13357977638104268], "53": [0.42464612458962214, 0.21047009713634648, 0.07141604585967953], "54": [0.3706772628093513, 0.13239907856635003, 0.08870309340211957], "55": [0.9636448819997643, 0.40462461454391707, 0.16506371957405774], "56": [0.38205686455539845, 0.294026645607679, 0.1574639525388789], "57": [1.087780308121324, 0.9288835746042066, 0.2746570892904344], "58": [0.4639689035917479, 0.28792642581522293, 0.22152008361321096], "59": [0.7085247866710719, 0.4190474635400314, 0.12251752742635613], "60": [0.23404109126646322, 0.08327815354476602, 0.06889520550913109], "61": [1.6439587758896357, 1.5852235577910283, 0.2131676443175412], "62": [1.2573502200967872, 0.9737569539951203, 0.4248154062226045], "63": [2.1592441754372116, 2.1237744069677373, 0.17720074375107642], "64": [0.5394660754928899, 0.4024432156987979, 0.13831766160481374], "65": [1.6156760388085845, 1.3315568974383787, 0.27893097267884537], "66": [0.22275753440552293, 0.13833571298893674, 0.16315467957691954], "67": [0.11404320288518166, 0.021392120750307088, 0.007907189622146316], "68": [0.4866956692741692, 0.21038370900021658, 0.06127608786476846], "69": [0.35196764168187944, 0.16532336781556184, 0.032034998354877775], "70": [0.4475229075775984, 0.15649377278427548, 0.17095244662237108], "71": [0.2957350076582752, 0.21441200775817892, 0.11422255484821586], "72": [0.5913070173501132, 0.4032270409489693, 0.1599403348459918], "73": [0.10955145428075941, 0.02713904520697994, 0.03884362703575839], "74": [0.5855998805431635, 0.44945971208482893, 0.2817492758079073], "75": [0.6227632555211484, 0.4253873690623531, 0.1554063412748794], "76": [0.7371652819870215, 0.4439383032959676, 0.1563679554280617], "77": [0.577384259600657, 0.42414129999001915, 0.17353389558398724], "78": [0.8180049806064663, 0.5487499611064711, 0.16997422577896804], "79": [0.3821318585206781, 0.23529711218534657, 0.17851728532433708], "80": [0.7085207331930004, 0.4504459440917378, 0.12616175696815957], "81": [0.07955182741183764, 0.015295679272456642, 0.0055742848251731925], "82": [0.13858564597427658, 0.02695916018316485, 0.007159099563871396], "83": [0.04982545734556987, 0.002022930454502277, 0.02590636847182126], "84": [0.3899023119309424, 0.19243447354733284, 0.13418441222372757], "85": [2.0870828558289753, 1.6828117576279131, 0.219401897068346], "86": [0.3570447646416033, 0.1138890508122225, 0.09217678106745053], "87": [0.22048258336513216, 0.09343722095477251, 0.053121140610407847], "88": [0.21930178740555184, 0.07693551624042572, 0.07316881715545165], "89": [0.18302866415342967, 0.04996646765318424, 0.06806214304728897], "90": [0.33166483029327964, 0.11607495749347137, 0.056607911370411435], "91": [0.31386580390055474, 0.17701529267909502, 0.08864493015966313], "92": [0.15912902583427357, 0.07468848418797516, 0.045678977406037435], "93": [0.9908844325387769, 0.8165977708215297, 0.33121778416043657], "94": [0.1944635607577826, 0.07454722661283311, 0.06300229809075819], "95": [0.7571780355589647, 0.4741784681209863, 0.14891218369279513], "96": [0.2644735247907051, 0.11134189337212314, 0.028407231167180802], "97": [1.3720040679581924, 1.2417672800701882, 0.17818349061886463], "98": [0.23421472316629266, 0.13560022551268958, 0.08949680545742011], "99": [0.3486877186035424, 0.10118713951455897, 0.16010571535439921], "100": [0.01496256242195304, 0.0, 0.012708324795174808], "101": [0.3183085437036889, 0.14914191535398022, 0.0920821929149731], "102": [0.42810677026978505, 0.24552658035744965, 0.08556734064521787], "103": [0.06977554057484059, 0.005654451321731089, 0.021397668200723752], "104": [0.6794854378900261, 0.338447323033849, 0.19198168646038116], "105": [0.18448851914314723, 0.07024633378216785, 0.06364622741718473], "106": [0.19332362707413764, 0.03831821887543989, 0.025283836265101223], "107": [0.8664456426129706, 0.8119347066207134, 0.1827795508104898], "108": [1.1692469462874726, 0.9179070218508094, 0.2361511204883242], "109": [0.4233647057853519, 0.16590515182372603, 0.09015183278008276], "110": [0.2025862808129656, 0.09338186413884911, 0.025405791004336375], "111": [0.5449223871566997, 0.40851716001405197, 0.15542694500042475], "112": [0.889109042350858, 0.5879759739175184, 0.25387231551452993], "113": [0.19362212773940568, 0.07554352054140216, 0.042045233715442554], "114": [0.7130968204815059, 0.31374246722601146, 0.0969944761309448], "115": [0.5267374503967153, 0.4201927353726596, 0.25165179133169846], "116": [1.4179625105147582, 1.2610292436582144, 0.3249560484437467], "117": [1.0269866445766556, 0.7556901022803713, 0.4706798007318359], "118": [0.4149818206275149, 0.3069467362728542, 0.1296785778631544],