{"1": [4.538661648232084, 27.424649035771157, 2.979735197149107], "2": [0.725003888832542, 1.3323235666481001, 0.9281469695387328], "3": [0.18438901768793337, 0.22016641601479126, 0.2892057618229217], "4": [0.6415272588442683, 1.212523340139324, 0.8449499167770226], "5": [4.549176770168255, 24.9523865700641, 2.4407050789353284], "6": [3.681662902751923, 15.842943346316407, 2.0797073772211454], "7": [1.2463649623101811, 3.2912554636515807, 1.3525232518162034], "8": [3.423575558807468, 13.352214282721306, 2.519423148359447], "9": [1.0746230240006582, 2.6891963926017137, 1.3213315552165135], "10": [3.124831998447399, 11.932865005561226, 1.779913850754539], "11": [2.164098059691304, 6.494664857105974, 1.9514757914615497], "12": [0.5662691678012308, 0.9322209845537728, 0.7985580080915184], "13": [1.2839238840147473, 3.190884077546213, 1.611937067004705], "14": [4.787475170770564, 30.68186926369853, 2.862554299387546], "15": [4.5300210674110435, 29.615225564808505, 2.497541848716181], "16": [3.4475340690804206, 15.709024805922958, 1.781119274230146], "17": [1.2479748837347522, 3.049534728380141, 1.2907520963700136], "18": [5.412278025722067, 28.334260970541035, 1.8327260780987884], "19": [3.490553113807512, 17.890600791811604, 2.385742251833763], "20": [3.988001993171968, 23.36273029262501, 2.825147895847416], "21": [1.9623188806172163, 7.894652504989852, 2.1664378958802377], "22": [0.9679288566995686, 2.3262161773370313, 0.980125269113662], "23": [0.393343005220982, 0.7455025804199618, 0.58069639056313], "24": [0.5521502586260588, 1.0027770116855066, 0.6618186624437059], "25": [0.9815104931265061, 2.5863633926159797, 1.1596046337513581], "26": [3.5598694470133716, 15.58974122965604, 1.5996568327379843], "27": [3.4250718944491596, 17.82022550916674, 2.682701974413718], "28": [2.6542420784685636, 10.992853750609894, 2.117761467509506], "29": [3.523808456606833, 18.29632107830674, 2.0110876134162137], "30": [5.408786060514977, 31.85285984657051, 2.552806790386769], "31": [4.958580901039415, 29.560092334522196, 2.312511579222325], "32": [0.793003098029371, 1.775465994027089, 0.9887615109779655], "33": [3.5461730310399404, 18.33707584464812, 2.414484329326885], "34": [0.6756985920298212, 1.3730285627314391, 0.7878468815715355], "35": [3.2648416354264405, 15.784251542018474, 1.8476071285883506], "36": [3.762347444068051, 19.504728425191658, 2.157149333677717], "37": [2.554641401874318, 9.273493701889956, 1.4277150637752785], "38": [1.7339831507721448, 5.463663938483883, 1.432266136748138], "39": [3.8159042654271453, 19.240162118475, 2.2255198428592493], "40": [1.8247510336336354, 6.194149894250263, 1.6460280540966452], "41": [1.3563230767271803, 3.803472284192184, 1.150867138144571], "42": [3.558936132628049, 17.281970320873796, 2.1775315138873683], "43": [0.5462967991698527, 0.9606227141900984, 0.80953424778397], "44": [0.631206062001838, 1.2018975701150367, 0.862565769615831], "45": [3.624717999212059, 14.27204756652571, 2.4557224698718154], "46": [2.8463379405296987, 10.22966299885925, 2.4763531193472934], "47": [3.405454200401, 12.881607579629897, 2.022757578754788], "48": [0.9671158704551851, 2.0252059509258666, 1.1939547490710103], "49": [0.46845382543080993, 0.6464321809839461, 0.4827756657985951], "50": [2.2428413740662405, 6.871670614935632, 1.6558359660456956], "51": [1.149922264881396, 2.494846132971953, 1.2282487186990152], "52": [3.4547625718584603, 13.721261328073343, 2.3818636362916212], "53": [1.2420547460229274, 2.8627497373985595, 1.5450091573467308], "54": [3.213457886495896, 11.936947675664987, 1.717128266138332], "55": [0.6308351610302734, 1.1030922059999844, 0.8561195508363248], "56": [4.165080405273896, 16.18838774455751, 1.5044322088460746], "57": [2.8711945055120704, 10.821512313823838, 1.958524290589596], "58": [1.6371374613738223, 4.507961453939287, 1.1862502101891055], "59": [1.2759691040213355, 3.341609581329562, 1.431416025716942], "60": [0.8173744709898015, 1.63700689840203, 1.1714405825596068], "61": [0.8196677820512489, 1.8770718153955828, 0.8953800061886389], "62": [3.818651198007568, 20.629890661092738, 1.7234727725991639], "63": [0.2890025778225873, 0.3821682639408807, 0.42566061399715394], "64": [2.135331983078927, 6.551278155996261, 2.2780665775701596], "65": [3.546695154520285, 13.218213986861084, 2.074184744910978], "66": [4.529428454682599, 19.051348002634295, 1.940060744162234], "67": [1.4062406697145549, 3.6666147370945703, 1.3067470678658974], "68": [3.4816544854303304, 12.544936992682132, 1.8903160180256373], "69": [0.6455025522090811, 1.1286306747462886, 0.8577046086684269], "70": [0.8294925875871343, 1.7006778882065856, 0.9765338283523507], "71": [4.0310785031536644, 19.721995142503445, 2.1353540305387773], "72": [0.9176584901571051, 1.7162822419797013, 1.1862301915187605], "73": [0.7995674621244442, 1.5799217911872012, 0.9352225611303918], "74": [0.7108572705028684, 1.3750144440961622, 0.861018134519463], "75": [3.1463961332496777, 16.09286207104422, 1.9859004618711729], "76": [0.926382996559632, 2.0093061834955597, 1.1343827840792646], "77": [3.7374350353082826, 14.88516420718637, 2.145508686440414], "78": [0.20438885164481102, 0.24781667856169307, 0.28480621210996915], "79": [1.9572319928208501, 5.960317077556895, 1.9117076220022757], "80": [3.5359034868055876, 18.058905769995434, 2.197890566891618], "81": [0.28401505701526963, 0.3637331183908865, 0.36319007503465495], "82": [0.4129207011540009, 0.6414988799864784, 0.5571769760825503], "83": [0.8892683303150758, 1.8334851969981476, 0.89047021506746], "84": [0.30396514024454035, 0.45126594088963123, 0.4012075848398039], "85": [0.5965158144725814, 0.9806395218299492, 0.6936617162801598], "86": [3.98243302116035, 15.521817788454168, 2.183164622530868], "87": [1.9121699767346807, 5.341202913242348, 1.568343392341856], "88": [0.2889530752277698, 0.3928257387045837, 0.3747041427587956], "89": [0.3837407218642145, 0.559521943441789, 0.43266668861661983], "90": [1.5043985303351208, 3.9497763326285367, 1.5366761616409372], "91": [1.2118109561906936, 2.6074747266149316, 1.5029683402316045], "92": [0.24910253543044059, 0.27263137266893334, 0.2988600196760822], "93": [0.3238903481100076, 0.4201766123223528, 0.4302494115802096], "94": [0.35865374157841057, 0.4969652583362788, 0.46377417989312886], "95": [1.0886605479067453, 2.338363746878822, 1.3010525792473506], "96": [0.6854742634696996, 1.1849087351125418, 0.8106941688937078], "97": [0.35872836766982097, 0.4676562746174045, 0.4447864912334567], "98": [4.765334295855558, 21.113799052611288, 2.20488636374067], "99": [0.5364944030963121, 0.8542796318033163, 0.713446162137277], "100": [1.4051658439865857, 3.502237358998467, 1.9404581582721645], "101": [0.49713840286361966, 0.7661043994048778, 0.6745849444613046], "102": [1.760140966478684, 5.011042789582725, 1.3284046801699478], "103": [2.473046443933133, 8.19186292499279, 2.1776640567809338], "104": [1.6558772221636024, 6.1692812370309404, 1.7901925169329527], "105": [4.56322317664778, 24.470623503935677, 2.0060082741303478], "106": [3.3058636055255066, 12.081995817918502, 1.7463012887751956], "107": [0.18952579067807185, 0.24828548124686922, 0.32580573494653065], "108": [1.0257129810037338, 2.3919188786441796, 1.1919799103840765], "109": [2.081971408926096, 6.892973159545173, 1.658412412236574], "110": [3.3272924951326797, 14.132418246183825, 2.123837762738324], "111": [0.9325982696799772, 2.2865726556696577, 1.160902994833075], "112": [5.8372849640895925, 29.96312709086359, 1.6893018997226203], "113": [0.7986278849835348, 1.653507846656345, 1.0951122145817043], "114": [2.5908809262055565, 9.236545982662829, 1.9461379926399465], "115": [2.2280442196995796, 8.543692838626555, 1.7842356309896403], "116": [0.9532149232335582, 2.2007914636904897, 1.0950120117489066], "117": [1.8668333828164916, 6.565770160897811, 2.0846759837386566], "118": [0.5976824777185862, 1.3385013366729086, 0.7515319832453465], "119": [0.07980033291708288, 0.052235284006382665, 0.004527272279034378],