{"0": [0.4076779873690908, 0.07574460281283665, 0.00047604523880262484], "1": [0.35320858293397583, 0.06908484063283785, 5.185423073728046e-05], "2": [0.2669910548006057, 0.05286760578609921, 0.001237834148881789], "3": [0.3989554367884174, 0.07979803006102058, 0.00026633631766348476], "4": [0.20718982143220932, 0.03936103265745871, 0.0006070801991830965], "5": [0.37066900829175065, 0.07141291256918339, 0.001310222155921914], "6": [0.3686411677348146, 0.07163244472600336, 0.0008586214012971105], "7": [0.277435375377162, 0.051964269119459686, 0.000982554843778627], "8": [0.3303366117002412, 0.06233140189129788, 0.0007086245444456463], "9": [0.19519631919998082, 0.04081075786497665, 0.0007785687717821732], "10": [0.30585534693099536, 0.05937101668579324, 0.0009652824528703086], "11": [0.19621702228626647, 0.03710100426783228, 0.0011218295034969294], "12": [0.2609540320971452, 0.05005569446000907, 0.0005492868855867528], "13": [0.2696992598217939, 0.05253194847352452, 0.0006792175696304081], "14": [0.2562446635640988, 0.05005664129848346, 0.0011252517220052827], "15": [0.23360734170214792, 0.044490795406034116, 0.0008908415041009032], "16": [0.2973797229336729, 0.05849767791606161, 0.0008705689890998736], "17": [0.22703594647839254, 0.042886678481163745, 0.004374718759491247], "18": [0.247813344215719, 0.04916626841355449, 0.0006570511985172223], "19": [0.28595879279931224, 0.05791906965619518, 0.0012275165520480025], "20": [0.2675412251123628, 0.05386962425955821, 0.0006157635724901578], "21": [0.15971963801330036, 0.031916231769931705, 0.0009189786689426382], "22": [0.13131662117972742, 0.02267198012095392, 0.005105211963055578], "23": [0.24604367836385665, 0.0499167467291818, 0.0011416966117240301], "24": [0.2689870396202825, 0.05462345809647763, 0.0006990258949812755], "25": [0.24063173885252065, 0.04642250815172724, 0.0005534917008590545], "26": [0.27895068647789956, 0.05477014492959883, 0.0008149981349127033], "27": [0.17427167179091285, 0.03275407899542319, 0.00068626759436341], "28": [0.2575915670301915, 0.05058114285039953, 0.001059787016020497], "29": [0.20671387703745125, 0.039864895617090085, 0.0005037556545024469], "30": [0.14581907239626268, 0.02847237121331742, 0.00045011497895230956], "31": [0.25859629999352063, 0.05042299419888283, 0.0002661252173140616], "32": [0.1851990833649776, 0.03636216730527829, 0.0035695102059705164], "33": [0.18128611480915702, 0.03515332073881236, 0.00044580965245544224], "34": [0.18724945651873282, 0.0365355977263604, 0.0005435605170571733], "35": [0.2091940424606724, 0.041076291037104584, 0.000497475074658138], "36": [0.213708610130112, 0.042112248825780664, 0.0007759213328317749], "37": [0.2132060043136107, 0.040125494708550445, 0.0004432071353250855], "38": [0.16829512621547194, 0.031851756789966656, 0.001141442928579428], "39": [0.19323121691911127, 0.036509954626319854, 0.0011631355448900038], "40": [0.06389868233927343, 0.008165700152848687, 0.006298618638116427], "41": [0.2126744665140552, 0.0427714696528976, 0.000981082613999762], "42": [0.12138873034359621, 0.022591803891490736, 0.0006006965812281884], "43": [0.07189440542467251, 0.009047965939482866, 0.006315034637818351], "44": [0.19523892222368489, 0.036621245138479995, 0.0016176388974468159], "45": [0.21168048759273272, 0.03972390657642866, 0.0010804343826030793], "46": [0.20372833871770746, 0.03996752347492543, 0.0011290920409819938], "47": [0.18678620761677334, 0.03594386983219415, 0.0009351702405927531], "48": [0.15882242996635332, 0.03069920117377594, 0.0007106079459827663], "49": [0.18879469083663125, 0.0347490965560132, 0.0006128564326712826], "50": [0.1463492718470354, 0.028435073366082135, 0.0008116222617953195], "51": [0.12340393973169417, 0.02130670863158563, 0.0008588523366024337], "52": [0.167797224024973, 0.03210734987230805, 0.0012600262518359662], "53": [0.15132407685002625, 0.02689191852417972, 0.0009651383961135629], "54": [0.16981168280236525, 0.032135288977789694, 0.0006573948881488656], "55": [0.1732898926252312, 0.032001003201280735, 0.0008912703958654511], "56": [0.11140446231628187, 0.019071881388117218, 0.0010407909737745191], "57": [0.12086164328398286, 0.021210461939402313, 0.003957653725938037], "58": [0.15831183850660457, 0.02990896939677728, 0.0013601655681587665], "59": [0.138379471199242, 0.02627866898928651, 0.0007554476707106739], "60": [0.15035299780504596, 0.027746410187793183, 0.0012860615661618446], "61": [0.16031832597765783, 0.028173254894201503, 0.0008488821985337403], "62": [0.1638221696880483, 0.030476893144363245, 0.001357252756665872], "63": [0.059461646218807895, 0.008267065521049775, 0.003647650245967138], "64": [0.1957542868478711, 0.03851475664813661, 0.0010161270668833655], "65": [0.17431703801813714, 0.03283564185221091, 0.0005697156480330978], "66": [0.13736873614404965, 0.02454503170278017, 0.001502471627021551], "67": [0.15235923552746478, 0.028854575855149122, 0.0009756430267348071], "68": [0.12438125205096817, 0.02121008246748033, 0.0005794010127655458], "69": [0.15235573690616666, 0.02837638294033739, 0.0012171486694599887], "70": [0.14237197337149265, 0.027420234073284963, 0.0008526482321021822], "71": [0.13787509593649316, 0.025268434428630547, 0.001379836298352366], "72": [0.06593406007718816, 0.008294312141310316, 0.005644010032262892], "73": [0.0819350506277764, 0.013409607185100585, 0.0040549420145091775], "74": [0.11540744526341151, 0.021003375224438917, 0.0010095824569698042], "75": [0.1473597428059078, 0.02705467169491618, 0.0007301139453214089], "76": [0.12339395995869207, 0.023976862815285587, 0.0012653504830202333], "77": [0.12989906513051597, 0.024075522554933903, 0.0007096910022066361], "78": [0.13239070309598755, 0.025457893353541077, 0.0009585270625391829], "79": [0.03996852577143006, 0.004654107305807395, 0.004528654975074042], "80": [0.12189733214713827, 0.023825900190602305, 0.0009547436301932111], "81": [0.06794554392418994, 0.009903954834620747, 0.004215665520951095], "82": [0.1119115659956944, 0.01967483959826367, 0.0009722113237776719], "83": [0.12139395850401102, 0.021559270619756064, 0.0013455200126225586], "84": [0.11642017232894986, 0.021686241411515896, 0.0008207821677514993], "85": [0.12739570200979466, 0.02285317394063901, 0.0008795129753305098], "86": [0.05446889113784348, 0.008127158293877052, 0.003748680219551548], "87": [0.09844365296646385, 0.017904620794559283, 0.0006596121310140646], "88": [0.13487460591797307, 0.02396013807068519, 0.0012505794951845894], "89": [0.11541517678561697, 0.020858464135181675, 0.0011961979944627998], "90": [0.0879552696587973, 0.015086145771217125, 0.0007029303848130608], "91": [0.060443183710827686, 0.007042573390821408, 0.004247561235783848], "92": [0.060443183710827686, 0.007042573390821408, 0.004247561235783848], "93": [0.060443183710827686, 0.007042573390821408, 0.004247561235783848], "94": [0.12040793423786567, 0.022010063020048664, 0.0011118146665658468], "95": [0.07394628344012721, 0.011051343132990497, 0.004474365542470826], "96": [0.07345440042452256, 0.0128322233196527, 0.0028692303963983035], "97": [0.13589232050072264, 0.025078830412708107, 0.0010857248848474832], "98": [0.08046039172274744, 0.013932239105660167, 0.001067360489810265], "99": [0.09294752486465796, 0.016377949278762093, 0.0009464086226156354], "100": [0.13439718769712938, 0.02478468661922889, 0.0008917107865339391], "101": [0.04297051753243053, 0.004904538586731584, 0.004502717498424458], "102": [0.12590955284909222, 0.02380449794426784, 0.0004525044792736965], "103": [0.06395652590276579, 0.009074280971938941, 0.004604080637480634], "104": [0.044975012619105526, 0.005917241187263883, 0.003443414168748271], "105": [0.10243615950338392, 0.018501114204467033, 0.0009952446587757624], "106": [0.024484383017321254, 0.0018793806881419422, 0.003373657002235575], "107": [0.039977011536657114, 0.0043352108072010715, 0.003822727877754395], "108": [0.09094852578003376, 0.015565215905612599, 0.0007851086570375143],