{"1": [0.18428095437665082, 0.11051016763641977, 0.002223779806148407], "2": [0.14370489740846493, 0.08447333618721517, 0.0017483227020659298], "3": [0.04197928975551346, 0.02372015814636725, 0.0008001653142593046], "4": [0.07585004399858297, 0.043951429543824624, 0.0013320079319654177], "5": [0.04307310565290201, 0.02369630650580329, 0.0004048130768186109], "6": [0.07348103453693933, 0.042019617368466176, 0.0008814972058568404], "7": [0.03438800347643023, 0.01900967653617491, 0.0005403663035982165], "8": [0.11304813533905311, 0.06623588664440773, 0.001212402872062257], "9": [0.029987284382703705, 0.016528653468989036, 0.0007294380025619773], "11": [0.03835348968096686, 0.021311836090958207, 0.001343761107327368], "12": [0.06871194655413082, 0.04006609004007951, 0.001378147469444757], "13": [0.018394881130444185, 0.009794998183808414, 0.0004887419413246441], "14": [0.024791682196837916, 0.013536254349971862, 0.0006025561828177928], "15": [0.016791043966485564, 0.009056081209391754, 0.0004780788164514549], "17": [0.059512033338390835, 0.03312891558068087, 0.0011573671682051367], "18": [0.034752297189481585, 0.018864764527132094, 0.0006277091518647193], "19": [0.025191442527309205, 0.01380212743987597, 0.0005624016576510904], "20": [0.1210459004919534, 0.07083620394980072, 0.0029394756720519943], "21": [0.05836114368840417, 0.03355262699593877, 0.0008865271843266909], "22": [0.017580655755211727, 0.009116436050292455, 6.903212534115077e-05], "23": [0.1355900074263371, 0.08086347445814794, 0.0021452942822000054], "24": [0.03517793200508712, 0.019741613029058684, 0.0009475876497495594], "25": [0.03434279794924289, 0.01866001307923251, 0.000461934136165576], "26": [0.018795760693237518, 0.010068748437314576, 0.0004865106716368528], "27": [0.04948725607381943, 0.02678042217567167, 0.00044900398640279615], "28": [0.014793202441935938, 0.00772635317075563, 0.0007297346177860264], "29": [0.09848341571520236, 0.05903924297975417, 0.0018776317385682528], "30": [0.007598000394601345, 0.003889042690888864, 0.0002686674536238609], "32": [0.019186407804287042, 0.010225345608152213, 0.0005744032052649173], "33": [0.045110329881671296, 0.02455580961778579, 0.000999690279115395], "34": [0.0035983205438624433, 0.0018166460623181464, 6.092112542677164e-05], "36": [0.029559246249190152, 0.015967808195733058, 0.00035796095550344464], "37": [0.03793968877455178, 0.01986835450823273, 0.0009254707849404298], "38": [0.04677801001141968, 0.02682847025455722, 0.0005724127723092387], "39": [0.02277738190113887, 0.011951968403692453, 0.0007073197023012012], "40": [0.035168668436630246, 0.01917186616907129, 0.0009454878802866995], "41": [0.20605634908942183, 0.12406331725012222, 0.0013522153916214474], "42": [0.02037626190356545, 0.01055487076670853, 0.0001117226145591621], "43": [0.08625512263623258, 0.0500594730480194, 0.0013049369198679939], "44": [0.08610159956866192, 0.04997416450299303, 0.00184039830881233], "45": [0.09052235022016442, 0.04894017249609791, 0.0012936051431432505], "46": [0.05791365353181699, 0.03196603695975488, 0.0008709468977888823], "47": [0.05343468032524967, 0.02935563302522393, 0.00067026651352875], "48": [0.04115118546721175, 0.022245748688561853, 0.0007693007704343557], "49": [0.007197760511906015, 0.0037185189816361292, 0.00023668046276847932], "50": [0.00919528210048981, 0.004823361655882937, 0.00026412761717031774], "51": [0.10970908252081146, 0.0657957564649946, 0.0015047282092608416], "52": [0.04076914289650557, 0.022950182010753935, 0.0008641263122806109], "53": [0.03473236176220629, 0.018880873130406536, 0.0004675794462282168], "54": [0.02997210049965293, 0.01599303136606549, 0.0005741931200020645], "55": [0.08012588703686707, 0.04368280409365954, 0.0010742622811872327], "56": [0.03078104996861475, 0.01738552346850362, 0.0010182405206236034], "57": [0.08938876702225784, 0.05216563438259934, 0.0018034505539935575], "58": [0.037560995598606595, 0.020940766254471395, 0.0014419626154611453], "59": [0.05715819215791618, 0.03182960237148314, 0.000793745890221631], "60": [0.018793841844802595, 0.010049180165780155, 0.00044363663537350106], "61": [0.13489618265251813, 0.08042095964728463, 0.001401094556883975], "62": [0.10518333495276833, 0.06192633160485699, 0.00286284570440809], "63": [0.17866236455006657, 0.10700011029844424, 0.0011676488585186107], "64": [0.04356426764030508, 0.02481428677832255, 0.0008960190769146115], "65": [0.13507096936065444, 0.0800857101490374, 0.001867472071894527], "66": [0.017985530329691635, 0.009978972608365125, 0.0010589980180100156], "67": [0.009193842932252894, 0.004761917637129606, 5.115315553161359e-05], "68": [0.039913113929757826, 0.021536487545808343, 0.00040075338646028413], "69": [0.028747607236096817, 0.015578009561381912, 0.00020837018886976644], "70": [0.036351497170296065, 0.019351097595724336, 0.001116971233724784], "71": [0.023972351073295428, 0.013485435400211902, 0.0007427170978443476], "72": [0.04794344167848752, 0.02710726766333377, 0.0010408879119134795], "73": [0.008797120746500076, 0.004573157005493375, 0.0002501190877194359], "74": [0.047539031150039324, 0.027309173019442304, 0.0018421361840382788], "75": [0.05035316565489456, 0.02842021210477668, 0.00100822707075654], "76": [0.059916444950072645, 0.033342735780897616, 0.0010164460883841375], "77": [0.046750690036506115, 0.026630652489022275, 0.001129911825730856], "78": [0.0663221733747471, 0.03750823827905039, 0.001108628321822236], "79": [0.030781529968365695, 0.017051537121605592, 0.0011565453013898663], "80": [0.05715819004887057, 0.03212336731664961, 0.0008175125828008278], "81": [0.006397120938423484, 0.003310178823838406, 3.5974370095170904e-05], "82": [0.011190885480101054, 0.005807861277047652, 4.63537642952927e-05], "83": [0.003998880234626023, 0.002012303411486886, 0.0001667964866900462], "84": [0.031566993517383346, 0.017213024461951918, 0.0008705918169753524], "85": [0.17122010198826798, 0.10036787179503748, 0.0014561304053589685], "86": [0.028780970171459308, 0.015202468117423524, 0.0005956938481558316], "87": [0.01797067628469262, 0.009658451594648263, 0.00034814306789532345], "88": [0.01759552091715766, 0.009396878708035395, 0.00047114283593685524], "89": [0.01478728832627485, 0.007778234953127047, 0.00044143711296518173], "90": [0.026778494082818405, 0.014247470334958176, 0.0003653482842117528], "91": [0.025192721695646125, 0.013885334779062187, 0.0005713820015255111], "92": [0.012794402068682431, 0.006925363864020423, 0.0002942457043230151], "93": [0.08067569365305294, 0.046576127121430146, 0.0021734181597261593], "94": [0.015596560543927773, 0.008378976971237238, 0.0004054338612636821], "95": [0.06114940683754089, 0.0343401471041779, 0.0009678750640784717], "96": [0.021564051138871276, 0.011584455533126247, 0.00018546512053096986], "97": [0.1132815007350303, 0.06752527792611784, 0.0011751271011394282], "98": [0.01879496114108614, 0.0103890923910756, 0.0005766765259933582], "99": [0.028359011963945746, 0.014978330974957675, 0.0010535991819105028], "100": [0.0011997600319967328, 0.0005996401119761367, 8.172718013066405e-05], "101": [0.0255891243930364, 0.013918162281274115, 0.0005937435201029961], "102": [0.03438784347645385, 0.019107913397840515, 0.0005517071274203644], "103": [0.005598560277288334, 0.0028357965358997623, 0.0001376967856182576], "104": [0.05549895475947586, 0.030384467022768757, 0.0012571878782277057], "105": [0.014796720522596618, 0.007951404221477469, 0.0004095896095911433], "106": [0.015589205725514366, 0.008063116299228717, 0.00016338791459646895], "107": [0.07067899930708754, 0.041931026157933385, 0.0011978812549964246], "108": [0.09616510154558577, 0.05553279970142539, 0.001549792947797779], "109": [0.03435700644040807, 0.01849252918950438, 0.0005843530308875522], "110": [0.016384412269155546, 0.008823028164424662, 0.00016478774025663334], "111": [0.043967224452649334, 0.02505014197293405, 0.0010089876084454774], "112": [0.07229670107792896, 0.04034335587936846, 0.0016579841809359896],