{"1": [16.74900171591291, 137.34913399049077, 52.70303598584753], "2": [2.8414201138041464, 10.160846414624341, 13.582834412523217], "3": [0.7302965324171796, 1.5504798191248867, 4.476503625318753], "4": [2.5251343950253964, 10.27454501534051, 12.418228258870627], "5": [16.978712699165715, 138.80682504747887, 50.487487810047874], "6": [13.861108068620734, 125.29502505180659, 41.39968433448397], "7": [4.828318105482685, 31.670332198715503, 19.962140445214903], "8": [12.900382610194061, 110.66427782317942, 43.9387510567669], "9": [4.177957166045298, 24.477502363405666, 19.176628861183875], "10": [11.878346709571527, 108.65830127673706, 35.25365261440936], "11": [8.304384128280004, 61.2086018723808, 28.71371496039699], "12": [2.2212111855578462, 6.803762858568382, 11.827333978524058], "13": [4.950820756072697, 28.192246912556467, 23.223340446755138], "14": [17.541078371151468, 137.0749383847535, 52.91095387478073], "15": [16.63963785817355, 136.94880139827708, 49.94212844317343], "16": [13.033552534440773, 113.7308199156479, 39.21671712404073], "17": [4.852253936075774, 26.084325560986294, 18.160606900553066], "18": [20.052688419466023, 163.3456248436848, 40.20993012733029], "19": [13.131452181360604, 111.47714738302405, 55.047306161150644], "20": [14.739147870614639, 116.5736153193433, 59.05950900856174], "21": [7.478006872968508, 66.8934935177515, 35.89166954681222], "22": [3.7888079899809948, 21.96243804279868, 14.467613138547323], "23": [1.5537493660282111, 6.653576983790898, 8.779418648142983], "24": [2.1750063706943803, 8.667001108620694, 9.863195054473632], "25": [3.8269998869922643, 26.57948983467339, 17.365915470093107], "26": [13.559672583801596, 128.5448198853306, 33.1574015965146], "27": [12.869112576660724, 112.3007490907592, 51.60579501474663], "28": [10.098366126206427, 85.97766686083946, 41.17376187776618], "29": [13.250578272563988, 122.71504219556556, 42.46770174769887], "30": [20.08336150130011, 146.99961775802714, 55.062034321559615], "31": [18.310039402949222, 147.1296940619093, 48.55942578572496], "32": [3.0905307458234694, 16.574880211982418, 14.716012786942198], "33": [13.211741903162949, 105.14413449762591, 52.45436944200077], "34": [2.6522879521642952, 11.417352511256938, 11.658658482258897], "35": [12.332157550344144, 110.38511946164627, 40.00705529906324], "36": [14.079065403200259, 115.74458455883759, 45.940293333818246], "37": [9.759602620223909, 90.8092666308841, 25.167818210790614], "38": [6.693942972660509, 55.64792463419179, 21.33482741768133], "39": [14.327671419364844, 118.87718279145102, 49.95530637779723], "40": [7.009878738435883, 60.775462857102674, 27.181085686030666], "41": [5.266889218679598, 37.92230972268809, 16.814536232210326], "42": [13.386084711753172, 111.97450569801467, 44.35607259191303], "43": [2.141773022243331, 7.22843950684091, 11.98921298957107], "44": [2.4801721454437313, 9.427814572266755, 12.727633851464487], "45": [13.666742770202768, 115.66186450838862, 43.14216689721555], "46": [10.784650601656228, 89.39802701757029, 42.795242705626364], "47": [12.948884068290647, 113.05500365753193, 36.84474042293389], "48": [3.7763561020508747, 16.722998543311146, 17.121840119617143], "49": [1.8554433210828143, 5.144501356851304, 7.336911492224856], "50": [8.604020609168979, 68.11693730588368, 25.99408927695919], "51": [4.482141604231445, 20.826625676023276, 17.377176265501475], "52": [12.99036317435926, 111.64923732869524, 41.562363442782704], "53": [4.8183208123127015, 24.372089419035273, 21.709041329356666], "54": [12.216451338850826, 109.70720691468247, 33.671163832762794], "55": [2.4744295891305654, 8.357066560618685, 12.655925383758477], "56": [15.819048383444256, 145.04694156849436, 29.428252141621066], "57": [10.881222168350433, 97.84814852429534, 33.673496377095475], "58": [6.398296399299884, 41.703339667122236, 16.908433322277233], "59": [4.942164005073508, 31.221975976675573, 20.60757739072789], "60": [3.180879011266388, 13.029625379396757, 16.925551363550134], "61": [3.2161087512598563, 16.561041417429077, 13.07781744170689], "62": [14.32126727786018, 130.16127099186772, 39.68683167535535], "63": [1.1441639302812554, 2.9061856237137618, 6.514424693720655], "64": [8.147356504811889, 60.9870979215064, 34.95858795464821], "65": [13.419579523984382, 111.66674359350296, 39.85722088851208], "66": [17.05430357569614, 144.96787905860492, 33.15025482888554], "67": [5.465239952440876, 33.826962342266384, 19.136387608243844], "68": [13.267474515233948, 117.70427122913583, 33.4694528562765], "69": [2.5293339709834357, 8.650964342950644, 12.56428267840778], "70": [3.253298862828525, 14.060201585341103, 14.189196218161378], "71": [15.131924921097237, 123.9758538134337, 47.45823704631003], "72": [3.5846982880848914, 13.428325560572672, 16.91647466804616], "73": [3.1344907489324987, 12.908464395412956, 13.604427276668064], "74": [2.794649491558106, 11.601326208979426, 12.614323628162618], "75": [11.87597181507709, 107.78135063642667, 45.12344650848624], "76": [3.6054137538466966, 17.101270854069877, 16.79830228706058], "77": [14.140985879981226, 125.5315228151208, 36.429758155534216], "78": [0.810286024267784, 1.7856251979003672, 4.411704797077162], "79": [7.511549473329424, 58.79661779362579, 29.45797455345898], "80": [13.217867935399928, 115.53367712251371, 44.30058044471185], "81": [1.1243626035880108, 2.690382729664239, 5.5825616455335485], "82": [1.627119560960614, 4.75023712676979, 8.42814509217192], "83": [3.489745054751667, 15.045486480079603, 12.921904049716058], "84": [1.2035679103609893, 3.743247445937621, 6.14535541794482], "85": [2.3450006581178475, 7.202536915942788, 10.336578324939852], "86": [15.00940561102871, 125.23858111242797, 39.531936028246015], "87": [7.38549047952994, 51.909840735606096, 23.733530284281255], "88": [1.1433952731085402, 3.1530822917339187, 5.753618831694929], "89": [1.5200048088665463, 4.670510013210682, 6.604123330120096], "90": [5.782361514921584, 37.37951685257233, 22.634379138988947], "91": [4.694710448316386, 21.4147111428447, 21.11287657770255], "92": [0.985761080687753, 1.7935274594258015, 4.620780179685557], "93": [1.2823811245951555, 3.2940067491615395, 6.5891979793753155], "94": [1.4186378562149917, 3.9116102423189103, 7.07439525025296], "95": [4.223683001776623, 19.485443009042605, 18.510281681850397], "96": [2.688731788114732, 9.134131838825427, 11.961138346805198], "97": [1.41981413383143, 3.543934603295664, 6.801740978199241], "98": [17.85254895529179, 146.75729024291311, 46.07416172357221], "99": [2.1048235251405583, 6.508238771176973, 10.596467394752107], "100": [5.394267964218865, 31.224590705075663, 26.327456344526922], "101": [1.9548472902171987, 5.829752149624458, 10.085966678796868], "102": [6.811127861018735, 48.844934904639764, 19.412094780089863], "103": [9.469334820296062, 78.23206174574636, 37.848480658567475], "104": [6.347936031758795, 57.181245206511214, 29.373044619453392], "105": [17.122818449271172, 144.7931483093799, 41.14363478501053], "106": [12.610853226229091, 116.08394383931726, 28.608565902868403], "107": [0.7524504143433004, 2.035234209655671, 5.041641522847709], "108": [3.9949223201697874, 20.776771959644815, 17.030114697049967], "109": [8.006366802101132, 69.93541060312697, 27.778346826852157], "110": [12.557022177839901, 117.33118754408235, 40.807288176174126], "111": [3.643838054428527, 20.064979590794778, 16.747318078314542], "112": [21.722123962386316, 165.11459994442032, 40.408950546826844], "113": [3.1199433494902693, 13.31579532663842, 15.792749743479597], "114": [9.864542532225995, 85.674856390828, 32.954921861078596], "115": [8.495086913674829, 82.63933811620373, 31.015076254526505], "116": [3.733317020644558, 18.978873831379044, 15.574587839362389], "117": [7.146349666608111, 61.184186418945146, 36.40081942129158], "118": [2.3632743433391736, 12.914886540705556, 11.250537313925994], "119": [0.31682122709191596, 0.09223886072582228, 0.07134992851590694],