{"1": [3.081965964375709, 5.24863198593803, 0.6411812739719033], "2": [2.4324545170017915, 3.8082489974777998, 0.5089043743353849], "3": [0.7287063898226408, 1.0314514848179177, 0.24089169580494862], "4": [1.2854713300055773, 2.021782387313139, 0.39594623972092147], "5": [0.7186325944443434, 0.7892958527779613, 0.11917247277360832], "6": [1.2527133659141148, 1.8546587133512504, 0.26327165502591], "7": [0.5983435520449739, 0.746895187092835, 0.16369679074938215], "8": [1.9355546684328448, 3.1594044095305787, 0.358302248174878], "9": [0.5211278744955286, 0.6452851669795885, 0.22034759522193714], "11": [0.6580031597667573, 0.8383103519992415, 0.40010109040589437], "12": [1.1775622688643428, 1.9432566650514878, 0.40987402236004655], "13": [0.32043803892308076, 0.3057689544508254, 0.14836303257616723], "14": [0.4314637300734605, 0.5052447257587429, 0.182494209596187], "15": [0.2912771247618715, 0.3231500471386396, 0.14451621714092844], "17": [1.0166222247441765, 1.3418862000604108, 0.34427965830513385], "18": [0.594674903562741, 0.6422200772056563, 0.18806397369154348], "19": [0.43839198405387736, 0.5347957654407011, 0.1702226160332444], "20": [1.9702883551803814, 2.8101507148377705, 0.8490770277577498], "21": [1.0102188213502479, 1.559975817731576, 0.26634249993813186], "22": [0.3021545512447691, 0.2171300357081658, 0.020691588318340948], "23": [2.2609701938246727, 3.7846738560605697, 0.6203354594639078], "24": [0.6093018498899871, 0.8407535765065917, 0.28531797176658624], "25": [0.5848680982719753, 0.6217503054819914, 0.13726372188577973], "26": [0.3277052069487749, 0.3352954848261179, 0.14768160281786014], "27": [0.8345335648039527, 0.8840709815721393, 0.13356484303140292], "28": [0.2569305229446276, 0.2242407890322725, 0.2203576014046229], "29": [1.636579818159184, 2.673053501892706, 0.5370906579031188], "30": [0.13238960907935793, 0.09030247451615339, 0.08155389677756597], "32": [0.33187650009222724, 0.3298461272411614, 0.1730226870593159], "33": [0.7643725051434483, 0.8695079797745873, 0.29636800316393885], "34": [0.062488402641954766, 0.035964503139083226, 0.018452853393297608], "36": [0.5057490183613335, 0.56155907687275, 0.10650989206241657], "37": [0.6469686577352469, 0.5221303026623135, 0.27403915645418264], "38": [0.8123157531122727, 1.2825699398199306, 0.17287979120962438], "39": [0.39218222986526485, 0.3370081145679499, 0.2128098934431586], "40": [0.6065464757488999, 0.6773891929305259, 0.2831194042226949], "41": [3.4040481768862234, 5.544801946201206, 0.3909304147186], "42": [0.34983945195594635, 0.24911349513384629, 0.03360501785950998], "43": [1.4688252764462324, 2.4017174556535243, 0.3894035163199636], "44": [1.4252421089433631, 2.03858170775288, 0.5357342744212493], "45": [1.5072429643924552, 1.5161963694177518, 0.37893904925891386], "46": [0.9892159777061784, 1.2255715439234975, 0.26122531056535947], "47": [0.8895123101725253, 0.9400087373545207, 0.1979668457518724], "48": [0.7063744650768303, 0.7425010909084117, 0.22916153418622665], "49": [0.12531673521980968, 0.09303426874006224, 0.07183621764202486], "50": [0.15956568319248898, 0.14077569383573107, 0.07985106705331257], "51": [1.8399765629491682, 3.139699990972438, 0.4364184076043085], "52": [0.7046643551654759, 0.9926433591900709, 0.2603405887337352], "53": [0.5888846734892229, 0.6696684366698702, 0.13855071668345287], "54": [0.516558283102748, 0.5015336453404232, 0.17292017911188362], "55": [1.3271499916068938, 1.3229605406351195, 0.32088989307124305], "56": [0.5332465114935132, 0.8243127274201956, 0.30701792335404], "57": [1.505499281910655, 2.378010326802864, 0.53155346532691], "58": [0.6462323341609195, 0.8572782739121454, 0.430513340523467], "59": [0.988356798683968, 1.2870273243754922, 0.23849634327042857], "60": [0.32712334034096, 0.32357635566664594, 0.1346105851896583], "61": [2.2769262763916487, 3.9049891274769957, 0.41207203120989533], "62": [1.727202522227188, 2.437018033061599, 0.8130107605383782], "63": [2.9803419572253382, 5.019619716200638, 0.3422528495087196], "64": [0.7521950271835725, 1.1337779742884637, 0.2693633966981056], "65": [2.220229353967927, 3.3041647864717363, 0.535393639592361], "66": [0.3106203078879294, 0.41529194701900607, 0.31756895717071165], "67": [0.15912912002141055, 0.1190550588001981, 0.015423821098172863], "68": [0.6741495001938074, 0.7027997076276151, 0.1188489149891303], "69": [0.4883848026740607, 0.5405202480277869, 0.062303409514812724], "70": [0.6224299835055666, 0.5942130638875449, 0.3315716448290721], "71": [0.41168685823189155, 0.6040643213760756, 0.22221739564101528], "72": [0.8230819196553532, 1.1629952413375118, 0.3108984180336841], "73": [0.1531219861135067, 0.12835349508551763, 0.07590885262906466], "74": [0.8146816083255637, 1.2341727586171929, 0.5462881882273048], "75": [0.8678840965558976, 1.2327564281679328, 0.3025272694001363], "76": [1.0250279325755867, 1.3309986358036232, 0.3039923873060828], "77": [0.8041478674692998, 1.1908409792036747, 0.3371237341460881], "78": [1.1386280626538026, 1.5837011516870128, 0.33000957404976694], "79": [0.533393488400505, 0.712029137795578, 0.3477037038195432], "80": [0.9883457534283399, 1.346074172306664, 0.2456467911394533], "81": [0.1111230079431631, 0.08434076723003274, 0.010885077530335407], "82": [0.1932361445622397, 0.14592451549557178, 0.013959898254089165], "83": [0.06965825387486557, 0.03843991089702595, 0.05063781706344039], "84": [0.5430585757874423, 0.6313278872264858, 0.26123884357481086], "85": [2.890672845616902, 4.4227315234783235, 0.42197183922476744], "86": [0.49822311385231743, 0.4620599422147893, 0.17983084288483986], "87": [0.30619988423543176, 0.3193709128907334, 0.10293122792621212], "88": [0.306632899978726, 0.30151193344539307, 0.14296685476309146], "89": [0.2551487382393254, 0.2195363318329839, 0.1325762883881617], "90": [0.462484286946128, 0.44684307841688103, 0.1105165506250303], "91": [0.43877955649554634, 0.5602785721635409, 0.17309649412020756], "92": [0.2222960295927615, 0.2541033551504757, 0.08925610411172546], "93": [1.3767901352038974, 2.173523974604841, 0.6411598091588104], "94": [0.27194940881104746, 0.2798743759010042, 0.12313573359456176], "95": [1.0557388183080998, 1.4217245308525552, 0.2895011129709394], "96": [0.36724376113407387, 0.38378140807373073, 0.05514714196634862], "97": [1.8953664819325025, 3.099294047798058, 0.3442026676064174], "98": [0.3274625938056581, 0.4252700234437818, 0.17478550555891947], "99": [0.4847050045748207, 0.4222813992794037, 0.30975242332492103], "100": [0.020926671200294678, 0.010390348005559798, 0.024853017651857656], "101": [0.44469140067314905, 0.5080403867447056, 0.1797988846311469], "102": [0.5982945542291614, 0.7707340957810026, 0.16704775865668153], "103": [0.09756048214192514, 0.05934839124340677, 0.04183506975439233], "104": [0.942819968653653, 1.0727459144123819, 0.37191763317740756], "105": [0.25799829467751767, 0.2645918190556988, 0.12439569774915649], "106": [0.2697229667917118, 0.20572397686841223, 0.049338203619900156], "107": [1.2029266713348694, 2.061378932618725, 0.35420603338795753], "108": [1.6177080125243095, 2.411269266816253, 0.45712710664676803], "109": [0.5890639788171858, 0.5992398334755002, 0.17564724146890986], "110": [0.28228753898885095, 0.3146817923064036, 0.049468609008990305], "111": [0.7600845909995481, 1.1505339271769388, 0.3024546717710608], "112": [1.2360619307413712, 1.6968168716515089, 0.49244255282018445], "113": [0.270306853408522, 0.27892400153161095, 0.08216635601066535], "114": [0.9839468041186316, 1.01176002279104, 0.18828235987976216], "115": [0.7329014464074706, 1.1422911217291805, 0.48842266972312487], "116": [1.9451408747795793, 3.061471748688961, 0.6263415875574259], "117": [1.4226622132674407, 2.0457579567034645, 0.9053292140043256], "118": [0.5782083143774569, 0.8652809571246021, 0.25257408003191617], "119": [0.31543287438690604, 0.22248194590867698, 0.022694262325620218], "120": [0.8701682132406313, 1.517092490890493, 0.2892068063210643],