{"0": [1.6150371850235188, 3.607823582239341, 0.007536190594372494], "1": [1.4034127704853445, 3.2225721737564337, 0.0008226914451808787], "2": [1.0619012028805717, 2.3386117972807714, 0.019619324040633823], "3": [1.5834030006810398, 3.875600164848644, 0.004216142916233179], "4": [0.8250584591756013, 1.6844635494703661, 0.009653392811998174], "5": [1.472781970404915, 3.4547171869392868, 0.020757937932056048], "6": [1.4643440845773061, 3.4920577740381415, 0.013613312453605197], "7": [1.1030196271954225, 2.38230528634918, 0.0155783956931147], "8": [1.3134388447775627, 2.955655130893938, 0.011241291894849903], "9": [0.7771623196860847, 1.6375556879063045, 0.012370797391672683], "10": [1.2157438048123814, 2.8062163477643782, 0.015316752566641001], "11": [0.7814913257746198, 1.5890755699660248, 0.017839827939623243], "12": [1.0373196160356897, 2.234081729745628, 0.008712878671686464], "13": [1.0693478953910396, 2.3901281071532594, 0.01077700738994769], "14": [1.0160639574549601, 2.2495252468660607, 0.017834348654654386], "15": [0.9297457164894678, 2.0178589329672865, 0.01416599289208309], "16": [1.182133841849242, 2.646216042294328, 0.013801405680912482], "17": [0.9026260518269075, 1.7064717332439938, 0.06939628008423604], "18": [0.9831419682329475, 2.1927345554984847, 0.010414447159627471], "19": [1.1373844740441328, 2.578328396844009, 0.019468377586290497], "20": [1.064694205832108, 2.3496558773621223, 0.009774862016758257], "21": [0.6355445420402364, 1.2783979686965907, 0.014601102045573522], "22": [0.5230776982593909, 0.8932937635168529, 0.08119787819066504], "23": [0.9787371705458364, 2.1447924276564887, 0.018108055197632367], "24": [1.0698362524479212, 2.4171899169966626, 0.011095525167743037], "25": [0.958131178681056, 2.072205699953147, 0.008803559282216655], "26": [1.1092615687069172, 2.5199318474306236, 0.0129484313085525], "27": [0.6943609267619941, 1.3824133609042775, 0.010915873721875746], "28": [1.0254921523700866, 2.281230455744491, 0.016825958615291237], "29": [0.8234400419824691, 1.7249327415823474, 0.00800795566991419], "30": [0.5811205025073678, 1.1540355785593472, 0.007168719180784322], "31": [1.029567070912024, 2.2574753132272356, 0.00422377579910671], "32": [0.7372072179824041, 1.4069504415640381, 0.05669354534737181], "33": [0.7225892993320725, 1.4780782850517165, 0.007097429390972687], "34": [0.7460071371728495, 1.5339981137819998, 0.008648376515075107], "35": [0.833124618374343, 1.7750952681846375, 0.007906786224065931], "36": [0.8513549696390917, 1.8319716035468039, 0.012344709578830049], "37": [0.8493141886713236, 1.7726612650137454, 0.007049100352904181], "38": [0.6707340194299691, 1.362619133930894, 0.01815540228337975], "39": [0.7697158076044162, 1.6373488238992981, 0.018512539661624583], "40": [0.25438760726236187, 0.37277103991705757, 0.10012619838162462], "41": [0.8468137401512641, 1.8586140383770986, 0.015584572169944244], "42": [0.4842247240184476, 0.9286935222943945, 0.009569677369041019], "43": [0.2863179088850145, 0.4208710839985475, 0.10042625738291622], "44": [0.7778369654675344, 1.6600073623333744, 0.025737695464329025], "45": [0.8429110645554829, 1.7968607368428733, 0.01718892546049], "46": [0.8116696000922653, 1.736170445787631, 0.017950843466504773], "47": [0.7445892539934683, 1.5581246471632824, 0.014879368204334553], "48": [0.6331674874795616, 1.2869120440738404, 0.01131023584595836], "49": [0.7527241822797187, 1.5309326719369447, 0.009758625689437528], "50": [0.5835953729239534, 1.1711131220094915, 0.012927248565118177], "51": [0.4924661353307419, 0.9202415100925809, 0.013693474948799134], "52": [0.6687662945493678, 1.4010359191518251, 0.02005725074649889], "53": [0.6031948777584392, 1.1962597615610822, 0.015370432777929155], "54": [0.6769956694956667, 1.3941626800158404, 0.010473666674244098], "55": [0.6906510604028704, 1.4093036464107145, 0.01419409956669293], "56": [0.4444755730206632, 0.8379633513672039, 0.016585969324797167], "57": [0.4817931447836624, 0.8703858812649502, 0.06301918145114616], "58": [0.6309996218502169, 1.300046487178489, 0.0216468197780616], "59": [0.5520761430438058, 1.0970928975864909, 0.012031135705608098], "60": [0.599653842138491, 1.210315277011536, 0.02048460630840787], "61": [0.6391028224332349, 1.2596597038216022, 0.013522065992507049], "62": [0.6531628322265505, 1.3421416318484114, 0.021603520733123327], "63": [0.2373873560186156, 0.3607715518528094, 0.05817891868820757], "64": [0.780082297308586, 1.6730445293206715, 0.016155178860750907], "65": [0.6950804087116903, 1.4294352988853625, 0.009074412799666254], "66": [0.5479050969224949, 1.0898510001488524, 0.023938884651881653], "67": [0.6077530590678337, 1.228552444530252, 0.015538185139021277], "68": [0.4961061051512169, 0.9384379001390394, 0.009238574685629941], "69": [0.6076971480104327, 1.2386282847251397, 0.019383475233535452], "70": [0.5679562831325295, 1.1579344742749098, 0.013584877375791837], "71": [0.5500061277708803, 1.106656205680059, 0.021981334602185765], "72": [0.2629478357855465, 0.39523206302315295, 0.08989581156188342], "73": [0.3269632327324332, 0.5414418539672722, 0.06461211418867074], "74": [0.4605224874573186, 0.8860216601993453, 0.01608933280285052], "75": [0.5877615223611684, 1.1694205400064899, 0.011635528238643222], "76": [0.4923074254566705, 0.9749299093443113, 0.020154440516260808], "77": [0.5183881614259722, 1.0287305667359092, 0.011312682541977814], "78": [0.5282549885952323, 1.0540874402556137, 0.015272329038526045], "79": [0.15949764549715595, 0.22517651631388128, 0.07217547172622585], "80": [0.4863612456995424, 0.9720938119155683, 0.015210181139910461], "81": [0.27113080461166894, 0.4269937753263819, 0.06718698705235382], "82": [0.44658821492094847, 0.853099170360566, 0.015499710993982063], "83": [0.48430733305500595, 0.9570288994214239, 0.021444873390488062], "84": [0.46472502422099415, 0.8995823886530245, 0.013080910469397189], "85": [0.5083349185335748, 0.9924247617757918, 0.01401942784668675], "86": [0.21750303129112314, 0.34138505209099035, 0.05979711160262513], "87": [0.3930997874194426, 0.7448139633948636, 0.010519463768019377], "88": [0.5379987630462215, 1.0695879485476514, 0.019927541960396034], "89": [0.4606453091276299, 0.9026193327076918, 0.019068013605505474], "90": [0.3512852566549216, 0.6478423900389062, 0.011216327813914129], "91": [0.24109374601447353, 0.3485012854254537, 0.06774498215088065], "92": [0.24109374601447353, 0.3485012854254537, 0.06774498215088065], "93": [0.24109374601447353, 0.3485012854254537, 0.06774498215088065], "94": [0.4805297849064025, 0.9566531102427139, 0.017724225703441898], "95": [0.295142136679578, 0.4716218020606276, 0.07131579340218197], "96": [0.2932716246827667, 0.5013863964767074, 0.04575753719353792], "97": [0.5422805042020369, 1.0874206153307477, 0.017302884817716246], "98": [0.32136706902563594, 0.5900046540268584, 0.01702842087601486], "99": [0.3711615893559149, 0.694096783093777, 0.015097006396425305], "100": [0.5363580064763916, 1.0622665838116994, 0.014211340917644644], "101": [0.1715291203057483, 0.24180216594226683, 0.07179798355256228], "102": [0.5025553773764304, 0.9855728406723967, 0.007214189629441647], "103": [0.2553056551135201, 0.3950943809346036, 0.07339299167342872], "104": [0.1796008064931981, 0.2731957724982732, 0.05494228264904644], "105": [0.408980204873296, 0.7812996545038682, 0.01587016686116327], "106": [0.0977505124353868, 0.12227277378160299, 0.053817091895944746], "107": [0.15963273738589823, 0.2197554916213109, 0.06097374728092031], "108": [0.36317764769277616, 0.6766337576644937, 0.012527146038600723], "109": [0.4488643597553875, 0.861671691876264, 0.010103172284615991], "110": [0.3532792182016724, 0.6635470161600985, 0.01206285632032611], "111": [0.3532593378357963, 0.6658626088535148, 0.009876938251178191], "112": [0.3810958831226271, 0.7263777600491161, 0.014483389959198067], "113": [0.2915206578515833, 0.5295277361789973, 0.013140063056993667],