{"1": [1.8466098616086097, 4.422414002835288, 0.49510707107203744], "2": [0.29119785474246607, 0.4087023235628164, 0.14992551050076963], "3": [0.07390209725272412, 0.08630804959824406, 0.046478217304581904], "4": [0.25744294662376743, 0.3701377663776992, 0.13635731033186393], "5": [1.8460277199203956, 4.33040791342086, 0.4058289251684889], "6": [1.491305430179596, 3.2288796986688673, 0.34339521543142604], "7": [0.5018050068761053, 0.850123873944292, 0.2197193261120559], "8": [1.386437422842334, 2.792779773459706, 0.4165163776019938], "9": [0.4323314973527097, 0.7080649967012067, 0.21419763771720712], "10": [1.2630865730523153, 2.613524817844433, 0.2922201494781569], "11": [0.8730164607671862, 1.5593991587492844, 0.31928345057325025], "12": [0.22740122989108968, 0.3031150575203258, 0.12886911057646777], "13": [0.517411192016155, 0.8374390900096385, 0.2622537640657384], "14": [1.9510988223393353, 4.761034477189538, 0.4776716060538496], "15": [1.8451562472028904, 4.5937360876520055, 0.41453945966712213], "16": [1.3950936566090575, 3.0724275705080117, 0.2918540184159807], "17": [0.5020664209480223, 0.8171933437722531, 0.20938861937300046], "18": [2.199979360631054, 5.131188189026616, 0.3046927153147303], "19": [1.4139558722257548, 3.267045393017102, 0.39147104102700514], "20": [1.6217949288194395, 3.858784994489943, 0.4683429569362647], "21": [0.7927274160882036, 1.6131647332399404, 0.3539619776250127], "22": [0.3888646547178233, 0.6256998330632748, 0.1584399164387844], "23": [0.1577343529330627, 0.22740125970474456, 0.09348767411851988], "24": [0.22154281861753478, 0.31242341313740296, 0.10667667032747985], "25": [0.39463588619048473, 0.6640256658848782, 0.18767144590723828], "26": [1.438291341608088, 3.151231459180721, 0.2621675931375228], "27": [1.3878664811596897, 3.1663265415731305, 0.44332485081374506], "28": [1.0726150102430787, 2.2482387003014517, 0.3467225513464447], "29": [1.427660834900312, 3.3022564470586193, 0.3317336018736168], "30": [2.1970999177678023, 5.29668204753923, 0.4247082932162507], "31": [2.016994760957273, 4.890685992742743, 0.37961448996258407], "32": [0.31887541207589365, 0.49299925644955656, 0.15993551581480336], "33": [1.439586863664028, 3.241040695052198, 0.3955247786681382], "34": [0.2713095143479973, 0.40250110212111484, 0.12708104632471806], "35": [1.3214586467035176, 2.9578404594896837, 0.30396285522164135], "36": [1.5258018993011184, 3.5040734343328896, 0.35425542610843896], "37": [1.0314897091323014, 2.0739258527867785, 0.23268507661115068], "38": [0.6986161996058379, 1.294439830870004, 0.2328252019652225], "39": [1.546389326921433, 3.5367257110912527, 0.3664221330984029], "40": [0.7359313876051317, 1.3974056043353247, 0.26796412359182264], "41": [0.5457999154499914, 0.9581977861393414, 0.1864353726188216], "42": [1.4416963579465403, 3.215954209513453, 0.357633961357951], "43": [0.21940539964991423, 0.3009984000829642, 0.13064094963103656], "44": [0.25339119118170705, 0.36252945369673417, 0.13917402834882386], "45": [1.4678009378128811, 2.9620107421481348, 0.40569472403566675], "46": [1.151322258392284, 2.2384432090043713, 0.40779189458934095], "47": [1.376385169545265, 2.8170201847259326, 0.33298227709971073], "48": [0.388733427857909, 0.5823381212662582, 0.1932068253364737], "49": [0.18775224513081068, 0.2332580040376221, 0.07767045975886477], "50": [0.9048160192980546, 1.6487364712377552, 0.2703350866478553], "51": [0.46238064194445383, 0.7057579101371206, 0.19903100644776806], "52": [1.399801484380221, 2.8246952014893814, 0.3928967359173582], "53": [0.49991754137843214, 0.7825527946311996, 0.25080995887229085], "54": [1.298866619839671, 2.6395105835445842, 0.28120135981692673], "55": [0.2533314545149611, 0.34699033683389546, 0.13814561018576543], "56": [1.683890724236381, 3.4610367468714416, 0.24860534897961306], "57": [1.161302199519501, 2.3326505966029, 0.3219216386705296], "58": [0.6579336181645624, 1.1606671111861302, 0.19239184013669375], "59": [0.5137412760698199, 0.8620198603099098, 0.23230677857225468], "60": [0.32877398400746183, 0.4757995450772209, 0.18958831570892531], "61": [0.3291439440094224, 0.523878408259543, 0.14463183520864853], "62": [1.548006685189411, 3.664762786697066, 0.2777997942695739], "63": [0.11584016519210283, 0.14111776505838425, 0.06846840903336193], "64": [0.8624070737540799, 1.533267699128969, 0.37285373517849296], "65": [1.4349607406272096, 2.898054660320981, 0.34211063018076393], "66": [1.834530720283965, 3.8553816996269834, 0.3220267443625061], "67": [0.565787436252511, 0.9559484521462723, 0.21205484399105834], "68": [1.4065783936173286, 2.7684420424624765, 0.31101594816448164], "69": [0.25927776932424285, 0.35615199202467773, 0.13853136737448424], "70": [0.33311593103330395, 0.49723910351938805, 0.15775507797815702], "71": [1.6336148092271445, 3.6716905349663436, 0.35083210124082564], "72": [0.3688209525316335, 0.5216268782093505, 0.19201147516368255], "73": [0.3211279230213663, 0.4696031776901735, 0.151066950879726], "74": [0.28533526851995517, 0.41415986292591395, 0.13898810053070965], "75": [1.2737093533423378, 2.96565127181899, 0.3250927123659605], "76": [0.37261453185809845, 0.569563112500647, 0.18374478317561382], "77": [1.5122575852284417, 3.1202632965639756, 0.3553844274487761], "78": [0.08190208660204246, 0.096248572167335, 0.04575800747043213], "79": [0.7895241920528487, 1.4111079048297508, 0.31224668321253635], "80": [1.4343656613541276, 3.288034976284925, 0.3610634077285807], "81": [0.11384216385943591, 0.13675812664371306, 0.058393787401864516], "82": [0.16566652594821785, 0.21508734120162196, 0.08973356654711118], "83": [0.35707997884604115, 0.5336387109716136, 0.14387394667892683], "84": [0.12183416919010359, 0.15630156598261505, 0.0645149323858506], "85": [0.23944101444740207, 0.31834323940132364, 0.11184603389935865], "86": [1.6126395500662571, 3.3027310748249223, 0.3612034112926751], "87": [0.7703249583492914, 1.3541589056569463, 0.25550514385110035], "88": [0.11583219712553205, 0.14307638709794188, 0.06023763186248998], "89": [0.15379820647948894, 0.1959127555755049, 0.06958512092721325], "90": [0.6066788187278102, 1.005034066744385, 0.25020498013174075], "91": [0.4878779403625, 0.7353844053628447, 0.24412848203458648], "92": [0.0998561625068074, 0.11274487528331274, 0.04803114132280362], "93": [0.12982218251144595, 0.15724459732179402, 0.06918390897476978], "94": [0.14378423978416244, 0.17874803766120695, 0.07460407426995253], "95": [0.43817511468780435, 0.6543209244908222, 0.21089337779377304], "96": [0.27527355713793855, 0.37584306037409376, 0.1308409912119991], "97": [0.14379621581213842, 0.17416066895006177, 0.07153246448581962], "98": [1.932222933686198, 4.208911187297264, 0.3660988920835231], "99": [0.21543724551251664, 0.2837366055742517, 0.11508594214964774], "100": [0.5668023275104442, 0.901431465368793, 0.3164110266990434], "101": [0.19954085991012704, 0.2588346664891266, 0.10871730835455662], "102": [0.7088042821691752, 1.2583531593156823, 0.21607081335119882], "103": [0.9980447451652917, 1.9132033838089908, 0.3568875444639029], "104": [0.668111467610164, 1.3439415343142576, 0.29154215224598323], "105": [1.849521648103949, 4.316520197311269, 0.33163821135280847], "106": [1.3352604918606192, 2.6280867185853047, 0.2871591737118261], "107": [0.075924050641343, 0.09247287671627721, 0.05234064740955091], "108": [0.41250685304845636, 0.6546261405397273, 0.19304765233442311], "109": [0.8394846948129184, 1.6198485410751868, 0.2702724712616339], "110": [1.3470377212994502, 2.8991194864868426, 0.3504079185694604], "111": [0.3748110996831582, 0.615311369399546, 0.18781542463446277], "112": [2.3700538865976273, 5.5383092559692235, 0.28057625140759246], "113": [0.32097659303945825, 0.47858630579331995, 0.17708127807891716], "114": [1.0468771205042442, 2.072149061140063, 0.31887647969167476], "115": [0.9000315534985215, 1.8740073849575287, 0.29151955339190716], "116": [0.38291056282113156, 0.6126393155788167, 0.17722521186862727],