{"1": [27.053406463099403, 38.873827432726024, 36.518704301941646], "2": [23.722990501028352, 47.494843756202854, 28.115787130697665], "3": [9.341709380033784, 39.61356748011639, 24.484381350108112], "4": [12.729252550486715, 28.75041709136485, 35.23757934208968], "5": [6.011359132541798, 7.7439004111402125, 13.455241960756393], "6": [13.40474359206235, 34.40773030371511, 27.108026964106365], "7": [7.901004970635452, 35.62466450239209, 20.2678004718285], "8": [21.302732103159375, 51.59044487210858, 23.960197836217272], "9": [6.76874609600365, 27.299220686819837, 25.28364451216289], "11": [7.315425715598917, 15.410151457654816, 36.2010554103132], "12": [13.000091658285987, 34.95916622442238, 34.8888931963865], "13": [4.296837301735651, 16.907099126962162, 21.238037170136185], "14": [5.712491177976244, 24.51446405765134, 23.00189380804207], "15": [3.6965407729831457, 11.504548750809374, 18.785227875184017], "17": [10.779373377905666, 21.219107710557584, 29.969214513668923], "18": [6.422719973213259, 12.49583932085868, 22.807945871630924], "19": [5.801962971078799, 25.99696780750488, 20.978045820642674], "20": [14.626372668162112, 21.102455028697396, 47.30473418651095], "21": [12.495289802728243, 45.79251099901537, 26.152999036463086], "22": [3.401464601909832, 4.064521707520425, 2.9109278017813867], "23": [19.8896473869396, 33.84338035338463, 39.506075559408686], "24": [7.587869560308001, 27.31835320106095, 29.101557942694768], "25": [5.96301253009739, 6.86766071898893, 15.259787005853127], "26": [4.445473601291719, 19.12857868185999, 20.40416231801675], "27": [7.708822708309769, 7.754152169133867, 15.63261966179769], "28": [3.3104857904459646, 8.175599586840859, 26.074545724817813], "29": [13.723684192739416, 30.37898415328848, 32.279741737044], "30": [1.780921306298581, 3.3560361914450727, 13.075524119333043], "32": [4.058832994050445, 9.417662871501033, 20.837711878733824], "33": [7.5393375991542335, 13.424734593409443, 27.863149884989557], "34": [0.8029895200843367, 0.6654956620471701, 2.980236508453058], "36": [5.430616987446413, 9.039156640993165, 12.678219284093217], "37": [6.773311511635451, 8.38453269364157, 26.57169671919855], "38": [10.465392314572899, 47.071022783253404, 19.979354061974266], "39": [4.565482191738612, 9.623492124946306, 26.005249321707524], "40": [7.210736435981906, 23.229991494763503, 27.553392719186807], "41": [27.88881777061636, 45.72398868741733, 27.18697343531419], "42": [3.902136863923216, 4.588777807450574, 4.882834228011641], "43": [15.25227052206307, 33.22903508446915, 36.04952401557199], "44": [11.58325918476797, 17.479710461638536, 38.818254176961695], "45": [12.198001260434854, 10.353610994407344, 30.344679239429485], "46": [10.651640224050421, 31.896025394511284, 27.181663501162006], "47": [7.375937677957904, 8.05475995952536, 21.061040578748162], "48": [8.024854701899507, 24.101755520638342, 21.632412192800142], "49": [1.6676468903224146, 3.951613294240052, 11.638773382560267], "50": [2.034810264035942, 5.4602465592953875, 11.871368916086668], "51": [17.087991368880573, 41.175587417346684, 28.70522946325594], "52": [8.575467584635241, 32.0194075570366, 27.753822260650704], "53": [5.819990290694446, 9.190402889678717, 15.787030085444863], "54": [6.032747033399572, 8.867036462520282, 22.260126071329513], "55": [10.788659937135861, 14.830196283790086, 32.31000408522077], "56": [6.6542162466113925, 22.61430223648116, 34.532239088117606], "57": [13.917178857341689, 24.11164415895782, 39.77489105861176], "58": [7.423181562093041, 17.777787179820628, 38.91073320039259], "59": [12.10917741575258, 42.220033887152226, 22.315769394534485], "60": [4.341891294252239, 17.620405682162108, 18.624268602727323], "61": [22.38267843069709, 50.65931958922569, 27.32014573403451], "62": [12.814805778733895, 13.861974107772388, 46.14871776575188], "63": [26.810408637804162, 52.07489624078382, 22.902524260904727], "64": [9.034480488596941, 32.31023629398011, 27.631532379025366], "65": [17.210306819073963, 33.27874584457232, 33.32889086964553], "66": [3.734719888705871, 11.210517469306454, 33.29889482805848], "67": [1.9569103637760095, 3.5106914123718824, 2.356910268844759], "68": [6.301988005586797, 7.259416743325287, 12.540663176391629], "69": [4.916122508234246, 8.713485593370956, 7.431192861234328], "70": [6.777383088296398, 10.730093832163098, 28.824802889822642], "71": [4.657466244924117, 11.601183976777117, 26.30336835553066], "72": [9.40093757112069, 31.09471150450422, 29.54597470376122], "73": [2.0310471686108, 5.564206084641145, 11.569764888767564], "74": [8.969209872313124, 21.243045720394804, 42.09186276398008], "75": [10.250331134613123, 33.700399831789795, 30.602059065504076], "76": [11.215717979643292, 32.18688940526164, 28.19842014935863], "77": [9.254484476874813, 29.51603131597849, 30.975187719974567], "78": [12.859146221148276, 33.31060615057229, 28.298994443593994], "79": [6.683410892029693, 21.870093858879397, 35.233429486031035], "80": [12.085821965091007, 41.63472685891049, 24.397556068448022], "81": [1.433765710252718, 3.220405110297531, 1.7814891487973084], "82": [2.306524921604961, 3.975204330812552, 2.146038709751681], "83": [0.9335139856282793, 0.6040583978829005, 8.457714080648], "84": [6.2628719488745865, 18.707495844917684, 29.242527823590553], "85": [27.64994913399766, 49.64488278260945, 22.85016311944223], "86": [6.152820396676236, 12.167118658811031, 24.218441783477385], "87": [3.117987847439381, 3.7785895385116812, 8.887280938717378], "88": [4.133679888825758, 16.943360647149582, 20.145749872047553], "89": [3.019724404113645, 5.208563194947049, 16.958572816846132], "90": [5.5478444253090275, 10.001127326601434, 16.3432267163256], "91": [5.870183394538378, 29.601264098424146, 21.90603305245583], "92": [2.8799524656560753, 11.736022079713504, 13.787150238029225], "93": [14.483270747874812, 28.806969981303727, 45.15991972548149], "94": [3.693228862585457, 16.809617553479658, 17.576132632364615], "95": [12.730117646149758, 43.255733452436445, 26.330572987635644], "96": [3.7604336925360213, 6.43664394321053, 5.2224007985185], "97": [17.48060110461001, 43.685563228871295, 24.780378013753108], "98": [4.401917585150104, 23.388995941518196, 22.578417395028303], "99": [5.168161321723804, 6.790516718343407, 27.571413184286296], "100": [0.28548774589212145, 0.0, 4.265504280446605], "101": [5.782785228074678, 24.467972942140594, 23.565827736956116], "102": [7.891087269185041, 35.913285597873816, 20.29710503707908], "103": [1.3141643134844412, 1.6212984672926807, 7.1502280180452065], "104": [9.396817927606671, 12.731158836364942, 29.152530301610565], "105": [3.5029036986573754, 15.93772531979821, 17.933790328707207], "106": [3.305612404111687, 6.279477217806386, 7.3096672238915055], "107": [12.413611669236557, 33.695324157646304, 30.42415846114978], "108": [14.976264587081065, 26.951986317382197, 35.17851774093261], "109": [6.492677660011264, 12.330673425075023, 22.360451240001456], "110": [3.2889132689920784, 7.621613357015742, 5.647800879769447], "111": [9.275766045079894, 32.91760791176602, 29.039756365270858], "112": [13.298973334455601, 27.006435877155663, 39.9012090274702], "113": [3.4138218247087098, 12.22024919333453, 12.664018317689774], "114": [8.335832983066362, 10.31015642414425, 21.678265681990123], "115": [8.130948140163282, 19.34324353674246, 41.047483815315935], "116": [14.866216282671193, 25.85642761538916, 41.82420470944979], "117": [13.697351937893945, 21.161924304619717, 48.4365856082198], "118": [6.752582560642174, 21.99427029012156, 28.44540208548449], "119": [3.484621780655779, 3.690585595896554, 3.0905672766865875], "120": [9.715820775155464, 32.27502099928336, 29.087491474994344], "121": [3.7393736249797893, 3.9673903452826327, 3.30189470125665], "122": [6.164526388463723, 6.701519597309979, 38.19501515446466], "123": [1.8767200801932444, 2.801722245170238, 15.036693642317442], "125": [15.332464102333805, 27.66912931759434, 43.33881817512157],