{"0": [1.1348912766304275, 0.5833057266992107, 0.003709443731128581], "1": [0.9850175177842369, 0.5338619853020796, 0.00040448430569428595], "2": [0.745022928227613, 0.4095014666337111, 0.009652881961739523], "3": [1.1118448156710845, 0.6152212769795787, 0.002074895739261118], "4": [0.5785744768976923, 0.30581211516983936, 0.004742227005041455], "5": [1.033707958489059, 0.5515492843915807, 0.010213794013172017], "6": [1.027891919977411, 0.5531250867686517, 0.0066958577488432924], "7": [0.7739891424261977, 0.40243755176947427, 0.007662477583868732], "8": [0.9216146613794344, 0.4823894492731259, 0.005527765970151921], "9": [0.5450253885924005, 0.3169330167991108, 0.006079093905547839], "10": [0.8531630816097442, 0.45936078574138256, 0.007531060176443338], "11": [0.5479870405055296, 0.28833558182531643, 0.008764472155028069], "12": [0.7279358502241898, 0.38766740534798916, 0.004284625288839994], "13": [0.7511693986053686, 0.4057776088647817, 0.005298893354899414], "14": [0.7137222876009544, 0.3867187315127658, 0.008773279373225695], "15": [0.6521298776262606, 0.34533904809418936, 0.0069591663877732746], "16": [0.8295541980146661, 0.4526774504710876, 0.006788671618481512], "17": [0.6333768331748154, 0.3320819806703787, 0.034128722330844075], "18": [0.6904545661758126, 0.38013103830498646, 0.005122778279884499], "19": [0.7979698328831198, 0.44844373080001415, 0.009574642864192073], "20": [0.7468133961612572, 0.417516394658177, 0.004805366067392236], "21": [0.44581090565734016, 0.2478228127043368, 0.007175122954652169], "22": [0.36676577234142826, 0.17634583703764994, 0.03988767863307119], "23": [0.686633724989693, 0.3868568409800355, 0.008905215618898121], "24": [0.7505912393497529, 0.42307433741775036, 0.005454762462289486], "25": [0.6719197090619744, 0.36031758547645015, 0.004324337483040397], "26": [0.7783082861196425, 0.424140898767683, 0.006363321679228706], "27": [0.4868140811715702, 0.2547946488745916, 0.005361860189218026], "28": [0.7192058590970262, 0.3923369210806532, 0.008271402245123127], "29": [0.5773620985061778, 0.30981108662664336, 0.0039345005513888864], "30": [0.40738605024779806, 0.22153355212414425, 0.0035193950165055554], "31": [0.7220427269416922, 0.3912203785220195, 0.0020767269751089668], "32": [0.5170472578382688, 0.2822701070834005, 0.02786598579518529], "33": [0.506526514307264, 0.2734894607668664, 0.0034849120677105105], "34": [0.523040401006693, 0.2840133432765333, 0.00424753361878627], "35": [0.5842071636729257, 0.31908709285402304, 0.00388499220255345], "36": [0.5969205693619086, 0.3271456193566139, 0.006063180115747913], "37": [0.595500408681724, 0.3118351084489891, 0.003462695531846527], "38": [0.4701973226549815, 0.24779597360508757, 0.008918033449952345], "39": [0.539697550309154, 0.2838146934019679, 0.009090990225693929], "40": [0.1784082298341928, 0.0634450517351143, 0.04919352374738617], "41": [0.5938543768557262, 0.3320306071334006, 0.0076592975344565994], "42": [0.3393291288005359, 0.17610489691638836, 0.004697523707288931], "43": [0.20077432399112816, 0.07031880354246141, 0.049333798289387], "44": [0.5453573329423946, 0.28471644341323604, 0.012641473865961372], "45": [0.5911018744896371, 0.30854307701114886, 0.008442735060895656], "46": [0.5690749394893619, 0.31057713447257673, 0.008819343858432527], "47": [0.5219267907071338, 0.2796135841435284, 0.007307885322779706], "48": [0.4438103843661616, 0.23898356497773643, 0.00555408387482903], "49": [0.5275930628052079, 0.27044922465849064, 0.00479131972375324], "50": [0.4090203583771398, 0.22144895008678084, 0.006346258755609124], "51": [0.3450477994461255, 0.1662215841771238, 0.006719687303497257], "52": [0.4688133889271545, 0.24982265172931778, 0.009849010360335697], "53": [0.4228236026381029, 0.2094473892030305, 0.0075461431474509455], "54": [0.4745261667277082, 0.2501418632848355, 0.005141163968730655], "55": [0.48415652097343387, 0.24900535532883247, 0.006968719288476644], "56": [0.3114522136312805, 0.14878377697089654, 0.008140952983711092], "57": [0.33771730013933243, 0.1651436049673507, 0.030941871597412907], "58": [0.4423278181257887, 0.23275597954839117, 0.010631021701138721], "59": [0.3868564089424388, 0.20481354948195477, 0.005906719941488947], "60": [0.420249232235808, 0.216162633818487, 0.010056554919135374], "61": [0.44797850359201763, 0.21942281081024062, 0.006638141491816518], "62": [0.4578081992637618, 0.2372416042990978, 0.01060923481850673], "63": [0.16629960538653876, 0.06455996315605922, 0.028545623863123204], "64": [0.5468776443243181, 0.29940577091995313, 0.007937326124073274], "65": [0.4871678735383339, 0.2556064737905636, 0.004454802077466069], "66": [0.3839724564775432, 0.19128915399980495, 0.011751122354026311], "67": [0.42589796327350105, 0.2248043678302891, 0.0076284524067806725], "68": [0.34767080364295, 0.16540338318464826, 0.004533413352872273], "69": [0.4258705536843026, 0.22106344408736245, 0.009516947881613835], "70": [0.3979976568472554, 0.2136639411164034, 0.006668262229473143], "71": [0.3854221034926898, 0.19693611005022682, 0.010791095681720986], "72": [0.18428387692889847, 0.06464853778183663, 0.04413325536997281], "73": [0.22909150984741455, 0.10458968772587746, 0.03171542622207313], "74": [0.3226753604862521, 0.16381111206802013, 0.007897009982943626], "75": [0.411902042529081, 0.21079381466277544, 0.005710812242728958], "76": [0.34496984256237617, 0.18689218330632676, 0.00989459356966782], "77": [0.3632095883186852, 0.18775361717210648, 0.005551829884849924], "78": [0.37014421239681505, 0.19844753818882177, 0.007496478567705633], "79": [0.11175360493642617, 0.036327374405540354, 0.03542376616507392], "80": [0.3407962408806272, 0.18573676373921505, 0.007466342796407122], "81": [0.1899736828774654, 0.07724769557648954, 0.032976069110712825], "82": [0.3129076069243443, 0.15350140632989417, 0.007606279213153155], "83": [0.3393698107730475, 0.1681083259753175, 0.01052543021889385], "84": [0.3255748179701763, 0.1691963965699817, 0.006420211383692309], "85": [0.3561833884402512, 0.17822324556266536, 0.00688033781428099], "86": [0.1523563339427274, 0.06347137143753957, 0.02933817894747992], "87": [0.275358633418619, 0.13980113633514749, 0.005161591519471265], "88": [0.377018401876718, 0.1867551547069348, 0.009781700564560292], "89": [0.3227357157370613, 0.1627247879745349, 0.009358031488010177], "90": [0.24604959123943881, 0.11784881130836423, 0.0055022724363079645], "91": [0.16895538645521757, 0.054967736308164816, 0.03323973921958279], "92": [0.16895538645521757, 0.054967736308164816, 0.03323973921958279], "93": [0.16895538645521757, 0.054967736308164816, 0.03323973921958279], "94": [0.33667903908884933, 0.1716827341270432, 0.008698266515170583], "95": [0.20677933335932697, 0.08622174393578778, 0.035001922162049004], "96": [0.20544285760709513, 0.10017001703733136, 0.022452131320294777], "97": [0.37995678601652616, 0.19552141169670612, 0.008492538847885034], "98": [0.2250897068444917, 0.10885168297270932, 0.008354181735780508], "99": [0.2599889454208757, 0.12790551788154936, 0.007406908667528467], "100": [0.37579483506314837, 0.19326602189232187, 0.006975077860238321], "101": [0.12016910450749341, 0.03828533159917241, 0.03523157789351705], "102": [0.3520916391208847, 0.1856737663203833, 0.003540209567576613], "103": [0.17885952806906447, 0.07082683485690908, 0.036019105223513814], "104": [0.12580427678203587, 0.046226338770532414, 0.026953001814411293], "105": [0.28649997672985994, 0.14442275178463457, 0.00778739770955772], "106": [0.06847767585763709, 0.01467689014136287, 0.02640314984655079], "107": [0.11181993305501847, 0.03385905395075408, 0.029916183786960593], "108": [0.2543968054642941, 0.1215755009865834, 0.006145415909812435], "109": [0.3144431898323874, 0.1601395964684603, 0.00495762069871275], "110": [0.24744663802805555, 0.1248309774877789, 0.005917889411952371], "111": [0.24743687910015177, 0.12521566899532452, 0.0048451542268181935], "112": [0.2669567062753162, 0.13346435410846327, 0.0071059493482763525],