{"1": [5.415975664116987, 13.362314754172312, 4.204245866795888], "2": [0.8688138673964366, 1.060029181919811, 1.3314269779441903], "3": [0.22112062148003497, 0.14909928288476287, 0.4157729037105785], "4": [0.7690034848107281, 1.0651394880175062, 1.212457317509989], "5": [5.433124463832156, 14.258074313341762, 3.456683061170158], "6": [4.399668269429867, 11.450981308438593, 2.954819947488929], "7": [1.4924054141161895, 2.849813700960752, 1.93550972499451], "8": [4.091546999652463, 9.145730305607541, 3.577597432569738], "9": [1.2870815722261104, 2.2425612770742402, 1.8925490647926329], "10": [3.736814618516114, 9.62231497555522, 2.535462278425687], "11": [2.5896177961734783, 5.125431439524958, 2.7834907621053073], "12": [0.6786330936770877, 0.7111112375874581, 1.1460305646010056], "13": [1.5368999044531915, 2.505361807907407, 2.305263882860799], "14": [5.709816515821309, 14.136039035947485, 4.04895669179454], "15": [5.403736492576119, 14.10020786273886, 3.5416786258404795], "16": [4.1211804488700725, 11.038111896721732, 2.5303195101349014], "17": [1.4947123449435435, 2.6364335076965872, 1.8480393051585462], "18": [6.460412572393317, 17.005688135079513, 2.593391499562142], "19": [4.171189214355113, 11.289620830767188, 3.385669665900031], "20": [4.75956266565284, 12.202531565537008, 4.007189680306144], "21": [2.3470687713839937, 5.338264461101396, 3.092770951403142], "22": [1.1598293936205764, 1.9959191122125655, 1.4054003153807675], "23": [0.4716155076422339, 0.6697140722890961, 0.8341511893566369], "24": [0.6619000283756069, 0.8821575786937789, 0.9501706065489463], "25": [1.175792401049275, 2.17592640847659, 1.6620391708786997], "26": [4.257672378187637, 11.615557199325753, 2.2800801662370818], "27": [4.092532244053871, 10.537466857586903, 3.8103100538895545], "28": [3.1742978809107063, 8.004364835719429, 3.0204874278687255], "29": [4.210723297071599, 11.431541392741472, 2.859014622634319], "30": [6.457555316618775, 16.97446022198113, 3.615262544960573], "31": [5.917467816066349, 15.92002810844916, 3.2337588440000617], "32": [0.9499396297784916, 1.4766309941656972, 1.4175839708836442], "33": [4.234681149838682, 10.551281879453414, 3.4081642945682935], "34": [0.8098127270474025, 1.1863423689338497, 1.1307780718216351], "35": [3.90251539203, 10.457859325947348, 2.62962782669439], "36": [4.494293960189978, 11.860636071824295, 3.0626486245046105], "37": [3.056040828278326, 7.606267535698859, 2.040459680346844], "38": [2.07579858745791, 4.553846809818804, 2.0489895172954546], "39": [4.559361996413861, 12.209602854767855, 3.1666232542868746], "40": [2.183727101170077, 4.764181917465628, 2.3534029471760274], "41": [1.6243403317690783, 3.3636122240870403, 1.64882687585594], "42": [4.252863310537473, 10.885805502179906, 3.09370182335843], "43": [0.6546736285962719, 0.7410080584584219, 1.1617813365737781], "44": [0.7565420463160923, 0.9825882076117983, 1.2378728032958333], "45": [4.332047650328336, 9.706780722250858, 3.4875394666267945], "46": [3.4029983616849866, 7.437133630290091, 3.522478048477914], "47": [4.072513601140244, 10.186242642103222, 2.8771311320974298], "48": [1.1586621152683028, 1.6827763264764024, 1.7112814839213897], "49": [0.5617746076191845, 0.5007303892944313, 0.6936686281890805], "50": [2.6838063642415313, 5.6415378278618675, 2.3641826275918616], "51": [1.3775087214400514, 2.099012217584802, 1.7593696677134085], "52": [4.128131042310812, 9.0917309421995, 3.3853448699382858], "53": [1.487392264567248, 2.3245629136162456, 2.2114408718775977], "54": [3.842836242527131, 9.626292900147792, 2.448678663853364], "55": [0.7560091205118922, 0.8595619953257904, 1.2286317063016408], "56": [4.980477616042158, 12.266237161457587, 2.1360073496330125], "57": [3.4327835986316773, 8.03983463747743, 2.7882467870578678], "58": [1.9615029483579236, 4.313399977390699, 1.6982790187122794], "59": [1.5278365344786344, 2.829743517056927, 2.0491840588769237], "60": [0.9790369259842889, 1.2173966748332918, 1.6791367045834313], "61": [0.9823302739598554, 1.7552382668698407, 1.2843524401864714], "62": [4.562181974857703, 12.869858389177873, 2.4025366698821564], "63": [0.34656445257709434, 0.2815096401693544, 0.6117001174798692], "64": [2.5542148432347087, 4.742213087452067, 3.2491760833132854], "65": [4.23996862948651, 10.153566881852086, 2.9480384489023264], "66": [5.412902835161903, 12.923675150942863, 2.7488409816307944], "67": [1.684219578396343, 3.2453898990753807, 1.8706147405421456], "68": [4.164238441676421, 9.56493599401388, 2.689101907814102], "69": [0.7735315565918831, 0.8995832787743585, 1.2304308726925242], "70": [0.9940779426609743, 1.4840658986541868, 1.4006464494722866], "71": [4.816420481481947, 12.748114217753383, 3.0189844915152877], "72": [1.099441388830835, 1.3656680823063094, 1.700025421911786], "73": [0.9581857257040377, 1.3456852225757694, 1.3414500675488985], "74": [0.852040134647149, 1.1999262951989365, 1.2353655978536322], "75": [3.76074780405229, 10.654394493674701, 2.8270290174874284], "76": [1.10961163831247, 1.7004379087087789, 1.6253516590766528], "77": [4.467896961796884, 10.815669383495917, 3.0430761960619503], "78": [0.2451203347724138, 0.1705495486691132, 0.40948299426693935], "79": [2.342111993019055, 4.514380555289213, 2.7291171230311453], "80": [4.223429263453033, 11.170339477901528, 3.1175344986394276], "81": [0.3405824166310296, 0.2597380163911498, 0.5220209639701378], "82": [0.49500816194860664, 0.47705997927774674, 0.8002991132331273], "83": [1.0657552236111232, 1.5806009934277858, 1.2771285977818638], "84": [0.3645105604152885, 0.36399227274798757, 0.5766133772455383], "85": [0.7149873065737223, 0.7350389736912312, 0.9958047378918482], "86": [4.759546644780121, 11.365270283195017, 3.0984928799062517], "87": [2.28919100580601, 4.715991848617473, 2.2411522291552255], "88": [0.3464933112003443, 0.30540361838415553, 0.5385790112291408], "89": [0.4601875648639491, 0.4529283817691337, 0.621766639071243], "90": [1.80040805333511, 3.0438969411658903, 2.19698857639125], "91": [1.451042981871965, 2.0463704826957723, 2.1508660070937653], "92": [0.2987083790742615, 0.1717614553369162, 0.42964174716982717], "93": [0.38840291944548744, 0.3175570261888883, 0.6183531757108199], "94": [0.4300624625435807, 0.38005155216094555, 0.6664264985559804], "95": [1.3037026726582355, 1.7364848949935239, 1.8636470888359027], "96": [0.8214898889161303, 0.9395003114523524, 1.163346955705793], "97": [0.4301698168057606, 0.34274563903767313, 0.639205964673667], "98": [5.692761687065476, 14.461672019120913, 3.1230633913971553], "99": [0.6429574952421203, 0.6674764289278171, 1.0240389364462046], "100": [1.681510765764093, 2.4582439849241418, 2.772536947784139], "101": [0.5958831410636571, 0.5864892462960787, 0.9685895565265992], "102": [2.1074574503291754, 4.44670292682519, 1.8997564371160758], "103": [2.9589139110260794, 6.818327547151676, 3.1037401422987227], "104": [1.9813491198772994, 4.8710552532560305, 2.5591101943356716], "105": [5.45201551514727, 14.626867984148396, 2.839699227520037], "106": [3.954274156648095, 9.019120825707587, 2.4850409329596315], "107": [0.22731736595045948, 0.1936714588745643, 0.4684336173243371], "108": [1.2286482319611616, 2.0553878601580085, 1.7077891125488343], "109": [2.4917302809688584, 5.9981176622924135, 2.3697591059981846], "110": [3.9768825471814075, 10.339660783802975, 3.0184739729360395], "111": [1.117355316563955, 2.0733205126304575, 1.6640242469408792], "112": [6.970211083111749, 18.892380152060408, 2.3851355967863146], "113": [0.9568357099355936, 1.3770140683398013, 1.5701284436953675], "114": [3.0986579980005704, 7.4418188719108205, 2.774427098357187], "115": [2.664948331317677, 7.0997584022270335, 2.5474907970506426], "116": [1.1422409179844082, 2.0625048266322428, 1.5692794995924468], "117": [2.233545429726177, 5.394342437164283, 2.9781637212396195], "118": [0.7166649138230344, 1.3263866030382108, 1.0792449769695374], "119": [0.09571257513703557, 0.008536965209976153, 0.006512734321288516],