{"1": [0.28629326348892803, 0.42501476027681684, 0.264436311352404], "2": [0.21220266590234138, 0.24091662966390243, 0.2201254107027799], "3": [0.2610756495201729, 0.2961544485834744, 0.2671453829011263], "4": [6.358755090373363, 106.82083720714141, 4.503631956429551], "5": [2.1900131352164083, 4.1120182981064115, 1.8950109008961857], "6": [9.41057074047642, 185.15378903022736, 0], "7": [3.0727361352177898, 16.143816310901297, 0.8235655667732654], "8": [0.5110623388461529, 0.7878867837138478, 0.5264256787349043], "9": [0.6982254868110631, 0.8862379135016214, 0.7102018058905744], "10": [0.584264858471699, 0.8647424589390784, 0.5691170145479443], "11": [0.36235251551600944, 0.41964064465406387, 0.39262789897955586], "12": [0.589447093437321, 0.7102573986531069, 0.6229484938880193], "13": [0.258928042193622, 0.3424166621429539, 0.27373578517636776], "14": [2.0927021494706195, 5.915371395564435, 1.4990735807287487], "15": [0.8472592829319526, 1.2794736669551237, 0.8059871989091151], "16": [6.849109801793562, 108.09025308209984, 0.40808912634271866], "17": [1.8639501000474161, 4.516806864909812, 1.341767623132484], "18": [2.1034470815771455, 4.229732252333302, 1.5749793258355926], "19": [5.104908080845557, 64.16318678611685, 3.6277587151553172], "20": [3.069207888210557, 10.45501427460647, 2.5118730147782022], "21": [1.0412794570510773, 1.7058061573790222, 0.925403857684557], "22": [5.691637504258546, 80.96605826287733, 4.850880513160347], "23": [1.1238228913211428, 1.5104550417464842, 1.0557572255097867], "24": [9.389014572344733, 184.9546376914932, 0.00693284523480775], "25": [0.6150990143771686, 0.8236522658995606, 0.6038137580820988], "26": [1.137141116910517, 1.4894699760190802, 1.077857171675003], "27": [0.8234202131258404, 1.5059391552731676, 0.5090279172827189], "28": [2.2146529537386535, 5.81847747976488, 1.7382516022924568], "29": [1.1384083395168827, 2.202654370627233, 0.8511411949221949], "30": [3.0850683515015644, 13.814943669323034, 1.9294012149026285], "31": [1.1765992586384018, 1.5787070286287532, 1.1705079603677748], "32": [0.353931913328691, 0.5522770137861849, 0.3279176782951063], "33": [0.23129816454856678, 0.25397865879370535, 0.2498389261633127], "34": [4.803875537679995, 47.34849941933584, 1.525776288686607], "35": [4.719976263945133, 46.148994481960116, 1.4618958320585362], "36": [1.925663441851814, 3.938153918182887, 1.4890303534718734], "37": [0.6280778280628873, 0.816523569486906, 0.5991293507286668], "38": [1.4740327441491736, 3.5730721744277107, 1.017424117317583], "39": [1.429376944773174, 2.2783178235919994, 1.2328423063401983], "40": [1.2933105509212013, 2.460552942794576, 0.9446156110850252], "41": [6.218248839175947, 78.71787421628542, 0.00021541214657327945], "42": [1.0256462268817534, 1.6279597392968934, 0.8912793047758573], "43": [2.204031792204881, 7.350758833086029, 1.00638304735124], "44": [4.162224312796814, 51.35705925988401, 2.2900217920736674], "45": [1.1943749941646833, 2.3075173658593524, 0.8937543471078111], "46": [2.0512679778853458, 5.733171325483925, 1.4202021523407078], "47": [1.1027042854900038, 1.7599060650984333, 0.9870181517756256], "48": [1.0633455786903117, 1.751754103907179, 0.9734261753722815], "49": [0.09593705995950508, 0.10527457556493053, 0.10070336604443142], "50": [1.2264110045858199, 2.0256510124916036, 1.139384745875228], "51": [0.5665533822804016, 0.7210664575766624, 0.6139728443107291], "52": [1.2997782176403152, 1.76183565663148, 1.2582820932771113], "53": [0.6896653249601239, 0.9432992611412343, 0.6769768653948183], "54": [1.5326386454803096, 5.022782327384396, 0.9566088734216146], "55": [1.372296223591848, 2.662988081533911, 1.0207011545900988], "56": [2.3487499175735613, 8.669869754365418, 1.5583839534785302], "57": [2.141558467830414, 5.074545678150347, 1.4174822717908226], "58": [0.8478912208178883, 1.1302540526004752, 0.8292774155305275], "59": [1.0258421429597897, 1.6107030362406831, 0.829067893981517], "60": [1.41780027791552, 3.3912307607407137, 1.110393767498634], "61": [0.5938580257175323, 0.7912600400805008, 0.6004685693430555], "62": [1.6406578226024058, 3.1968601312186684, 1.2629932244511308], "63": [1.1491004562244256, 2.7365215139540084, 0.7811802524833956], "64": [0.5609077352399771, 0.6668406650960085, 0.5757612176931813], "65": [2.8510730400336923, 11.660071085767024, 1.7196447112009203], "66": [1.179184464127657, 1.8980481493219188, 1.0271758284484713], "67": [0.3685700359316282, 0.43169376341961413, 0.36993814106882017], "68": [1.4627189263801526, 2.7941180476958167, 1.1263733920535288], "69": [0.7582713845522386, 0.9802609372299352, 0.7481807661677395], "70": [0.9384153826452551, 1.7142863447859027, 0.593922556580221], "71": [2.456652162981063, 7.249169184226763, 1.7495640868190034], "72": [1.0599984240138867, 2.0661659361746594, 0.8395131969879222], "73": [4.259238080540955, 41.93235592726059, 1.4092475745742696], "74": [6.014363375023061, 87.0068263677696, 0], "75": [0.36701851085826254, 0.4212595652820302, 0.39345055804108686], "76": [7.739817228592491, 145.99694964225515, 0], "77": [0.7224769340864902, 0.9559768891829683, 0.7444699315399882], "78": [0.9056790242845094, 2.6790014557706443, 0.7168939323014245], "79": [3.749152981585456, 25.41241136104683, 0.295057821443799], "80": [1.059566845204226, 1.3901535964469527, 1.0118298215368546], "81": [2.7888048446289986, 13.52841863033155, 0.0028701873770250463], "82": [2.158550949229975, 6.050174583205417, 1.8525959435871495], "83": [0.5183097972398876, 0.7933788915399715, 0.5155170862900621], "84": [0.666903526299157, 1.3237473887202107, 0.5723626433640928], "85": [0.6594815812400363, 1.0051486217984908, 0.6276691269644432], "86": [0.22316041842539736, 0.3321495690787919, 0.2406154945584068], "87": [0.5827446150017355, 0.9049863242066504, 0.519109624091289], "88": [0.6739840771684068, 1.3304091022461786, 0.6087312712136932], "89": [0.23756265634836726, 0.2776340132139954, 0.23741171525562355], "90": [0.36492566979518126, 0.5853702001120709, 0.3876029546070965], "91": [5.2016203106552, 69.35522460377594, 0.0006350749178083426], "92": [1.0307654763384586, 1.961352648887984, 0.8448649050585251], "93": [0.06380979117455088, 0.06946668739080186, 0.05707673691564796], "94": [3.9876250062540133, 32.71220508674897, 1.895172884015322], "95": [6.2243421471032985, 89.67028761806034, 0.5960663900880948], "96": [3.421750585866232, 22.594889578313797, 0.8379175325178009], "97": [0.2926004323776197, 0.37955925380451144, 0.27397683023850994], "98": [1.2437183380476307, 4.224442918901415, 0.856222848271017], "99": [0.03599059396778137, 0.03782587789139049, 0.03758267155949735], "100": [1.8668182735735845, 5.275532901628939, 1.4678546436167932], "101": [0.8097924295793802, 1.6666655154892922, 0.8059144981320809], "102": [4.791228391562734, 67.48313102146655, 1.2005015346257326], "103": [3.033243975034238, 15.473191251780992, 1.4423970134686166], "104": [0.5818973017281369, 1.227731733088354, 0.6147066057361157], "105": [7.874394748062408, 158.3166663884294, 0.0922697432620474], "106": [1.5532327382779751, 4.6994386022688275, 1.3553434852372814], "107": [0.5877258061832821, 1.2113495114951431, 0.5579484814671474], "108": [0.7727520172206668, 1.6964203798115438, 0.8351659086155155], "109": [4.307752988378807, 45.16297293774866, 0.9059546332136019], "110": [4.050961740936721, 47.031015230378856, 0.8923945266369174], "111": [5.996353394067276, 92.49255384236143, 0.22625520988795622], "112": [1.074865123520687, 2.743177865961245, 1.1221228848727431], "113": [5.623745237691564, 99.03738713250438, 5.078999291648349], "114": [0.4991472274179415, 0.8444330812790681, 0.7352267256561572], "115": [0.984080066447086, 2.477112919974335, 1.0054485713027206], "116": [0.11413497391050531, 0.19752507136922562, 0.17826573663712675], "117": [3.814176524713214, 39.27226453631599, 3.2526954469426927], "118": [2.9127957089114487, 16.422538181434348, 2.4279778975165343], "119": [6.735940868080362, 140.26651106942487, 0.26986161340413584],