{"0": [0.1633880955962731, 0.1655550878725123, 7.630908851952167e-05], "1": [0.14147322141583996, 0.14417046505899495, 8.310666699373748e-06], "2": [0.10691847956845446, 0.10848519256725583, 0.00019836433991049507], "3": [0.15983263614644416, 0.16431912312889946, 4.270180881882357e-05], "4": [0.08295032859425167, 0.08331003950717296, 9.72458918763186e-05], "5": [0.14846688464339197, 0.15155341602329117, 0.0002100031826735016], "6": [0.14766241486591936, 0.15115279506981893, 0.00013760990473710155], "7": [0.1111095521040002, 0.11230139754730417, 0.00015747018842815486], "8": [0.1322937512098935, 0.13428018387634627, 0.00011356133412421254], "9": [0.07815136845070747, 0.0790173852310692, 0.00012473354090680733], "10": [0.12249673828378171, 0.12494127298248338, 0.00015468398019902185], "11": [0.07855468544651678, 0.07882340133398978, 0.0001796805873078844], "12": [0.10451253414242134, 0.10567469500017103, 8.80274808660042e-05], "13": [0.1080715571826063, 0.1099361996379288, 0.00010884692760693149], "14": [0.10267884297688956, 0.1043460921102402, 0.00018035492670909203], "15": [0.0935371178995581, 0.0946570903004347, 0.0001426954520046264], "16": [0.11910063835344298, 0.12112485141623189, 0.00013952666636907196], "17": [0.09092564868013697, 0.09062077668419297, 0.0007010066530208636], "18": [0.09928987444733428, 0.10105697176911002, 0.00010531626500853708], "19": [0.1145133187924322, 0.11676153197101963, 0.0001967164628576823], "20": [0.10712652644765297, 0.10883254941814309, 9.866609222530798e-05], "21": [0.06395508089148583, 0.06422616742602115, 0.00014723175916642184], "22": [0.05257063576699461, 0.051541892370540604, 0.0008176904710444077], "23": [0.09852691146448467, 0.10006313197832706, 0.00018296714113763546], "24": [0.10771783859264394, 0.10982365060341322, 0.00011201090678880643], "25": [0.0963410313082137, 0.09748831432482223, 8.865626156584483e-05], "26": [0.11171200800818504, 0.11383918997900287, 0.00013056939444444637], "27": [0.06976343900823978, 0.06983924628905032, 0.00010992219121896962], "28": [0.10313459631755761, 0.10483256216294054, 0.0001698048977709643], "29": [0.08275418414814872, 0.08342781894536776, 8.06972568655473e-05], "30": [0.05837102065972122, 0.05849387895513335, 7.207989170432416e-05], "31": [0.10353535522542079, 0.10501914350860093, 4.264087746308487e-05], "32": [0.07415180935893095, 0.07403199663179486, 0.0005718742331058957], "33": [0.07256575535750842, 0.07295096102025164, 7.139630090624571e-05], "34": [0.07495988123326991, 0.07542162171311409, 8.706058180918408e-05], "35": [0.08375100673738234, 0.08467794596922526, 7.969513986638699e-05], "36": [0.08555334306412221, 0.0866083993382189, 0.00012427623239485985], "37": [0.08535292429361874, 0.08594960640080068, 7.09900997830637e-05], "38": [0.06736719608950892, 0.06764714845281349, 0.00018283016181452894], "39": [0.07735696189792107, 0.07810813894329688, 0.00018628232214901175], "40": [0.025583771682276768, 0.024486417757871172, 0.0010090008166347975], "41": [0.0851478698803465, 0.08651650295480304, 0.000157183060432442], "42": [0.048582186745593114, 0.04839208926485682, 9.618916783793452e-05], "43": [0.028783089954867336, 0.027557940887781206, 0.0010115407600176374], "44": [0.07815819903372034, 0.07893955515605969, 0.0002590767763488433], "45": [0.08474883123435539, 0.0855842147280761, 0.0001730460050630711], "46": [0.08155650169356421, 0.08251199313132618, 0.00018086413199058793], "47": [0.07476577329418532, 0.07539595300550676, 0.0001497804200776276], "48": [0.06357157152393478, 0.06386631051989075, 0.00011380785492842715], "49": [0.0755671322198137, 0.0758040569333121, 9.81436580840267e-05], "50": [0.05857586940328041, 0.05875775070708394, 0.0001299687496507662], "51": [0.0493846241443292, 0.04893524460615154, 0.00013750357255137846], "52": [0.06716753434623424, 0.06773687028787011, 0.00020179538660336505], "53": [0.06057183292655588, 0.060536728454827105, 0.00015455415587051213], "54": [0.06796985170533698, 0.0683522400151552, 0.00010526600116722573], "55": [0.069366357141597, 0.06965561845679356, 0.00014272276208160406], "56": [0.04458470559129413, 0.04424011689555242, 0.00016664436887348089], "57": [0.048377849175266996, 0.04781242090501273, 0.0006337688444478795], "58": [0.06336987367296398, 0.06375464869518514, 0.0002178297912107663], "59": [0.05538070615949808, 0.05545585376320472, 0.00012097376625119782], "60": [0.060176467863006344, 0.060326515261220744, 0.00020593422972026154], "61": [0.06417091287062315, 0.06405633807135629, 0.00013592975250342754], "62": [0.0655715308656103, 0.06590877473658051, 0.00021735554655577527], "63": [0.02379386135840056, 0.022888135591973974, 0.0005839501869622232], "64": [0.07836065837049822, 0.07934166551199646, 0.0001627627609236404], "65": [0.06977071043806105, 0.07017091197755075, 9.123048622738938e-05], "66": [0.05497898711648508, 0.054993997817377356, 0.00024056927235172054], "67": [0.0609774670767006, 0.06118610877115225, 0.00015623456228097687], "68": [0.04978098813650078, 0.049406063907974106, 9.276228779420137e-05], "69": [0.06097690716479576, 0.061229811604765975, 0.00019490035174685172], "70": [0.05697950629830795, 0.057281132058460756, 0.0001365304177618487], "71": [0.05518000614237206, 0.05531368329958091, 0.00022093679170254177], "72": [0.026389443846774663, 0.025333141182040178, 0.000903770508647983], "73": [0.03278960324166924, 0.031979531645588304, 0.0006492595916972599], "74": [0.046185184498741094, 0.046010227300968605, 0.0001616468805930582], "75": [0.05897754754302842, 0.05901094009133988, 0.00011690405225073253], "76": [0.04938302543974016, 0.04946276424299722, 0.00020261685307909616], "77": [0.05198384416973889, 0.05202670664772272, 0.00011362893859223622], "78": [0.05298250500005497, 0.053112401624301094, 0.00015348282288585313], "79": [0.015994961650147688, 0.015216896752371633, 0.0007251032565372961], "80": [0.04878356525976446, 0.04894530567863266, 0.00015288068536245536], "81": [0.027191282812457862, 0.02630158932382802, 0.0006749769706406727], "82": [0.04478584422548759, 0.044548387222349516, 0.0001556546968803918], "83": [0.04858302534650072, 0.048564516941026266, 0.00021542778370997606], "84": [0.04658722303001894, 0.04647172659953364, 0.00013141909769232019], "85": [0.05098330493064829, 0.0508786013120534, 0.00014081791999487336], "86": [0.021795021033127693, 0.021073083744467883, 0.0006001120488251521], "87": [0.03939098179033962, 0.03917380874863332, 0.00010559992437242371], "88": [0.05397992678189778, 0.053988860155922754, 0.00020023182136408302], "89": [0.04618642331530998, 0.04612963655188702, 0.00019151841755449261], "90": [0.03519284125846356, 0.03483586764628923, 0.00011252419184126783], "91": [0.02419090375979549, 0.023087312269983278, 0.0006799933444248119], "92": [0.02419090375979549, 0.023087312269983278, 0.0006799933444248119], "93": [0.02419090375979549, 0.023087312269983278, 0.0006799933444248119], "94": [0.04818526379248733, 0.04824594091944694, 0.0001780057341134178], "95": [0.029591402140865974, 0.02868862132118507, 0.0007163753828738351], "96": [0.029392701627666384, 0.028819579631185758, 0.0004593462122681746], "97": [0.05438276451361623, 0.0544997821097295, 0.0001738399076207653], "98": [0.0321936610705007, 0.03184584122207983, 0.00017086441004598996], "99": [0.0371916015917334, 0.03689226234192414, 0.00015150718798873086], "100": [0.05378354401384444, 0.053818013082001355, 0.00014277473098400772], "101": [0.017195281122429518, 0.016354165727461196, 0.0007208755505674347], "102": [0.050385523383334796, 0.05037877246153077, 7.244870949962845e-05], "103": [0.025593041658309668, 0.02468930984579252, 0.000737132454796785], "104": [0.017996000807848245, 0.017306561501653377, 0.0005512217717783541], "105": [0.040989782208884606, 0.04079892012548581, 0.00015933676477386527], "106": [0.009797500513242907, 0.009162102593723994, 0.0005400846573070384], "107": [0.01599632073853785, 0.015161884049672444, 0.0006119787809466537],