{"1": [0.4131813542035516, 0.07764207566704123, 0.011211360035443207], "2": [0.32250968252239687, 0.05079864525553713, 0.008822728665068391], "3": [0.0943952160576027, 0.011568568614018022, 0.004046662610697083], "4": [0.170242638390799, 0.026820944843425717, 0.006729919349724001], "5": [0.09655952324795969, 0.009107861644386286, 0.0020433691207850657], "6": [0.16499921514365012, 0.023284676622240805, 0.0044547563114022415], "7": [0.07733928958588288, 0.007654692923918484, 0.002733805604054451], "8": [0.25393254376222385, 0.04111021169436391, 0.006124650933397646], "9": [0.06743565490330294, 0.006626360210602056, 0.003689629631285718], "11": [0.08616485522885542, 0.009369668508773746, 0.006789916391754525], "12": [0.15435490211913105, 0.02501197477030598, 0.00696379175272388], "13": [0.04137409287331495, 0.0024759843374826487, 0.0024728414676959964], "14": [0.05575790501631961, 0.004949298595619347, 0.003048325490062953], "15": [0.03775468515920921, 0.0030975702864775466, 0.0024181965684391127], "17": [0.13365538424826018, 0.01571994879562134, 0.005848293339561272], "18": [0.07805886559238395, 0.006342706260956625, 0.003172852925791725], "19": [0.05665669377782123, 0.005400215279783935, 0.0028450774468887774], "20": [0.270810802681961, 0.04212089987722527, 0.01482308395414389], "21": [0.13120343964186199, 0.01856392182333572, 0.004482616061134315], "22": [0.039502169317765734, 0.0012568221246741708, 0.00034891811269210926], "23": [0.3039330019181774, 0.055148651491637744, 0.010816740696707794], "24": [0.07908835666609815, 0.009415412374364614, 0.004792332046098746], "25": [0.07711090663903919, 0.006416184951359079, 0.0023335278742543375], "26": [0.042278542895066384, 0.0029086743537940466, 0.002461594008460022], "27": [0.111030596207645, 0.009482723168700738, 0.002268277171905808], "28": [0.03326560280478408, 0.0016691493430052136, 0.0036909892902681207], "29": [0.22070318107508424, 0.039905131740599356, 0.009459806626369582], "30": [0.01708987949383245, 0.0004162165382662516, 0.0013592810896695395], "32": [0.0431312388428966, 0.002907552006343153, 0.0029048192438543285], "33": [0.10124711603285219, 0.009428377707998729, 0.005049695151023936], "34": [0.00809150119297497, 8.797839833827154e-05, 0.0003081659089119171], "36": [0.0663939761798148, 0.00576363421559759, 0.0018083711184547768], "37": [0.08519523462403122, 0.003884302864795582, 0.004674140474031252], "38": [0.10518873897119985, 0.015178610809589885, 0.0028953125427141346], "39": [0.051185634199564456, 0.002556985727842152, 0.003576439609119131], "40": [0.07904156359769798, 0.006657144711892198, 0.004779576755055359], "41": [0.46155204105661307, 0.08399453303588433, 0.00681744349674529], "42": [0.045779964261632666, 0.0014249045466494749, 0.0005648500580412996], "43": [0.19366808850132244, 0.03162183493980764, 0.00659475268484333], "44": [0.1928953831544663, 0.02900140716614855, 0.009284667148406256], "45": [0.20289862048593865, 0.01636629336871156, 0.006528466488666895], "46": [0.1300637135274526, 0.013435444251447425, 0.004403349778808852], "47": [0.11976584174053106, 0.010751454100297963, 0.003384250231924235], "48": [0.09245328958385879, 0.0070707680316243115, 0.0038874785875110396], "49": [0.01618866582959466, 0.0005243424648010604, 0.0011974313336925446], "50": [0.020676128913893033, 0.0010659196386538451, 0.0013359177601733885], "51": [0.24603253061278318, 0.04571217328404783, 0.0075894886619007895], "52": [0.09164393058521325, 0.011276265409020244, 0.004370227984483832], "53": [0.07795834925346701, 0.007253915116661294, 0.002361404963527325], "54": [0.06735888832826442, 0.004457494438344641, 0.002903474522458982], "55": [0.17951763285188682, 0.01463614316465673, 0.005429322962201555], "56": [0.06920412848164925, 0.009771427456067936, 0.0051496546341364136], "57": [0.20053345041150494, 0.032963500422688474, 0.009106798601442812], "58": [0.08440276509146583, 0.00971149922810989, 0.007287785444021533], "59": [0.12848855096584233, 0.013914434301421499, 0.0040139855853582596], "60": [0.04226883600592035, 0.0027277742038725183, 0.0022445866566661588], "61": [0.3026670993614047, 0.05452068291657998, 0.007075119867951396], "62": [0.2354995297745699, 0.03668878263488107, 0.014415538286114193], "63": [0.40049005697824647, 0.07278327849902715, 0.005894429558541581], "64": [0.09791927957926816, 0.013451299671270654, 0.004530971663293748], "65": [0.3024339071596853, 0.04928230296316568, 0.009409935701232164], "66": [0.04042681257193237, 0.004621533543208418, 0.0053536774818800925], "67": [0.020668848384825855, 0.0007093412895151854, 0.00025866555588638374], "68": [0.08956111016270418, 0.007331190436137509, 0.0020243966818770387], "69": [0.06453531191430573, 0.005664679732424039, 0.0010531415671805044], "70": [0.0816548154042781, 0.0053032866309304216, 0.005643315301273821], "71": [0.05386022350791364, 0.007244181077830332, 0.003753848329764664], "72": [0.10771418875727334, 0.013580205080053701, 0.005260762917200457], "73": [0.019785428500736724, 0.0008903808389520887, 0.0012654497750038685], "74": [0.10679179443026665, 0.015306458621887542, 0.009306455949032233], "75": [0.11316318945357395, 0.014225672268663026, 0.005097332347813399], "76": [0.1345777908463789, 0.014999804512255086, 0.005138208330491167], "77": [0.10505068432884312, 0.014320465730733083, 0.005710743254602968], "78": [0.1490065920638477, 0.01859366049383, 0.005602000011179276], "79": [0.06920655847526302, 0.007827983084909711, 0.005848143395248306], "80": [0.12848852698449575, 0.014973828527990373, 0.004133881027812758], "81": [0.014385430685769807, 0.0005037142498275706, 0.00018195763526773767], "82": [0.025153892385282317, 0.0008972583766953751, 0.00023437295494344035], "83": [0.008994332671961258, 6.626245929017128e-05, 0.0008438751911219455], "84": [0.07093311636770006, 0.006416221418923742, 0.004401381572893603], "85": [0.38418194532673755, 0.05920461737236649, 0.0073463787090704], "86": [0.06470372579469641, 0.003788355848065542, 0.0030127097315492124], "87": [0.04035177780351684, 0.003208844759434868, 0.0017582534650645298], "88": [0.03957733044451739, 0.0025180426202593147, 0.0023837498242146316], "89": [0.033235699779007755, 0.0016701079967361204, 0.002231690516717122], "90": [0.06019121530048721, 0.0038786137595119884, 0.0018479664004248386], "91": [0.05666316430945362, 0.005809729528268023, 0.0028906726861057663], "92": [0.028771673554333743, 0.0024561450403526417, 0.0014886298680907295], "93": [0.1811717949827425, 0.028084952250989142, 0.010975890534776767], "94": [0.035082591194667834, 0.002438334762212299, 0.0020514267274193143], "95": [0.13744416790544922, 0.015803774059906107, 0.00489276087292656], "96": [0.04841833163532128, 0.0037937266182301753, 0.0009370235782728553], "97": [0.2539940148166522, 0.044695829732517844, 0.005931128491012072], "98": [0.04227449799418681, 0.004445887703909959, 0.0029175671698946637], "99": [0.06369282608650695, 0.0034473469930687436, 0.005318514112448769], "100": [0.0026987853644179216, 0.0, 0.0004135345152181946], "101": [0.057544970016258024, 0.004902800168831814, 0.0030036423013647395], "102": [0.07733847958648365, 0.008072148107601412, 0.002791092975620413], "103": [0.01259271315785182, 0.00018508474376466763, 0.0006966874719742666], "104": [0.12458943503460018, 0.011689706017219569, 0.006350403738015986], "105": [0.03328340095172255, 0.002297648459680584, 0.0020724397248956805], "106": [0.03504539018182862, 0.0012697694369916712, 0.0008263101712090437], "107": [0.1586886913000145, 0.028289202585810934, 0.006049656841450646], "108": [0.2157142385476165, 0.03258395076593505, 0.00782639651898509], "109": [0.07718263834687744, 0.005568777947354962, 0.0029544055423929017], "110": [0.036821164637061976, 0.0031292730870165313, 0.0008331265085642636], "111": [0.09883422829374477, 0.013649309322553704, 0.005100915079832569], "112": [0.1623779393992122, 0.019971981260853505, 0.00837728498628465], "113": [0.035055101434492086, 0.0024863095461388025, 0.0013698004226091465],