{"1": [11.437092306173616, 51.63764603538478, 24.265353054931992], "2": [9.351905480710323, 61.94628532747318, 8.546793670719907], "3": [3.0374300324440267, 28.583701890482697, 3.954011123419399], "4": [4.961709321797619, 25.376314119723748, 7.247249326446553], "5": [2.637090543042926, 9.314846319906422, 1.908529373306858], "6": [4.936026842546351, 32.760442069243496, 7.434345726048821], "7": [2.513938942981101, 19.51847530843583, 2.7964473248991104], "8": [7.71715855478435, 59.72247168452947, 6.210222346194105], "9": [2.1802592732146246, 14.937624476305363, 3.7139753313469024], "11": [2.6376778761846484, 11.983015033527252, 6.69132919448158], "12": [4.705766156240839, 36.96516761094902, 7.718287636490978], "13": [1.3516700732195255, 6.428651468752361, 2.589084543731388], "14": [1.8141115682685922, 10.751947248296998, 3.126483767319494], "15": [1.211227242571856, 4.166022052804504, 2.4701719402447493], "17": [4.018777572586732, 14.613004256605619, 5.4835162598207505], "18": [2.3637636436393556, 10.271453246492662, 3.130132021839596], "19": [1.8428950646331201, 10.381848040057317, 2.9035183184858164], "20": [6.807653220850902, 26.311711491628778, 15.263769088444757], "21": [4.1709040362134955, 40.372945328642096, 4.360032230418128], "22": [1.2174428515477174, 2.862321556226082, 0.35028250100682345], "23": [8.348599995994235, 45.687521084292264, 17.79674943382487], "24": [2.5206955810793517, 18.466664753344553, 4.678718464242247], "25": [2.288120887342169, 7.879666863839829, 2.257765520369778], "26": [1.3864395237584182, 6.216860302910593, 2.5667970690965003], "27": [3.1657973353435445, 7.339881251653229, 2.1803667579871684], "28": [1.0727578187558637, 2.0596962389647206, 3.7184076430865707], "29": [5.9572166599314285, 34.48424538520781, 14.492959759675305], "30": [0.5589144631166478, 0.8182955266692485, 1.4378155168412712], "32": [1.3666799375551109, 3.994762170634457, 2.9049382224142106], "33": [2.9483505679494773, 8.323326350673522, 4.6785352568178515], "34": [0.26077521397602565, 0.22329424423299687, 0.323989197286761], "36": [2.0087134870453434, 5.167570309085298, 1.742053591220583], "37": [2.544499321120697, 6.156732134085164, 4.5561166195107985], "38": [3.3903351935484487, 29.42857665669178, 2.914106552491511], "39": [1.591331831091464, 3.9925770512377774, 3.5835810932505328], "40": [2.4749407629646174, 17.770551225548832, 4.962719664994169], "41": [12.223994399116235, 60.603354950199446, 14.152655376915549], "42": [1.405100735752181, 3.1948440214549256, 0.5746958382982669], "43": [5.7555493891335034, 30.933992269070483, 8.496850587789691], "44": [5.131738311277978, 22.334579178651794, 9.994992023170814], "45": [5.4906116103543425, 11.994994692556233, 5.723463343684073], "46": [3.9148450380558515, 21.660192089550012, 4.252575477509363], "47": [3.2467086477497267, 10.284948505994587, 3.149949712278808], "48": [2.8403722652164562, 14.448184967860463, 3.634021028804626], "49": [0.5276130636906912, 1.0396925980103495, 1.2674207800903265], "50": [0.6643105026399296, 1.5645244300091437, 1.38481811305873], "51": [6.905800850913907, 45.34916926668887, 13.49873161421404], "52": [2.895496761837556, 22.584110273171902, 4.3119217019081475], "53": [2.2748428322533285, 5.968332045504517, 2.235498251085069], "54": [2.101227009525916, 6.403311309047015, 2.930323162245383], "55": [4.782966589911927, 12.53806926227341, 5.187028877051079], "56": [2.2074128835768247, 9.607836009203798, 5.229310370925998], "57": [5.695349113034439, 26.69970610875854, 10.797717786716381], "58": [2.614584905729092, 11.952187060488772, 7.446368241582147], "59": [4.067519390413178, 32.367881017118506, 3.8959491527171575], "60": [1.376112051983886, 6.951780342804638, 2.3377610594326317], "61": [8.715522220884418, 61.40988619420459, 7.416802885914789], "62": [6.058692615602229, 18.80629471043978, 24.324586077674613], "63": [11.039978350420569, 65.74355606279245, 6.735737298029968], "64": [3.0799611675048535, 24.17335648069223, 4.409058658619763], "65": [7.8423480873653935, 42.01384699505211, 14.752184637842614], "66": [1.2727183216498932, 5.226792312614469, 5.218590418478696], "67": [0.6565540669378267, 1.3678384909335435, 0.26668624190094836], "68": [2.5689189118580655, 6.055105337390274, 1.8748499710359545], "69": [1.8980606561737359, 5.242610797713455, 1.0211648817880006], "70": [2.4793125351082788, 6.861100751172213, 6.079666217569194], "71": [1.6565085150092012, 6.267797175350337, 3.749065188270473], "72": [3.3126164196189745, 26.669498175666025, 5.710475124493262], "73": [0.6441098113581872, 1.17468167822864, 1.3308554764297547], "74": [3.254575829073092, 19.42302221875622, 9.911645425168416], "75": [3.534349784724342, 27.400914310370663, 5.901925137619331], "76": [4.0771442015843515, 25.17553997265339, 4.839130317018808], "77": [3.25217310181225, 26.380389253964907, 5.5144509165205315], "78": [4.577975184780463, 30.072403258968617, 6.046158949690585], "79": [2.210105432037359, 9.527878336411154, 5.9709858188690355], "80": [4.066716920736043, 36.3636751735956, 4.014934011160238], "81": [0.46418842802353244, 0.8999296828840088, 0.19087784621678938], "82": [0.7909340630607384, 1.744476895294012, 0.2408383227275125], "83": [0.29379773154045363, 0.21706043229124092, 0.8963801915300322], "84": [2.1974242178597576, 9.06353913481655, 4.442689783460633], "85": [11.03114113574981, 66.10669603555012, 6.969233677043889], "86": [2.0570533069803214, 5.309429942048392, 3.0801045382441967], "87": [1.19911822951914, 2.70795988302795, 1.689960326291335], "88": [1.2951815397782394, 6.099025142710543, 2.4874026492272385], "89": [1.0418299342481419, 2.773360015394341, 2.230580479426603], "90": [1.8946547978383648, 5.679702823636174, 1.9187209531422629], "91": [1.8497544852947163, 10.29605843429066, 2.9681313465851193], "92": [0.9293528189345669, 3.5281067340536496, 1.5658031644945112], "93": [5.426897513045571, 27.964812112506095, 16.954412704093563], "94": [1.1508772586337166, 5.82147065900847, 2.149716449617145], "95": [4.3236610037948, 39.23658260611474, 4.609633351679198], "96": [1.4373017964362416, 3.7044716160746223, 0.8766794139387327], "97": [7.075871700420604, 51.619259348449624, 5.551141727022674], "98": [1.3821238209942432, 8.315439137538789, 3.0021853194701005], "99": [1.9194033871591287, 5.173594446700823, 4.7536963509147805], "100": [0.08866339935447554, 0.04302149994638907, 0.4426913154623666], "101": [1.8606036676894284, 10.389122800924797, 3.092966904522174], "102": [2.5130396616578747, 20.850020661883768, 2.844807080561997], "103": [0.412015597346421, 0.39941803760189304, 0.7432394907028995], "104": [3.6603987903682427, 12.04477557886784, 5.809686873966817], "105": [1.0917683257307331, 5.660755562048893, 2.1741053188312804], "106": [1.1115899429704146, 1.947841378456548, 0.8541372880342184], "107": [4.704398331879026, 33.04215803883618, 6.908042050904434], "108": [6.104811932281588, 29.0437937884816, 8.225297063866114], "109": [2.356176359184812, 9.559935473694155, 2.961112566270035], "110": [1.1471812561575967, 3.0601445368990254, 0.8182994152488642], "111": [3.12531771231228, 23.088554752465075, 5.262389703207885], "112": [4.902486575809213, 18.017983907088894, 8.93470517332582], "113": [1.1220670526821483, 3.594478432167215, 1.4425490141535873], "114": [3.609670619522106, 10.684156137914593, 3.099431353143725], "115": [2.9332579736431423, 12.834601741364885, 10.411588566502619], "116": [6.786520252737816, 31.54285597930042, 13.494286792140548], "117": [5.439317920088219, 25.113367329718443, 21.721650792052472], "118": [2.349003322498552, 11.38683032287352, 5.395975513123345], "119": [1.2649499077322424, 2.9494659410562303, 0.38097878143709896], "120": [3.4865518780414533, 29.518042241985093, 5.302495612506395], "121": [1.3681340503928614, 3.16774979530771, 0.41547789725495365], "122": [2.4916374595121287, 9.413024418928837, 8.279508329899137], "123": [0.6085693907323316, 0.7006029977864099, 1.7108570789920203], "125": [7.053461366946089, 32.45972328681598, 10.55929470670058],