{"1": [0.7141375903100105, 2.609131347969236, 1.6365028674193325], "2": [0.5294692096189073, 1.4841283534346823, 1.3657788638958794], "3": [0.6507319053663956, 1.8201967069481289, 1.653209180059294], "4": [15.328572694390306, 152.19685715084998, 19.676748154499048], "5": [5.362929786770032, 27.26749633890614, 11.527623885987712], "6": [22.49074356409747, 200.30407483764725, 0], "7": [7.561374372889748, 86.96004141344011, 6.227587728844248], "8": [1.2717805462344693, 4.761219086320388, 3.225508172019058], "9": [1.73479608211407, 5.3360611238154085, 4.334527165561331], "10": [1.4527228881107974, 5.212270034395062, 3.4798040227851534], "11": [0.9027173628843708, 2.557358931968711, 2.422227080627131], "12": [1.4653110670210974, 4.277282119394804, 3.8104499432555614], "13": [0.6457055648141654, 2.1016018493509883, 1.6944090429922434], "14": [5.165962648584688, 40.116579592539985, 9.738308446794484], "15": [2.102929175315061, 7.681320978372915, 4.887162070338601], "16": [16.598949124660574, 172.5498039392402, 2.074300272481807], "17": [4.6071651941178615, 30.171078691610784, 8.361868353702551], "18": [5.172256646222132, 29.00221354259498, 9.64745232537527], "19": [12.40452192859249, 122.63906015234134, 22.56276641402111], "20": [7.5251814365162275, 61.601745365467735, 16.808135380987526], "21": [2.5766000451797826, 10.788889703597503, 5.582408462199935], "22": [13.77344784541229, 131.70963361189453, 26.2868834263579], "23": [2.7735591928113332, 10.206845939788233, 6.376658257103923], "24": [22.377743740406505, 201.99953632379817, 0.032195127878317575], "25": [1.5284451696388017, 4.95752229593605, 3.694457925849867], "26": [2.80986835821163, 9.936522717301472, 6.516885541189597], "27": [2.043334567051625, 9.159169585069144, 3.1053287694349803], "28": [5.467332907885751, 40.006993784387745, 11.304346078687509], "29": [2.8194255259927394, 13.653950491233857, 5.133366150628146], "30": [7.570717865940367, 74.81820901350876, 13.24883160502289], "31": [2.90479440232761, 10.690756458007062, 7.056327607165218], "32": [0.882482443272886, 3.3726681578979494, 2.024933420050278], "33": [0.5768184461272154, 1.563061423198403, 1.5485877328771354], "34": [11.724239025765781, 125.99774360624058, 11.35301151009862], "35": [11.526613152085918, 126.36898336896952, 11.195136080782719], "36": [4.732016084465188, 27.11685485868359, 9.040732113683124], "37": [1.5609602384022438, 4.91953653155649, 3.6680660446888584], "38": [3.650560163794476, 22.59286556638786, 6.133600078056418], "39": [3.525022553168223, 15.578710695502192, 7.394297050756489], "40": [3.201430909921573, 15.607229355067163, 5.690226722520234], "41": [15.16234685127635, 164.97053371910278, 0.002088708064614031], "42": [2.5411802124610956, 10.18939112976579, 5.390909953943567], "43": [5.436129203722685, 49.81875328574829, 6.4964837703488625], "44": [10.109485088054372, 118.28027840142548, 16.507138308999025], "45": [2.9574428864011315, 14.425358635221588, 5.38448669816869], "46": [5.0653158453775005, 39.34903133735721, 9.152188914548436], "47": [2.7306484513643943, 11.120959516791823, 5.953201597721034], "48": [2.631121715704497, 11.083191247782342, 5.861323731803674], "49": [0.23960696140475113, 0.6537273260447658, 0.6272517060097845], "50": [3.0295212206955675, 13.2586608146007, 6.831952774976506], "51": [1.4068481643974553, 4.332451819760987, 3.753406268229372], "52": [3.2011015442353252, 12.4572010482441, 7.573838764959855], "53": [1.71075435639453, 5.7352618521437995, 4.12634880812686], "54": [3.7972214674252953, 33.00123708888027, 5.967029127915726], "55": [3.3899616392802043, 17.31597022909544, 6.12478337050538], "56": [5.788848918175371, 56.450991651684035, 10.475765170055919], "57": [5.262092562363257, 34.888008522014545, 8.691757525181208], "58": [2.102122442171296, 6.999704911568813, 5.041741792386687], "59": [2.5400520466503442, 10.185033995583192, 5.020775967031456], "60": [3.514399042757325, 21.249684587643156, 6.728892732298164], "61": [1.4760808622873336, 4.753911600327784, 3.6748956437287403], "62": [4.048139578492016, 21.429821628661237, 7.611621985261355], "63": [2.853653685235368, 16.44387995117387, 4.710034611932515], "64": [1.3943327082446275, 4.012834449403296, 3.529805179006479], "65": [7.016817045925336, 67.56543564391747, 11.753777107968393], "66": [2.914863961713404, 12.33023715642619, 6.182550370875199], "67": [0.9181774356300898, 2.6286815620811095, 2.2835717859204885], "68": [3.6148817646187568, 18.26232161957459, 6.76738281737681], "69": [1.8827136846577286, 5.946903946384667, 4.560881358870875], "70": [2.325946725959467, 10.571201040167805, 3.611517563498889], "71": [6.052887625163549, 49.32864121091348, 11.592907358469333], "72": [2.626882993523556, 12.699539972854168, 5.064161673758872], "73": [10.41207449929417, 118.82800164268247, 10.861483969263277], "74": [14.6361796267095, 165.19735636980727, 0], "75": [0.9144783896897563, 2.567409517915811, 2.427611237644853], "76": [18.693436428604848, 187.94689549146014, 0], "77": [1.7939902334247146, 5.773881234833693, 4.535773984381389], "78": [2.2508071279407744, 16.00892298673797, 4.346454155016126], "79": [9.209738275671231, 111.32263472339932, 2.542733446949661], "80": [2.6212966572454968, 9.032745723014612, 6.126778289721426], "81": [6.879676508920803, 86.43075764679742, 0.02545727682137877], "82": [5.3267654771725095, 41.09472906464265, 12.215024172462632], "83": [1.290663574762649, 4.797477071553634, 3.16205285356762], "84": [1.6590092336361062, 7.916209136889284, 3.4907590547021674], "85": [1.6402186375185774, 6.038513093716355, 3.8328969382669826], "86": [0.5565581954970259, 2.0443047328237736, 1.4891635970803674], "87": [1.4503918203552824, 5.452325520155417, 3.1826803323640194], "88": [1.6768558310603114, 7.958376333995476, 3.711115359430034], "89": [0.5925703767928825, 1.7062535545831443, 1.4717386428257493], "90": [0.9097946419722703, 3.568430131320827, 2.3889961906279273], "91": [12.681721178870909, 155.1627815519785, 0.004254516778286033], "92": [2.55808119854092, 11.786728372464545, 5.10565886388385], "93": [0.1594113070039721, 0.43222269812086794, 0.35599330136766116], "94": [9.757397681633663, 104.4002276915271, 14.230419774529247], "95": [15.11172377884855, 162.18675627018465, 2.5304432267062564], "96": [8.397673352076511, 97.78376357203722, 6.386633774235546], "97": [0.7295594957553917, 2.3252539719943632, 1.6959739602167938], "98": [3.085096422876924, 26.754794103106484, 5.266898989492314], "99": [0.08994123073843274, 0.23580067169152857, 0.23455540712911527], "100": [4.609669147782199, 35.65024010331908, 9.427140827752533], "101": [2.0126959522517245, 9.902716657074413, 4.88475803936869], "102": [11.655407806327805, 137.66616746405057, 8.197016463268232], "103": [7.446284931199939, 79.81472216346363, 10.553896698190464], "104": [1.4486922526091521, 7.3512218714353, 3.7510526895528162], "105": [18.945627240983367, 188.4279959095557, 0.723671591643751], "106": [3.8427134987287683, 31.05914152425914, 8.58025294075414], "107": [1.4629252672079427, 7.259801404961734, 3.4106790102022257], "108": [1.9203931082990806, 10.04926863862816, 5.05305552491559], "109": [10.528980847244842, 126.60914381638361, 6.937543424578679], "110": [9.879750521310449, 125.16401883603031, 6.920257806946461], "111": [14.58360128783268, 163.8466630951873, 1.68094053595514], "112": [2.66516089164089, 16.79313591386098, 6.803415551814461], "113": [13.556888633283188, 134.7698145628081, 26.39092241043593], "114": [1.241713000483371, 5.059756523515234, 4.488351083285152], "115": [2.442087636237631, 14.918522389683494, 6.078767422285669], "116": [0.28494440580575187, 1.2212183056927888, 1.107423919532107], "117": [9.286433048575368, 102.13009231835592, 21.82722830328791], "118": [7.140090535876337, 75.37903266619072, 16.554328429296817], "119": [16.201379597726653, 177.5530906939546, 2.105641234479376], "120": [10.06451354785281, 110.48283853396796, 19.39286575314089], "121": [14.053413350159962, 135.5366949074108, 27.919002321355503],