{"1": [7.141590936783993, 44.35348286796295, 7.573176559565273], "2": [1.1552539560177437, 1.853909125817856, 2.3466900989116235], "3": [0.29443820874177273, 0.2630916550089512, 0.7365453958179172], "4": [1.0231323210365852, 1.8661387750140395, 2.1383100844407474], "5": [7.17604803089262, 39.697596524955095, 6.274372336103923], "6": [5.817962022863066, 23.697352025361663, 5.2146474063010375], "7": [1.9813061613664373, 4.923378895887389, 3.392413383716015], "8": [5.411261964114614, 18.189306425062433, 6.18245731029115], "9": [1.709564793777875, 3.886802774532907, 3.3238326675023906], "10": [4.948130003231613, 16.998461373614514, 4.421367444532362], "11": [3.4335099599019867, 8.78844628105035, 4.840642085708571], "12": [0.9024783104806575, 1.2441257078914605, 2.0220235401802302], "13": [2.0391082095318103, 4.319510516812507, 4.034511236236369], "14": [7.521180835096709, 49.575824917702086, 7.061115605031752], "15": [7.120529693480279, 48.442018799604604, 6.1488604375051334], "16": [5.453044141882787, 25.699692309835953, 4.591404215190405], "17": [1.9853673212569694, 4.572644640270754, 3.242472396863106], "18": [8.523810150083364, 45.80462240331259, 4.961280497253099], "19": [5.5154970428205665, 28.12181779908059, 6.10762084177907], "20": [6.277721464631675, 38.1457732316978, 7.241000041769191], "21": [3.109024202306846, 11.315926497288476, 5.439517935194859], "22": [1.541960894753449, 3.474704617393142, 2.4743837322723836], "23": [0.6277665111678414, 1.1770187441627797, 1.474803904798785], "24": [0.8807241277706589, 1.5475070325737663, 1.6778005378661047], "25": [1.562358849889826, 3.77208510309122, 2.9235275292896485], "26": [5.639446743161768, 24.681709218902814, 3.9677242674901327], "27": [5.410453939991308, 28.647637067745638, 6.622186832688217], "28": [4.203864309562086, 17.84370942130628, 5.303760938238953], "29": [5.567274791372087, 29.14503741715164, 5.068022718118821], "30": [8.523273378367959, 52.26814058692779, 6.7429841061202875], "31": [7.803833913114593, 49.00436299910177, 6.0340402038499485], "32": [1.2621686126053393, 2.566812766985324, 2.495380635985174], "33": [5.591732941384192, 30.061356737118967, 6.303001827552951], "34": [1.0770243491558564, 2.077552223607834, 1.9953846197934026], "35": [5.163014183119744, 25.71626378376266, 4.699744089773835], "36": [5.938329420886575, 31.337823687246697, 5.47510351316152], "37": [4.0495163980123134, 13.340863016766175, 3.5749074195757817], "38": [2.75453084454889, 7.840807017095336, 3.588617746074406], "39": [6.027151198998986, 30.13985364708658, 5.67573511807196], "40": [2.8958173471715254, 8.795162688221415, 4.126207820996708], "41": [2.1571736774472576, 5.821489202600493, 2.897456164011037], "42": [5.623371565530663, 27.437071142063292, 5.501301699112229], "43": [0.8705530028889937, 1.2974071234923523, 2.049807914344818], "44": [1.0063158253464373, 1.7197631208380797, 2.183774769655617], "45": [5.729676961299102, 19.92043150871845, 6.051333389799443], "46": [4.5040646376984625, 13.783891014659112, 6.114021099656565], "47": [5.392939282100029, 18.221250578186275, 4.983165755602199], "48": [1.5398978327679909, 2.9326807006747497, 3.0100160216550225], "49": [0.7480476495988408, 0.8827667920632397, 1.227106131421582], "50": [3.558283429625555, 9.653046123105547, 4.121445132636065], "51": [1.8303109164197509, 3.6530890176125577, 3.0902165825602497], "52": [5.457892086473441, 18.55281561182371, 5.868839607756827], "53": [1.9750378539199112, 4.026564105773836, 3.877572710378911], "54": [5.0886142734032696, 17.459231609488768, 4.319997601824147], "55": [1.0053725516166827, 1.5058123754419874, 2.1676222537367016], "56": [6.594123582219018, 23.436671274228562, 3.738307386512603], "57": [4.543654788987338, 15.07728607800275, 4.87528256842517], "58": [2.6072049299168385, 7.482785088482335, 2.9785397895942625], "59": [2.02829886826665, 4.897604721866508, 3.5946190508078217], "60": [1.3005726993502964, 2.118571115116047, 2.954421769801985], "61": [1.3063956560754564, 3.065053196307859, 2.2632843443100734], "62": [6.029721483625245, 34.183714127871774, 4.657460118995388], "63": [0.4614505452576798, 0.4964109520109557, 1.0825935163235447], "64": [3.3839758764257293, 8.179462117409964, 5.650615384931509], "65": [5.610876733479017, 19.233120159846493, 5.518012277555518], "66": [7.158121478611045, 27.464992082879082, 4.73937794004018], "67": [2.2369516636603115, 5.618722470926812, 3.2806636697227445], "68": [5.515992881647394, 17.04015075124928, 4.647642569777292], "69": [1.02852847329132, 1.5735599087620737, 2.1688897569045364], "70": [1.3219468930860736, 2.5944521061997885, 2.467625897212994], "71": [6.366838697511163, 32.286012460050536, 5.617488927705816], "72": [1.461275792468947, 2.3823907576898637, 2.9895097701468165], "73": [1.274138378077409, 2.3525137173293316, 2.363571148204927], "74": [1.1334247756211966, 2.1018952890651534, 2.1780926142627353], "75": [4.974961097060159, 26.111717904756084, 5.118253358054478], "76": [1.4740474791348117, 2.951224611369236, 2.856911387357813], "77": [5.91230189485503, 21.874446707211227, 5.246574581573441], "78": [0.32643753015585775, 0.30118378395285916, 0.7255157786773949], "79": [3.10543390048193, 7.7432180436055615, 4.756257626774589], "80": [5.579508166825997, 28.9267727121236, 5.633774621867331], "81": [0.45348246009474047, 0.4581753109748963, 0.9242585521676786], "82": [0.6586895234206691, 0.8381264642116651, 1.414790418747169], "83": [1.4173739177067322, 2.7626504604001907, 2.2497183055201324], "84": [0.48535480074649784, 0.6417655041333273, 1.020670217622588], "85": [0.9511046281171042, 1.2892910834656375, 1.7581545525210587], "86": [6.294975721007173, 22.865820433737838, 5.701733030569617], "87": [3.037907163482751, 8.105053553694146, 3.9142808482377376], "88": [0.46132457628888046, 0.5386304869239122, 0.9535704467294741], "89": [0.6127811788691276, 0.7987954860408091, 1.100319119141344], "90": [2.387654046890384, 5.242441059811205, 3.8425904752423445], "91": [1.9264231919477541, 3.542931565381017, 3.7700127847939364], "92": [0.3977063698509292, 0.3031676875296286, 0.7610603910392316], "93": [0.5171636510170914, 0.5602817458550277, 1.0945527702994764], "94": [0.5725593048706838, 0.6700225795731398, 1.1792099361107158], "95": [1.7311382947105933, 3.016113855693024, 3.2738076500660225], "96": [1.0924511108300181, 1.6453938942118784, 2.052063583843231], "97": [0.5727497760141753, 0.604503159767439, 1.1313049102559416], "98": [7.522854481964133, 32.48824093130676, 5.702178946844565], "99": [0.8550552386510639, 1.1700777028001705, 1.807360906630079], "100": [2.2296065268967387, 4.23292332625742, 4.842222220105986], "101": [0.7926947626180446, 1.0301740117462166, 1.710744862898947], "102": [2.797450371389172, 7.66363318661821, 3.3243116248684217], "103": [3.922073691824556, 11.57379510080018, 5.3891964453049415], "104": [2.6267019673186436, 9.309002876023003, 4.495770195583892], "105": [7.206492366184268, 39.807825495755246, 5.059965256083672], "106": [5.2386339625371985, 16.79287711137585, 4.297781579998311], "107": [0.302787236191695, 0.3421873232757705, 0.8299476584175356], "108": [1.6323397576706868, 3.572909758086419, 3.001071588852684], "109": [3.30473260021762, 10.243919024218112, 4.138982094818244], "110": [5.260687335315483, 20.470022794506463, 5.245688042785937], "111": [1.4851250494329844, 3.606380533355422, 2.9272737976066807], "112": [9.202722518954612, 50.382274727907216, 4.843369732232898], "113": [1.2717488823335388, 2.4005324804678843, 2.7638900852919077], "114": [4.104060338602913, 13.317670583045853, 4.819890195945277], "115": [3.53026634888627, 12.374792911542741, 4.4424886841041245], "116": [1.5186910331805967, 3.5958349430383976, 2.759327579027581], "117": [2.9604528247444044, 9.548271871762097, 5.218199992681662], "118": [0.9540785742206354, 2.3275765480014976, 1.9067322059480125], "119": [0.12748936260702948, 0.015116276255930565, 0.011554963176213073], "120": [0.12748936260702948, 0.015116276255930565, 0.011554963176213073],