{"1": [3.909957881765624, 12.275344509781263, 1.1635258398437789], "2": [3.0966471467883516, 10.275695707011502, 0.8255236854896093], "3": [0.9346205336242464, 2.5085202844900727, 0.3955695508562108], "4": [1.6370666465215473, 4.365617651757451, 0.6476805293322835], "5": [0.9109477604430354, 1.8185748633445182, 0.19459526921671344], "6": [1.5982204980294932, 4.138011888169435, 0.43156240771695975], "7": [0.7679643789422059, 1.8049358432339218, 0.2694611797367824], "8": [2.472393749683995, 7.870031196095087, 0.5841990042982593], "9": [0.6686101062660328, 1.5070988611842953, 0.3623648769837614], "11": [0.8409835916222289, 1.870918063307861, 0.6549203033372754], "12": [1.5045557144620294, 4.48629354438182, 0.6703248035400976], "13": [0.4114208223664656, 0.7374242263986847, 0.24446743106717095], "14": [0.5538129027137547, 1.1663094523711728, 0.3004131280038531], "15": [0.37350881268792213, 0.6758673007629932, 0.23778356185461758], "17": [1.297671002250886, 2.7320038994288893, 0.5630707637385839], "18": [0.7594588711379904, 1.497354556223929, 0.30863300559880746], "19": [0.56269511961195, 1.1882849289452504, 0.2801397890016004], "20": [2.480806561590181, 6.6818684156074015, 1.378714384264875], "21": [1.2945836935429507, 3.7931396269878976, 0.4371444962125963], "22": [0.386376012100757, 0.53533215337005, 0.0339762769077353], "23": [2.8662894263562464, 9.152310412151163, 1.0061387657112228], "24": [0.7809573914730039, 1.930567500239278, 0.4685153559657126], "25": [0.7458687743295042, 1.4234558171155416, 0.22467451068562838], "26": [0.42086137323686823, 0.7716147659129728, 0.2433166896497565], "27": [1.0611914459532956, 1.8111388411906741, 0.21874972245396618], "28": [0.32958513731377237, 0.453564456761245, 0.3623637056957698], "29": [2.0723805003096416, 6.473114190767572, 0.868140833882733], "30": [0.1699919788776103, 0.20070255773801582, 0.13441673648123964], "32": [0.4252029946566064, 0.7068298223976673, 0.28429207860807193], "33": [0.9733863179982447, 1.765683761612866, 0.4844992817845325], "34": [0.08015566140076091, 0.08041311794300923, 0.03039674864654429], "36": [0.6458611923512789, 1.1139738135314636, 0.17445849399387103], "37": [0.8254071983523998, 1.200376527959964, 0.44794989331701507], "38": [1.0419754258942207, 2.910358838870446, 0.2842930597822645], "39": [0.5017834242920094, 0.7416796932306784, 0.34966520610340346], "40": [0.7764425918830502, 1.658093394606148, 0.46420559090038693], "41": [4.303674807226537, 14.363710098415591, 0.7198925777405965], "42": [0.4472170267385227, 0.6115659904074233, 0.05523593235547364], "43": [1.8732084694986306, 5.001609047435732, 0.6378868128291246], "44": [1.8027722450370998, 4.753299368243016, 0.8750329101526425], "45": [1.9094229604114803, 3.2450952396025534, 0.6172124861201226], "46": [1.2626987271482686, 2.7152517940113343, 0.42850409508061293], "47": [1.1268702770576953, 2.2769170005453785, 0.3235141208490597], "48": [0.9029812074059266, 1.7557747692754975, 0.3751004203729228], "49": [0.160871808025427, 0.21083895246013373, 0.11839961442482172], "50": [0.2046342209866412, 0.29926697088031806, 0.13143976286748438], "51": [2.336380329757623, 7.45869938614803, 0.7277510210604411], "52": [0.9026240619282705, 2.281748181572597, 0.42768308403664146], "53": [0.7500383394728162, 1.3336029033562407, 0.226657679277822], "54": [0.661096014251566, 1.12050093140798, 0.28422768690247413], "55": [1.6789478598569192, 3.2117314652207045, 0.5258559763575275], "56": [0.6835139045429149, 1.5787197456273439, 0.504647761577392], "57": [1.9137379017564085, 5.172131395678582, 0.8668829077793612], "58": [0.8266347222408605, 1.8541691451874347, 0.7051978855906326], "59": [1.266179145991241, 3.0795561164684706, 0.3912083132199117], "60": [0.41990238443390804, 0.775877081592343, 0.22175669025564004], "61": [2.896635705369705, 9.874356958552479, 0.6711811686349476], "62": [2.1795234521461695, 6.093547746314305, 1.3259513929206184], "63": [3.778887038315842, 13.00235541215755, 0.5568953645826376], "64": [0.9632069008626064, 2.5554343167504947, 0.4421151660278243], "65": [2.802799060289237, 8.521381628953062, 0.8744422216243474], "66": [0.3977856346405647, 0.8496599825958452, 0.5210726635447037], "67": [0.20391463743185312, 0.2731784816308648, 0.025372405627751227], "68": [0.8576357693455952, 1.4508663159894641, 0.19430115378156554], "69": [0.6223961391481588, 1.104850703964178, 0.10215358202402447], "70": [0.7950541532535312, 1.294770212461169, 0.5419293883206401], "71": [0.5263335666004634, 1.1685830936307835, 0.3645034670505243], "72": [1.052229320422077, 2.7211680331183854, 0.5093981349340116], "73": [0.19655046254074005, 0.26109749923714415, 0.12508889372317367], "74": [1.0408918138640748, 2.8137769046665055, 0.8925465384836011], "75": [1.1107771477625148, 2.8305880665375915, 0.4964360332152552], "76": [1.3090197246254232, 2.989637711985211, 0.498038162440555], "77": [1.028570970145295, 2.739230701487177, 0.5519284106591961], "78": [1.4555907898441385, 3.7095666609840587, 0.5399967618482086], "79": [0.6837568416834114, 1.4559233426281832, 0.5708510403381302], "80": [1.266155834269794, 3.3031001554264403, 0.40310298322242], "81": [0.14255262997235607, 0.1876040918430497, 0.017926028703178498], "82": [0.24744479885750226, 0.3387024417619536, 0.02295706820355292], "83": [0.08943566264609659, 0.08664049678976803, 0.08347225632452382], "84": [0.6946482298821386, 1.3756776605489787, 0.4287529568484355], "85": [3.677247203178492, 11.811370693696983, 0.6833068678201696], "86": [0.6384757568946309, 0.9882215697730213, 0.2958243774991929], "87": [0.3905413118341824, 0.6451093956195952, 0.16810333377356435], "88": [0.3937424043498333, 0.7167514470917902, 0.23553767099816836], "89": [0.32665427649482426, 0.4988397993544629, 0.21774695146947787], "90": [0.5922640108750559, 0.9810452429557116, 0.18194476995955655], "91": [0.5633337283966908, 1.2270907228631136, 0.28496427776524946], "92": [0.285188405240858, 0.5348643637744289, 0.1470705968346515], "93": [1.7569089546526264, 4.649807883586224, 1.0458265603520611], "94": [0.34926467823247087, 0.6658688372499837, 0.20292228689035474], "95": [1.3518867986982945, 3.541579189294019, 0.4742906582394465], "96": [0.46834286783456924, 0.7875426059713778, 0.09024386172369969], "97": [2.405183129844002, 7.778994010586518, 0.5603162550076259], "98": [0.42046143763803, 0.9403004927761115, 0.28778671546091583], "99": [0.618801649298271, 0.9661769363185069, 0.5051658265609091], "100": [0.026878863681349063, 0.023974235319374128, 0.04098934934628273], "101": [0.5705416433357776, 1.165040508139979, 0.29599972393578144], "102": [0.7678833848977579, 1.8685011375340685, 0.2749246319926363], "103": [0.125274147554562, 0.1305837372915184, 0.06897924472942507], "104": [1.2014836226515175, 2.369006897874708, 0.6070764026745241], "105": [0.33134543577823816, 0.6362381019159131, 0.20500395735468213], "106": [0.34559711348546296, 0.44446305271385755, 0.0811900103337595], "107": [1.5338466782111349, 4.756406831488543, 0.578577889798001], "108": [2.0557275136623137, 5.329344104911806, 0.7456537766973542], "109": [0.7527291958746523, 1.4043094077440195, 0.2885555016469521], "110": [0.36124027598975805, 0.6148725839002962, 0.08120172984168084], "111": [0.9736694998631119, 2.5608296701595332, 0.4961019059210061], "112": [1.578197350253458, 3.360121533982399, 0.8048843015988287], "113": [0.34656037280201835, 0.5859701791842755, 0.1354044355557984], "114": [1.2470484135410307, 2.4362489953280804, 0.30817696174830655], "115": [0.9365451015335335, 2.205777859163737, 0.7989524183554505], "116": [2.4515706035524114, 7.174156208594414, 1.0171977296653947], "117": [1.8100986452281087, 4.84149780220173, 1.4702665236547645], "118": [0.7398858298642396, 1.7189284833024878, 0.41471675364537575], "119": [0.4031892277969237, 0.5538415746500637, 0.03723782883195659], "120": [1.1120548902315535, 3.4276601387176693, 0.47388132234555813], "121": [0.43754774391105244, 0.6001058050034417, 0.04078705481448541],