{"0": [3.9612945871102165, 9.86100128967527, 0.045800920909756515], "1": [3.462257983422126, 9.07270222342923, 0.00505522545545678], "2": [2.624928167251946, 7.0421099044990605, 0.11940369884301771], "3": [3.8976925539787444, 10.230405738821666, 0.02574894106001202], "4": [2.044378696289752, 5.43006347569791, 0.05948435765572202], "5": [3.633344786625792, 9.38781627494953, 0.12652035009032325], "6": [3.6107000540962595, 9.376234298179735, 0.08324907918733815], "7": [2.7245319534704455, 7.039225802244079, 0.09523834412686039], "8": [3.244647553858116, 8.368818597708305, 0.06887138589371034], "9": [1.9250266194737127, 5.446024814688594, 0.07608860789005967], "10": [3.0016159103272035, 7.886960880716078, 0.09388582326395256], "11": [1.9370551072190383, 5.136900667710563, 0.10966731055985113], "12": [2.561424276412746, 6.730665786465693, 0.05336187476372234], "13": [2.6278469959298296, 6.907681279315471, 0.06609492009932416], "14": [2.4971984015288444, 6.585754746375367, 0.10898248351548745], "15": [2.3012596075647074, 6.083258619555592, 0.08723241919774916], "16": [2.91905316529105, 7.752657035824921, 0.084372909269681], "17": [2.2295348406680953, 5.7975641884010205, 0.423637964724348], "18": [2.4186870590376084, 6.4697585971265195, 0.06373366916494716], "19": [2.8116929708588456, 7.63192804960809, 0.11908601245602446], "20": [2.634765747768452, 7.16734305680588, 0.05996603359016672], "21": [1.572524563080849, 4.324202283751119, 0.08982643012225511], "22": [1.2968810137764768, 3.257655420627007, 0.4996421646233481], "23": [2.420079488678629, 6.6235606014730415, 0.11085411747899176], "24": [2.6445139577981323, 7.212759512543654, 0.06807279401063548], "25": [2.3736088259742782, 6.325319986125709, 0.054262834798344595], "26": [2.7410069912409347, 7.302157638558726, 0.07958326518727121], "27": [1.7224311301819584, 4.577344628677696, 0.06727743336465886], "28": [2.539660626552864, 6.819345982767916, 0.10319961317178739], "29": [2.0417229204815452, 5.484988047403458, 0.04927975998478484], "30": [1.4421913359732041, 3.9445686576719994, 0.044318397419322086], "31": [2.5501190016679507, 6.827161374971327, 0.025858321561650244], "32": [1.8253154010892207, 4.936711600102872, 0.34763461530900175], "33": [1.793825050935388, 4.86690281396056, 0.043849920986914426], "34": [1.8502402937115838, 5.019660675430671, 0.053350422606293635], "35": [2.064775345707631, 5.600083024358327, 0.04866005053621736], "36": [2.1111814645894276, 5.738058676127771, 0.07610969331256334], "37": [2.105937743657595, 5.564312031671777, 0.04341722818817362], "38": [1.6647359985270982, 4.4452515998408835, 0.11188400319040726], "39": [1.908425914932499, 5.064376568371178, 0.11426249693078527], "40": [0.6300294401680823, 1.3109685423051003, 0.6164254381561467], "41": [2.0978610799391193, 5.76142035346666, 0.09576130823364337], "42": [1.20396700516873, 3.2172791326829695, 0.05921285079681049], "43": [0.7095786413811384, 1.4644125162703157, 0.6185871429064075], "44": [1.929157073146285, 5.09497774263787, 0.15853553399597675], "45": [2.0884810221584305, 5.492600637451136, 0.10591239028666033], "46": [2.013135093865165, 5.46563427143973, 0.11046239745457265], "47": [1.848806054311729, 4.9843454317941775, 0.09175036575891027], "48": [1.5724035493624493, 4.273382447020263, 0.06981876170999801], "49": [1.8696393781928298, 4.90642735362618, 0.06028904099806609], "50": [1.4500581674876356, 3.965213070902291, 0.07993671180580186], "51": [1.225451881394191, 3.128597280189013, 0.08484290478932877], "52": [1.6599220179258354, 4.466642123622059, 0.12383954839974987], "53": [1.4975874554159385, 3.8617836449864886, 0.09499290982301745], "54": [1.6813314091400078, 4.500064649296379, 0.06480376922890707], "55": [1.7142269797768876, 4.5080760042754, 0.08768935664190947], "56": [1.1055241064006491, 2.8088465622590264, 0.10259254099090431], "57": [1.1962920996067625, 3.0531125977041773, 0.3890816743959681], "58": [1.5663740221061824, 4.1855467020568256, 0.13341853409610382], "59": [1.3730330592993099, 3.7119799966518885, 0.07434429782898733], "60": [1.490409493385639, 3.9419263323321942, 0.12656535706772132], "61": [1.5870116068564757, 4.060504798259508, 0.083587860622652], "62": [1.6223683905152724, 4.295091047213546, 0.13316478974937052], "63": [0.5911836259966373, 1.3255544193441504, 0.3607004001647064], "64": [1.9356840082297921, 5.277192914384066, 0.09933649503360353], "65": [1.7268493768509194, 4.60751566315669, 0.05610968465005228], "66": [1.3619728833074913, 3.534523407854631, 0.1479425310211666], "67": [1.5110223414135855, 4.066726068821423, 0.09602256500455575], "68": [1.2332383341898439, 3.119245161003688, 0.057258239245084774], "69": [1.5106737528429992, 4.018758202397284, 0.11962872218631904], "70": [1.4122852809380886, 3.8487730781784486, 0.08406085824468601], "71": [1.3675953682389412, 3.609618235310706, 0.13574194387963157], "72": [0.6534596498269277, 1.3675800339015363, 0.55541507948581], "73": [0.8135502802660857, 2.005374457104699, 0.39950158672940694], "74": [1.1458073243766136, 3.025295200170557, 0.09954153300996615], "75": [1.4610795022383498, 3.855447434304605, 0.0720403382042979], "76": [1.2244719030595586, 3.365082830346574, 0.12449937423405544], "77": [1.289964806750743, 3.4421783485094344, 0.07007752359508579], "78": [1.3141401499554175, 3.586000759165786, 0.09450303746080146], "79": [0.3968755905765132, 0.8010521504602514, 0.44683603092212376], "80": [1.2098066000967918, 3.340721267747424, 0.09409441173609001], "81": [0.6745936190989456, 1.547294501683195, 0.41575855511895266], "82": [1.1112155846135048, 2.873137053942889, 0.09601780229775736], "83": [1.2044704808677906, 3.123790118980184, 0.13264813181310475], "84": [1.1570596031019655, 3.106881005476316, 0.0809697349982077], "85": [1.2646390384625068, 3.303973536326799, 0.08681354681312659], "86": [0.5419035662806937, 1.2692113194182066, 0.3708423580863577], "87": [0.9793903526397942, 2.6006890633534887, 0.06521545656708039], "88": [1.33755518496005, 3.4610750193810134, 0.12315584108584876], "89": [1.1465640447659031, 3.0159239029292513, 0.11804842889501055], "90": [0.875544588253647, 2.243137319807153, 0.06963123641221847], "91": [0.5993706757229603, 1.2089060657697923, 0.4199651211061254], "92": [0.5993706757229603, 1.2089060657697923, 0.4199651211061254], "93": [0.5993706757229603, 1.2089060657697923, 0.4199651211061254], "94": [1.1958464426134654, 3.1662209730417583, 0.10974942157350531], "95": [0.734658277066055, 1.7126695579538898, 0.4412151104044074], "96": [0.730462808276642, 1.886785008371364, 0.2836346698545469], "97": [1.3492951341772739, 3.583816700836385, 0.10707869070378861], "98": [0.8010541651985212, 2.067166242154883, 0.10562763566291444], "99": [0.9247747719441942, 2.407534317121697, 0.09364546663121143], "100": [1.3347749100742572, 3.547394675630261, 0.08795210561055433], "101": [0.4270674497009648, 0.8525945044244659, 0.444901902126309], "102": [1.2510026169148558, 3.3866376503922453, 0.04470759368546939], "103": [0.6356757782717973, 1.4390907021674602, 0.45431173918739987], "104": [0.44751256628840164, 0.9731430915413989, 0.3410373222653832], "105": [1.018646847116572, 2.6882998957479507, 0.09836580867178102], "106": [0.24344548583830594, 0.3985260922618167, 0.3339822143666594], "107": [0.39771149174758724, 0.7742860942450221, 0.37813883114460123], "108": [0.904875675778076, 2.3133460579818657, 0.07775715441762143], "109": [1.117924272087404, 2.9670151569080376, 0.06261784807658843], "110": [0.8805064923896264, 2.3331985306380973, 0.07486776388641225], "111": [0.8803833531437227, 2.3372440001670127, 0.06133465175601138], "112": [0.9493668410757173, 2.4950681556768113, 0.08981861304218997], "113": [0.7270102598811762, 1.8720195513635363, 0.08158309399313746], "114": [0.8508783849709775, 2.2225569681947555, 0.10060012414081076], "115": [0.6673842581947299, 1.6334719436680405, 0.09411769220518962], "116": [0.7417001845948807, 1.8639025913904608, 0.09416710270949136],