{"1": [0.27603375458024004, 0.03474045595223853, 0.004995267384936941], "2": [0.21533666703050525, 0.02268636028702189, 0.003928769772237439], "3": [0.06295341291729528, 0.005148418891106215, 0.0017996391948302826], "4": [0.11366291772042669, 0.011974625289308701, 0.002994656047161759], "5": [0.06451483059016083, 0.004074248144371863, 0.0009097635482889777], "6": [0.11013259080520876, 0.01038882049376157, 0.0019819829403567857], "7": [0.05157301173143147, 0.0034051137562037415, 0.00121550834859796], "8": [0.16945854628482293, 0.01833690925262923, 0.0027256001949088615], "9": [0.04497139478944023, 0.0029482637897656383, 0.0016406813805532883], "11": [0.057495407593995185, 0.004176300999766488, 0.003021187008393489], "12": [0.10300199943054933, 0.011150909769387665, 0.0030985267988128395], "13": [0.027588483814875997, 0.001101192271003132, 0.0010994199356959555], "14": [0.03718128741349391, 0.0022016122591111006, 0.0013553792846823232], "15": [0.02517985338433526, 0.0013786262031765164, 0.0010753106721678174], "17": [0.0892022023098914, 0.007011386406463303, 0.002602159487754885], "18": [0.05209273291588068, 0.002826329784790688, 0.0014114728489340589], "19": [0.0377807485285061, 0.0024023028467460776, 0.0012650377138085922], "20": [0.18115611691784517, 0.01890277919246403, 0.006603567463025928], "21": [0.08751259992656502, 0.008264834874048547, 0.0019937305360027135], "22": [0.02635649315677291, 0.0005600753558349963, 0.00015522331125350508], "23": [0.2030790474706109, 0.024674415359757104, 0.004819144721526891], "24": [0.05275036050776294, 0.004191490075566955, 0.00213122505399832], "25": [0.05147138293025544, 0.002863633636892306, 0.0010384628736512802], "26": [0.028190462339518163, 0.0012936006956914858, 0.0010944085818895832], "27": [0.07414656865495506, 0.0042370363473053846, 0.0010094059126996013], "28": [0.02218470824030183, 0.0007427330475281627, 0.0016413231711366327], "29": [0.1474887342040616, 0.017870979277140216, 0.004216566130668342], "30": [0.011395501331670221, 0.0001851240269636548, 0.0006043515737755856], "32": [0.028769426333208115, 0.0012944836938020795, 0.0012918613501325948], "33": [0.06759843287301304, 0.004207941358165911, 0.0022473151335737906], "34": [0.005396221835303527, 3.9147704806743665e-05, 0.00013702864579956398], "36": [0.044308356016616424, 0.0025695603283727338, 0.0008047363942847996], "37": [0.056864399427464574, 0.0017326894484077406, 0.0020803504961131036], "38": [0.07015053378082026, 0.006754668732301571, 0.0012874840073284766], "39": [0.034149133884551985, 0.0011387586777883345, 0.0015906967104226677], "40": [0.05272953593647811, 0.002964460157764781, 0.002126121274922399], "41": [0.3085297743375861, 0.03763655741911845, 0.0030374893027934613], "42": [0.030546613896826336, 0.0006350773706098175, 0.0002512434857825374], "43": [0.12927429827121784, 0.01410707484175827, 0.00293407752472008], "44": [0.1289296741595194, 0.012992466080522007, 0.004135171237328428], "45": [0.13557603976916321, 0.00732072552684909, 0.0029069944891993993], "46": [0.08680587037531129, 0.005988052919934948, 0.001958605916713818], "47": [0.08002852445520359, 0.004812418677184808, 0.0015065059921497426], "48": [0.06169024081797425, 0.0031501336556220227, 0.001729672216026823], "49": [0.010794961727524588, 0.00023324162554563734, 0.0005323957241654131], "50": [0.013789387087730587, 0.00047435262333296975, 0.000594069417022336], "51": [0.16434637980048972, 0.020448120070756422, 0.0033806492851168324], "52": [0.061130597249585805, 0.005020310959181391, 0.0019435087055882372], "53": [0.052047950627815975, 0.0032373484392214415, 0.001051038585214048], "54": [0.044937249165509674, 0.0019860889417379858, 0.001291336558633005], "55": [0.11998419513753766, 0.006554260509118802, 0.00241547639362516], "56": [0.04615737363611949, 0.004349575553345127, 0.0022901264733614646], "57": [0.13392522734134138, 0.014733357886065081, 0.004053671456275887], "58": [0.05631228009799438, 0.004327390133764098, 0.0032422717628791675], "59": [0.08570596849349055, 0.006193931214085039, 0.0017851670175836887], "60": [0.028186146225316122, 0.0012132386792430268, 0.0009979492688240166], "61": [0.20211733275189847, 0.02435743631584011, 0.0031493089715877165], "62": [0.15746408864753392, 0.016462957519708298, 0.006427630116228822], "63": [0.26759242975811626, 0.03255822116026116, 0.002624247804886237], "64": [0.06531963325507417, 0.005990057697153793, 0.00201514264512348], "65": [0.20221184156194538, 0.022097097474554996, 0.004193982235999427], "66": [0.026967454852072636, 0.002058089894885887, 0.0023814208794598057], "67": [0.013786149894531974, 0.0003157771615572326, 0.00011504179823429439], "68": [0.05980467913410081, 0.003274291332679615, 0.0009009140696518703], "69": [0.04308221421312064, 0.002527144729202318, 0.00046852640225603093], "70": [0.054490932854741936, 0.0023641331896380523, 0.002511184024943769], "71": [0.03593782482062424, 0.003228154073190805, 0.0016700226465442558], "72": [0.07187283547369794, 0.006051013604666659, 0.0023404558024049393], "73": [0.013193522519157397, 0.0003960600312186845, 0.000562630384062901], "74": [0.0712629000112287, 0.006824409531592058, 0.004141392992548121], "75": [0.07549467401598908, 0.006335292268384043, 0.0022673080647878097], "76": [0.08981214142025273, 0.006685131425192423, 0.0022856761017788774], "77": [0.07008910879989572, 0.0063814434647796745, 0.0025406401982976945], "78": [0.09942499495795198, 0.008287637853688176, 0.0024925730246230238], "79": [0.0461584536348576, 0.003484956177301249, 0.002601017492294133], "80": [0.08570596138044295, 0.00666590043815513, 0.0018385644066308826], "81": [0.00959352316676898, 0.00022412976264149796, 8.091344873728534e-05], "82": [0.016779498491014788, 0.00039953695351722, 0.00010424390798080552], "83": [0.005997480791794629, 2.9473328792291008e-05, 0.0003751977226850167], "84": [0.04732577307180896, 0.002857089318906592, 0.001957773626285908], "85": [0.2565461515244972, 0.026451153642098605, 0.003271845525807726], "86": [0.043157194321019166, 0.0016866354772844705, 0.001339781930511319], "87": [0.02693406240132834, 0.0014316685819703422, 0.00078257528325687], "88": [0.026389923095113454, 0.001119894893511082, 0.0010598227373547209], "89": [0.022171408093771827, 0.0007438580384656122, 0.0009926868011808088], "90": [0.040151627516278765, 0.0017273093576914967, 0.0008217485133502622], "91": [0.03778362572221161, 0.0025842407115413716, 0.001285266791162587], "92": [0.019187406980706645, 0.0010926828543878558, 0.0006618777566812506], "93": [0.12092050571916835, 0.012528175256524499, 0.004885417824449956], "94": [0.02339226183563714, 0.0010843972218145376, 0.0009120356233700555], "95": [0.0916862180051412, 0.0070367342571093896, 0.0021764697160325808], "96": [0.03231917249069316, 0.0016918365867641864, 0.0004169615064787413], "97": [0.1696845199942263, 0.019998506374856822, 0.002640860788280075], "98": [0.028188663850751694, 0.0019774488518919534, 0.0012971956975108556], "99": [0.04250783528161706, 0.0015374646855714903, 0.0023678806786364692], "100": [0.001799460107983708, 0.0, 0.0001838490377668034], "101": [0.038375534823751445, 0.002181110604796311, 0.0013355378581622057], "102": [0.051572651731550345, 0.003590971617871277, 0.0012410031305419844], "103": [0.008396760935772907, 8.23200609941208e-05, 0.0003097463577289572], "104": [0.08317282198437104, 0.005217318515144131, 0.0028261857705358384], "105": [0.022192621763648, 0.001021831672204654, 0.0009213814431389133], "106": [0.023375719319419064, 0.000565232117993093, 0.00036747358348365733], "107": [0.1059279721949612, 0.012629373175964432, 0.0026926458216188776], "108": [0.1440720859369533, 0.014565257420215973, 0.0034836034656260395], "109": [0.05150331666066632, 0.002480836385688338, 0.0013141066473134622], "110": [0.024564941394611628, 0.00139390878006188, 0.00037057608870672], "111": [0.06592628249956489, 0.006078123549777913, 0.0022689727700477835], "112": [0.10836773583355519, 0.008903011058370845, 0.0037276012017717353],