{"0": [35.18750213085519, 86.57069060250292, 1.8357548393605168], "1": [33.310543071714825, 89.53963723730344, 0.49169011666448315], "2": [26.08940497669884, 88.9487190069254, 5.308965760089866], "3": [36.29078863428726, 86.01157904834284, 1.7421033366080714], "4": [21.092557725716187, 90.95854697345953, 4.557228999717011], "5": [34.909887061428044, 83.42186125079856, 5.245570694944165], "6": [34.46499659882134, 84.22536593954942, 4.591159756059962], "7": [26.802168004000634, 88.67135745104008, 5.3271418250416485], "8": [31.788100095876462, 86.77750128383882, 4.22279421051085], "9": [19.744912205621432, 91.6761180537225, 5.4231766489070345], "10": [29.229430454360514, 86.09735114830228, 5.893002682499416], "11": [20.091640122622284, 88.60368784874387, 6.692616909970721], "12": [25.11357806328671, 91.23897881610989, 3.251161111965264], "13": [24.709983738446525, 90.0568538540955, 4.50953964775666], "14": [23.5187139755142, 88.92209167035543, 6.2177519549563085], "15": [23.296661698644495, 88.55207469514403, 6.040297714769557], "16": [28.541785732787485, 88.72701289741961, 4.594510577730113], "17": [22.02288909696071, 78.17077608581472, 18.235283752223413], "18": [23.03807253683358, 91.13879861927772, 4.176331597346518], "19": [27.913962499426393, 87.6665671494107, 6.198151127658934], "20": [26.609450942744445, 90.83606141264475, 3.729461563336012], "21": [16.010072244861615, 88.33671015177163, 6.76195573860492], "22": [13.506803154505251, 64.79649085265363, 29.423627474877136], "23": [24.161067677980945, 89.38020550538698, 6.32774915313479], "24": [26.26161235492413, 90.04202725799352, 4.442263736084588], "25": [24.351401749986504, 90.51686089136861, 4.011929462289183], "26": [27.119537002124858, 88.472881891452, 5.113774567221398], "27": [18.096007123049482, 90.47519597669377, 4.977099381658943], "28": [25.920536234636984, 88.5233913672337, 6.175257138443592], "29": [21.282150803973877, 93.01318786880648, 3.424759028506603], "30": [15.354039390196778, 90.73129928299643, 3.7093000933840923], "31": [26.087173889478198, 93.03283865168498, 1.3738734183241483], "32": [18.60167395807681, 79.83645429786941, 17.816431645919796], "33": [19.064360671300502, 92.64037399243713, 3.6857532703302445], "34": [19.384896488302765, 91.8969181260024, 4.200014093161449], "35": [21.35566701361282, 92.52229335057466, 3.4684309685010715], "36": [22.02601787514315, 90.23794299908333, 5.460131407732886], "37": [21.953555939164634, 93.09735841770652, 2.959648789237619], "38": [17.645193289699602, 87.89006496295706, 8.145874554181905], "39": [19.863569224859816, 86.3435950161033, 8.806351088280644], "40": [6.477379463928334, 27.90873782409491, 46.46984888717571], "41": [21.561897871911402, 89.71050818907385, 6.324083742637945], "42": [13.14062550460745, 86.73602688980124, 5.234769699007922], "43": [7.34945511946855, 32.668933081249826, 44.64530672376929], "44": [20.154686106124387, 85.03688569646478, 10.32035386276563], "45": [21.54494904589852, 87.487683042591, 7.404251025248877], "46": [21.074986850753554, 89.43256181986102, 7.137393051784582], "47": [19.68415420205703, 89.93252184016713, 6.68116034211546], "48": [16.801520133764974, 90.1011851294001, 5.516239615078912], "49": [20.019970395464924, 91.14547689437373, 4.805123525460076], "50": [15.636420450259184, 88.42823047511321, 6.756586227046055], "51": [13.540110535779242, 84.7580620105226, 7.41541299200875], "52": [17.582217260991552, 85.46023367011098, 9.748480975374433], "53": [15.953340940444388, 87.02214003970755, 7.667317107959088], "54": [17.97208521086598, 89.49031083343273, 5.584580201019129], "55": [18.189987524262122, 88.25186227656745, 6.802918298657927], "56": [12.139054997154105, 81.93508697535417, 8.265573682317013], "57": [12.748387113453173, 64.7004990161297, 27.376689715591], "58": [16.635231244273466, 85.53451856219215, 9.0629531854373], "59": [15.03563062274037, 89.02172987632957, 5.917914096577921], "60": [16.13632935383077, 85.15399127908185, 9.629813632256536], "61": [16.949592019948856, 88.5661458305671, 6.478435451907285], "62": [17.382697294917094, 86.21064271957255, 8.952180435458576], "63": [6.622042602401163, 44.565965135669984, 31.189424143261], "64": [20.415040584370534, 90.17511488130238, 6.25311668933406], "65": [18.56048066202329, 90.84859042043863, 4.6569728702886835], "66": [14.784111596305337, 82.10859309083747, 11.007943725283944], "67": [16.44771689843956, 88.07941041123216, 7.533976249949573], "68": [13.422666557419284, 86.22858238619051, 5.188075967023727], "69": [16.400314878371194, 86.77741649642203, 8.181521974311652], "70": [15.412317961785046, 87.51791388505748, 7.271524667552225], "71": [14.913572982877135, 84.30795502182174, 9.538069193498028], "72": [7.0643372766785895, 36.88145869982434, 41.68612289885374], "73": [8.984124812341062, 57.18134293523782, 29.53571116859306], "74": [12.638229971870416, 83.64837802000456, 8.135174421560285], "75": [15.865121819891066, 87.84799391493375, 6.367080481391148], "76": [13.426763762401162, 84.50481960144063, 9.399221645062365], "77": [14.251124291945914, 87.16271784773556, 6.3386063938435], "78": [14.450364418371468, 86.74034029762574, 8.084340882337463], "79": [4.3870975627530635, 26.823385056065668, 39.3656008514795], "80": [13.29071645262031, 85.85597073002342, 7.99335424576536], "81": [7.444640054779647, 46.96023378347014, 33.00967520500605], "82": [12.27086957630097, 82.57795457417701, 8.362824262868859], "83": [13.184905790105926, 81.02382726575742, 10.244277296591846], "84": [12.906682401988405, 86.12018177982054, 6.775639411911403], "85": [13.920007175199018, 86.07895420983459, 7.392367594557732], "86": [6.118130508775752, 44.162532110638814, 32.41536501390905], "87": [11.05403993725006, 83.59803817598171, 5.906425218772977], "88": [14.56029215789085, 83.77493991992176, 8.910310925660506], "89": [12.722041239459152, 81.98814933431422, 9.79532248111077], "90": [9.94802054169449, 78.93517608834874, 6.740166080133295], "91": [6.5313561141700385, 38.103167819097365, 35.8931476698213], "92": [6.5313561141700385, 38.103167819097365, 35.8931476698213], "93": [6.5313561141700385, 38.103167819097365, 35.8931476698213], "94": [13.229360521227175, 83.17195740063298, 9.219734425059649], "95": [8.160245617338685, 50.399026571689575, 33.209749649260736], "96": [8.204405584741073, 60.42004906474585, 23.906425024761205], "97": [14.882309077078126, 85.47192138476316, 8.779200314395132], "98": [9.117030869853405, 75.09197782938146, 9.587293715607881], "99": [10.444930735037623, 79.27527924898502, 8.627697932939263], "100": [14.76068497951676, 87.43778345416668, 7.203261841760554], "101": [4.763698409182472, 28.05359453454195, 38.998511458427394], "102": [13.903052652003726, 89.63061913079409, 4.140114414138142], "103": [7.095658973042555, 45.48207261672194, 35.6339350152093], "104": [5.060652412780728, 36.17955788933416, 32.35955403732493], "105": [11.436431462944054, 81.6058680049914, 8.856376595123487], "106": [2.7281639381484903, 13.309951099683445, 33.896450538232735], "107": [4.487749534066551, 28.124026721229466, 34.39826897701353], "108": [10.22066674842323, 79.16882490339721, 7.4085230882458575], "109": [12.536341349790021, 86.26040372557604, 5.641739979332964], "110": [10.001736487785267, 80.16138864810956, 7.291138966069428], "111": [9.986697782768093, 80.47538869990926, 6.2769154255611], "112": [10.692803337713883, 80.04160391578716, 8.053716529945223], "113": [8.345144704387243, 73.67775848463022, 7.819993469580087], "114": [9.690684652187478, 77.08189780333679, 9.503023688256084], "115": [7.677388591537524, 68.6186145890806, 8.865823340861139], "116": [8.48410301972404, 72.45360701065437, 8.572141186159561], "117": [9.57041005735049, 76.93840299232846, 9.394382575986297], "118": [7.75405413251911, 70.86061563514473, 7.953186583715424], "119": [4.344435362018653, 28.52902301252131, 35.16943238370537], "120": [0.7570610634047666, 2.361547373841894, 14.098868448358079],