{"1": [0.3577334200076999, 0.6625632183616741, 0.41268008785141397], "2": [0.26516677173406056, 0.37571730997790503, 0.34363411670910315], "3": [0.32618108216786723, 0.461711517626119, 0.4168879342686911], "4": [7.899754899413048, 104.54732234808758, 6.414793108590809], "5": [2.728036778046389, 6.64973505007725, 2.9392361634942814], "6": [11.67393008439431, 172.2162863208641, 0], "7": [3.8307669388084546, 25.566731217976002, 1.3180732778787634], "8": [0.638336615163825, 1.2256655906239895, 0.8205230074518871], "9": [0.8718809516139705, 1.3763270010970377, 1.1063522805434312], "10": [0.7296666657165778, 1.3445453985513203, 0.8868131395082111], "11": [0.4526763957810519, 0.6535077765653072, 0.6124846018013864], "12": [0.7361138741700849, 1.1042547388688775, 0.9707008758424035], "13": [0.3235252871077894, 0.5337555641908559, 0.4271971520693385], "14": [2.6103464147357442, 9.54839075021792, 2.3485106014192745], "15": [1.0577992710033466, 1.9850676951333726, 1.2545676988222425], "16": [8.516660627702985, 109.7883052485329, 0.5776166941136832], "17": [2.3255088530436363, 7.114013468905976, 2.0816059253971595], "18": [2.6220250413595876, 6.834819519012075, 2.44417946566727], "19": [6.350730990538257, 69.28212536944162, 5.720585098871657], "20": [3.824015914174246, 16.760050557536452, 4.035566742776721], "21": [1.2993660724191156, 2.639609300892195, 1.4394444947557248], "22": [7.0756509209695455, 82.76365698497547, 7.418637657479141], "23": [1.401751244595519, 2.354622266545115, 1.6414858527250829], "24": [11.641400931334525, 171.95078476093886, 0.009052219353888669], "25": [0.7680954013802106, 1.2794997610728718, 0.9409433046524593], "26": [1.4186555006130168, 2.3167017698072625, 1.6762254919089368], "27": [1.0280007048402724, 2.3367033235968093, 0.7929424775057989], "28": [2.762493569643342, 9.42770249833487, 2.7263121056148782], "29": [1.420778687979677, 3.4117379277145825, 1.323826927669085], "30": [3.844339853153514, 21.86497954613783, 3.0891859145839886], "31": [1.4676635895235988, 2.46644028715676, 1.819698623883981], "32": [0.4422189477510283, 0.8603873592091245, 0.511623911518411], "33": [0.2890035873221559, 0.3960314302449448, 0.3899650012977548], "34": [5.980637831047129, 57.83549895307086, 2.608065605209521], "35": [5.8768087863192005, 57.099685513243614, 2.5126439889987786], "36": [2.4001427422159685, 6.360789945405515, 2.3090694938508145], "37": [0.7843246923812387, 1.2685439816898754, 0.9337204692448974], "38": [1.8396452498884535, 5.532922541929218, 1.5799176275404698], "39": [1.7826442520030916, 3.6113441195489693, 1.9150414621806193], "40": [1.6139661757011106, 3.8217152141053825, 1.4686951633969674], "41": [7.740277762638896, 88.48924983220277, 0.0003447528255192678], "42": [1.2801344339862366, 2.520680665645043, 1.386894217872979], "43": [2.748814037727866, 11.976180538375711, 1.5706682500461047], "44": [5.177552928035576, 59.70491042001108, 3.9176270067419026], "45": [1.4905776624750353, 3.575187037773175, 1.3898865623477819], "46": [2.5588020163636873, 9.201755683543615, 2.219786981056967], "47": [1.3761899736337129, 2.726215031760349, 1.5351925385274208], "48": [1.326894739574601, 2.711046823128951, 1.5137055283493228], "49": [0.11990167022376363, 0.16435116359284999, 0.157281647984176], "50": [1.5299445925570936, 3.1551169910656167, 1.7703068561726933], "51": [0.7073934048458056, 1.119829471350346, 0.9566433159618347], "52": [1.6206492487541535, 2.813569041623998, 1.955893395977378], "53": [0.8609581846576044, 1.4637081723528285, 1.05436990601672], "54": [1.9129158929990449, 7.867430292108987, 1.4882311106929995], "55": [1.7119426657399446, 4.160671635031484, 1.5856693658247245], "56": [2.928945857851115, 14.25388235766307, 2.4635736412299547], "57": [2.6691928027793406, 8.167480813421493, 2.1960527375428995], "58": [1.0583885037452885, 1.751889937200289, 1.291054223442908], "59": [1.2802425442243632, 2.4937920012132606, 1.290267761933465], "60": [1.7697274762544688, 5.253889928386305, 1.724390907304155], "61": [0.7416060166674446, 1.229476216982055, 0.9357704281762377], "62": [2.0463210491273216, 5.061048555901709, 1.9603463142117619], "63": [1.4347768188040249, 4.2351890309982245, 1.2150650367950622], "64": [0.7004708175589562, 1.0363289671761282, 0.8974673294034602], "65": [3.554502990342097, 18.745112212341375, 2.745930612514384], "66": [1.471199283312401, 2.947197449782768, 1.5970541404041705], "67": [0.46044129526448285, 0.6722061479935414, 0.5771393114737785], "68": [1.824877212211507, 4.370568534701407, 1.749651917379258], "69": [0.9467539541622002, 1.521254113463703, 1.165324274940053], "70": [1.1713345325456366, 2.657167604758511, 0.9248287628131573], "71": [3.0633451542522647, 11.915060125889607, 2.76688732224195], "72": [1.3230598053058693, 3.199419264684836, 1.3058893219340488], "73": [5.304073384899379, 52.64376430527552, 2.419503578888415], "74": [7.483956245458192, 94.06998481458687, 0], "75": [0.4585169531339818, 0.6560394598940884, 0.6137832480912869], "76": [9.618688343602969, 139.49420004145813, 0], "77": [0.902074784713665, 1.483752119071001, 1.1594669511296618], "78": [1.1309782111888538, 4.145756409719929, 1.115307212586992], "79": [4.672675537270335, 37.69275219328338, 0.5117054611668341], "80": [1.322140131019113, 2.153486510983365, 1.5739659310821499], "81": [3.4782351614822047, 22.568224450687847, 0.004935324915532835], "82": [2.69233715470913, 9.85356773707707, 2.9234104855482856], "83": [0.6474602000805321, 1.2343519567594916, 0.8036503900783016], "84": [0.832939360505308, 2.056392811336236, 0.8916387384910499], "85": [0.8236424260619525, 1.5620120367750634, 0.9779225827134227], "86": [0.2788383867695765, 0.5179477705863168, 0.3754903181285367], "87": [0.7278900472281186, 1.4071792295813719, 0.809218455713565], "88": [0.8418024337277815, 2.066751721716206, 0.9482807328841225], "89": [0.2968418080000119, 0.4328427224713594, 0.37057963288736673], "90": [0.45594674322253526, 0.9117475621150717, 0.6046150562892992], "91": [6.474633045314485, 80.18189165702688, 0.0009883778477627336], "92": [1.2868793022838838, 3.038833269826656, 1.3144432501733285], "93": [0.07975280338574242, 0.1084767095247941, 0.0891589586360031], "94": [4.966631578221775, 42.88338134334772, 3.1174500676048136], "95": [7.74213701094409, 95.58793242279947, 0.7707574313890928], "96": [4.263959385064773, 33.11698473545, 1.347512904957689], "97": [0.3655884590673043, 0.5915118158842517, 0.4275852510206396], "98": [1.5526206511255132, 6.532492882995685, 1.330802776109827], "99": [0.04498530384315036, 0.05908246691986785, 0.058712083268066206], "100": [2.3286978789393857, 8.45677190370662, 2.292609706429255], "101": [1.01125457064939, 2.5847160661819957, 1.2544967356098138], "102": [5.961629134144681, 74.59914837111414, 1.9928810994680242], "103": [3.780000172146525, 24.145474559742635, 2.30106345520978], "104": [0.7268659589531987, 1.9077999996729, 0.9577170412995846], "105": [9.77944659978869, 148.23651655936015, 0.15467909931369717], "106": [1.9381516918461799, 7.387120110954681, 2.106705478569919], "107": [0.734123200723569, 1.8825546249087695, 0.8694696501886248], "108": [0.9649789152445915, 2.6302876918883475, 1.2997647543146396], "109": [5.36434020265003, 56.54519939698305, 1.5559673705087902], "110": [5.042701508286937, 57.69151122668411, 1.5481645089806313], "111": [7.4608383313834326, 98.00110821533356, 0.36023700368359235], "112": [1.3417373861560362, 4.238141285512751, 1.7439232330916554], "113": [6.9867059233437505, 95.85123253009505, 7.643865499851414], "114": [0.6234193329530211, 1.3121073286248282, 1.1455077376911569], "115": [1.2285829395994043, 3.8302566770488915, 1.5634264446546493], "116": [0.14263593088672122, 0.30820525176319225, 0.27833148736279256], "117": [4.746567471635044, 47.964200988250454, 5.174078437758304], "118": [3.629008443168643, 24.698459189314327, 3.8757359488061445], "119": [8.365086243423073, 133.21635954450673, 0.4452208576981148], "120": [5.147063441017641, 56.43198019362094, 4.435292847825949],