{"1": [8.097285521176051, 52.125874737950966, 19.342372289585914], "2": [6.527175714327323, 62.38820810584381, 4.294720092029169], "3": [2.0493925543258973, 20.24266422867131, 1.8622350644357104], "4": [3.4572648451926966, 21.080691179236233, 3.3208994811916126], "5": [1.876876791290492, 8.288503252219245, 0.8965446827713388], "6": [3.408782213990004, 25.351027650059443, 3.180302966630668], "7": [1.6904290922601213, 12.567321716449047, 1.290650069961842], "8": [5.305055155935092, 54.99892210935506, 2.8694319510378588], "9": [1.4687400032244748, 9.665193872620721, 1.7251622155894004], "11": [1.8095336306301624, 8.886691777159147, 3.0340375850981056], "12": [3.232260233745101, 31.508671516721307, 3.196014756645778], "13": [0.9073399589923994, 3.9932661123302653, 1.1810173340248493], "14": [1.219471603523472, 6.633711730256385, 1.440282956571244], "15": [0.818086688195212, 2.4895353001729075, 1.1381259483923913], "17": [2.773247754791048, 10.284701967348251, 2.5870442156416447], "18": [1.627405409053536, 7.642549376206612, 1.4576434117302446], "19": [1.2389117397511655, 6.279303815795529, 1.34056384847794], "20": [4.95248994572863, 26.600321424859878, 7.4829597908571595], "21": [2.8256837278904214, 30.931588796312045, 2.0540259694213434], "22": [0.8335090074681794, 2.0644808727426356, 0.16149201256156054], "23": [5.918554190458244, 46.38643385860112, 9.380507004416819], "24": [1.7062671388560586, 12.76553388794109, 2.204564002754905], "25": [1.586028937046438, 6.6162069365616105, 1.0453248119466916], "26": [0.9294860769660651, 3.7763585601755514, 1.1737323965791537], "27": [2.2225902361078522, 5.553634144379274, 1.0228652773483564], "28": [0.723300824601633, 1.1138593868983624, 1.7255690980240392], "29": [4.250521041209352, 30.72704260563997, 7.534987694526814], "30": [0.3750489295552122, 0.4672563560811757, 0.6517218056883215], "32": [0.9269532455578648, 2.469617633879661, 1.3474124638101603], "33": [2.0550174238049723, 5.809300075218484, 2.230568289417831], "34": [0.17586714895878175, 0.1356375550426905, 0.1470271561724319], "36": [1.3835214446554285, 3.2943262392590786, 0.8164120132784315], "37": [1.7594525047043956, 4.622196516109661, 2.0645828159171584], "38": [2.286223985138278, 19.701881932701973, 1.3534301379016476], "39": [1.0860262506416447, 2.5347578545051683, 1.661368057660846], "40": [1.6850238497602823, 12.643442890844362, 2.1692552054636405], "41": [8.763332722947036, 62.032701522128484, 11.181831062850861], "42": [0.9632403635361164, 2.3385222787669933, 0.26387859530154156], "43": [3.98539965676096, 24.15969547251949, 3.362084327312834], "44": [3.6772484561629124, 21.786654507179033, 5.371477656865612], "45": [3.9205156606478124, 10.310422884896123, 2.783522421330786], "46": [2.6994766980951845, 15.151801639282743, 2.007569526256395], "47": [2.3151807599921854, 10.026972891533953, 1.4943357635499863], "48": [1.9455213146077486, 9.814977786058256, 1.735831291362569], "49": [0.3544634177843421, 0.601989472353515, 0.5741858866821551], "50": [0.4484574860843996, 0.8926813012025203, 0.6324533862723256], "51": [4.8638285600762465, 40.185289537022825, 8.283856326011948], "52": [1.9655699462151133, 16.179242610543234, 2.0207907764383424], "53": [1.5847316927973853, 4.0770185429833745, 1.05365417941025], "54": [1.4326887056933364, 4.546616865222084, 1.354071396527787], "55": [3.4265964883961253, 11.981753191901666, 2.4541073235185022], "56": [1.4938177953243246, 5.597946244981843, 2.397414989163801], "57": [4.002093220816039, 23.705772189188444, 4.402726881475675], "58": [1.7866836300192745, 8.43948299519754, 3.27638050542736], "59": [2.7592807956166516, 23.254579562317588, 1.8242894362840067], "60": [0.9248273964784844, 4.315567691404399, 1.069229629275461], "61": [6.089231109366836, 58.686585321366266, 3.7562621435258823], "62": [4.389584594914931, 19.217095452643655, 13.786138452765668], "63": [7.813212288226812, 65.68878999023808, 3.180316441670292], "64": [2.0939457050925396, 17.368148090186605, 2.075931283975472], "65": [5.661534786681539, 40.8489628075375, 8.09264203039254], "66": [0.8650535545479608, 3.2811809341729394, 2.449928674833333], "67": [0.44496001347383607, 0.8493986723619251, 0.1218184065275788], "68": [1.8003443030290613, 4.494441324050696, 0.8949184386485405], "69": [1.3189893303317888, 3.5915497257967592, 0.47918148238983704], "70": [1.7054148069312287, 4.653890973193781, 2.48114077167363], "71": [1.1345038234692248, 3.945410818631204, 1.7161133123350942], "72": [2.2679550723361754, 19.872183538123146, 2.3727062986756833], "73": [0.4328923034321508, 0.6214309859003747, 0.6052354653582229], "74": [2.2358750700951475, 15.16775847533295, 4.144415161623313], "75": [2.4082647202546332, 19.89543297671822, 2.380912082588398], "76": [2.8054363630897536, 18.42458612443743, 2.3112729451407437], "77": [2.2225976990578418, 20.460391856546963, 2.551933195514327], "78": [3.1362445429210037, 23.000018700785333, 2.509186849797622], "79": [1.4950162947305916, 5.832815505935725, 2.688735644838405], "80": [2.7590346060694992, 27.378295059563136, 1.8894267807333467], "81": [0.31291582960869935, 0.5235334061189548, 0.08662936212918326], "82": [0.537869594046261, 1.1175612377918869, 0.11007858143212834], "83": [0.19722908185482213, 0.13304783506434847, 0.405323359730439], "84": [1.5014167230672708, 5.853264849550819, 2.0198774033948403], "85": [7.721951083383324, 65.85920552769247, 3.463694722749729], "86": [1.3936441463457472, 3.3442801189046962, 1.416231554853219], "87": [0.8309276895681297, 1.8705779257300934, 0.7685544448617421], "88": [0.8689135832223479, 3.768410327344978, 1.1364513354374108], "89": [0.709214464822863, 1.8282577566734235, 1.0334840508953365], "90": [1.2879134218608126, 3.814654290960197, 0.876031243185246], "91": [1.2420098140359506, 6.141724220998651, 1.3667718306686687], "92": [0.6262546538294727, 2.012044084941403, 0.7116016350430693], "93": [3.749266026346036, 22.52307902954896, 7.154276477027198], "94": [0.7714675559589198, 3.587815861462543, 0.980657373191147], "95": [2.939004871827226, 30.639610038413984, 2.1998641054264416], "96": [0.9960361030357235, 2.47901637848392, 0.41782376256864706], "97": [4.9927082712009945, 47.966614472818705, 2.5621108528711583], "98": [0.9275411421769119, 4.992129035971864, 1.3814116931283766], "99": [1.3235603734090549, 3.7926024942306267, 2.297615619459317], "100": [0.05940398007973424, 0.029113851231648044, 0.1996201694516666], "101": [1.2533393108126925, 6.406332959404271, 1.4211344582939558], "102": [1.6900292357688547, 13.606503448026759, 1.3150553246899674], "103": [0.2764343886278011, 0.23067312155807865, 0.33548765127159996], "104": [2.545209987865864, 10.182027441460738, 2.7536592033875693], "105": [0.7318649025724303, 3.505628027530461, 0.9911033979850233], "106": [0.7537007405936426, 1.1393298390178475, 0.39022599598210816], "107": [3.260312532427257, 28.027935030013957, 2.809775746582968], "108": [4.293118792110622, 26.11485110366236, 3.664586793194526], "109": [1.6179414573902782, 6.962162171498541, 1.3710460318864026], "110": [0.7824849463891613, 1.7693242089192156, 0.38292331861625606], "111": [2.120957388064095, 15.829120299903423, 2.3240520580542414], "112": [3.3779896677830177, 11.717958980338812, 3.7271108883300954], "113": [0.7584049407565129, 2.0581655129720966, 0.6554600204663388], "114": [2.568287116306317, 10.31134168471464, 1.4396541141305892], "115": [2.0134722370420803, 7.958076308797543, 4.102662928407764], "116": [4.9182545686201955, 30.23134134304014, 6.27252597786579], "117": [3.8045972405923525, 23.077879324635465, 10.580678823969292], "118": [1.6023335413961264, 6.680818383077415, 2.0690345189679222], "119": [0.8678126690552178, 2.1818441685963514, 0.176287165047033], "120": [2.3920483791685774, 22.929459543670628, 2.217095675821014], "121": [0.9400467719723468, 2.3652657760635942, 0.1926832393064204], "122": [1.7411711785533752, 8.744257727352904, 3.7165013890747893], "123": [0.4103849949929337, 0.40264164183613677, 0.7786711170372502],