{"1": [16.74900171591291, 76.19646658822174, 31.624797484589358], "2": [2.8414201138041464, 11.210648878170774, 13.582834412523217], "3": [0.7302965324171796, 1.8878308760138696, 4.476503625318753], "4": [2.5251343950253964, 11.292806074177047, 12.418228258870627], "5": [16.978712699165715, 83.17089762148387, 26.481675365857686], "6": [13.861108068620734, 74.41883491563071, 24.24157270230507], "7": [4.828318105482685, 25.530502031764215, 18.657325078457628], "8": [12.900382610194061, 63.404225455924696, 28.909721895713123], "9": [4.177957166045298, 20.813611546709602, 18.608341413904373], "10": [11.878346709571527, 67.1676206362278, 22.033061143939534], "11": [8.304384128280004, 42.356035820027984, 24.700222902854126], "12": [2.2212111855578462, 7.699491166430653, 11.827333978524058], "13": [4.950820756072697, 22.32196881309022, 21.89128252692587], "14": [17.541078371151468, 78.1580704670522, 30.35798600383688], "15": [16.63963785817355, 78.70871539283243, 28.060870311837398], "16": [13.033552534440773, 71.26966229292813, 21.94585078265163], "17": [4.852253936075774, 24.62307291278268, 17.955691184634137], "18": [20.052688419466023, 97.12526482760885, 20.040516020386566], "19": [13.131452181360604, 68.48146678745002, 28.89616411792547], "20": [14.739147870614639, 69.63772082975301, 32.018026824938865], "21": [7.478006872968508, 38.59785562914463, 28.222724694386663], "22": [3.7888079899809948, 19.360920651181313, 14.142462624386399], "23": [1.5537493660282111, 7.310465086009966, 8.779418648142983], "24": [2.1750063706943803, 9.518039488280442, 9.863195054473632], "25": [3.8269998869922643, 20.076823741203192, 16.59037911226615], "26": [13.559672583801596, 78.04150803670831, 19.947253802526284], "27": [12.869112576660724, 65.9340867479931, 31.013425531416623], "28": [10.098366126206427, 54.49972307353319, 26.969831197401117], "29": [13.250578272563988, 72.6438118897177, 23.791966478211428], "30": [20.08336150130011, 91.3913994115072, 27.547262793149276], "31": [18.310039402949222, 88.2159299842931, 24.99674212883219], "32": [3.0905307458234694, 14.282638678616618, 14.285478747946375], "33": [13.211741903162949, 63.66430298998344, 28.63275239536717], "34": [2.6522879521642952, 12.43630848919516, 11.658658482258897], "35": [12.332157550344144, 68.74932330581616, 22.45891135630113], "36": [14.079065403200259, 71.40040818622563, 26.151104213176897], "37": [9.759602620223909, 55.59934195438483, 19.1306118550741], "38": [6.693942972660509, 37.94064197175201, 19.589671391326494], "39": [14.327671419364844, 73.80201139161366, 26.916583381449097], "40": [7.009878738435883, 37.26895192088779, 22.198130613820325], "41": [5.266889218679598, 30.23698431372419, 16.295182135697278], "42": [13.386084711753172, 67.34042193491176, 26.42322966090812], "43": [2.141773022243331, 8.006896291345262, 11.98921298957107], "44": [2.4801721454437313, 10.381842404157027, 12.727633851464487], "45": [13.666742770202768, 66.71177197988388, 28.04525732430848], "46": [10.784650601656228, 53.64599112815201, 29.547225383012705], "47": [12.948884068290647, 70.15154046461141, 23.99188037386996], "48": [3.7763561020508747, 16.811501209347615, 17.056874020982935], "49": [1.8554433210828143, 5.988135872917137, 7.336911492224856], "50": [8.604020609168979, 45.40590837138138, 21.542396381406437], "51": [4.482141604231445, 20.57851397731691, 17.279025771230245], "52": [12.99036317435926, 62.88606632948469, 27.857100266389082], "53": [4.8183208123127015, 21.71795142412835, 21.353032717115905], "54": [12.216451338850826, 67.14902945602121, 21.75417273109317], "55": [2.4744295891305654, 9.315946627950158, 12.655925383758477], "56": [15.819048383444256, 84.93609476410091, 17.05792875265795], "57": [10.881222168350433, 57.03554608476068, 23.871951259897905], "58": [6.398296399299884, 39.55033978529925, 16.36447799550249], "59": [4.942164005073508, 25.77864299552236, 19.895286803352583], "60": [3.180879011266388, 12.239251011373156, 16.84544731971392], "61": [3.2161087512598563, 17.5400108009282, 13.057551422954669], "62": [14.32126727786018, 79.17485448133027, 20.59440918760526], "63": [1.1441639302812554, 3.426556039219525, 6.514424693720655], "64": [8.147356504811889, 37.37158168876989, 28.911223798075085], "65": [13.419579523984382, 68.44378178104209, 24.301070928894905], "66": [17.05430357569614, 84.40931259794883, 20.90651188417272], "67": [5.465239952440876, 29.491933343084387, 18.087868808139575], "68": [13.267474515233948, 69.85716916718846, 22.361660601884157], "69": [2.5293339709834357, 9.59631164651797, 12.56428267840778], "70": [3.253298862828525, 15.260193133747737, 14.18821942493555], "71": [15.131924921097237, 76.59052335901167, 24.906254543321122], "72": [3.5846982880848914, 14.043115017275113, 16.908018323992284], "73": [3.1344907489324987, 13.921350715969478, 13.604427276668064], "74": [2.794649491558106, 12.670024303595307, 12.614323628162618], "75": [11.87597181507709, 67.63580405925114, 25.11395468733626], "76": [3.6054137538466966, 16.25023328482038, 16.119278861537172], "77": [14.140985879981226, 74.16600383536526, 23.772892065784784], "78": [0.810286024267784, 2.162802512234281, 4.411704797077162], "79": [7.511549473329424, 36.60695198953927, 24.814557574381702], "80": [13.217867935399928, 69.16737586730368, 26.347670448370625], "81": [1.1243626035880108, 3.205328200454496, 5.5825616455335485], "82": [1.627119560960614, 5.449498350561846, 8.42814509217192], "83": [3.489745054751667, 16.23609323156473, 12.92174251167036], "84": [1.2035679103609893, 4.285634072406523, 6.14535541794482], "85": [2.3450006581178475, 8.183326722032469, 10.336578324939852], "86": [15.00940561102871, 74.70688358267199, 24.75304085442701], "87": [7.38549047952994, 39.60935634400129, 20.772496160118514], "88": [1.1433952731085402, 3.6727813179555393, 5.753618831694929], "89": [1.5200048088665463, 5.359070382611547, 6.604123330120096], "90": [5.782361514921584, 26.75873476683332, 20.744522318920694], "91": [4.694710448316386, 19.27279135041329, 20.72160705670641], "92": [0.985761080687753, 2.2514639668051863, 4.620780179685557], "93": [1.2823811245951555, 3.880358115462919, 6.5891979793753155], "94": [1.4186378562149917, 4.55153394527834, 7.07439525025296], "95": [4.223683001776623, 17.00135314813356, 18.38049957594598], "96": [2.688731788114732, 10.161549666696693, 11.961138346805198], "97": [1.41981413383143, 4.191294339476432, 6.801740978199241], "98": [17.85254895529179, 88.18692750391735, 23.978574235854964], "99": [2.1048235251405583, 7.3815078528703, 10.596467394752107], "100": [5.394267964218865, 21.97161786064852, 25.820093585917398], "101": [1.9548472902171987, 6.661281447217951, 10.085966678796868], "102": [6.811127861018735, 38.34032863346517, 17.977631559002997], "103": [9.469334820296062, 50.240596072306246, 27.083160216412455], "104": [6.347936031758795, 37.30614058955782, 24.06081452026845], "105": [17.122818449271172, 87.11895067004512, 22.43647457250993], "106": [12.610853226229091, 68.05282388055626, 20.87693630032367], "107": [0.7524504143433004, 2.384648481946985, 5.041641522847709], "108": [3.9949223201697874, 19.734737201538543, 16.84782031668835], "109": [8.006366802101132, 46.58540492583388, 22.009401733961727], "110": [12.557022177839901, 69.54923024012848, 24.860053913605107], "111": [3.643838054428527, 19.802492562922932, 16.598503916741265], "112": [21.722123962386316, 104.09814997358103, 18.300400332044227], "113": [3.1199433494902693, 13.806263023449171, 15.782244562430186], "114": [9.864542532225995, 54.580068547286736, 24.483788592135983], "115": [8.495086913674829, 52.29284756817506, 23.43186723937395], "116": [3.733317020644558, 20.257596241272754, 15.573415828627892], "117": [7.146349666608111, 40.26741399453932, 27.597691816765238], "118": [2.3632743433391736, 13.884820739838435, 11.250537313925994], "119": [0.31682122709191596, 0.246917726492888, 0.07134992851590694], "120": [0.31682122709191596, 0.246917726492888, 0.07134992851590694],