{"0": [6.954626493803142, 105.12403544216833, 0.6245471241959156], "1": [6.124028199288238, 103.4154871104686, 0.016009184570151325], "2": [4.655069325410501, 96.51742471545076, 0.6118170296724005], "3": [6.874502874165955, 104.76850117185079, 0.19029318792583794], "4": [3.6369039472657745, 60.461112481198356, 0.2094640468952057], "5": [6.426472087051145, 102.66506890888373, 0.9546472085779802], "6": [6.382284704275319, 103.24267154618335, 0.28612239087558], "7": [4.827059877502943, 96.46081798190008, 0.3818426836866583], "8": [5.749031123764032, 101.93802815094222, 0.32405338685232565], "9": [3.4229986021700762, 61.366775874370354, 0.2770503707128157], "10": [5.314661251313707, 101.55773358303753, 0.32174387482068456], "11": [3.447452421912752, 59.25120182268583, 0.38943287956968864], "12": [4.536258982762472, 93.52000282864387, 0.32728146465752417], "13": [4.626862443922992, 95.63929281738739, 0.23988023709497874], "14": [4.397462767831657, 91.60156328866424, 0.44378879986236475], "15": [4.087960396869347, 86.84673138128039, 0.2940021660027837], "16": [5.169551199916656, 100.54744430939076, 0.3570184950446935], "17": [3.950287695206912, 64.01210214329726, 14.122567221461827], "18": [4.264486124214917, 89.58261134720249, 0.25418863587189866], "19": [4.986569720922194, 99.43777473159733, 0.5820983493379398], "20": [4.679248765564058, 95.48487528890976, 0.19116245488197958], "21": [2.7925313186658616, 32.725819353997515, 0.3090021069510567], "22": [2.3089121031058357, 14.396983365985015, 5.150435009448985], "23": [4.293452809591985, 88.97186520545974, 0.5550594513187272], "24": [4.689695224237445, 97.35071576063012, 0.24354186705114522], "25": [4.221321055662955, 88.9873539532798, 0.21487518055452182], "26": [4.858684274547226, 99.16648459452824, 0.37377406538103886], "27": [3.0686218565872245, 39.29801423858155, 0.2223723534092048], "28": [4.514721022954522, 94.38193898723267, 0.334751984464], "29": [3.6353279276157293, 66.04417042709953, 0.1580143091727797], "30": [2.571089507633159, 24.474748034220635, 0.14103425001971548], "31": [4.534165131145864, 92.54756387430679, 0.08077827199387588], "32": [3.2439680463785066, 44.78159624107351, 8.22467646857856], "33": [3.198997379975043, 48.34842750807618, 0.14536420400479722], "34": [3.29560926153353, 52.030111949233344, 0.16923375975538124], "35": [3.6741187377395073, 69.69265519295566, 0.17770162330582073], "36": [3.7595332325589963, 76.40601465118695, 0.2929769027308453], "37": [3.749790212216361, 69.28876194273113, 0.1396573571810017], "38": [2.967974929347467, 40.871079629804825, 0.35651173904313005], "39": [3.397759284855459, 66.12163383020348, 0.3677132888929667], "40": [1.1201458734729253, 2.3628667874526634, 1.9493270303842052], "41": [3.731037404336294, 75.69578650958869, 0.3478492627839562], "42": [2.151519685909773, 16.56017587397232, 0.18876413101048217], "43": [1.2626239621655986, 2.7087588044116906, 2.139932141447863], "44": [3.436018916809644, 67.64486752097011, 0.5019193523507341], "45": [3.7150920753746663, 74.5225347260191, 0.3816534401676155], "46": [3.5858078425207833, 68.08914538550898, 0.36936278889718976], "47": [3.297857709623314, 54.69574110960221, 0.2906200949315013], "48": [2.8054430483216994, 37.044916398780124, 0.22166243903755245], "49": [3.336514996187133, 54.77099830696124, 0.19158509738478513], "50": [2.5889600016262624, 29.890782679617224, 0.25588916922506144], "51": [2.192229173210648, 16.75234464779798, 0.2707974074345386], "52": [2.9595125619096128, 48.09825145740711, 0.394225855079961], "53": [2.6710919714591603, 32.234812229871864, 0.30204007001274047], "54": [2.999976846783784, 48.20612741728267, 0.2078559962548523], "55": [3.056364984846887, 44.86856105900453, 0.28238765718000114], "56": [1.9765189611633776, 13.911044180236761, 0.32629168273388554], "57": [2.1339486700128214, 15.162787770288874, 4.673105281658698], "58": [2.7931899702858196, 40.70525840422786, 0.44993319123989295], "59": [2.4544715223534688, 24.73654891457969, 0.23626017358506957], "60": [2.6620388049401322, 35.64423069142196, 0.41028981766340666], "61": [2.83122414707632, 35.59365295519553, 0.26572575508958907], "62": [2.895303414269608, 44.61134943346692, 0.44217120701447266], "63": [1.0586892292128083, 2.536343837359336, 1.1520630489242252], "64": [3.4499378709061417, 63.98978579464862, 0.34187646983488373], "65": [3.0826057187771494, 45.275589261303594, 0.17859458573484832], "66": [2.4330743578805625, 26.05708727927276, 0.47778087964754135], "67": [2.699993575678151, 34.92503052134919, 0.3131497535278639], "68": [2.203212161202894, 17.753020362314984, 0.18288724565718906], "69": [2.698867971701057, 35.834371030099575, 0.3786601621586234], "70": [2.5240547274616216, 29.838189211599072, 0.2708884990432848], "71": [2.4440532704439715, 27.507865698064396, 0.4370169447770098], "72": [1.1669616879463993, 2.488562712896691, 1.7634116148694914], "73": [1.45523145468373, 4.980469060196405, 1.8150785395778604], "74": [2.0493944637242563, 15.496275406533032, 0.31675404821703546], "75": [2.610196739985319, 31.795161368295645, 0.23248545499833584], "76": [2.18910488979733, 19.130079849095456, 0.39500735724458036], "77": [2.3076522883356634, 21.742348506035743, 0.2237230050574759], "78": [2.3500130646521105, 22.733366452587966, 0.301150135864659], "79": [0.709942317746626, 1.424419857580064, 1.424753532605681], "80": [2.163182088095779, 18.0960385737642, 0.2997407651558207], "81": [1.206594824043328, 3.0385435770533165, 1.3849619804490696], "82": [1.987706381523335, 14.122564961775769, 0.3063824734104391], "83": [2.1530967607126326, 19.22772898792573, 0.42166620057061166], "84": [2.0713940439315537, 15.60931157837155, 0.258049297486187], "85": [2.2616264550548375, 19.843433145761114, 0.2768395607462145], "86": [0.9710088304655125, 2.4941472840251158, 1.1850751347016693], "87": [1.7548963506951947, 9.608993650594856, 0.20834875840488265], "88": [2.389947684123766, 25.696953169209422, 0.3946708666764296], "89": [2.0517998699266085, 16.196651754260827, 0.37610107977718554], "90": [1.569614875230049, 7.097483582544842, 0.22299583862665928], "91": [1.0709090497023754, 2.151144945506604, 1.3410658069597035], "92": [1.0709090497023754, 2.151144945506604, 1.3410658069597035], "93": [1.0709090497023754, 2.151144945506604, 1.3410658069597035], "94": [2.1394937352948307, 18.77402924312523, 0.34977183565824865], "95": [1.3147782333640077, 3.506032071994365, 1.5631913403949227], "96": [1.3083644999195738, 4.252754696591762, 1.1076459405379033], "97": [2.4134961392077807, 25.89184849109136, 0.341031723121336], "98": [1.4362583948630598, 6.370700807026657, 0.33760170842947046], "99": [1.6571339923477453, 8.957678899123867, 0.2994288445962425], "100": [2.3880309984917343, 21.945403899463567, 0.2801397526589322], "101": [0.7645433411661768, 1.5016047815602733, 1.4200152189224609], "102": [2.238983666748943, 17.83838871841822, 0.1428371552374832], "103": [1.1380556987494708, 2.7764296006839033, 1.4748210750211532], "104": [0.8019730147274052, 1.8270837630328522, 1.0919072932898453], "105": [1.8245040088917501, 11.61403917319182, 0.3141834889864885], "106": [0.43598391126439895, 0.5808591178738163, 1.069542739475457], "107": [0.7126147885149855, 1.337523946197044, 1.2087544260082022], "108": [1.6214632043329082, 8.211900358853745, 0.24893120694491966], "109": [2.002169188531783, 13.5072983373463, 0.19999085272646855], "110": [1.578489938415637, 7.696781000768332, 0.23971171000681546], "111": [1.578095724509623, 7.793481330696905, 0.19661927881497143], "112": [1.7008239777225012, 9.475732860430446, 0.2869865221068887], "113": [1.304339688076929, 4.81387868074239, 0.2612291764532625], "114": [1.5256868973525035, 7.355796022007149, 0.32199773865268067], "115": [1.1975488386416306, 3.877233960218105, 0.3012522412845764], "116": [1.3303412697876342, 4.9532246004341385, 0.30105917668206106], "117": [1.5151432796190778, 6.855868834324197, 0.3178154830997941], "118": [1.206982948587295, 4.040117667210407, 0.24613742198595434],