{"1": [0.09227005953623701, 0.08670648117131574, 0.0005568550733681121], "2": [0.07192615223997667, 0.06713984889931458, 0.0004376240383854313], "3": [0.02099482121971874, 0.01945913195391903, 0.00020012135955371768], "4": [0.03796247552855747, 0.035438338141868385, 0.00033326213363182866], "5": [0.02156823824327725, 0.019812637044316888, 0.00010132165697185336], "6": [0.03677022934520058, 0.03420094829030631, 0.00022052752687040655], "7": [0.017197000434609366, 0.015850716410850032, 0.000135126081826753], "8": [0.0565620069353453, 0.05288520786232235, 0.000303352571233817], "9": [0.014996820547918288, 0.013819523907389757, 0.00018242019085101813], "11": [0.01918836621305875, 0.017714858201447106, 0.0003361911315851174], "12": [0.034377973326295996, 0.03214508068042169, 0.00034478995419073843], "13": [0.00919872014131895, 0.008399022764789833, 0.00012221289526592738], "14": [0.012397920274635044, 0.011399307932224326, 0.00015067981326377655], "15": [0.008397760495905016, 0.007707477082765643, 0.00011956004988211699], "17": [0.029777994174978617, 0.027544098549750082, 0.0002895521858031769], "18": [0.017388067152340536, 0.015943594579306802, 0.00015702384969418226], "19": [0.012597860315956222, 0.01160148089243974, 0.00014064049942941192], "20": [0.060661158202307, 0.05647892993025029, 0.0007359990476717426], "21": [0.02919028296185755, 0.02717430578019633, 0.00022173659236912613], "22": [0.008795161970033827, 0.007969695658090463, 1.726901982734841e-05], "23": [0.0678973312103811, 0.06369220427224916, 0.000537183409636155], "24": [0.017594481500984083, 0.016291929124088632, 0.0002369893193531203], "25": [0.01718568974915813, 0.015762013950995066, 0.00011558194704253122], "26": [0.009398940086660201, 0.00860098438657459, 0.00012165401690167332], "27": [0.024771787031264814, 0.022719493609989226, 0.00011234559290751456], "28": [0.00739830030528732, 0.00673812389832416, 0.00018249724129537626], "29": [0.04932073710671958, 0.04625378375202203, 0.00047030550552717987], "30": [0.003799500049329052, 0.003439246695949175, 6.718347183332085e-05], "32": [0.009596600975767644, 0.008775127855387711, 0.00014366075199179207], "33": [0.022577561252924316, 0.020750860741101555, 0.0002501420127152265], "34": [0.001799580067991302, 0.001623242908260421, 1.5235146333836269e-05], "36": [0.014789805783906318, 0.013579658345444019, 8.956518756031429e-05], "37": [0.018984911103738678, 0.01725371661362372, 0.00023158434688086427], "38": [0.023394501251712607, 0.02179693771375612, 0.00014315193402358872], "39": [0.011394342738820451, 0.010371936165531543, 0.00017691523311713642], "40": [0.017592163555954943, 0.01614945237064813, 0.00023650673956820967], "41": [0.1032137541500815, 0.09678992931203052, 0.00033860758577897165], "42": [0.010194062738972276, 0.009235184152893408, 2.7945339391988178e-05], "43": [0.043163750352747776, 0.040358403785476275, 0.0003264580281202578], "44": [0.0431252801088533, 0.04014003960805528, 0.0004607317700542346], "45": [0.04533050386002446, 0.04149700777921069, 0.00032380149492861054], "46": [0.028978396702398546, 0.026710650936827292, 0.0002178491000449645], "47": [0.026758615101603933, 0.02455038223590761, 0.00016774344454284495], "48": [0.020587788188364153, 0.018858867067015655, 0.00019246326100075262], "49": [0.0035994400639939306, 0.0032644454927061033, 5.918508890845331e-05], "50": [0.004598820262613712, 0.0041896553954798, 6.605600002196343e-05], "51": [0.054927165452724025, 0.05159657776853957, 0.00037673283389860757], "52": [0.02039228286303063, 0.0188984764009678, 0.00021611644195584923], "53": [0.017383075232129563, 0.01597695377820974, 0.00011700750710386121], "54": [0.014993022563227876, 0.013702879249350564, 0.0001436143337807394], "55": [0.04013136601366285, 0.03673454410927553, 0.00026874348359573474], "56": [0.01539526124637125, 0.01433151821360946, 0.00025466063206380785], "57": [0.04474713592818469, 0.04182786776953099, 0.00045131333485026737], "58": [0.018790244451578397, 0.017376446973302442, 0.0003607265178041663], "59": [0.028589544021201507, 0.026401792648303144, 0.00019851917730351332], "60": [0.009398460230633066, 0.008590809238084017, 0.00011093474163825778], "61": [0.06752394296894715, 0.06336205010278624, 0.00035061924418122725], "62": [0.05269565712223645, 0.049094180110602646, 0.0007172377516684314], "63": [0.08946535596245808, 0.08392998834295469, 0.00029223786094578763], "64": [0.021791063456184756, 0.020263367346904437, 0.00022410319146670687], "65": [0.06766750154254986, 0.06315122483758849, 0.00046773535982080894], "66": [0.008996381291605404, 0.008319611650878514, 0.00026489539937335493], "67": [0.004598460366599055, 0.0041710852204461055, 1.2794148214867462e-05], "68": [0.01997825925526775, 0.018308714780886515, 0.00010027449382288278], "69": [0.014386890912251094, 0.01320756717549321, 5.2126384594841646e-05], "70": [0.018187867149808246, 0.016611673059043593, 0.0002794626638579212], "71": [0.01199308388607978, 0.011141509429714412, 0.00018579991812783803], "72": [0.023985850216900362, 0.022237040206367426, 0.0002603917653548615], "73": [0.004399280093322688, 0.004002126440666443, 6.254494295543367e-05], "74": [0.023784748898208252, 0.022140680990080805, 0.0004609091277948396], "75": [0.025188285709429103, 0.023354590039860276, 0.00025218906313639877], "76": [0.029979095629372732, 0.027690113883211104, 0.00025425685491220484], "77": [0.02338766625727995, 0.02173856033002062, 0.00028266017518774333], "78": [0.033180531678584035, 0.030752473288696208, 0.0002773595644102178], "79": [0.015395381246355533, 0.01423568484397036, 0.00028926901249060055], "80": [0.028589543757386426, 0.02645435344795713, 0.00020446983572908195], "81": [0.0031992801173179597, 0.0029030251045792073, 8.99679812704779e-06], "82": [0.005597720685172836, 0.00507848063467633, 1.1594222264599274e-05], "83": [0.001999720029330687, 0.0018025288967554749, 4.170957641180806e-05], "84": [0.01579174419150209, 0.014516402436142741, 0.00021776448791588354], "85": [0.08570492284818021, 0.07992594167987796, 0.00036451982695884233], "86": [0.014395241271715764, 0.013135180597260907, 0.0001489819093550837], "87": [0.008992664537792239, 0.008240457648391413, 8.711816512629866e-05], "88": [0.008798880114655239, 0.008041523003479477, 0.00011781301516688991], "89": [0.007396821041058543, 0.00673446543624152, 0.00011041976739445403], "90": [0.013394621760842385, 0.012238152696318418, 9.136860770497801e-05], "91": [0.012598180211977228, 0.01162252295598155, 0.00014288302694365207], "92": [0.0063986002586257085, 0.005877820783183349, 7.358076848629214e-05], "93": [0.040368901719974426, 0.03767563894183214, 0.0005438798172228143], "94": [0.007799140067995092, 0.007138257571415752, 0.00010137936827592231], "95": [0.030587345857344128, 0.028290059879259588, 0.00024210544607494722], "96": [0.010791006396177472, 0.009885076758188793, 4.640326181248877e-05], "97": [0.05672024777703488, 0.05314886705393828, 0.00029413212402884525], "98": [0.009398740142650741, 0.008676519218677063, 0.00014420484671717748], "99": [0.014189746499078004, 0.012924560977523303, 0.0002637005149510596], "100": [0.000599940003999766, 0.0005398380251973362, 2.0435904759308343e-05], "101": [0.012797280549230905, 0.01175537781410768, 0.00014847818186136674], "102": [0.01719696043461083, 0.015871298726210046, 0.00013796370329510754], "103": [0.0027996400346637085, 0.002528189035845478, 3.4432109097926045e-05], "104": [0.027774719357127053, 0.025535932154845797, 0.0003145700953196551], "105": [0.007399180065328581, 0.006771409485472348, 0.00010241883054862289], "106": [0.00779730071584428, 0.007075790164090154, 4.0863512638433797e-05], "107": [0.035369724930682245, 0.0331902068029458, 0.00029975602830756287], "108": [0.04814120775921038, 0.04485387959158029, 0.00038782589494834596], "109": [0.0171892458078573, 0.015728101287599446, 0.0001461643082232289], "110": [0.008196101534155176, 0.007524980394024822, 4.121856164640558e-05],