{"1": [0.18428095437665082, 0.01550806747651637, 0.002223779806148407], "2": [0.14370489740846493, 0.010114702894227804, 0.0017483227020659298], "3": [0.04197928975551346, 0.0022901775205891473, 0.0008001653142593046], "4": [0.07585004399858297, 0.005337853703775342, 0.0013320079319654177], "5": [0.04307310565290201, 0.0018185284671989128, 0.0004048130768186109], "6": [0.07348103453693933, 0.0046289379489756165, 0.0008814972058568404], "7": [0.03438800347643023, 0.0015142671319455312, 0.0005403663035982165], "8": [0.11304813533905311, 0.008168856681027457, 0.001212402872062257], "9": [0.029987284382703705, 0.0013112777582994126, 0.0007294380025619773], "11": [0.03835348968096686, 0.0018596456243433592, 0.001343761107327368], "12": [0.06871194655413082, 0.004965990391182711, 0.001378147469444757], "13": [0.018394881130444185, 0.0004896406323000186, 0.0004887419413246441], "14": [0.024791682196837916, 0.0009790561737701754, 0.0006025561828177928], "15": [0.016791043966485564, 0.0006132873103452357, 0.0004780788164514549], "17": [0.059512033338390835, 0.0031233991088029287, 0.0011573671682051367], "18": [0.034752297189481585, 0.001258302169000264, 0.0006277091518647193], "19": [0.025191442527309205, 0.0010683345035788605, 0.0005624016576510904], "20": [0.1210459004919534, 0.008454908300450646, 0.0029394756720519943], "21": [0.05836114368840417, 0.0036773861772834986, 0.0008865271843266909], "22": [0.017580655755211727, 0.0002493623096726382, 6.903212534115077e-05], "23": [0.1355900074263371, 0.011014343485118164, 0.0021452942822000054], "24": [0.03517793200508712, 0.0018648837586730629, 0.0009475876497495594], "25": [0.03434279794924289, 0.0012762457584082592, 0.000461934136165576], "26": [0.018795760693237518, 0.0005751846558551996, 0.0004865106716368528], "27": [0.04948725607381943, 0.0018897479347717524, 0.00044900398640279615], "28": [0.014793202441935938, 0.0003303644216353037, 0.0007297346177860264], "29": [0.09848341571520236, 0.007982227074061257, 0.0018776317385682528], "30": [0.007598000394601345, 8.231835060167782e-05, 0.0002686674536238609], "32": [0.019186407804287042, 0.00057598271006786, 0.0005744032052649173], "33": [0.045110329881671296, 0.001875360469619296, 0.000999690279115395], "34": [0.0035983205438624433, 1.7412659484921173e-05, 6.092112542677164e-05], "36": [0.029559246249190152, 0.001144357184072893, 0.00035796095550344464], "37": [0.03793968877455178, 0.000771954467623056, 0.0009254707849404298], "38": [0.04677801001141968, 0.0030045741143225, 0.0005724127723092387], "39": [0.02277738190113887, 0.0005067992854576516, 0.0007073197023012012], "40": [0.035168668436630246, 0.0013192224049025465, 0.0009454878802866995], "41": [0.20605634908942183, 0.01681685816171762, 0.0013522153916214474], "42": [0.02037626190356545, 0.0002827850943080007, 0.0001117226145591621], "43": [0.08625512263623258, 0.0062851888368602215, 0.0013049369198679939], "44": [0.08610159956866192, 0.005804613025008356, 0.00184039830881233], "45": [0.09052235022016442, 0.0032674568664112047, 0.0012936051431432505], "46": [0.05791365353181699, 0.00266627394606847, 0.0008709468977888823], "47": [0.05343468032524967, 0.0021488767306586908, 0.00067026651352875], "48": [0.04115118546721175, 0.001402289830350747, 0.0007693007704343557], "49": [0.007197760511906015, 0.00010372214039612527, 0.00023668046276847932], "50": [0.00919528210048981, 0.00021100316720534346, 0.00026412761717031774], "51": [0.10970908252081146, 0.009126481860697807, 0.0015047282092608416], "52": [0.04076914289650557, 0.002233770369475139, 0.0008641263122806109], "53": [0.03473236176220629, 0.0014427584652535028, 0.0004675794462282168], "54": [0.02997210049965293, 0.0008841646904866374, 0.0005741931200020645], "55": [0.08012588703686707, 0.0029275806705771614, 0.0010742622811872327], "56": [0.03078104996861475, 0.0019350917178722234, 0.0010182405206236034], "57": [0.08938876702225784, 0.006572299338249177, 0.0018034505539935575], "58": [0.037560995598606595, 0.0019265472590451332, 0.0014419626154611453], "59": [0.05715819215791618, 0.002755700432546081, 0.000793745890221631], "60": [0.018793841844802595, 0.0005394799647399079, 0.00044363663537350106], "61": [0.13489618265251813, 0.010862352107466385, 0.001401094556883975], "62": [0.10518333495276833, 0.007362801204444934, 0.00286284570440809], "63": [0.17866236455006657, 0.014531796767849952, 0.0011676488585186107], "64": [0.04356426764030508, 0.002665654405012203, 0.0008960190769146115], "65": [0.13507096936065444, 0.009877774638587683, 0.001867472071894527], "66": [0.017985530329691635, 0.0009158976467156503, 0.0010589980180100156], "67": [0.009193842932252894, 0.0001404973268772096, 5.115315553161359e-05], "68": [0.039913113929757826, 0.001459945909026896, 0.00040075338646028413], "69": [0.028747607236096817, 0.0011259731976603765, 0.00020837018886976644], "70": [0.036351497170296065, 0.0010528176690723185, 0.001116971233724784], "71": [0.023972351073295428, 0.0014372172738592608, 0.0007427170978443476], "72": [0.04794344167848752, 0.0026938412422945865, 0.0010408879119134795], "73": [0.008797120746500076, 0.00017612514389292593, 0.0002501190877194359], "74": [0.047539031150039324, 0.003039354216912775, 0.0018421361840382788], "75": [0.05035316565489456, 0.002819410974246033, 0.00100822707075654], "76": [0.059916444950072645, 0.002976611205138239, 0.0010164460883841375], "77": [0.046750690036506115, 0.0028410983451973002, 0.001129911825730856], "78": [0.0663221733747471, 0.003690343822477667, 0.001108628321822236], "79": [0.030781529968365695, 0.0015505755212181437, 0.0011565453013898663], "80": [0.05715819004887057, 0.002965790038558637, 0.0008175125828008278], "81": [0.006397120938423484, 9.968903578985373e-05, 3.5974370095170904e-05], "82": [0.011190885480101054, 0.0001777951738234885, 4.63537642952927e-05], "83": [0.003998880234626023, 1.3106172987929468e-05, 0.0001667964866900462], "84": [0.031566993517383346, 0.0012714115577830544, 0.0008705918169753524], "85": [0.17122010198826798, 0.011796369561467457, 0.0014561304053589685], "86": [0.028780970171459308, 0.0007504717181681213, 0.0005956938481558316], "87": [0.01797067628469262, 0.0006379167088459948, 0.00034814306789532345], "88": [0.01759552091715766, 0.0004979556633915208, 0.00047114283593685524], "89": [0.01478728832627485, 0.00033107127972067794, 0.00044143711296518173], "90": [0.026778494082818405, 0.000768712053756585, 0.0003653482842117528], "91": [0.025192721695646125, 0.0011491754120211669, 0.0005713820015255111], "92": [0.012794402068682431, 0.00048594775226395905, 0.0002942457043230151], "93": [0.08067569365305294, 0.00558143848669857, 0.0021734181597261593], "94": [0.015596560543927773, 0.00048215772993394725, 0.0004054338612636821], "95": [0.06114940683754089, 0.0031311875626431175, 0.0009678750640784717], "96": [0.021564051138871276, 0.0007536147924122044, 0.00018546512053096986], "97": [0.1132815007350303, 0.008927312621147663, 0.0011751271011394282], "98": [0.01879496114108614, 0.0008793031361063643, 0.0005766765259933582], "99": [0.028359011963945746, 0.0006848841379783763, 0.0010535991819105028], "100": [0.0011997600319967328, 0.0, 8.172718013066405e-05], "101": [0.0255891243930364, 0.0009699940843412113, 0.0005937435201029961], "102": [0.03438784347645385, 0.0015969642685737817, 0.0005517071274203644], "103": [0.005598560277288334, 3.660448962330024e-05, 0.0001376967856182576], "104": [0.05549895475947586, 0.002325231277327241, 0.0012571878782277057], "105": [0.014796720522596618, 0.0004543396470236937, 0.0004095896095911433], "106": [0.015589205725514366, 0.00025147700421606, 0.00016338791459646895], "107": [0.07067899930708754, 0.005629445278134701, 0.0011978812549964246], "108": [0.09616510154558577, 0.006497811805951348, 0.001549792947797779], "109": [0.03435700644040807, 0.0011043028366388488, 0.0005843530308875522], "110": [0.016384412269155546, 0.0006204306493931614, 0.00016478774025663334],