{"1": [23.60034979175579, 44.44218628760836, 38.85534026356305], "2": [20.36566469643374, 54.810827398632426, 25.97999580258426], "3": [7.642680572683418, 49.04759572890617, 19.56316271480134], "4": [10.892133306983112, 32.18756968300334, 32.37154484393347], "5": [5.294026702852406, 9.259413802660577, 9.846664730915807], "6": [11.299819554121754, 42.797154013132584, 27.394180656651525], "7": [6.426439924894428, 44.143828088312766, 15.129398612984797], "8": [17.911272682310063, 59.576670652994835, 21.274052879824467], "9": [5.524300632192862, 33.473300204095615, 21.908950800245133], "11": [6.151041851759023, 17.266015900941298, 35.86537981064177], "12": [10.935017559261984, 39.663795066171694, 35.1335373246732], "13": [3.483902667150473, 20.13665495359459, 15.555551520456811], "14": [4.644016903993365, 28.815654329719557, 18.226435957380957], "15": [3.031072517440671, 10.783257641446616, 13.582443275717509], "17": [9.138903975176312, 23.615436470933254, 26.315411528494895], "18": [5.428108725530326, 14.40397959960106, 17.40698079743206], "19": [4.716772387044282, 29.22004865908785, 16.97931172238234], "20": [12.973119892093093, 24.131668049998556, 46.650017983873035], "21": [10.295547463029335, 55.4882344364074, 21.654849244162552], "22": [2.8570885481524724, 4.68778331863002, 2.0328267742161255], "23": [17.288897174743553, 38.65116040530238, 42.9565287472198], "24": [6.244623269625993, 33.0527072931184, 24.196995349036577], "25": [5.095160963014021, 7.894038792462434, 11.779846373814474], "26": [3.595798431249303, 20.607062698840085, 15.072399626745426], "27": [6.694182980711792, 8.72012295384332, 11.879953063533982], "28": [2.706429667383106, 6.967517613829291, 20.932334757848302], "29": [12.007239951385445, 38.21483117451635, 35.39054415526965], "30": [1.4430561300751017, 2.397434950343718, 8.941689202150947], "32": [3.352968174297448, 9.699491676801879, 15.775239543143025], "33": [6.458573238679391, 13.936399544134316, 24.638668832409675], "34": [0.6569407720348125, 0.47660603399250684, 2.0262604552795804], "36": [4.5977582687300265, 9.386222671006728, 9.666463633441284], "37": [5.749224578169951, 9.624613930055238, 25.27656900734209], "38": [8.553395027937725, 56.51968980588655, 15.640267766316267], "39": [3.8035091826367413, 9.951707407408309, 23.638834718258178], "40": [5.982089330854443, 30.717202788230516, 26.591122782157978], "41": [24.419146303719216, 51.06269392680595, 28.770085246815192], "42": [3.281628884586833, 5.180480026761901, 3.3904782788472363], "43": [12.95433693914755, 37.77188568584399, 37.465656974616785], "44": [10.18498114882522, 20.33499176622034, 34.48505621301403], "45": [10.826903257155523, 11.810860096133869, 28.342337561203422], "46": [8.981987128968353, 37.857363228169255, 21.724613285771767], "47": [6.495150330159262, 9.226573925340336, 15.692173935979612], "48": [6.704543942266626, 30.479426273813804, 18.704776213960834], "49": [1.3543502840758577, 2.8765463624063305, 7.930914820241012], "50": [1.6667514161335721, 4.6495464591719875, 8.256221773289317], "51": [14.700692577934884, 49.12883988856342, 29.39071223295258], "52": [7.085986067929859, 37.586365022569105, 23.284868672718993], "53": [4.9871341943269245, 9.750968606613117, 11.934354159588251], "54": [5.029370535520322, 9.479084136298452, 16.205022293085392], "55": [9.487978394643301, 15.252342001064756, 27.635197212029908], "56": [5.47444237523307, 23.392684669400857, 32.081653144355656], "57": [12.056009861867958, 27.817040239232153, 40.725895513081205], "58": [6.203938914204936, 19.256537430775282, 39.199700953898564], "59": [9.990687418441214, 52.30196429471272, 18.482039443587833], "60": [3.5275571359088627, 21.166650925361314, 14.081012053906235], "61": [19.109631544140324, 58.89850796006125, 25.238112991106874], "62": [11.45651750503448, 16.31154439301554, 55.151811364392316], "63": [23.16213199485012, 59.37718420941462, 22.108541506768653], "64": [7.484518494292385, 38.164682568717396, 23.966823779740903], "65": [15.209348215648612, 39.91788879181592, 36.72380421583835], "66": [3.0943511401020025, 11.497234691658823, 27.217136594153835], "67": [1.6154366128059952, 3.2886970787135303, 1.6432767477728918], "68": [5.46431669496334, 8.0257556323658, 9.44707712678054], "69": [4.200826431760217, 8.91073408384206, 5.414005309651408], "70": [5.718198201321448, 12.282459691146085, 33.67246200264367], "71": [3.899745564723848, 11.92973003741518, 22.105419455278536], "72": [7.843531667638243, 38.51488767431541, 28.55443371095849], "73": [1.6505171728156083, 4.2820613065410305, 8.041073196440637], "74": [7.550967043757095, 24.078826194683824, 44.50784338180625], "75": [8.513680314448045, 40.94571851345107, 29.435560123599362], "76": [9.434688303409661, 38.48470999156256, 23.84599374784584], "77": [7.725706125937858, 35.31252845803574, 28.65967159783946], "78": [10.769097343557801, 40.88112316001191, 27.97858761615677], "79": [5.493299849213428, 23.660614311599865, 34.537169325774705], "80": [9.977883285399448, 52.35004994824303, 19.992725459304882], "81": [1.1719364292287762, 2.465707428707668, 1.2037012575484312], "82": [1.9152489596195816, 4.063080051925311, 1.468005963921271], "83": [0.7570143437477628, 0.4133955691286509, 5.708957992676199], "84": [5.2260138930230475, 19.645604124133172, 24.21290375845242], "85": [23.78983778698187, 57.5686260437904, 20.69577493562794], "86": [5.073060996051012, 11.674429319229935, 17.362216040894666], "87": [2.6675670448529027, 4.214057464053737, 8.343709125027393], "88": [3.347868648502564, 19.464248633625246, 14.566529900816926], "89": [2.511389270411086, 5.463446560697602, 12.235154848286072], "90": [4.600481711005613, 10.238468385779356, 11.451631274706141], "91": [4.761823764285136, 31.355052631653855, 18.269320791544352], "92": [2.3515668802809846, 10.63291469541192, 9.55162153805686], "93": [12.291693480109933, 32.877025276815836, 49.94579887967445], "94": [2.9866402985353284, 19.132201511719376, 12.835609138333368], "95": [10.531128288405018, 53.21899712964236, 21.58293157246408], "96": [3.2085260747003703, 6.586359230984445, 4.185655472698063], "97": [15.02757944482796, 53.934949102828185, 22.54773127678688], "98": [3.567151883628951, 25.053977167091833, 16.65721092480078], "99": [4.377869364108531, 7.669493507779046, 24.13582074250985], "100": [0.23065096084009273, 0.0, 2.861575776582356], "101": [4.7175107340860905, 27.805795089696964, 18.908093320176725], "102": [6.420074362029316, 45.083261746611456, 15.312298786456006], "103": [1.0645489582012198, 1.1274720325896823, 4.793841657007216], "104": [8.054870631733683, 13.77854252761322, 26.219213003940997], "105": [2.8328729913085997, 18.533825023757, 13.056792329825708], "106": [2.730120150501774, 5.1916959959064775, 5.62997744501659], "107": [10.551689129944247, 40.34524565841047, 31.453882233029162], "108": [12.942408672271819, 30.914843539396156, 32.823460726499526], "109": [5.469187347841553, 14.152582049705433, 16.487201503258923], "110": [2.742481786127241, 7.274303186232404, 4.196866735010934], "111": [7.659946098152258, 39.930488683403944, 27.27737217650272], "112": [11.239013737368287, 28.66824265218292, 42.418681574977796], "113": [2.800854197512747, 10.865321473364988, 8.82635330847144], "114": [7.305384885511851, 10.892584898051595, 15.91000076837225], "115": [6.834392493784641, 21.0633486894004, 44.16376258482204], "116": [13.12068909312573, 29.67082702987424, 42.90492468187639], "117": [11.770924520416498, 23.914178161107312, 53.806017370186645], "118": [5.623554616715698, 23.371011639221763, 27.60381705685686], "119": [2.9386304080065826, 4.514695900239724, 2.172366065828235], "120": [8.151239842408058, 39.47758469874766, 28.179777435184274], "121": [3.159031075696929, 4.7879809387435, 2.3368176377983225], "122": [5.341274373299879, 7.633122223193739, 37.57114115349618], "123": [1.5344932381543295, 2.035074602367727, 10.385374170911634], "125": [13.525904798561655, 31.387521466243516, 43.62085460951012],