{"1": [0.8918430340668765, 4.462122977136079, 2.541952115881019], "2": [0.6612972958883366, 2.620003527208816, 2.124775549102481], "3": [0.8123995027795287, 3.208212287881885, 2.568316371018717], "4": [18.878312705853247, 111.61132208586115, 13.491211625151664], "5": [6.646711108436032, 28.51369906055786, 16.49862978236585], "6": [27.60424322927016, 143.8845603846506, 0], "7": [9.390172642196793, 78.09158091958834, 7.078538338448393], "8": [1.586683607711958, 8.020898266062387, 4.980653451075859], "9": [2.1629250582202832, 9.016590878166001, 6.672400182060155], "10": [1.8117981844322169, 8.783825373421902, 5.367247343814368], "11": [1.126755057135724, 4.470718194613535, 3.755754223174303], "12": [1.8273417204603248, 7.37420977133252, 5.877157187911259], "13": [0.8062933882824789, 3.635688767187356, 2.6324024883640686], "14": [6.423696096650699, 44.90735083159355, 13.005298002586848], "15": [2.6208043180028104, 12.614548085629428, 7.497241006727692], "16": [20.486885193239537, 126.29231712963443, 1.1860432086442239], "17": [5.731884338377693, 37.49136229299853, 11.82948137167468], "18": [6.421251133784321, 33.37580883179512, 13.839991822214783], "19": [15.325456212297187, 92.27040133249756, 18.88476767158821], "20": [9.331292549611486, 55.333386568645835, 19.4042486046356], "21": [3.2070723074368823, 16.126848774243335, 8.53205261622962], "22": [16.98901018947119, 97.42163479231141, 20.048705306178665], "23": [3.4484890825002257, 14.338225156602416, 9.6865022517375], "24": [27.438533959137338, 143.52431612331395, 0.018907742375295133], "25": [1.9057449803434572, 8.360925409295099, 5.698253027520472], "26": [3.4953893988589826, 14.255730787051105, 9.905713689942814], "27": [2.5463125203761914, 14.610425853016187, 4.783676262717518], "28": [6.798573903552956, 44.15207569999197, 14.876729117481952], "29": [3.5105928793835304, 20.493499464130906, 7.835874104095053], "30": [9.391195095722061, 66.00034148540978, 15.199959551678674], "31": [3.6121584187985905, 14.932439198132114, 10.690838842250328], "32": [1.1018840037545252, 5.720089072939402, 3.1408691242947353], "33": [0.7202820154588239, 2.768822755562187, 2.4078974799418233], "34": [14.51097840937968, 97.69426130167192, 9.865962718063699], "35": [14.269901466875764, 98.00880145766067, 9.87325725221846], "36": [5.8731905904512125, 31.77866038524416, 13.077928908358368], "37": [1.94642315043257, 8.324865150304053, 5.658253709153267], "38": [4.545418980749646, 31.325359885490265, 9.156182804522372], "39": [4.381498736649464, 20.678849103819168, 11.17151339273763], "40": [3.985394388305507, 22.629162879569403, 8.649943504430494], "41": [18.75946340193771, 122.5053880404068, 0.0020046531967062853], "42": [3.164656954743835, 15.56908631303282, 8.25030549791418], "43": [6.757307785227035, 53.77543412985524, 8.947222631020773], "44": [12.488366991188505, 90.89666293287424, 13.677401014759578], "45": [3.6821367036360098, 21.340467126479354, 8.204792012504306], "46": [6.299382257853669, 44.700558006104146, 12.359696920087307], "47": [3.3998617098412423, 16.665928778710608, 9.0859596144374], "48": [3.2748928489345817, 16.502003114967238, 8.945054965716215], "49": [0.29938609611769507, 1.1652833137382343, 0.9781055858276586], "50": [3.7681710798183294, 18.702600221495356, 10.364768711790516], "51": [1.7536331498820008, 7.340703529804926, 5.7892556113766815], "52": [3.9766671542665994, 16.283477244406786, 11.405764456037245], "53": [2.1315230454661274, 9.423891127078562, 6.349920234922832], "54": [4.728810926872257, 41.22660089927111, 8.60890147374992], "55": [4.2165215945905095, 24.04384226402932, 9.261733295003433], "56": [7.193580230075213, 56.3762904498318, 13.138980560902217], "57": [6.530895734573061, 39.300664285762274, 12.306574998571872], "58": [2.618571933077098, 11.16518763591599, 7.730188199240436], "59": [3.1624245529118484, 15.41699519418869, 7.6932123929364025], "60": [4.377472742659612, 29.849288044955248, 9.97363274887481], "61": [1.8406704915080905, 8.061730311928299, 5.6698070899772315], "62": [5.032753023987921, 27.90625121826711, 11.318430657023388], "63": [3.5571975778384894, 25.039029003016573, 7.1809191822105625], "64": [1.7388082983927209, 6.900112935345827, 5.45280827389706], "65": [8.714321701383232, 62.21892882346304, 14.015807795109428], "66": [3.626585468873192, 17.74624330783383, 9.418449758748162], "67": [1.146036789932337, 4.586362907113422, 3.5417688579041386], "68": [4.497070633607183, 25.099579604533492, 10.196811052622946], "69": [2.346691156665909, 9.863605914947883, 7.013248929156645], "70": [2.8970784194890626, 16.412168230643083, 5.552566163292268], "71": [7.520673862400259, 50.800304253837574, 14.773377606857427], "72": [3.271693590480142, 19.329176293116753, 7.736873749097381], "73": [12.895352596275407, 93.56754315921937, 9.719164477718301], "74": [18.094134034420932, 122.29585047131577, 0], "75": [1.1415057266334987, 4.493622171803428, 3.764240732079254], "76": [23.03952844185036, 135.49201218016583, 0], "77": [2.236180509661258, 9.61014183359599, 6.974627998670568], "78": [2.8065843771171872, 24.200755172336557, 6.605526842112578], "79": [11.428983276785143, 93.40893015776993, 2.4146765848090626], "80": [3.262411141244115, 13.439630167155723, 9.336659029806905], "81": [8.55230403999575, 81.66048452612908, 0.02648615966407475], "82": [6.622731716805202, 44.25812676768374, 15.67081031798847], "83": [1.610679566378644, 8.091885429683273, 4.8851599491688145], "84": [2.069492174545239, 12.94048929927346, 5.374865190612534], "85": [2.045879680867868, 10.106331131967114, 5.906695370471798], "86": [0.6950008011582619, 3.5012729331473245, 2.313617521396622], "87": [1.8096368396087092, 9.148759897848807, 4.9154450700196], "88": [2.0918730864155632, 13.005249626169219, 5.712038403420103], "89": [0.7400186663955403, 2.9965083510244637, 2.2884095912513573], "90": [1.1359351056495373, 6.029915562119219, 3.701171972999329], "91": [15.68976804074429, 115.93119763808717, 0.005994482389471978], "92": [3.187879096785479, 18.5674323593441, 7.800384772350818], "93": [0.1992052401621226, 0.7722526489160009, 0.5555689267748094], "94": [12.089226608744855, 82.94402588945893, 14.258789570058886], "95": [18.66460446772597, 119.7568152835045, 1.3347975151401723], "96": [10.4172545783253, 82.63595626882156, 7.158141445312629], "97": [0.9109411237895633, 4.025941279969093, 2.634651992363225], "98": [3.8438791001875607, 35.71151480210086, 7.780363440507798], "99": [0.11240818502938155, 0.42379747144709917, 0.36618994542278915], "100": [5.732660119799542, 41.44712204998371, 12.83610982218287], "101": [2.509772794932374, 15.880801401118768, 7.484954294820663], "102": [14.406576261206189, 104.7860311994461, 6.355628851850132], "103": [9.238186666379443, 70.06190563297153, 12.112722153722878], "104": [1.8077287643144888, 11.982919173774668, 5.776286517975114], "105": [23.315305873806288, 135.38312701943238, 0.6104218472728746], "106": [4.782631825170682, 38.28134379836711, 11.912547454369667], "107": [1.8253459887835375, 11.862430055172036, 5.257756671894645], "108": [2.3945494270837075, 16.040475225291527, 7.734199261050018], "109": [13.039324470395796, 99.27351755630706, 5.805256640300355], "110": [12.224472629369226, 97.65524446137188, 5.769168942299051], "111": [18.024246388998396, 119.84545921015766, 2.0203722713176555], "112": [3.3201027808468826, 24.368959331189085, 10.200992385142355], "113": [16.695733613833834, 99.69797321420715, 19.58626072980593], "114": [1.5489542995878527, 8.391837769290088, 6.914332680683564], "115": [3.0432578986075383, 22.369014917441973, 9.210228945783753], "116": [0.35597616633312346, 2.069248340122512, 1.7240809278569458], "117": [11.482517544438542, 78.7881973057176, 20.180745849992423], "118": [8.852891490861007, 63.70735178054128, 18.302096980235966], "119": [19.935836774430918, 126.77312001685098, 2.2747477366224578], "120": [12.44103756681209, 83.86370268619983, 18.17274373341883], "121": [17.313279790339188, 100.72533592396704, 20.333045447551882],