{"1": [0.4131813542035516, 0.4752847361085004, 0.011211360035443207], "2": [0.32250968252239687, 0.36440367483087394, 0.008822728665068391], "3": [0.0943952160576027, 0.10062484357312942, 0.004046662610697083], "4": [0.170242638390799, 0.18613575177903285, 0.006729919349724001], "5": [0.09655952324795969, 0.09891487995256874, 0.0020433691207850657], "6": [0.16499921514365012, 0.17761434373120932, 0.0044547563114022415], "7": [0.07733928958588288, 0.08006046917128166, 0.002733805604054451], "8": [0.25393254376222385, 0.28402205585493007, 0.006124650933397646], "9": [0.06743565490330294, 0.06938726333617058, 0.003689629631285718], "11": [0.08616485522885542, 0.08938203383954128, 0.006789916391754525], "12": [0.15435490211913105, 0.17077201598834693, 0.00696379175272388], "13": [0.04137409287331495, 0.04071009498758244, 0.0024728414676959964], "14": [0.05575790501631961, 0.05662200275650995, 0.003048325490062953], "15": [0.03775468515920921, 0.037499174247572105, 0.0024181965684391127], "17": [0.13365538424826018, 0.13812908273191332, 0.005848293339561272], "18": [0.07805886559238395, 0.07864666922753098, 0.003172852925791725], "19": [0.05665669377782123, 0.05766439316485148, 0.0028450774468887774], "20": [0.270810802681961, 0.30211515012391166, 0.01482308395414389], "21": [0.13120343964186199, 0.1431107066553396, 0.004482616061134315], "22": [0.039502169317765734, 0.037483208823963526, 0.00034891811269210926], "23": [0.3039330019181774, 0.34734314499357366, 0.010816740696707794], "24": [0.07908835666609815, 0.08324556845028624, 0.004792332046098746], "25": [0.07711090663903919, 0.07767775793739132, 0.0023335278742543375], "26": [0.042278542895066384, 0.04184355554206768, 0.002461594008460022], "27": [0.111030596207645, 0.11052982613332046, 0.002268277171905808], "28": [0.03326560280478408, 0.031594110309544406, 0.0036909892902681207], "29": [0.22070318107508424, 0.25492474548020044, 0.009459806626369582], "30": [0.01708987949383245, 0.01586665712131914, 0.0013592810896695395], "32": [0.0431312388428966, 0.04222035322020164, 0.0029048192438543285], "33": [0.10124711603285219, 0.10152677862821868, 0.005049695151023936], "34": [0.00809150119297497, 0.007369167458720711, 0.0003081659089119171], "36": [0.0663939761798148, 0.06584125485324772, 0.0018083711184547768], "37": [0.08519523462403122, 0.08162449096399746, 0.004674140474031252], "38": [0.10518873897119985, 0.11387745840801891, 0.0028953125427141346], "39": [0.051185634199564456, 0.04910738570482752, 0.003576439609119131], "40": [0.07904156359769798, 0.08025813024557359, 0.004779576755055359], "41": [0.46155204105661307, 0.5380241878204081, 0.00681744349674529], "42": [0.045779964261632666, 0.043360738326770225, 0.0005648500580412996], "43": [0.19366808850132244, 0.21162753644366342, 0.00659475268484333], "44": [0.1928953831544663, 0.21244170969648118, 0.009284667148406256], "45": [0.20289862048593865, 0.20218803801491447, 0.006528466488666895], "46": [0.1300637135274526, 0.13352230364597964, 0.004403349778808852], "47": [0.11976584174053106, 0.12276526658927112, 0.003384250231924235], "48": [0.09245328958385879, 0.09268180616818554, 0.0038874785875110396], "49": [0.01618866582959466, 0.015238104863002965, 0.0011974313336925446], "50": [0.020676128913893033, 0.019803217354670825, 0.0013359177601733885], "51": [0.24603253061278318, 0.2835925741478661, 0.0075894886619007895], "52": [0.09164393058521325, 0.09681503977211221, 0.004370227984483832], "53": [0.07795834925346701, 0.0779429821769644, 0.002361404963527325], "54": [0.06735888832826442, 0.066168328815062, 0.002903474522458982], "55": [0.17951763285188682, 0.18212046170891377, 0.005429322962201555], "56": [0.06920412848164925, 0.07257245506699957, 0.0051496546341364136], "57": [0.20053345041150494, 0.22139614032919805, 0.009106798601442812], "58": [0.08440276509146583, 0.08776480621203198, 0.007287785444021533], "59": [0.12848855096584233, 0.13412833100147067, 0.0040139855853582596], "60": [0.04226883600592035, 0.041811293991400676, 0.0022445866566661588], "61": [0.3026670993614047, 0.3464934005815808, 0.007075119867951396], "62": [0.2354995297745699, 0.2663368248159869, 0.014415538286114193], "63": [0.40049005697824647, 0.4621525751220731, 0.005894429558541581], "64": [0.09791927957926816, 0.10494568687360022, 0.004530971663293748], "65": [0.3024339071596853, 0.3456912788861349, 0.009409935701232164], "66": [0.04042681257193237, 0.0416265149936482, 0.0053536774818800925], "67": [0.020668848384825855, 0.019527141846390553, 0.00025866555588638374], "68": [0.08956111016270418, 0.08886190270439859, 0.0020243966818770387], "69": [0.06453531191430573, 0.06436319593744119, 0.0010531415671805044], "70": [0.0816548154042781, 0.0798323764749271, 0.005643315301273821], "71": [0.05386022350791364, 0.05623281180668522, 0.003753848329764664], "72": [0.10771418875727334, 0.11456061229440567, 0.005260762917200457], "73": [0.019785428500736724, 0.018680747679432064, 0.0012654497750038685], "74": [0.10679179443026665, 0.11595525835348948, 0.009306455949032233], "75": [0.11316318945357395, 0.11996232114291427, 0.005097332347813399], "76": [0.1345777908463789, 0.13977010467489825, 0.005138208330491167], "77": [0.10505068432884312, 0.11267016265295193, 0.005710743254602968], "78": [0.1490065920638477, 0.1586813551139901, 0.005602000011179276], "79": [0.06920655847526302, 0.07110019225276465, 0.005848143395248306], "80": [0.12848852698449575, 0.1359871524126215, 0.004133881027812758], "81": [0.014385430685769807, 0.01355644759725271, 0.00018195763526773767], "82": [0.025153892385282317, 0.023839533979211663, 0.00023437295494344035], "83": [0.008994332671961258, 0.008158332675514902, 0.0008438751911219455], "84": [0.07093311636770006, 0.07165669359469998, 0.004401381572893603], "85": [0.38418194532673755, 0.4324265880688904, 0.0073463787090704], "86": [0.06470372579469641, 0.06256048232027456, 0.0030127097315492124], "87": [0.04035177780351684, 0.039789548072929885, 0.0017582534650645298], "88": [0.03957733044451739, 0.039072671324486115, 0.0023837498242146316], "89": [0.033235699779007755, 0.0320537808695716, 0.002231690516717122], "90": [0.06019121530048721, 0.05884336768994338, 0.0018479664004248386], "91": [0.05666316430945362, 0.058094771886940184, 0.0028906726861057663], "92": [0.028771673554333743, 0.0287316307036161, 0.0014886298680907295], "93": [0.1811717949827425, 0.1970039384024074, 0.010975890534776767], "94": [0.035082591194667834, 0.03492424813637582, 0.0020514267274193143], "95": [0.13744416790544922, 0.14540152337643836, 0.00489276087292656], "96": [0.04841833163532128, 0.04775004021532209, 0.0009370235782728553], "97": [0.2539940148166522, 0.29111268434358606, 0.005931128491012072], "98": [0.04227449799418681, 0.04353101054638758, 0.0029175671698946637], "99": [0.06369282608650695, 0.06174927962309224, 0.005318514112448769], "100": [0.0026987853644179216, 0.002426721795243071, 0.0004135345152181946], "101": [0.057544970016258024, 0.05810667905917457, 0.0030036423013647395], "102": [0.07733847958648365, 0.08062610477532713, 0.002791092975620413], "103": [0.01259271315785182, 0.011517049096627907, 0.0006966874719742666], "104": [0.12458943503460018, 0.12650470534099045, 0.006350403738015986], "105": [0.03328340095172255, 0.03316585902149621, 0.0020724397248956805], "106": [0.03504539018182862, 0.03295079527110059, 0.0008263101712090437], "107": [0.1586886913000145, 0.17986434962522638, 0.006049656841450646], "108": [0.2157142385476165, 0.2351242404346688, 0.00782639651898509], "109": [0.07718263834687744, 0.07690143888907587, 0.0029544055423929017], "110": [0.036821164637061976, 0.0363353502896632, 0.0008331265085642636], "111": [0.09883422829374477, 0.10591552560365793, 0.005100915079832569], "112": [0.1623779393992122, 0.16802492786050222, 0.00837728498628465], "113": [0.035055101434492086, 0.034350190021292734, 0.0013698004226091465], "114": [0.13230462700510748, 0.13472638886039698, 0.003202832688274926],