{"1": [32.497839504366596, 35.49798826739372, 45.330938768852135], "2": [29.25445798943127, 45.31984829870471, 35.17739713320287], "3": [12.521932570481518, 44.146357382595866, 33.98703242398271], "4": [15.803667392991041, 28.4136995458223, 47.98562229625651], "5": [7.114847429206874, 7.641711030626093, 20.941691652123804], "6": [17.088038155975504, 36.505106192803645, 37.50283065235131], "7": [10.706585389760944, 42.144885628345584, 29.817465271607958], "8": [27.21735545943778, 50.67560345583619, 30.7194886096686], "9": [9.11194017097317, 31.331134339677867, 36.06692648851269], "11": [9.325331042599144, 14.878675122078372, 48.34892495707867], "12": [16.58305436011104, 34.140243439290025, 46.72398328250672], "13": [5.858145434087605, 22.969786066389055, 33.22349184485263], "14": [7.7480658165207466, 29.653104389293745, 33.90768347893307], "15": [4.932192620101514, 12.925837488498688, 28.77769299770502], "17": [13.551921771469923, 21.26461093360333, 41.2506711504118], "18": [8.116783737453133, 12.239866120378665, 34.43150181824403], "19": [7.870267812158913, 31.501800919488826, 30.656847130315803], "20": [17.204816109437374, 20.042809009924405, 58.5035422479152], "21": [16.52766732524032, 48.01538663924297, 35.341858992254004], "22": [4.3365892742511845, 4.399127590161486, 4.771833960802704], "23": [24.085093596034294, 31.352313109045646, 49.82531599243903], "24": [10.05683982244612, 29.722671816576312, 41.15503968873892], "25": [7.387653511424253, 6.340168940637531, 23.09469491543664], "26": [6.088961124281779, 25.831485568294475, 31.38907035743681], "27": [9.298844636717277, 6.553346881728127, 23.73473520815138], "28": [4.441677089567351, 10.256785959325953, 38.09177240780714], "29": [16.521978537207733, 31.849397736982002, 41.36210687500744], "30": [2.4309917154483474, 5.145523623721349, 22.15735617575049], "32": [5.340018502556333, 10.213478527879863, 31.951790409155212], "33": [9.335478758594114, 13.597010055532746, 39.19482703530871], "34": [1.075601955817767, 1.0266154495796413, 5.120921226448523], "36": [6.834964747708472, 8.366448294668649, 19.473254333296676], "37": [8.510342044809931, 9.058250744475929, 37.94570053095469], "38": [14.054954675789507, 51.46062789168164, 28.675690349739263], "39": [5.922784701852439, 11.132884727580485, 38.77288586700981], "40": [9.430185828879095, 26.61791132954702, 37.90885851863946], "41": [33.52247589718981, 41.93915456942736, 35.118326409414976], "42": [4.967939866275424, 5.15198581749495, 8.113646110089046], "43": [19.15343164002962, 32.04280371526099, 47.96328572625037], "44": [13.808431263846401, 16.54582669760661, 51.320157427637305], "45": [14.203373996817197, 9.031781241314178, 41.099401326165626], "46": [13.565155216817523, 34.324802304974526, 38.818355492509525], "47": [8.73672551323302, 7.620771435680214, 31.094224852800973], "48": [10.379998307618887, 28.350330120281846, 30.473874677171807], "49": [2.266215409530926, 5.818116437956801, 19.883575588648792], "50": [2.7206579921208776, 6.681484076664332, 19.524794232167665], "51": [21.12078474497422, 41.327009772070454, 37.47801219507791], "52": [11.288082479628308, 34.21974144487878, 39.26778405387798], "53": [7.197911984971668, 8.53739147411496, 24.060207525688423], "54": [7.8023197391726296, 9.043771824701683, 33.956133764024955], "55": [12.864771768597775, 15.206381160309741, 45.510019229796335], "56": [8.823618549724547, 23.0643163849446, 48.59701104958993], "57": [16.90896920364347, 23.000670121835093, 51.81642882947574], "58": [9.566447170670836, 17.69021644417478, 51.959487177011404], "59": [15.988652155962152, 46.25698922778825, 30.677291537964024], "60": [5.897240774790908, 23.372026555340216, 28.7880658341469], "61": [27.941609119208064, 48.86181210489028, 34.795071665961714], "62": [14.8380683812337, 13.073897780217877, 58.63466832995445], "63": [32.86396652728783, 49.94089334698505, 29.546765331636752], "64": [11.836268471002452, 34.25654470097668, 39.19588672804919], "65": [20.391161244758496, 33.68096752081359, 42.81527968719259], "66": [4.889488946013513, 11.513287257312268, 46.339630934433764], "67": [2.5765158782107735, 4.241740158729782, 3.9833633507773873], "68": [7.619909303853145, 6.307061235008119, 19.300256847956472], "69": [6.107345712152757, 8.352279664494912, 11.830303169934338], "70": [8.593718781437442, 11.007291017962103, 40.38878621384758], "71": [5.9902371294452355, 11.812166785731923, 39.77683433802103], "72": [12.190829426204779, 33.212763071011125, 40.153429805768106], "73": [2.756877624975177, 7.384169696150663, 19.091288213379716], "74": [11.418509488126473, 20.350199953763504, 54.34821176610256], "75": [13.376062557793382, 35.561372410729184, 41.82829984015526], "76": [14.329956682932464, 33.6421776555281, 38.96679169327785], "77": [11.96483148398474, 30.967833364677478, 43.23954178757594], "78": [16.53190474294578, 34.15353566085317, 37.51429942186806], "79": [8.879546524402622, 23.639266541090468, 47.96943190668031], "80": [15.932681430716162, 44.69476219388542, 33.61503808201137], "81": [1.924054923749373, 4.318354706389356, 3.1101276976585233], "82": [3.003967513275999, 4.689071098551743, 3.6635991791980462], "83": [1.272283104695714, 1.0285053300528384, 14.739763826465282], "84": [8.103681446108677, 19.89585859626353, 42.86694099390815], "85": [34.00257193522624, 46.93350987139101, 29.084156183152512], "86": [8.123884996963776, 13.737481193500958, 37.36291757232373], "87": [3.849639139315933, 3.6492855836167077, 12.42757456852468], "88": [5.648063716859559, 22.92114255512405, 31.42797156928483], "89": [3.921983932404788, 5.418718134959197, 26.133456058885496], "90": [7.247440212118779, 10.735729042141065, 26.60773728721786], "91": [7.99594877737303, 36.13660598051977, 32.46481310743975], "92": [3.873804619851951, 13.800388584161006, 22.83212883610156], "93": [18.181849662016134, 28.106723594403174, 56.650988551144934], "94": [5.060894278130341, 22.939340300966787, 27.53189915510752], "95": [16.733616242614588, 46.769993319731455, 35.63593017767007], "96": [4.674415460206669, 6.134412809674998, 7.296119038556588], "97": [21.65827707258859, 45.63677170846302, 32.213334299276745], "98": [6.008084167702613, 28.78247903451337, 34.007091171196244], "99": [6.504990520312859, 6.876220983176639, 38.756019811627205], "100": [0.39192529380358243, 0.0, 7.526393322827889], "101": [7.7937035673810655, 29.496774845627975, 35.51363149865407], "102": [10.68728842074713, 41.94709497942359, 29.62270977056851], "103": [1.7948501631004905, 2.6540146896931054, 12.663982819053306], "104": [11.592362188739733, 11.946557560582734, 39.551101373393934], "105": [4.799610748927954, 21.78815892480999, 28.211121372493135], "106": [4.349584058986892, 7.5850841104690545, 11.931152681723942], "107": [15.583543003877038, 35.156781255174145, 40.70298258552325], "108": [18.314635323168105, 26.053064857491176, 46.62543973386212], "109": [8.246979563962922, 12.10108708172037, 34.106127650229716], "110": [4.253406584275378, 7.511547277546827, 8.545647525127666], "111": [12.224959969225566, 35.14046505879865, 38.822788448282665], "112": [16.818725830683842, 25.78288337415535, 52.43702712195614], "113": [4.55279080442449, 14.701070026564725, 20.908960156466044], "114": [9.96844581262085, 10.734633457114004, 32.991514567983025], "115": [10.379914574654132, 18.574830037524944, 53.84915662121917], "116": [17.658696297379922, 24.547748274797023, 53.76278847036674], "117": [16.880288183695757, 19.937461577883067, 58.98728090005078], "118": [8.763651176458529, 22.606619719673176, 41.51228270165387], "119": [4.407970877948905, 3.823421888958674, 5.0052005270501185], "120": [12.462213262698352, 34.123006560005734, 40.30689487879935], "121": [4.718251753015764, 4.175174800071318, 5.285272317270504], "122": [7.444243591909952, 5.536348944626858, 51.03509200681426], "123": [2.5176221658179796, 4.184204595506067, 25.02329654945888], "125": [18.287467007300744, 26.403989280974283, 56.17129900151709],