{"0": [14.469510338574981, 102.29619182614304, 1.009675024746047], "1": [12.98589820116916, 102.04642583764544, 0.10780465899991432], "2": [9.939963500136043, 93.90034477065743, 2.2898579611317325], "3": [14.469108598951129, 102.75558494551672, 0.7055708915066793], "4": [7.830168814253441, 79.17945812922468, 1.1801701389307442], "5": [13.625456974314053, 99.61302137775226, 2.801668922321661], "6": [13.50977113104702, 100.6635154777472, 1.5634320813791716], "7": [10.281955485397066, 93.70730736961926, 1.8866674280139524], "8": [12.24416611031474, 99.25047202655321, 1.5005194124874661], "9": [7.360465523641359, 80.14755031809075, 1.551490178720457], "10": [11.299893743856018, 97.60423346763255, 1.8341645253744103], "11": [7.430774098007324, 77.22635636683155, 1.9345303329833445], "12": [9.653305448199067, 92.43449358095936, 1.2105000198102474], "13": [9.718738873509983, 92.8280032999068, 1.2480236626397776], "14": [9.240067591078297, 90.2428574660572, 2.0237925901640583], "15": [8.766769972754023, 87.88397436581054, 1.6613273684872973], "16": [10.998643141502694, 97.45608960373224, 1.714062317627547], "17": [8.4181508992942, 74.06972404159062, 14.487430146223087], "18": [8.987252224842619, 89.83572014314687, 1.3228001840174834], "19": [10.6480512736064, 96.25666746210798, 2.414607217803628], "20": [10.028708586500157, 94.90612013988337, 1.134703346434852], "21": [5.987737145146086, 63.473501053380076, 1.7332100539764403], "22": [4.981239356128768, 41.0780869499156, 13.833974798865954], "23": [9.17698922493514, 90.72638819625095, 2.5422369512399814], "24": [10.01283736670801, 95.54076315138298, 1.3246575716880724], "25": [9.079933299925642, 90.14413631454117, 1.0831372847478538], "26": [10.362839801070152, 95.71822908986908, 1.684314974859281], "27": [6.632344930953033, 68.36650606785618, 1.1618845914218394], "28": [9.700173546028703, 93.03461822907832, 1.9211979890401607], "29": [7.844625372687, 81.66815661702138, 0.9172001159505064], "30": [5.569048334173424, 57.44111629502995, 0.7693297892024872], "31": [9.74679098701449, 93.63362405954551, 0.4026122906832985], "32": [6.965671020203633, 67.29236835845445, 11.401381986904283], "33": [6.932139067664244, 73.79335953258044, 0.7469534245517446], "34": [7.118819094642131, 75.5065591859968, 0.895295927936661], "35": [7.915278770073438, 82.67732319862382, 1.0667269972689548], "36": [8.115262568482141, 85.01217021840426, 1.4439983148723534], "37": [8.092183358038573, 82.61820207481772, 0.825839489934996], "38": [6.427149262806529, 67.612922792655, 1.9920922836089912], "39": [7.3303401105746415, 78.85379408626537, 2.0118007740569346], "40": [2.4085029924873833, 10.356858560512698, 11.410881822732138], "41": [8.026801191987577, 84.95421435001892, 1.9702131248679147], "42": [4.688314875639916, 47.38391793651349, 1.0260365832007081], "43": [2.720268356717372, 12.770665912318279, 12.38981090624872], "44": [7.420106399795817, 78.59873969597209, 2.6488490184722835], "45": [7.997458578607929, 83.0006155068032, 1.919326522944118], "46": [7.745506228088802, 81.70158323076379, 2.062204309283641], "47": [7.15046352173181, 76.18602525649841, 1.4730595158743074], "48": [6.0867336264820935, 65.87131811219662, 1.2524979174521884], "49": [7.243018644508082, 75.39853872226867, 0.9571390401139142], "50": [5.627678852201613, 61.32022273407466, 1.4241172513510585], "51": [4.7902472546844415, 46.778261891997424, 1.438140666733581], "52": [6.408995624634794, 70.98094880441568, 2.0914822702567606], "53": [5.790607167699454, 60.917091174969215, 1.6139172617958013], "54": [6.50972144702537, 71.59798310413801, 1.109380788294841], "55": [6.619687430251913, 70.21047878948902, 1.4804429180627534], "56": [4.312396257283366, 42.47469078500483, 1.67052660886681], "57": [4.627249597923267, 42.34910619281878, 11.838337250638077], "58": [6.051728984854551, 66.8840172379687, 2.228024139175937], "59": [5.352982813007218, 56.52802906039623, 1.1700828029756298], "60": [5.792238817152661, 62.8051064409987, 2.0424513505776436], "61": [6.141358021629217, 63.27176136429686, 1.4589454653576706], "62": [6.28570829500743, 68.71330813763214, 2.2676214091608426], "63": [2.3199325951857652, 13.04422262329977, 7.1557521817851315], "64": [7.46399437898165, 80.27513933017143, 1.6803522420458425], "65": [6.697123109195393, 70.67920651511328, 0.9357611848191121], "66": [5.296706535259569, 56.26043062342116, 2.301576907552943], "67": [5.88148694881968, 63.72512060850244, 1.5939976668972657], "68": [4.797603442913897, 47.85183155470271, 0.909778751659183], "69": [5.875983791181648, 63.754146537188184, 1.8701319527380584], "70": [5.501134839182379, 60.6989723045769, 1.3682177815914405], "71": [5.32598502008569, 57.475745247972576, 2.1042976143439156], "72": [2.538128804169645, 12.380034248007377, 10.485569620259607], "73": [3.1791458188179087, 23.0240153421891, 8.994586349992625], "74": [4.476177330751268, 45.647638731988664, 1.6492673364172186], "75": [5.68272127002731, 61.39083799515727, 1.3033897898316291], "76": [4.775486203238306, 50.933416036432845, 2.0478440910710507], "77": [5.042479849818228, 53.177025065918926, 1.1284043420896999], "78": [5.1298765298478735, 54.86483044496472, 1.5489945412889132], "79": [1.5512002443604946, 6.465854633931087, 7.2087247754693555], "80": [4.720708704200725, 50.284911216942, 1.6100976772489761], "81": [2.635528309916351, 15.538873333623185, 8.378999463908448], "82": [4.342511871375807, 43.396347120927814, 1.5603293497512742], "83": [4.695401809018438, 49.88081904576427, 2.044188906305126], "84": [4.535167300865569, 46.14181744033517, 1.3287189213330424], "85": [4.937800346535314, 50.726326368900764, 1.4070940143266377], "86": [2.131213246678742, 12.448594959887469, 6.848387683026891], "87": [3.8515586769321857, 36.70679867983133, 1.0087461819237573], "88": [5.205779685518787, 55.68927304599587, 1.9373422675126128], "89": [4.487448366066176, 46.33273488978908, 1.8096285654940165], "90": [3.449638808898553, 30.852630094053026, 1.059562656063823], "91": [2.3326130681052955, 10.642548990261874, 7.776856521442115], "92": [2.3326130681052955, 10.642548990261874, 7.776856521442115], "93": [2.3326130681052955, 10.642548990261874, 7.776856521442115], "94": [4.676310515406876, 49.64240068197041, 1.650448778328144], "95": [2.8760955844923584, 17.853541336346908, 9.115714072443863], "96": [2.868595367879212, 21.575540163505455, 6.586708031228794], "97": [5.272011966508037, 56.61414764457398, 1.724182492381872], "98": [3.157654461094483, 28.564771987981278, 1.5917820373208498], "99": [3.6375659069907513, 34.53447808532773, 1.4507936304285984], "100": [5.219334039672866, 53.87042155286153, 1.3879893439753936], "101": [1.6738994483549243, 6.874546941960438, 7.326493419413941], "102": [4.898518748861806, 50.14194020907917, 0.7406746873156115], "103": [2.4920237415805984, 14.447390274712086, 8.851586653814572], "104": [1.7607931565331034, 8.994778890017793, 6.055609228697051], "105": [3.9999654956860584, 39.659736445462094, 1.5374146613299953], "106": [0.955504476999695, 2.6130634587812387, 5.051322166803017], "107": [1.5639260277382512, 6.299471216929339, 6.30130475123345], "108": [3.559221351708224, 33.16901496098555, 1.1966874042059552], "109": [4.388522150505085, 43.50572359070095, 0.9930609392964159], "110": [3.469002224976861, 32.34895088822411, 1.1543697794293373], "111": [3.467118636168741, 32.86578113583932, 0.9615763413255232], "112": [3.731251754951788, 36.60258210139513, 1.3844426504111063], "113": [2.8726505976299763, 24.542130856281517, 1.228429331691772], "114": [3.354806669063362, 31.27895614862588, 1.5473152743407472], "115": [2.6385861901156726, 21.34049415086455, 1.41247004102678], "116": [2.9278033639292955, 24.98338906718204, 1.4170140169092194], "117": [3.3273945714171798, 30.249881279857444, 1.5076469245871926], "118": [2.6606631981558504, 22.039248509495422, 1.169527518576003], "119": [1.5083426566109637, 6.337251023642152, 6.0737965313874325], "120": [0.2574172470121817, 0.31665167442351944, 1.746248996950928],