{"0": [0.4076779873690908, 0.44008512490024176, 0.00047604523880262484], "1": [0.35320858293397583, 0.3853839233323837, 5.185423073728046e-05], "2": [0.2669910548006057, 0.29214287647103504, 0.001237834148881789], "3": [0.3989554367884174, 0.4367584519128336, 0.00026633631766348476], "4": [0.20718982143220932, 0.2252203199240536, 0.0006070801991830965], "5": [0.37066900829175065, 0.4033377401719986, 0.001310222155921914], "6": [0.3686411677348146, 0.40168288644084527, 0.0008586214012971105], "7": [0.277435375377162, 0.30054527143858784, 0.000982554843778627], "8": [0.3303366117002412, 0.3583067856537438, 0.0007086245444456463], "9": [0.19519631919998082, 0.21588188890511018, 0.0007785687717821732], "10": [0.30585534693099536, 0.333355290563948, 0.0009652824528703086], "11": [0.19621702228626647, 0.2131376037224008, 0.0011218295034969294], "12": [0.2609540320971452, 0.2838435205857517, 0.0005492868855867528], "13": [0.2696992598217939, 0.293737750237282, 0.0006792175696304081], "14": [0.2562446635640988, 0.2792409357782184, 0.0011252517220052827], "15": [0.23360734170214792, 0.25396172523327265, 0.0008908415041009032], "16": [0.2973797229336729, 0.3249048671171883, 0.0008705689890998736], "17": [0.22703594647839254, 0.2463074080684535, 0.004374718759491247], "18": [0.247813344215719, 0.2708886827306169, 0.0006570511985172223], "19": [0.28595879279931224, 0.3141868836566606, 0.0012275165520480025], "20": [0.2675412251123628, 0.29372792068057585, 0.0006157635724901578], "21": [0.15971963801330036, 0.17512225081603597, 0.0009189786689426382], "22": [0.13131662117972742, 0.1405013360903346, 0.005105211963055578], "23": [0.24604367836385665, 0.27044505693402815, 0.0011416966117240301], "24": [0.2689870396202825, 0.2956823819363065, 0.0006990258949812755], "25": [0.24063173885252065, 0.26225075811140863, 0.0005534917008590545], "26": [0.27895068647789956, 0.3047330250423312, 0.0008149981349127033], "27": [0.17427167179091285, 0.18915087531625555, 0.00068626759436341], "28": [0.2575915670301915, 0.281586580042035, 0.001059787016020497], "29": [0.20671387703745125, 0.22533762866992021, 0.0005037556545024469], "30": [0.14581907239626268, 0.15935575007449085, 0.00045011497895230956], "31": [0.25859629999352063, 0.28234488854237233, 0.0002661252173140616], "32": [0.1851990833649776, 0.20244553758075945, 0.0035695102059705164], "33": [0.18128611480915702, 0.19788252699407446, 0.00044580965245544224], "34": [0.18724945651873282, 0.20456036989436985, 0.0005435605170571733], "35": [0.2091940424606724, 0.22874016375338443, 0.000497475074658138], "36": [0.213708610130112, 0.2338614088696692, 0.0007759213328317749], "37": [0.2132060043136107, 0.23142625142632964, 0.0004432071353250855], "38": [0.16829512621547194, 0.18291058805482627, 0.001141442928579428], "39": [0.19323121691911127, 0.20988632721316397, 0.0011631355448900038], "40": [0.06389868233927343, 0.06548473453528683, 0.006298618638116427], "41": [0.2126744665140552, 0.2335250664628757, 0.000981082613999762], "42": [0.12138873034359621, 0.13162187976808307, 0.0006006965812281884], "43": [0.07189440542467251, 0.07355333459697523, 0.006315034637818351], "44": [0.19523892222368489, 0.2118169505603218, 0.0016176388974468159], "45": [0.21168048759273272, 0.22960523573157185, 0.0010804343826030793], "46": [0.20372833871770746, 0.22277611699587335, 0.0011290920409819938], "47": [0.18678620761677334, 0.2036194740589465, 0.0009351702405927531], "48": [0.15882242996635332, 0.1732854925409389, 0.0007106079459827663], "49": [0.18879469083663125, 0.20425257604447536, 0.0006128564326712826], "50": [0.1463492718470354, 0.1598482883953698, 0.0008116222617953195], "51": [0.12340393973169417, 0.1321809486095499, 0.0008588523366024337], "52": [0.167797224024973, 0.18272147446301573, 0.0012600262518359662], "53": [0.15132407685002625, 0.16274283934419229, 0.0009651383961135629], "54": [0.16981168280236525, 0.1845891814338235, 0.0006573948881488656], "55": [0.1732898926252312, 0.18754794061248042, 0.0008912703958654511], "56": [0.11140446231628187, 0.11915123987553208, 0.0010407909737745191], "57": [0.12086164328398286, 0.12971422834111537, 0.003957653725938037], "58": [0.15831183850660457, 0.17201713535463284, 0.0013601655681587665], "59": [0.138379471199242, 0.1505775493691364, 0.0007554476707106739], "60": [0.15035299780504596, 0.16277092685675942, 0.0012860615661618446], "61": [0.16031832597765783, 0.17210637164046685, 0.0008488821985337403], "62": [0.1638221696880483, 0.17756173817545626, 0.001357252756665872], "63": [0.059461646218807895, 0.06170853719459169, 0.003647650245967138], "64": [0.1957542868478711, 0.21419701236965571, 0.0010161270668833655], "65": [0.17431703801813714, 0.18935212568146517, 0.0005697156480330978], "66": [0.13736873614404965, 0.14791773492488886, 0.001502471627021551], "67": [0.15235923552746478, 0.16569400970899156, 0.0009756430267348071], "68": [0.12438125205096817, 0.13292522518876695, 0.0005794010127655458], "69": [0.15235573690616666, 0.16520654698335538, 0.0012171486694599887], "70": [0.14237197337149265, 0.1552964129585396, 0.0008526482321021822], "71": [0.13787509593649316, 0.1491068132210585, 0.001379836298352366], "72": [0.06593406007718816, 0.0675099742060894, 0.005644010032262892], "73": [0.0819350506277764, 0.08702330640454377, 0.0040549420145091775], "74": [0.11540744526341151, 0.12468677471651568, 0.0010095824569698042], "75": [0.1473597428059078, 0.1593992795762458, 0.0007301139453214089], "76": [0.12339395995869207, 0.1348177401729994, 0.0012653504830202333], "77": [0.12989906513051597, 0.1407814999806154, 0.0007096910022066361], "78": [0.13239070309598755, 0.14438821628667248, 0.0009585270625391829], "79": [0.03996852577143006, 0.0405667226255173, 0.004528654975074042], "80": [0.12189733214713827, 0.13332682623924172, 0.0009547436301932111], "81": [0.06794554392418994, 0.07094943607752309, 0.004215665520951095], "82": [0.1119115659956944, 0.12022193111110895, 0.0009722113237776719], "83": [0.12139395850401102, 0.13060495416250623, 0.0013455200126225586], "84": [0.11642017232894986, 0.12630286741194457, 0.0008207821677514993], "85": [0.12739570200979466, 0.1373025312644205, 0.0008795129753305098], "86": [0.05446889113784348, 0.05708790131406974, 0.003748680219551548], "87": [0.09844365296646385, 0.10639033098588103, 0.0006596121310140646], "88": [0.13487460591797307, 0.14509981599708757, 0.0012505794951845894], "89": [0.11541517678561697, 0.12456254533149227, 0.0011961979944627998], "90": [0.0879552696587973, 0.09415630901393779, 0.0007029303848130608], "91": [0.060443183710827686, 0.06133617907898967, 0.004247561235783848], "92": [0.060443183710827686, 0.06133617907898967, 0.004247561235783848], "93": [0.060443183710827686, 0.06133617907898967, 0.004247561235783848], "94": [0.12040793423786567, 0.13019305112474658, 0.0011118146665658468], "95": [0.07394628344012721, 0.0774974414361104, 0.004474365542470826], "96": [0.07345440042452256, 0.07884972216969235, 0.0028692303963983035], "97": [0.13589232050072264, 0.14716406416393174, 0.0010857248848474832], "98": [0.08046039172274744, 0.08626741881369734, 0.001067360489810265], "99": [0.09294752486465796, 0.09992587623442326, 0.0009464086226156354], "100": [0.13439718769712938, 0.14553407263633827, 0.0008917107865339391], "101": [0.04297051753243053, 0.043521785612860145, 0.004502717498424458], "102": [0.12590955284909222, 0.13693921272586868, 0.0004525044792736965], "103": [0.06395652590276579, 0.0665505084267425, 0.004604080637480634], "104": [0.044975012619105526, 0.04634652735006142, 0.003443414168748271], "105": [0.10243615950338392, 0.11056548086871351, 0.0009952446587757624], "106": [0.024484383017321254, 0.023886342095239724, 0.003373657002235575], "107": [0.039977011536657114, 0.040270605659534116, 0.003822727877754395], "108": [0.09094852578003376, 0.09731702052532475, 0.0007851086570375143], "109": [0.11242891192089755, 0.12156070192624467, 0.0006336040578088786],