{"1": [0.023091870308062812, 0.021193560896387815, 3.484589121005577e-05], "2": [0.01799538112950061, 0.016496388074741426, 2.7376669180845248e-05], "3": [0.0052496762690630305, 0.004785295481394842, 1.25112793847304e-05], "4": [0.009497653055471567, 0.00867265792303979, 2.0840984250147798e-05], "5": [0.005398013097981713, 0.004908039074482757, 6.33815114969849e-06], "6": [0.009198137958849384, 0.008389172364365819, 1.3790122023848994e-05], "7": [0.0042998125067932325, 0.003910488523301744, 8.446973471354369e-06], "8": [0.01414762417107629, 0.012948170603814238, 1.8971159927105852e-05], "9": [0.003749801258563279, 0.0034080228842528993, 1.14040706454821e-05], "11": [0.004799272597113546, 0.004364702185167969, 2.10236231118488e-05], "12": [0.00859862270830647, 0.007859212721221488, 2.1561110896684e-05], "13": [0.0022999200022095767, 0.0020837143353984173, 7.639578283535897e-06], "14": [0.003099870004292793, 0.002814358539242189, 9.419375488262105e-06], "15": [0.0020998600077499763, 0.0019023056529724712, 7.474378094007861e-06], "17": [0.00744862397157442, 0.0067683761001383624, 1.8106768035375254e-05], "18": [0.004349253861798297, 0.003947714788152833, 9.818500075087222e-06], "19": [0.003149866254938849, 0.002859467781500366, 8.791886226711121e-06], "20": [0.01519130747944375, 0.01391754869702286, 4.6052539255159175e-05], "21": [0.007299392546289751, 0.006666102042501441, 1.3863392402835295e-05], "22": [0.00219969753078908, 0.001988278417887489, 1.0798284825197513e-06], "23": [0.016993575178477216, 0.015587063633247897, 3.3614134949067065e-05], "24": [0.00439965502345796, 0.004005274672069177, 1.4816093236169614e-05], "25": [0.004299105152395066, 0.003902068895103533, 7.228470041309443e-06], "26": [0.002349933751355837, 0.0021293777225191517, 7.6045961555637476e-06], "27": [0.006198235422621989, 0.0056184017575768175, 7.02602600011204e-06], "28": [0.0018498937547710703, 0.0016701885731353991, 1.1409024259112499e-05], "29": [0.012345040581464573, 0.011341692560813741, 2.9436041754427045e-05], "30": [0.0009499687507713572, 0.0008567438509634771, 4.199742212773749e-06], "32": [0.0023997875152492743, 0.002172241636940749, 8.981578360933717e-06], "33": [0.005648596582285115, 0.005121811405224749, 1.5644102497325285e-05], "34": [0.0004499737510624824, 0.0004052884038103441, 9.524242279290718e-07], "36": [0.003699362590405819, 0.003350598994041206, 5.601331854121483e-06], "37": [0.004749056423577258, 0.004294378384108177, 1.4484136279468984e-05], "38": [0.0058496562695632415, 0.005336268324416152, 8.949252920498196e-06], "39": [0.002849646292808261, 0.00257619774920792, 1.1061178680105144e-05], "40": [0.004399510055579037, 0.003995629369623854, 1.4787926659542983e-05], "41": [0.02583834397713125, 0.023761969670232662, 2.1188876372590926e-05], "42": [0.0025496287928085115, 0.0023042182929017825, 1.747271071717016e-06], "43": [0.010797732974534457, 0.009855236393603839, 2.0414042411487365e-05], "44": [0.010795324378612303, 0.009874302155557605, 2.882520730518312e-05], "45": [0.011345652561281283, 0.010290439522591474, 2.0256283383091045e-05], "46": [0.007248649011104336, 0.006586188770007834, 1.3620775849543243e-05], "47": [0.006697410861678077, 0.006091506452457086, 1.049224285087913e-05], "48": [0.005149236378002575, 0.004672063710044596, 1.203537126492904e-05], "49": [0.0008999650010003135, 0.0008125375516176596, 3.699767379461427e-06], "50": [0.00114992625410415, 0.0010391604352700244, 4.129625554849525e-06], "51": [0.013745442899315896, 0.012619514384514604, 2.3571471855832193e-05], "52": [0.005099517544747245, 0.004643473111928599, 1.3511202062388428e-05], "53": [0.004348941488141245, 0.003941959965207823, 7.318243204434971e-06], "54": [0.003749563790059529, 0.003395842550067944, 8.978976234197411e-06], "55": [0.01004570540803773, 0.0091302206612796, 1.6804750125332113e-05], "56": [0.003849703769478685, 0.0034987887125414317, 1.59209540073757e-05], "57": [0.011196693374469713, 0.010233905177459694, 2.822804456759087e-05], "58": [0.004699390069576648, 0.004273410582349731, 2.255636582682019e-05], "59": [0.0071493463128498025, 0.006505683108964378, 1.2411248185628665e-05], "60": [0.0023499037536053313, 0.0021297638186830578, 6.93460724066064e-06], "61": [0.01689524161050382, 0.015496617565203104, 2.1929704216661072e-05], "62": [0.01319347027050799, 0.0121057225491284, 4.489873910551445e-05], "63": [0.022391573691539768, 0.020560907095684883, 1.8279987219926852e-05], "64": [0.005449441304017477, 0.004967209442396514, 1.401099683606688e-05], "65": [0.016941707528478345, 0.015558452255947834, 2.9274005998281005e-05], "66": [0.002249773770186203, 0.0020433655933296537, 1.6562748197501698e-05], "67": [0.001149903755728987, 0.0010386075030312106, 7.999086061305505e-07], "68": [0.0049986403010283675, 0.004530010906353439, 6.271167735216743e-06], "69": [0.0035991801705949067, 0.0032622648232265294, 3.259476061945321e-06], "70": [0.004549241361757161, 0.00411856687049166, 1.7476618924261444e-05], "71": [0.002999567560742711, 0.002726154566906323, 1.1618127016888025e-05], "72": [0.0059991151597234005, 0.0054668609290250015, 1.628238045026098e-05], "73": [0.0010999550014587633, 0.0009926975264391627, 3.909765402987375e-06], "74": [0.005949046389086887, 0.005430702413637037, 2.8824229876711627e-05], "75": [0.006299267589241042, 0.005737839814143958, 1.576796207614084e-05], "76": [0.0074986927443345675, 0.006819614527663189, 1.5897776199702562e-05], "77": [0.005849228847802812, 0.005332596012213425, 1.7674704294701193e-05], "78": [0.008298782682557682, 0.007564593002347196, 1.7344380232930945e-05], "79": [0.0038497112694784175, 0.0034955611290740617, 1.808546329107319e-05], "80": [0.007149346308725324, 0.00651353009370568, 1.278360013878821e-05], "81": [0.0007999550018333856, 0.0007222508989870159, 5.624499919143489e-07], "82": [0.0013998575107077027, 0.001264769310545295, 7.249097444539387e-07], "83": [0.0004999825004585734, 0.0004502031663908921, 2.6073373113888465e-06], "84": [0.003949483815514188, 0.003583892979411194, 1.3615701121016954e-05], "85": [0.02144405285817308, 0.01965315004479547, 2.2805038843110026e-05], "86": [0.0035997025198742927, 0.0032553003197066574, 9.314094413293006e-06], "87": [0.002249541320928916, 0.0020371201657011463, 5.448724639256497e-06], "88": [0.0021999300017930823, 0.0019934684838974963, 7.3645802423083495e-06], "89": [0.0018498012662697683, 0.0016732447653985093, 6.904060374846033e-06], "90": [0.0033496637775191074, 0.0030321459304071168, 5.712010341274443e-06], "91": [0.003149886253314138, 0.0028608380490903105, 8.931925539412688e-06], "92": [0.0015999125040421225, 0.0014500094654154136, 4.599700141105778e-06], "93": [0.010098055339531564, 0.009214571375157446, 3.401690210846908e-05], "94": [0.0019499462510639276, 0.0017680697840743434, 6.337179220827771e-06], "95": [0.007649208841553512, 0.006969163979747965, 1.5137910070905924e-05], "96": [0.002699437599985144, 0.0024447041316766837, 2.9019273968255987e-06], "97": [0.014195009498692346, 0.013029009805074597, 1.8399579001515676e-05], "98": [0.002349921252230658, 0.002135055745472553, 9.014454021238905e-06], "99": [0.0035493588515903562, 0.003212261898408415, 1.6495327801346882e-05], "100": [0.00014999625006262285, 0.0001349898753937175, 1.277436084357042e-06], "101": [0.00319983000858437, 0.002903796866172573, 9.28184941628718e-06], "102": [0.004299810006793026, 0.003912634169413003, 8.624436526272206e-06], "103": [0.0006999775005420705, 0.0006305841069446517, 2.15237682688052e-06], "104": [0.0069484190525982426, 0.006309096310932635, 1.9673301671518928e-05], "105": [0.001849948751022179, 0.001677641595061153, 6.40217074521221e-06], "106": [0.001949831261186974, 0.0017599544048452012, 2.554742660976217e-06], "107": [0.008848106639746, 0.008107068162714767, 1.8748073201124704e-05], "108": [0.012046322309512858, 0.011000813884596903, 2.425667552286015e-05], "109": [0.004299327590780666, 0.003899146495183376, 9.138819426213196e-06],