{"1": [14.407817594601546, 47.058002535726246, 23.045308293334656], "2": [11.933453484806229, 55.97248883178559, 11.93228998306576], "3": [4.002130108465734, 27.39331298858732, 6.560999492798544], "4": [6.3416476290520185, 25.41532298759338, 11.288229653992508], "5": [3.3036141876786504, 8.36265742605958, 3.180088147874543], "6": [6.364639500606254, 30.49997584630914, 9.534020675332027], "7": [3.3233891703546896, 20.36859430977759, 4.747918067316731], "8": [9.989124265255573, 54.47122927552149, 9.070224343608896], "9": [2.877057666316927, 15.964590612159649, 6.49351350983344], "11": [3.419786309070967, 12.735000242260558, 11.388154350434572], "12": [6.094754307562558, 34.0628262736245, 12.02859282404756], "13": [1.7899088712410114, 7.423895908393934, 4.461042122906663], "14": [2.3989487977915296, 12.221999162162856, 5.321867075361263], "15": [1.5942214184779226, 5.464558570412444, 4.2090696345168555], "17": [5.181408532154443, 16.500066660927494, 8.9585746997032], "18": [3.054268256258039, 10.36601173235024, 5.288537420317894], "19": [2.4368606666922354, 12.339052356699913, 4.92984412149534], "20": [8.386135330681482, 23.56884571094901, 20.79097532038837], "21": [5.473667490614405, 37.426572295326075, 7.3505537627069], "22": [1.5812038038793252, 2.9830890832966768, 0.5993612188978686], "23": [10.513086744108247, 41.41289076913403, 19.695091653052987], "24": [3.310674150285549, 18.674275345262302, 7.79741724891178], "25": [2.9371999378968843, 7.422328129067877, 3.7844129206652806], "26": [1.8382839555948447, 7.677988254760184, 4.407837685976508], "27": [4.0158869123123635, 8.039177840733677, 3.6781725938434566], "28": [1.4143714334744364, 3.1155334478731835, 6.279221886981968], "29": [7.454157159435375, 30.642728525672723, 16.259548458907044], "30": [0.7403882518598914, 1.164530314576721, 2.4996760666839295], "32": [1.7914510231622511, 5.1525996030115415, 4.942919173224969], "33": [3.7670410659061124, 9.84657188546731, 7.812627657121255], "34": [0.34373052412293525, 0.3126343109997734, 0.5631034186659326], "36": [2.5942124266691904, 6.5420922872675416, 2.9281308599339906], "37": [3.2748667846463344, 6.464584403218255, 7.712679007879134], "38": [4.469577267543909, 30.767580094537628, 4.918244290762555], "39": [2.0737634298295635, 4.94529442939601, 6.213551442133996], "40": [3.232788571890269, 16.677811429459766, 8.278631804994726], "41": [15.244156050106096, 56.050599201047305, 14.410356283908897], "42": [1.8227735158585632, 3.338937462682391, 0.9869480895656721], "43": [7.3991253857034, 30.8251765402674, 12.566665122925423], "44": [6.397288583047337, 19.866093990735102, 13.800752032385958], "45": [6.855276942810479, 11.900837509666443, 9.584055884347679], "46": [5.0531581379555215, 22.257027239880795, 7.082887043840104], "47": [4.061659143299115, 9.120282891321223, 5.231303119865355], "48": [3.689561485215703, 14.918453460825813, 5.962037394438635], "49": [0.6981027548482358, 1.4063198612016097, 2.205216411312438], "50": [0.874819882510066, 2.1682123382711507, 2.3883366020997445], "51": [8.74845581423418, 41.09342151445602, 14.170120717137696], "52": [3.7926502520241625, 22.24821686354668, 7.197149979616093], "53": [2.907633765881428, 7.246802747819047, 3.7621625736536455], "54": [2.740136605346313, 6.957085245433308, 4.984421215528631], "55": [5.96266959772643, 12.29184836235608, 8.593171890124422], "56": [2.8999210616056104, 13.188845540730961, 9.079242357224677], "57": [7.221216439273016, 24.997826158165815, 15.561049097450422], "58": [3.402598833809266, 13.32785242112612, 12.471409220932877], "59": [5.33158069671052, 30.99265920819402, 6.401419747275178], "60": [1.82019368471755, 7.9546726568959905, 4.014484703952963], "61": [11.121829939449757, 56.28648509710149, 10.509041261122185], "62": [7.473635886328593, 16.90255861799989, 25.576538699214314], "63": [13.931548663180902, 60.12975131562074, 9.153811480559552], "64": [4.028321234624147, 23.91418277946468, 7.46027030835051], "65": [9.71515716421133, 36.21181327259825, 16.460812936097263], "66": [1.6649362028449133, 6.7229219485955625, 8.722286861948161], "67": [0.8612284446452472, 1.688844310870054, 0.46057903138330514], "68": [3.263743261215769, 6.763009995252377, 3.0984228061972168], "69": [2.4315147736123714, 6.276174591919747, 1.711289179553488], "70": [3.206420452195593, 7.931349985342256, 10.12628001433118], "71": [2.1514745963908632, 8.134055526692356, 6.398910583918818], "72": [4.305286245390145, 25.288848171746817, 9.32220588390762], "73": [0.8519303470607446, 1.832101204095156, 2.3033920462220028], "74": [4.214253274597126, 19.40284332409855, 15.586875985535332], "75": [4.613086489089439, 26.715251639820995, 9.448426802357377], "76": [5.2731264326344895, 24.68302192250261, 7.949589304058023], "77": [4.23242946775483, 24.503602390249704, 9.321298261680706], "78": [5.9445316809226805, 28.984946530384615, 9.727004885915111], "79": [2.9046979595246802, 12.39492059876013, 10.407885431466982], "80": [5.3297434507867605, 33.36511684926516, 6.661576899253093], "81": [0.6121148627144957, 1.221495171038832, 0.3319319939829718], "82": [1.0340354989900264, 2.0697049291179996, 0.4158908869089126], "83": [0.3890306723127894, 0.3065846162257194, 1.5635852779813733], "84": [2.8604193137922183, 10.936156440579293, 7.409146577867464], "85": [14.04023340215344, 59.664920267912656, 9.574566202516433], "86": [2.699338592930105, 6.71584820112407, 5.26673917840969], "87": [1.5394508360563606, 3.255756452804342, 2.8728059323999573], "88": [1.716100153791626, 7.211016726611645, 4.277610686641708], "89": [1.3607098904815396, 3.2239949698745125, 3.7866972787530466], "90": [2.478141910504838, 6.598799098977775, 3.3091979419884794], "91": [2.448861350227353, 12.9127589091217, 5.172932480373784], "92": [1.2260059696459984, 4.7830134465521885, 2.7132939325923955], "93": [6.989798499680115, 27.65109700489328, 21.337163967625283], "94": [1.5261369368954187, 6.933429678199648, 3.7027227535610066], "95": [5.656553840002898, 35.314907942418934, 7.578012656724466], "96": [1.84565023405258, 4.495312438550735, 1.443336432741428], "97": [8.952901597805154, 44.46947802028729, 8.849764734163818], "98": [1.830717185156458, 10.216876846360025, 5.1171506579038635], "99": [2.476390810929508, 5.438826952299457, 7.745153944597552], "100": [0.11763168254303047, 0.05650963914853134, 0.7744131515178694], "101": [2.4554368590163866, 11.933999715275567, 5.284186881675568], "102": [3.32179141728692, 21.340711266513164, 4.821038038126211], "103": [0.5458729157034967, 0.5910735804720827, 1.2990786285889642], "104": [4.6853111999119506, 12.202139514031169, 9.466925312287191], "105": [1.4477158152000649, 6.673969757406322, 3.7482860343847624], "106": [1.457488200563391, 2.6773363133302084, 1.4734187015828666], "107": [6.042825760665397, 30.119767901883982, 10.574670806131307], "108": [7.737628286044588, 26.897368068092774, 12.40600166671161], "109": [3.051953127120474, 9.83023455472807, 5.028558643217655], "110": [1.495503451810365, 4.23687449731503, 1.3715555672423303], "111": [4.094895276176261, 24.109372481975495, 8.857222005543747], "112": [6.33068928172956, 21.582619998266132, 14.208993406979689], "113": [1.4759240018093314, 4.900178796205441, 2.4997438403451424], "114": [4.525921126408054, 9.776984325760901, 5.159831402951833], "115": [3.801404556254281, 15.520046050433947, 15.649912141551209], "116": [8.388329668643003, 28.60281637709683, 17.420991090103296], "117": [6.928240788826646, 23.53356977229025, 25.653717527831986], "118": [3.062430900945797, 14.254825084652675, 8.386560878848798], "119": [1.6395498631854428, 3.0064810812149894, 0.6495188662593676], "120": [4.520966755924384, 27.44760816549196, 8.688865877171402], "121": [1.7707626006773065, 3.224443952581216, 0.7065586754243371], "122": [3.1731066094747087, 8.828254917331154, 12.780158315616394], "123": [0.80225657075994, 1.0236244515803383, 2.9611290034003144], "125": [8.692096867296154, 29.97814865469306, 15.839428586905115],