{"1": [41.76550669718588, 114.37024886645406, 78.89650673770278], "2": [8.083578865829034, 41.08994849405013, 76.41421452431959], "3": [2.134364040090835, 9.935241009222906, 34.11210031364499], "4": [7.262321401656741, 44.13606909452849, 70.40620764140095], "5": [43.149530921123976, 121.02755349135825, 71.81636476495824], "6": [35.95725995101826, 118.36325284508015, 74.62550220874984], "7": [13.355959887495015, 66.7159550929073, 84.22433522495449], "8": [33.48502827442717, 107.76670470626847, 84.74466616175323], "9": [11.650223749096076, 56.01375016697418, 89.68309736019148], "10": [31.428757013723025, 112.58457192655261, 76.89313106727535], "11": [22.458742496411823, 94.79888652186776, 86.02220485571958], "12": [6.331625704969186, 29.00667944227238, 70.71879116855706], "13": [13.531893004749618, 55.572814580178175, 93.64639091663048], "14": [43.18458888710101, 114.07695674495146, 77.95742989997215], "15": [41.17414755397092, 113.99099174637647, 78.6593564678887], "16": [34.03074623142974, 109.70142611099612, 77.76409194750703], "17": [13.533558735047233, 67.36762375820356, 82.17106430317872], "18": [50.32604409683921, 137.29049163884113, 54.55173210707038], "19": [33.893352897816314, 98.25898645285122, 93.65451415560713], "20": [36.72588419788576, 99.08011564331072, 93.01324891488306], "21": [19.865070887610234, 66.84411414840164, 106.43503879133958], "22": [10.743547046100618, 58.470063125245545, 74.35666516388422], "23": [4.509824860980343, 32.07543314156438, 57.72748807070158], "24": [6.26886974416697, 39.31067351982286, 60.30370573937925], "25": [10.746543112545053, 53.27536348345437, 84.24769401289454], "26": [36.02448017080447, 128.19328203817238, 67.56924559459164], "27": [33.175135406291496, 102.62776623897577, 91.41980410568124], "28": [26.728074138859, 87.50063056000758, 96.55362246943497], "29": [34.243155839726846, 117.6274752053755, 74.75605986793676], "30": [50.35935680426812, 121.38438224896473, 70.34487081369366], "31": [45.60262462249329, 125.06903086114268, 67.66292018468901], "32": [8.67017455703621, 42.43485559896571, 77.1494499849312], "33": [33.458129373909884, 93.43011578891306, 91.26242328637933], "34": [7.575869286998643, 46.71623882356987, 68.68927195041402], "35": [32.175772572893386, 114.31126575348581, 75.66184178529936], "36": [35.93836664457208, 102.23347611964714, 85.91684615787048], "37": [26.09210015433681, 96.92392388292129, 78.63900185195178], "38": [18.34784849076515, 80.85326907843982, 85.52863578300264], "39": [36.82687491836135, 103.37597216750453, 87.6337388256712], "40": [18.986809201805922, 72.56406535982211, 92.15916386305275], "41": [14.647916278596695, 75.14823295825556, 79.79083981693343], "42": [34.52191992457185, 98.23271770806079, 86.75672033131804], "43": [6.0991603522616895, 31.32445701597867, 71.5693523342768], "44": [7.101560219845998, 38.58980035713305, 73.69603538185305], "45": [35.57899144008929, 112.83300095733514, 79.83718139350647], "46": [28.335618579244073, 95.52704641660331, 93.08280475891533], "47": [34.24394083939723, 115.54525649976311, 76.2947990896474], "48": [10.643560027794711, 53.45473093745916, 85.89144419949643], "49": [5.423263299850715, 30.087820329816047, 49.24864373027733], "50": [23.23285728329075, 91.80870389142154, 82.50661200845248], "51": [12.575358192832624, 62.22973778905335, 82.29976218191544], "52": [33.619529465593146, 105.38253584449852, 84.83555950308723], "53": [13.364549194065102, 58.85100177192839, 95.5504222332701], "54": [32.31648166364268, 111.07237346168606, 77.94041661391265], "55": [7.054176301854443, 36.01950821066706, 74.4060929004455], "56": [41.79061439851355, 146.3042304897302, 48.4020360855429], "57": [28.59327134826544, 99.7383780637617, 81.10610177389162], "58": [18.076747781051544, 107.54703386561641, 71.39224807591498], "59": [13.663891402190618, 66.96323068508835, 91.3064985781399], "60": [8.891907906496215, 38.939863137501284, 88.02666475933327], "61": [9.177329582867058, 59.281425604635146, 71.78631012999948], "62": [36.80309588974766, 121.82471935601367, 69.8548666951441], "63": [3.3403519870783094, 17.71941220691844, 46.11706260880839], "64": [21.711915657554414, 71.66004498383802, 102.014902337671], "65": [35.09775688975278, 109.58191930649025, 77.59336957352264], "66": [44.15771516579786, 134.84789266986405, 56.379121390100195], "67": [15.226577445959665, 75.54733484520744, 82.26942787503543], "68": [35.2950744196672, 125.52363946981178, 68.08573050523252], "69": [7.1932161341718395, 36.134736149396026, 71.09020183153099], "70": [9.272027383843744, 54.10595261689884, 76.22696500447172], "71": [38.8329245488575, 110.0361435449138, 78.45549906076018], "72": [10.111360549151025, 47.30400172521003, 84.20907038824372], "73": [8.922603083961828, 49.21063870770751, 73.85170146050442], "74": [8.013243331368818, 48.61371239104685, 70.57717875183631], "75": [30.92308966758754, 103.08538282054694, 87.69744971640903], "76": [10.081599859321292, 47.08821471467961, 80.68276909114095], "77": [37.07198588058388, 126.63856722284831, 67.18839429750773], "78": [2.37408864485116, 11.757566409543006, 33.52002057144912], "79": [20.302864502528255, 75.52767821742182, 93.7815945499256], "80": [33.71749267960721, 104.81288733434212, 85.51549845230439], "81": [3.282116520662559, 16.720641617548477, 40.49748507039683], "82": [4.693058168563344, 24.040772457399, 56.08748049730536], "83": [9.960787669012758, 57.41408892662852, 69.16661615289786], "84": [3.515058386325564, 21.9698694474582, 43.435475795108275], "85": [6.722221344721536, 33.64112225002006, 63.13821102361635], "86": [38.944265047537776, 117.12428084146826, 73.93470962300378], "87": [20.264570319171863, 85.74475607568888, 83.17760295079817], "88": [3.3339642439558976, 19.077311002010926, 41.178469078359775], "89": [4.443631977416378, 27.834627882883638, 45.46713029017666], "90": [15.696851980052351, 65.85585902798769, 86.91635592877827], "91": [12.978486034914434, 53.530726811612865, 91.69637199114759], "92": [2.874665753739755, 11.856425273692293, 34.869724639020326], "93": [3.7446088824399086, 20.56181742304328, 46.44765858659943], "94": [4.131908930058208, 23.31476474849839, 48.76142619357565], "95": [11.724429088976132, 51.52749850259945, 88.8876697980876], "96": [7.664705470639979, 39.829662493483674, 69.69905934437521], "97": [4.142083038704188, 21.790324728659918, 47.543671839295605], "98": [45.76543069098935, 131.4833893115907, 62.73504355095558], "99": [6.004182235745079, 30.134238056076914, 64.15117393644434], "100": [14.59533120590665, 56.09983582956396, 103.56268208630463], "101": [5.60815122727537, 29.13555582137566, 62.56108606105673], "102": [18.775237753749487, 88.94311379101372, 76.93020254393765], "103": [25.42822261314906, 88.2465745322056, 93.5188092589019], "104": [17.109186157437197, 70.75858644095874, 99.80829895733685], "105": [43.97670376278023, 128.05217666114356, 64.30255194461587], "106": [33.63055197192394, 128.49379098275773, 64.69203075197512], "107": [2.2129477237985467, 13.554344009229666, 37.82072621239917], "108": [11.192075157218724, 57.8305498681726, 81.48224674468509], "109": [21.737238809568826, 87.09599391825456, 88.79205894632494], "110": [32.72825935513726, 112.67357622890107, 79.1459410538822], "111": [10.285731806206455, 57.669718403219846, 84.07770264649878], "112": [54.72806608237941, 136.9066522605545, 52.47827038994686], "113": [8.80244700235313, 44.14851691067762, 82.72041832889965], "114": [26.177202720973433, 94.93166570383403, 88.78697043600619], "115": [22.641294951224943, 93.59930526519614, 91.61935492499462], "116": [10.602546012753763, 65.1987010517599, 77.62990808965438], "117": [19.19925241346791, 71.42204790869079, 107.7453660429116], "118": [6.877711759309131, 55.08693674924627, 69.42068605842375], "119": [0.9317674626520205, 0.7665291746893685, 0.6164137883940173], "120": [0.9317674626520205, 0.7665291746893685, 0.6164137883940173], "121": [0.9317674626520205, 0.7665291746893685, 0.6164137883940173],