{"0": [2.4071140361122025, 3.713091715976209, 0.01681641445566684], "1": [2.0957909009346984, 3.376264330801977, 0.001840631186743824], "2": [1.586843630283916, 2.5954839740910947, 0.04380307693143526], "3": [2.362829000372815, 3.843115149324154, 0.009416001949909436], "4": [1.2339132981047547, 1.9766864400742898, 0.021623462775190228], "5": [2.1993751498735827, 3.500141552306839, 0.046353174167537814], "6": [2.1864010843760266, 3.498903652333698, 0.030424102339125736], "7": [1.647873856026524, 2.59275087239473, 0.03481398377912981], "8": [1.9623164212731918, 3.095106321491116, 0.025135769438080158], "9": [1.1621468348083115, 1.9892078915349218, 0.027694629781610303], "10": [1.8160102009145322, 2.9201999123548164, 0.034254170726727984], "11": [1.1688837496284186, 1.8677262987811531, 0.03994390271424264], "12": [1.5495509770297753, 2.4793722283414654, 0.019480509539873014], "13": [1.594767360383314, 2.566126211289811, 0.02410364812039789], "14": [1.515363309684979, 2.4446022857251575, 0.03984799500062308], "15": [1.389969952209504, 2.224509657526907, 0.031727905904816445], "16": [1.7658877658377887, 2.867939358995595, 0.030841760134554752], "17": [1.3484840134974425, 2.134312244318144, 0.15507624403285514], "18": [1.4667583343755588, 2.3961836006864172, 0.02327624537207218], "19": [1.6996802573624303, 2.8203450877493115, 0.043515825128630836], "20": [1.591613494604006, 2.6372483817480847, 0.021866500182523896], "21": [0.9500201823814888, 1.576030859028689, 0.03268855260711756], "22": [0.7824423535238147, 1.1779461346560218, 0.18185036474585292], "23": [1.4627156538268649, 2.4373724741210134, 0.0404818351597388], "24": [1.598696469317559, 2.660973283490998, 0.024820468820549557], "25": [1.4328299865358347, 2.312906379355077, 0.0197223890028857], "26": [1.6574137277520358, 2.6934312443265913, 0.028983078537021645], "27": [1.038833225949176, 1.6574212634000052, 0.024454493078876482], "28": [1.533397706525176, 2.501216096526878, 0.03763994300840645], "29": [1.2317669438609096, 1.9950460975487998, 0.017931657799992395], "30": [0.8695439045014981, 1.4260710354036925, 0.016075072069836716], "31": [1.5395650764077742, 2.500969963565009, 0.009444469676615608], "32": [1.1022488481251433, 1.803146911615906, 0.1268468149784684], "33": [1.0813430267483348, 1.762931120460645, 0.015911537935962006], "34": [1.1160396589521557, 1.823810081094091, 0.019379553593839027], "35": [1.2460601152538557, 2.041331383580126, 0.017704443192616437], "36": [1.273574346406396, 2.091353613369015, 0.027659077450851943], "37": [1.2704839411968853, 2.0230985932185486, 0.015789554218554103], "38": [1.0036694350163016, 1.60911210406622, 0.04067176372693715], "39": [1.1513849322938696, 1.839895536188831, 0.04149184254362559], "40": [0.3803850351335065, 0.4717575046774654, 0.2242236201533201], "41": [1.2663641118717612, 2.1060688474599565, 0.03488030355037708], "42": [0.7250131532860942, 1.1549988108463103, 0.021464221477160983], "43": [0.42822635679672694, 0.5264222913301114, 0.22494267039765048], "44": [1.1636543811150686, 1.8503950747252391, 0.05765784880298297], "45": [1.2605845270463827, 2.000829056010745, 0.03850814605327213], "46": [1.2142807261715551, 1.9894867062896473, 0.040197256843202744], "47": [1.1143406571750973, 1.8062578678877634, 0.03333974283383845], "48": [0.9476397021768089, 1.5441179351245096, 0.02535022281419308], "49": [1.1266430451330383, 1.7731806172903735, 0.02187859247178703], "50": [0.8736000769546224, 1.4302164557027093, 0.028989822834066592], "51": [0.7375534399176008, 1.1185397350747088, 0.030728693154373765], "52": [1.0007401476802125, 1.617071208628465, 0.04495858615129389], "53": [0.9027028714103533, 1.3904459506643256, 0.03446397628715436], "54": [1.0132533176235268, 1.6263071976026031, 0.023492125529749774], "55": [1.0334839276913503, 1.6299772978550822, 0.03182413196595257], "56": [0.6655762748417908, 1.0038659079684247, 0.037202448944837374], "57": [0.7210448067487001, 1.1001304483524401, 0.14127452914469796], "58": [0.94426437840124, 1.5133108860855622, 0.04850268620930842], "59": [0.826678202034887, 1.3344871193440466, 0.02697587414630509], "60": [0.8977299282320489, 1.419235947762499, 0.04593092824097944], "61": [0.9564956858300954, 1.4619219379835098, 0.03032279481908895], "62": [0.9776284964356732, 1.551008411507765, 0.04840857701356471], "63": [0.3556230721059028, 0.4698666401059966, 0.1305853183305763], "64": [1.1672056169752247, 1.9181087854139613, 0.036171219650883324], "65": [1.040442574582492, 1.6646234665680926, 0.02034963165763415], "66": [0.820294415572692, 1.2698285269177396, 0.05368330206070571], "67": [0.9099522914032803, 1.4645285388664084, 0.03483993690974685], "68": [0.7427477964235621, 1.1163569345647235, 0.020733317502518944], "69": [0.909826593158238, 1.4472821785373853, 0.04345063638930602], "70": [0.8504086772090269, 1.3854200710851443, 0.03047123479546998], "71": [0.8235206539348413, 1.2971517076995127, 0.049284120379385676], "72": [0.39363692524894534, 0.4870086217643903, 0.2015631779689795], "73": [0.4896708937796441, 0.7162781471080547, 0.14491014159276838], "74": [0.6896806240816985, 1.083384004327758, 0.036090368705061326], "75": [0.8799718493660645, 1.3868107629545752, 0.026103549523880276], "76": [0.737197784228679, 1.2096027347492866, 0.04518867117283176], "77": [0.7763780292643727, 1.2342378742217213, 0.025383434077655975], "78": [0.7910793150871405, 1.2886518468520438, 0.03425661982925432], "79": [0.23887154486589712, 0.28333014189375066, 0.16192151454853998], "80": [0.7283186779603984, 1.200362539341252, 0.03411435990812728], "81": [0.4060474509096227, 0.5511220771194062, 0.15071690663504145], "82": [0.66882820561369, 1.0270906240379825, 0.03478009838892371], "83": [0.7251974739343423, 1.1195987489000514, 0.0481028977048652], "84": [0.6961346958999173, 1.1118566092224555, 0.029345140729092], "85": [0.761259077412603, 1.183687859008924, 0.031454561344764764], "86": [0.32588297717088455, 0.4503004749881808, 0.13422930648544484], "87": [0.5889765270746826, 0.927326190928332, 0.02361042742063535], "88": [0.8055047900716663, 1.2424970716077453, 0.04468940032774393], "89": [0.6899556567396915, 1.0791718251618356, 0.04278030522583964], "90": [0.5263932378229309, 0.797461157993901, 0.02518493189651294], "91": [0.36096511709053747, 0.42815739332504354, 0.1520523405402977], "92": [0.36096511709053747, 0.42815739332504354, 0.1520523405402977], "93": [0.36096511709053747, 0.42815739332504354, 0.1520523405402977], "94": [0.7196962598800855, 1.1340166511708814, 0.03976767399429604], "95": [0.44207220346287, 0.6099454239280887, 0.15997636415310612], "96": [0.43936297772191646, 0.6726927158242664, 0.1026973889341265], "97": [0.8121361840784433, 1.286273397987889, 0.03881456510818626], "98": [0.4815771051981078, 0.7345616888057962, 0.03822760376353607], "99": [0.5561153596242188, 0.8573511346746907, 0.03389043618735732], "100": [0.8033100080730915, 1.2722756046631738, 0.03188011632116927], "101": [0.25694177705900223, 0.3012852195489257, 0.16112556248013987], "102": [0.752753387496221, 1.2137461008173165, 0.01618922690346547], "103": [0.38243958002950385, 0.5111242640547982, 0.16465897834375276], "104": [0.26910271937821384, 0.343973829315912, 0.12336153306901032], "105": [0.6127079339428536, 0.9594695213092833, 0.035617095139331534], "106": [0.14643922795765107, 0.1394226160405797, 0.12082232636784118], "107": [0.23917448652091, 0.27273938629714195, 0.13686750174854267], "108": [0.5441515559567532, 0.8229085877746698, 0.028127126920552303], "109": [0.6724474570286372, 1.0599638601179528, 0.022673947321906085], "110": [0.5293796084018862, 0.8305532209849826, 0.027083245480037266], "111": [0.529335011551635, 0.8321801287973639, 0.022178768751407896], "112": [0.5709678495733638, 0.8895227970717324, 0.0325114533414147], "113": [0.4369222188759654, 0.6640828358971036, 0.02950625115232297], "114": [0.5115139356843041, 0.7904853065640527, 0.036392913627851464], "115": [0.4010570026557333, 0.577864718211273, 0.03404087736337846],