{"0": [10.494077103602722, 107.12923526176638, 0.9553972664287473], "1": [9.323438318817143, 106.12714579147779, 0.05541632884817427], "2": [7.109763700179855, 101.46411542207078, 1.6587452396270104], "3": [10.429821493922741, 106.61617758440266, 0.5508381180894187], "4": [5.575932366070858, 85.78959433545724, 0.6307969697393424], "5": [9.783412491577218, 103.6895572714647, 2.239585742099341], "6": [9.708695444223027, 104.97200820188927, 0.8444869746911834], "7": [7.363977879122748, 101.95338264935174, 1.152248558979626], "8": [8.770524705034813, 104.01746198165823, 0.9444587799087326], "9": [5.244989086211865, 86.57831773442241, 0.8374173947978991], "10": [8.101270944973603, 103.28218689094201, 1.0023583744295972], "11": [5.288253641857236, 84.3686672161586, 1.0879155021470877], "12": [6.91715799744696, 101.12224814650864, 0.8543149420579308], "13": [7.01012819831146, 101.91065466322075, 0.6745186369717372], "14": [6.663661600543826, 100.17996626817921, 1.1959129794801007], "15": [6.256223723840744, 97.49759549804541, 0.8669591692000101], "16": [7.882325346179468, 104.38317465276933, 1.0464826728094379], "17": [6.027342316014019, 79.6041568346898, 17.176855893169027], "18": [6.471353086022136, 99.56525813507206, 0.7754803873825258], "19": [7.616328581839218, 102.91363578648955, 1.5517496820521584], "20": [7.159067184578651, 102.43888954680884, 0.5664030924160928], "21": [4.272850084803531, 62.61133637748477, 0.9319395900862635], "22": [3.5432699133032446, 33.99157617045547, 12.352253365006288], "23": [6.560518924102642, 99.44882988035519, 1.7250915361367305], "24": [7.162354914838701, 102.9436340444259, 0.7285834764525383], "25": [6.469306131700357, 98.87713806026088, 0.6277840919095731], "26": [7.416720202062919, 102.6306760501118, 1.0854085296541989], "27": [4.7130688741268365, 69.53063153282221, 0.6181976421418365], "28": [6.9153783196807375, 101.2473068218822, 0.9922186586431371], "29": [5.5793948965327544, 89.2288682172923, 0.4666395261722168], "30": [3.9525920534477827, 52.21163878369345, 0.37969524213377803], "31": [6.946754519179651, 101.47051321752656, 0.2060328849591706], "32": [4.967431549097441, 69.88577803699623, 12.747652817850678], "33": [4.9192441009666865, 77.4245485617288, 0.37914660365718533], "34": [5.060351229786699, 80.25396724602672, 0.4371618706582988], "35": [5.634668108215012, 90.80266057432108, 0.5991682455012328], "36": [5.770936618900281, 93.76205731867651, 0.8308173381404982], "37": [5.755273854029723, 90.79414078214415, 0.43338139374025597], "38": [4.562521356970002, 70.2555281560594, 1.0041084057031529], "39": [5.214285230611349, 88.02171982268672, 0.9636809237973943], "40": [1.7162411914794906, 5.649724374543691, 5.908022705836106], "41": [5.7183064559542025, 93.78845894092899, 1.1106807865335997], "42": [3.3169400642580964, 40.33984863154734, 0.49197353572629077], "43": [1.936388710216252, 7.215785009184075, 6.973417422464818], "44": [5.275434857446765, 88.45851365096934, 1.2921760434253013], "45": [5.695401758483852, 92.53607040216194, 1.0623855666487043], "46": [5.505953685143064, 89.84483625652943, 1.0651955422394734], "47": [5.072680051438224, 82.04175969399829, 0.7044169160705729], "48": [4.31650256177892, 66.82010213563778, 0.6109165409680537], "49": [5.134982575262617, 81.49652109830541, 0.47633718866146557], "50": [3.986861022435134, 59.51340261247303, 0.7212510351021458], "51": [3.38403614668542, 40.19802396255248, 0.6736827474119658], "52": [4.549635727062233, 76.5893988846385, 0.9832494406781694], "53": [4.108226283641157, 61.47474852231782, 0.7871122370942645], "54": [4.616138343469602, 76.69437426336596, 0.5361252674074896], "55": [4.698738347856512, 74.11722572661506, 0.7484757660851569], "56": [3.048900720028432, 35.50578743430766, 0.8111008346575423], "57": [3.282484505629437, 36.59698108699465, 11.116825606493224], "58": [4.294872353854865, 70.38281193705214, 1.1725802702787915], "59": [3.7855001295573754, 52.65003508466904, 0.5766456666958658], "60": [4.101296994286933, 64.85251022007297, 1.0117246260298103], "61": [4.35570071396787, 64.91430055857559, 0.7162201940479103], "62": [4.456088706560129, 73.27314854768976, 1.1759349289393783], "63": [1.6363737304758508, 6.836183001680983, 3.6914126896096002], "64": [5.301249283260564, 87.76972071039854, 0.9210329874818691], "65": [4.745934341527178, 74.28431918338727, 0.4672438239336383], "66": [3.749392351266955, 54.7510031461667, 1.1900555657852703], "67": [4.161935613917526, 64.38832292674638, 0.8273657346400968], "68": [3.395512277474806, 42.352555682578846, 0.43517327776834724], "69": [4.15922396662053, 65.5927123473062, 0.9207375692010235], "70": [3.8916709671639538, 59.41447833184173, 0.6861534135018558], "71": [3.7680689591392214, 56.39593896808541, 1.092495443901019], "72": [1.7975470124254564, 6.564485791987149, 5.589015441463607], "73": [2.246128784909921, 14.197579394358725, 5.843340809943947], "74": [3.162895829319245, 38.29124482586831, 0.7777757639913829], "75": [4.022479805820314, 61.16263507238598, 0.6482196843599826], "76": [3.3766268435295266, 44.58276170514384, 1.0040454419741638], "77": [3.562224607593196, 48.63990864894984, 0.5411558448688034], "78": [3.6259352882681206, 49.9699935896505, 0.7680806981433921], "79": [1.0958579718849597, 3.2829339580412027, 3.361861946153337], "80": [3.337211698519916, 43.078988429313505, 0.7649802480532667], "81": [1.8622163863773995, 8.561053826880428, 4.651224822843616], "82": [3.0680379742878614, 35.99286128853119, 0.739292922082878], "83": [3.320597006119146, 45.321834413719635, 1.03947350765227], "84": [3.2004022181173912, 38.59374752065338, 0.6297828861580004], "85": [3.4898298284050444, 45.72796512278266, 0.6750317750519129], "86": [1.5019475839528065, 6.336024133049468, 3.3852774698968413], "87": [2.714408479671599, 26.888148447706985, 0.4932977654107825], "88": [3.683885444515061, 54.08247813341545, 0.9961357797492976], "89": [3.1685790626894357, 40.21112150309641, 0.8875094594969012], "90": [2.429342934196943, 21.212735240402694, 0.5296031804191987], "91": [1.6506641523206969, 5.479271281118442, 3.8638021066622295], "92": [1.6506641523206969, 5.479271281118442, 3.8638021066622295], "93": [1.6506641523206969, 5.479271281118442, 3.8638021066622295], "94": [3.303055113779212, 44.50823327700506, 0.8239208548331114], "95": [2.0305834305512427, 9.802144088842557, 5.20336151544186], "96": [2.022780526216889, 12.162520005602472, 3.903052670762101], "97": [3.725047718374519, 54.25071745988119, 0.8344668098158913], "98": [2.2232973314497833, 19.453448131498565, 0.7987083862639694], "99": [2.563379763451981, 25.438082302302604, 0.7092156714749899], "100": [3.6867035709601454, 48.933543868306884, 0.6831750343279683], "101": [1.1812514689782425, 3.460067043752334, 3.357873210353351], "102": [3.4581929670898983, 42.4276025144064, 0.35797973875311706], "103": [1.758456489122981, 7.854254349981261, 4.800470337786515], "104": [1.2406735622722351, 4.367225740511287, 2.793294153622572], "105": [2.8206692155388837, 31.055789811952206, 0.7501149288054999], "106": [0.6739239371548456, 1.3529910384212758, 2.5417003531442255], "107": [1.1022183146569984, 3.1040137135371473, 2.8620121499419273], "108": [2.5081831065050832, 23.95051236909246, 0.5907987056994037], "109": [3.0950387565878725, 34.69151686390307, 0.4794455108857546], "110": [2.443036175665647, 22.569362456853824, 0.5692411058041871], "111": [2.4420964684516244, 22.79714620655631, 0.4680148877119924], "112": [2.6302447024297617, 27.140704566700087, 0.6892225917690601], "113": [2.020703978785462, 15.254975702471201, 0.6199895758181876], "114": [2.361908648106527, 21.835781970710773, 0.7639662668346897], "115": [1.8556219266409038, 12.79173379348371, 0.7142692870304389], "116": [2.060306706594502, 15.755113862389246, 0.712342377580607], "117": [2.34422079089983, 20.537900015083565, 0.7535384435669511], "118": [1.8706573678675884, 13.10260739535818, 0.586529306086969], "119": [1.062408948072067, 3.1519712669128728, 2.8296273651357975],