{"1": [2.2313931047791997, 6.619732897748044, 0.333592172023093], "2": [1.7549052144185429, 5.601962997383662, 0.26418214927645955], "3": [0.5217814535385144, 1.1858802360846215, 0.12364104013607591], "4": [0.927069526043214, 2.1499283986230115, 0.20401123636013463], "5": [0.5207090477489446, 0.9833807124588403, 0.061545245189529973], "6": [0.9018231913772286, 2.0111448915245047, 0.135405866452733], "7": [0.42813176969998323, 0.8539261126357536, 0.08383628283807176], "8": [1.3916517187234367, 3.9815492660373635, 0.18509383932990042], "9": [0.37302103096103834, 0.709479424523619, 0.11295308603892673], "11": [0.4728209876507352, 0.9044155804999555, 0.2060282243237408], "12": [0.8464306144469799, 2.1673711822572352, 0.21119697028404338], "13": [0.2292022029287768, 0.36026544802423227, 0.07591989429470758], "14": [0.3087042796130075, 0.5482004916881021, 0.09346466933124609], "15": [0.20860771317371396, 0.3138529809788284, 0.07405290810111376], "17": [0.7314561342589101, 1.291149752520578, 0.1773892640540642], "18": [0.42764789811606396, 0.7465429621532185, 0.09662305736604804], "19": [0.31366742070331655, 0.5488186093930099, 0.08719981619424833], "20": [1.4377658047644966, 3.9938571634280473, 0.4416181539599976], "21": [0.7239709777714367, 1.8023787247141487, 0.13677988807677066], "22": [0.2170055460496234, 0.28586811685574637, 0.010626951931951734], "23": [1.6382979692630268, 5.019511877393928, 0.32234127369182175], "24": [0.4365733227615617, 0.904460248450648, 0.14644155901269396], "25": [0.421200289495853, 0.7290483394942759, 0.07070438978895566], "26": [0.23433885185252057, 0.36783210201690686, 0.07557616102966869], "27": [0.6027642301130723, 0.9146816700961146, 0.06876647475933195], "28": [0.18394225305184464, 0.21685485784113234, 0.11296690840320567], "29": [1.187165158656961, 3.6977763768349723, 0.2800311923110055], "30": [0.09468826924762552, 0.10297598931967934, 0.04172688381357714], "32": [0.23789015977688144, 0.3394344838626537, 0.08877064884758434], "33": [0.5512880438027903, 0.8590442950370575, 0.15281105190251276], "34": [0.04473855914943303, 0.043312832573659726, 0.009447076061025017], "36": [0.36371434899858957, 0.5272690282372616, 0.054831902879643346], "37": [0.4657334319799701, 0.6309855280164046, 0.1413286338363643], "38": [0.5815819512642382, 1.3260819100397678, 0.08862461241589381], "39": [0.28150485590851027, 0.37043867319739826, 0.109201502867186], "40": [0.435155049314914, 0.8164792187567322, 0.14554345229084475], "41": [2.4734215250755196, 8.573929255181733, 0.2031304542021396], "42": [0.2513299141473917, 0.3276802452037679, 0.01724137835308104], "43": [1.0577906897744405, 2.3640649717096913, 0.20037646677813925], "44": [1.035042240664666, 2.6650437778086578, 0.27786150230132955], "45": [1.0927924582529265, 1.729876616600772, 0.19610069206575764], "46": [0.7117444303680311, 1.307268350575557, 0.13422514612274328], "47": [0.6449385906633417, 1.2733808360560428, 0.10214691795555353], "48": [0.5074886043342683, 0.870675362681851, 0.11799949454656455], "49": [0.08965099771270091, 0.10677023017201419, 0.036755510359029464], "50": [0.1142665836593526, 0.14503842393033037, 0.040907376023127884], "51": [1.331009929807109, 4.032077707181768, 0.22663465994065146], "52": [0.5052193743387273, 1.0709885913199872, 0.13357977638104268], "53": [0.42464612458962214, 0.6434938159892483, 0.07141604585967953], "54": [0.3706772628093513, 0.5554855760699536, 0.08870309340211957], "55": [0.9636448819997643, 1.8502387363317137, 0.16506371957405774], "56": [0.38205686455539845, 0.6783773011554924, 0.1574639525388789], "57": [1.087780308121324, 2.658039472969477, 0.2746570892904344], "58": [0.4639689035917479, 0.8756920906019333, 0.22152008361321096], "59": [0.7085247866710719, 1.4718775450069526, 0.12251752742635613], "60": [0.23404109126646322, 0.37680804803906986, 0.06889520550913109], "61": [1.6439587758896357, 5.276954025153009, 0.2131676443175412], "62": [1.2573502200967872, 3.799280999426928, 0.4248154062226045], "63": [2.1592441754372116, 7.310225308537307, 0.17720074375107642], "64": [0.5394660754928899, 1.1892855916971472, 0.13831766160481374], "65": [1.6156760388085845, 5.211491829220278, 0.27893097267884537], "66": [0.22275753440552293, 0.38606344256995545, 0.16315467957691954], "67": [0.11404320288518166, 0.14025783646698178, 0.007907189622146316], "68": [0.4866956692741692, 0.7308245741355583, 0.06127608786476846], "69": [0.35196764168187944, 0.5364870855285518, 0.032034998354877775], "70": [0.4475229075775984, 0.6450373809381934, 0.17095244662237108], "71": [0.2957350076582752, 0.5212384805583802, 0.11422255484821586], "72": [0.5913070173501132, 1.3062652379218236, 0.1599403348459918], "73": [0.10955145428075941, 0.12540145225223578, 0.03884362703575839], "74": [0.5855998805431635, 1.3619762636804957, 0.2817492758079073], "75": [0.6227632555211484, 1.3378048055479927, 0.1554063412748794], "76": [0.7371652819870215, 1.4373892190793278, 0.1563679554280617], "77": [0.577384259600657, 1.3073153228447065, 0.17353389558398724], "78": [0.8180049806064663, 1.8063983976377052, 0.16997422577896804], "79": [0.3821318585206781, 0.6559239678910065, 0.17851728532433708], "80": [0.7085207331930004, 1.5887232173006614, 0.12616175696815957], "81": [0.07955182741183764, 0.09462131799675302, 0.0055742848251731925], "82": [0.13858564597427658, 0.17486319698663244, 0.007159099563871396], "83": [0.04982545734556987, 0.0469982094063476, 0.02590636847182126], "84": [0.3899023119309424, 0.6534443217035767, 0.13418441222372757], "85": [2.0870828558289753, 6.511114562068171, 0.219401897068346], "86": [0.3570447646416033, 0.4796597840975088, 0.09217678106745053], "87": [0.22048258336513216, 0.31558754743709616, 0.053121140610407847], "88": [0.21930178740555184, 0.3470461037547677, 0.07316881715545165], "89": [0.18302866415342967, 0.2511479890105942, 0.06806214304728897], "90": [0.33166483029327964, 0.47982198481691346, 0.056607911370411435], "91": [0.31386580390055474, 0.5593195075035056, 0.08864493015966313], "92": [0.15912902583427357, 0.2457776070786611, 0.045678977406037435], "93": [0.9908844325387769, 2.2273244216399806, 0.33121778416043657], "94": [0.1944635607577826, 0.3198643317343617, 0.06300229809075819], "95": [0.7571780355589647, 1.7223150333252448, 0.14891218369279513], "96": [0.2644735247907051, 0.3836155498641734, 0.028407231167180802], "97": [1.3720040679581924, 4.2630285606669345, 0.17818349061886463], "98": [0.23421472316629266, 0.4282116140615887, 0.08949680545742011], "99": [0.3486877186035424, 0.4982200742120756, 0.16010571535439921], "100": [0.01496256242195304, 0.013399142697488386, 0.012708324795174808], "101": [0.3183085437036889, 0.5494998903117363, 0.0920821929149731], "102": [0.42810677026978505, 0.8823922623180002, 0.08556734064521787], "103": [0.06977554057484059, 0.06874749677626582, 0.021397668200723752], "104": [0.6794854378900261, 1.1971577942829115, 0.19198168646038116], "105": [0.18448851914314723, 0.3066533671861191, 0.06364622741718473], "106": [0.19332362707413764, 0.22418387668563625, 0.025283836265101223], "107": [0.8664456426129706, 2.3917901660252547, 0.1827795508104898], "108": [1.1692469462874726, 2.755652919261303, 0.2361511204883242], "109": [0.4233647057853519, 0.7028782914297418, 0.09015183278008276], "110": [0.2025862808129656, 0.28339531477750585, 0.025405791004336375], "111": [0.5449223871566997, 1.182462738499371, 0.15542694500042475], "112": [0.889109042350858, 1.5459449222205224, 0.25387231551452993], "113": [0.19362212773940568, 0.2744241402038173, 0.042045233715442554], "114": [0.7130968204815059, 1.3643924477855014, 0.0969944761309448], "115": [0.5267374503967153, 0.9848770835398405, 0.25165179133169846], "116": [1.4179625105147582, 4.1737754573376895, 0.3249560484437467], "117": [1.0269866445766556, 2.546011744233996, 0.4706798007318359], "118": [0.4149818206275149, 0.7641145649443423, 0.1296785778631544], "119": [0.2266354188105687, 0.29823034246476116, 0.011663891707722973],