{"523.1933333333334": [1], "529.8866666666667": [2], "516.1433333333333": [3], "488.1333333333333": [4], "422.2866666666667": [5], "463.97": [6], "429.0733333333333": [7], "387.55333333333334": [8], "422.31666666666666": [9], "450.0466666666667": [10], "387.3466666666667": [11], "411.87666666666667": [12], "463.87": [13], "394.39666666666665": [14], "390.80333333333334": [15], "397.92333333333335": [16], "422.24666666666667": [17], "373.50333333333333": [18], "366.45666666666665": [19], "377.20666666666665": [20], "331.93": [21], "363.03333333333336": [22], "380.4066666666667": [23], "415.23333333333335": [24], "373.51666666666665": [25], "349.14666666666665": [26], "307.51": [27], "304.02": [28], "356.00666666666666": [29], "300.60333333333335": [30], "297.0": [31, 49], "321.35333333333335": [32], "349.1666666666667": [33], "293.62333333333333": [34], "265.67333333333335": [35], "283.11": [36], "331.81666666666666": [37], "303.91333333333336": [38], "384.02666666666664": [39], "366.43666666666667": [40], "338.74": [41], "352.62": [42], "276.2366666666667": [43], "262.23": [44], "269.23": [45], "279.66": [46], "286.7033333333333": [47], "279.5966666666667": [48], "307.5466666666667": [50], "293.61333333333334": [51], "293.51": [52], "290.06": [53], "293.48333333333335": [54], "262.21": [55], "272.58666666666664": [56], "279.7133333333333": [57], "279.6433333333333": [58], "227.44": [59], "303.8433333333333": [60], "237.97333333333333": [61], "244.86666666666667": [62], "272.6666666666667": [63], "317.7266666666667": [64], "168.36666666666667": [65], "185.74666666666667": [66], "206.64333333333335": [67], "217.04333333333332": [68], "272.70666666666665": [69], "224.01666666666668": [70], "210.05": [71], "227.41333333333333": [72], "206.76": [73], "196.2": [74], "248.28666666666666": [75], "227.47333333333333": [76], "196.1": [77], "185.81666666666666": [78], "269.11": [79], "206.61": [80], "258.73333333333335": [81], "227.51333333333332": [82], "227.46": [83], "161.39666666666668": [84], "216.96333333333334": [85], "157.98333333333332": [86], "203.04666666666665": [87], "210.14666666666668": [88], "206.46": [89], "196.09666666666666": [90], "178.74": [91], "216.99333333333334": [92], "203.11666666666667": [93], "199.51666666666668": [94], "255.20333333333335": [95], "210.04": [96], "185.90333333333334": [97], "224.13666666666666": [98], "178.75666666666666": [99], "234.29666666666665": [100], "182.20666666666668": [101], "196.04333333333332": [102], "151.00666666666666": [103], "185.75333333333333": [104], "213.55333333333334": [105], "178.86": [106], "189.19333333333333": [107, 134], "154.28333333333333": [108], "209.98333333333332": [109], "203.05666666666667": [110], "168.27333333333334": [111], "171.84": [112], "185.75": [113], "203.19666666666666": [114], "206.55": [115, 124], "182.2": [116], "143.99333333333334": [117], "150.94": [118], "182.14333333333335": [119], "133.56666666666666": [120], "137.10333333333332": [121], "151.01": [122], "164.72333333333333": [123], "154.38666666666666": [125], "185.76666666666668": [126], "196.14": [127], "150.90333333333334": [128], "196.09": [129], "192.69": [130], "119.64666666666666": [131], "164.91666666666666": [132], "210.00666666666666": [133], "161.39": [135], "199.62666666666667": [136], "164.94666666666666": [137], "171.69": [138], "98.88333333333334": [139], "151.04333333333332": [140], "130.07": [141], "192.57333333333332": [142], "123.02666666666667": [143], "130.17333333333335": [144], "164.82666666666665": [145], "147.37": [146], "140.46333333333334": [147], "154.31333333333333": [148], "154.23666666666668": [149], "119.62666666666667": [150, 171], "143.97333333333333": [151], "171.71666666666667": [152], "164.92": [153], "130.06666666666666": [154], "161.30666666666667": [155], "133.58": [156, 169], "133.54": [157], "140.47666666666666": [158], "133.46333333333334": [159], "105.69666666666667": [160], "126.49666666666667": [161], "164.86": [162], "112.65": [163], "112.67333333333333": [164], "150.88333333333333": [165], "102.26333333333334": [166], "129.99": [167], "185.65": [168], "116.2": [170], "119.66333333333333": [172], "95.17": [173], "133.47666666666666": [174], "147.4": [175], "105.73": [176], "126.51": [177], "150.86333333333334": [178], "123.01666666666667": [179], "175.17666666666668": [180], "102.20666666666666": [181], "129.92": [182], "70.96": [183], "102.26": [184], "112.62": [185], "102.09": [186], "136.9": [187], "109.19": [188], "91.79333333333334": [189], "140.39666666666668": [190], "129.95333333333335": [191], "102.12": [192], "136.92666666666668": [193], "109.24": [194], "105.64": [195], "126.48333333333333": [196], "130.04333333333332": [197], "140.39": [198], "123.04": [199], "95.35": [200], "91.73666666666666": [201], "91.79666666666667": [202], "102.18": [203], "130.03666666666666": [204], "88.27333333333333": [205], "88.33666666666667": [206], "119.61": [207], "123.00666666666666": [208], "112.55333333333333": [209], "140.44666666666666": [210], "81.38333333333334": [211], "136.95666666666668": [212], "109.1": [213], "105.56666666666666": [214], "109.17333333333333": [215], "133.51666666666668": [216], "115.99": [217], "105.66333333333333": [218], "109.18666666666667": [219], "77.8": [220], "109.08333333333333": [221], "98.57666666666667": [222], "98.68666666666667": [223], "129.96": [224], "140.35666666666665": [225], "74.44333333333333": [226], "102.2": [227], "98.77666666666667": [228], "67.37": [229], "74.23666666666666": [230], "140.42": [231], "122.96666666666667": [232], "109.18333333333334": [233], "98.62666666666667": [234, 313], "95.19": [235], "102.15": [236], "84.69666666666667": [237], "91.71666666666667": [238, 280], "95.26": [239], "84.80333333333333": [240], "84.83333333333333": [241], "116.04333333333334": [242], "63.846666666666664": [243], "70.80333333333333": [244], "88.22333333333333": [245, 272], "81.27666666666667": [246], "63.93666666666667": [247], "84.73333333333333": [248], "81.26333333333334": [249], "56.916666666666664": [250], "74.28666666666666": [251], "105.62": [252], "116.09666666666666": [253], "95.19333333333333": [254], "71.01333333333334": [255], "74.26": [256], "84.74666666666667": [257, 286], "46.43": [258], "74.21": [259], "63.833333333333336": [260], "84.69333333333333": [261], "116.1": [262], "105.55": [263], "102.11666666666666": [264], "102.10666666666667": [265], "70.86333333333333": [266, 337], "70.79": [267], "88.15": [268], "109.07666666666667": [269], "74.36333333333333": [270], "74.27": [271], "81.33": [273], "67.27": [274], "98.57": [275], "70.83666666666667": [276, 315], "98.58": [277], "56.92333333333333": [278], "74.34": [279], "81.32": [281], "53.42": [282], "84.81": [283], "67.35666666666667": [284], "112.48666666666666": [285], "98.60666666666667": [287], "102.08": [288], "81.29333333333334": [289], "88.19333333333333": [290], "74.33333333333333": [291], "84.68": [292, 325], "46.47666666666667": [293], "91.68666666666667": [294], "60.276666666666664": [295], "60.35333333333333": [296, 485], "53.39333333333333": [297], "63.88": [298], "88.23": [299], "60.376666666666665": [300], "70.81": [301], "84.63333333333334": [302], "70.78": [303], "81.14333333333333": [304], "60.42333333333333": [305], "95.09666666666666": [306], "56.873333333333335": [307], "63.85333333333333": [308], "60.413333333333334": [309], "74.24": [310], "70.82333333333334": [311], "70.74666666666667": [312, 415], "77.76666666666667": [314], "63.92": [316], "53.38666666666666": [317], "63.88333333333333": [318], "67.23333333333333": [319, 348], "49.903333333333336": [320], "91.69": [321], "63.85666666666667": [322], "77.72666666666667": [323, 343], "74.33": [324], "49.876666666666665": [326], "60.43666666666667": [327], "67.34": [328], "67.24": [329], "56.91": [330], "56.89": [331], "74.25333333333333": [332], "46.46": [333], "63.733333333333334": [334], "42.99": [335], "70.82666666666667": [336], "42.89": [338], "63.78666666666667": [339],