{"303.2966666666667": [1269], "341.05": [1425], "325.5": [1426], "368.62333333333333": [1427], "363.3": [1428], "275.84": [1430], "335.91333333333336": [1431], "346.46666666666664": [1433], "368.51": [1434], "258.88666666666666": [1435], "365.98333333333335": [1436], "367.42333333333335": [1437], "360.6566666666667": [1438], "344.1066666666667": [1439], "316.55333333333334": [1440], "393.3": [1441], "240.39333333333335": [1442], "358.14": [1443], "224.98666666666668": [1444], "275.68333333333334": [1446], "371.72333333333336": [1448], "346.49666666666667": [1449], "364.65": [1451], "353.0233333333333": [1452], "355.60333333333335": [1453], "359.5233333333333": [1455], "319.06333333333333": [1457], "384.17333333333335": [1458], "343.88666666666666": [1459], "322.93666666666667": [1460], "321.56333333333333": [1461], "383.11": [1462], "390.76666666666665": [1463], "291.43": [1464], "328.2033333333333": [1465], "322.79": [1466], "372.63666666666666": [1467], "326.8": [1468], "362.04333333333335": [1469], "363.4": [1470], "375.56333333333333": [1471], "339.98": [1473], "146.44333333333333": [1474], "230.34": [1475], "301.96666666666664": [1476], "384.12333333333333": [1477], "335.85333333333335": [1478], "384.3566666666667": [1479], "351.60333333333335": [1480], "308.43333333333334": [1482], "230.08666666666667": [1483], "312.19": [1484], "351.7033333333333": [1485], "189.46666666666667": [1486], "362.2966666666667": [1487], "392.25333333333333": [1489], "303.36": [1490], "360.8433333333333": [1491], "356.9533333333333": [1492], "380.53333333333336": [1493], "379.33666666666664": [1495], "321.68333333333334": [1496], "303.48": [1497], "362.0966666666667": [1498], "344.8433333333333": [1499], "314.93": [1500], "378.0466666666667": [1501], "343.96666666666664": [1502], "375.13666666666666": [1503, 1876], "343.91333333333336": [1504], "351.69": [1505], "315.02": [1507], "368.89666666666665": [1510], "326.8466666666667": [1511], "371.1666666666667": [1512], "354.19": [1513], "335.93333333333334": [1514], "339.79333333333335": [1516, 1674], "389.73": [1517, 1847], "348.8666666666667": [1518], "390.82666666666665": [1519], "375.31": [1520], "350.1933333333333": [1521], "359.48333333333335": [1522], "391.96666666666664": [1523], "366.27": [1524], "390.89666666666665": [1525], "359.58": [1526], "381.81": [1527], "354.25666666666666": [1528], "392.25": [1529], "355.7633333333333": [1530], "385.59": [1531], "379.23": [1532], "244.39666666666668": [1533], "324.38": [1535], "372.5933333333333": [1537, 1924], "384.49333333333334": [1538], "369.81666666666666": [1539], "181.65": [1540], "367.47": [1541], "308.4": [1542], "380.5233333333333": [1543], "390.64666666666665": [1544], "371.2366666666667": [1545], "366.26666666666665": [1546], "379.00666666666666": [1547], "275.76": [1548], "388.14666666666665": [1549], "378.13": [1550], "367.50333333333333": [1551], "324.12666666666667": [1552], "325.3566666666667": [1553], "386.93": [1554], "292.79": [1555], "390.8333333333333": [1556], "300.49": [1557], "328.2": [1558], "367.33": [1559], "341.3233333333333": [1560], "384.2366666666667": [1562], "385.7966666666667": [1563], "250.85": [1564], "153.11666666666667": [1565], "350.25": [1566], "386.99666666666667": [1568], "343.70666666666665": [1569], "333.2866666666667": [1570], "352.9166666666667": [1572], "370.25333333333333": [1573], "384.51666666666665": [1574], "336.11333333333334": [1575], "308.4066666666667": [1576], "260.16": [1577], "359.52666666666664": [1578], "390.8": [1579], "366.10333333333335": [1580, 1623], "364.82666666666665": [1581], "376.7033333333333": [1582], "384.39666666666665": [1583], "354.5": [1585], "185.95333333333335": [1586], "353.05": [1587], "380.46": [1590], "388.34": [1591], "380.44": [1592], "373.83666666666664": [1593], "83.55": [1594], "286.2366666666667": [1595], "367.50666666666666": [1596], "264.0133333333333": [1597], "385.57": [1598], "393.12": [1599], "393.51": [1600], "325.7133333333333": [1601], "384.56333333333333": [1602], "388.36333333333334": [1603], "373.6333333333333": [1604], "254.77": [1605], "333.5366666666667": [1606], "354.55": [1608], "309.83666666666664": [1609], "330.82": [1612], "380.59": [1613], "257.7733333333333": [1614], "355.48333333333335": [1616], "392.15": [1617], "74.29666666666667": [1618], "341.29": [1619], "348.76666666666665": [1622], "226.12666666666667": [1624], "331.99666666666667": [1625], "356.9066666666667": [1626], "232.53333333333333": [1627], "383.0366666666667": [1628], "302.0966666666667": [1629], "376.68666666666667": [1630], "323.9766666666667": [1631], "176.55333333333334": [1633], "297.93333333333334": [1634], "383.05": [1635], "228.81333333333333": [1636], "329.73": [1638], "78.48": [1639], "275.89666666666665": [1640], "382.94": [1641], "359.6533333333333": [1642], "376.66333333333336": [1643], "324.2866666666667": [1644], "318.89666666666665": [1645], "73.09333333333333": [1646], "306.8833333333333": [1647], "339.74666666666667": [1648], "337.42333333333335": [1649], "284.92": [1650], "305.8233333333333": [1651], "352.97": [1652], "230.22": [1654], "391.87333333333333": [1655], "280.94": [1656], "326.9433333333333": [1657], "314.9633333333333": [1658], "358.25": [1659], "331.9066666666667": [1660, 1806], "248.26333333333332": [1661], "315.14": [1663], "389.57666666666665": [1664], "358.1666666666667": [1665], "290.37666666666667": [1666], "369.7633333333333": [1667], "307.13666666666666": [1668], "299.25666666666666": [1669], "330.52666666666664": [1670], "352.68666666666667": [1671], "263.95666666666665": [1672], "354.41": [1673], "250.89333333333335": [1675], "379.26666666666665": [1676], "335.8566666666667": [1677, 1747], "384.11333333333334": [1678], "343.9766666666667": [1679], "362.31": [1680], "371.52666666666664": [1681], "164.74666666666667": [1682], "380.16333333333336": [1683], "389.4433333333333": [1684], "266.79333333333335": [1685], "265.50666666666666": [1687], "392.1533333333333": [1688], "359.5366666666667": [1689], "287.6666666666667": [1691], "365.93333333333334": [1692], "351.6166666666667": [1694], "349.18666666666667": [1695], "356.64": [1696], "144.99333333333334": [1697], "389.6": [1698], "355.46": [1699], "377.9166666666667": [1700], "392.18666666666667": [1701], "332.25333333333333": [1702], "369.98333333333335": [1703], "358.36": [1704], "368.67333333333335": [1706], "390.62333333333333": [1707], "355.58666666666664": [1708], "260.1": [1710], "381.96": [1711], "319.07": [1712], "351.81333333333333": [1713], "326.7633333333333": [1715], "372.57666666666665": [1716], "384.41333333333336": [1717], "386.1433333333333": [1718], "333.29": [1721], "338.6333333333333": [1724], "364.71": [1725], "347.76": [1727], "351.6933333333333": [1728], "387.1166666666667": [1731], "261.46": [1732], "380.4633333333333": [1734], "362.07": [1735], "114.80333333333333": [1739], "373.83": [1740], "341.21": [1742], "239.12333333333333": [1743], "384.56": [1749], "390.74666666666667": [1752], "367.55": [1754], "307.1333333333333": [1755], "366.0833333333333": [1756], "354.3233333333333": [1757], "205.44666666666666": [1758], "360.7266666666667": [1759], "276.8233333333333": [1760], "389.67": [1761], "298.02": [1762], "368.4033333333333": [1764], "356.96": [1765], "383.29333333333335": [1766], "381.62333333333333": [1767], "319.04333333333335": [1768], "343.87333333333333": [1769], "358.24": [1770], "357.16": [1771], "371.3333333333333": [1772], "337.43666666666667": [1773], "342.2033333333333": [1774], "341.14666666666665": [1775], "134.71666666666667": [1777], "223.47": [1778], "334.6": [1779], "42.9": [1780], "336.99333333333334": [1783], "224.87333333333333": [1784], "147.63666666666666": [1785], "373.79": [1786], "350.1": [1787], "381.7266666666667": [1789], "353.1166666666667": [1790], "346.3833333333333": [1791], "386.9166666666667": [1792], "99.23333333333333": [1793], "287.7966666666667": [1794], "290.1166666666667": [1796], "360.9266666666667": [1798],