{"225.57": [1], "159.79": [2], "90.8": [3], "86.45666666666666": [4], "77.78666666666666": [5], "231.14333333333335": [6], "130.18333333333334": [7], "169.48666666666668": [8], "124.68333333333334": [9], "6.406666666666666": [10], "142.55333333333334": [11], "128.85333333333332": [12], "54.166666666666664": [13], "171.30666666666667": [14], "158.59333333333333": [15], "105.24666666666667": [16], "151.54333333333332": [17], "172.80333333333334": [18], "165.99333333333334": [19], "4.413333333333333": [20], "163.01": [21], "163.62333333333333": [22], "75.46": [23], "157.43333333333334": [24], "232.45666666666668": [25], "115.14": [26], "123.11333333333333": [27], "51.25": [28], "168.13666666666666": [29], "158.62333333333333": [30], "100.41": [31], "95.76": [32], "11.823333333333334": [33], "123.57333333333334": [34], "235.97": [35], "97.03666666666666": [36], "229.15666666666667": [37], "124.74666666666667": [39], "122.31666666666666": [41], "10.64": [42], "159.85333333333332": [43], "225.55666666666667": [44], "92.61333333333333": [45], "121.40333333333334": [46], "141.59666666666666": [47], "74.71333333333334": [48], "149.95": [49], "83.96333333333334": [50], "134.09": [51], "93.52": [52], "215.54": [53], "58.913333333333334": [54], "129.84666666666666": [55], "180.04333333333332": [57], "230.14666666666668": [58], "47.916666666666664": [59], "141.76666666666668": [60], "171.39333333333335": [61], "132.00666666666666": [63], "142.70666666666668": [64], "74.45": [65], "52.28666666666667": [66], "233.84666666666666": [67], "81.2": [69], "68.07666666666667": [70], "5.376666666666667": [71], "231.73666666666668": [72], "188.37333333333333": [73], "150.01": [74], "110.9": [75], "119.53666666666666": [76], "134.12333333333333": [77], "257.62333333333333": [78], "79.99333333333334": [79], "191.92666666666668": [80], "148.12666666666667": [82], "141.48": [83], "24.883333333333333": [84], "139.72666666666666": [85], "24.616666666666667": [86], "63.163333333333334": [87], "228.88666666666666": [88], "118.76666666666667": [89], "149.39333333333335": [90], "132.16333333333333": [91], "171.94666666666666": [92], "75.94666666666667": [93], "226.94333333333333": [94], "42.06": [95], "170.97666666666666": [96], "47.88666666666666": [97], "49.13666666666666": [98], "163.71": [100], "4.33": [101], "134.07333333333332": [102], "212.79": [103], "129.55333333333334": [105], "127.66": [106], "178.68666666666667": [107], "103.27666666666667": [109], "47.736666666666665": [110], "138.45333333333335": [111], "175.31666666666666": [112], "205.33": [113], "265.21666666666664": [114], "3.34": [115], "168.75": [116], "191.53": [117], "5.243333333333333": [118], "137.83333333333334": [119], "226.41333333333333": [121], "128.82666666666665": [124], "106.64333333333333": [125], "93.59333333333333": [126], "147.13666666666666": [127], "164.05666666666667": [128], "203.80666666666667": [129], "161.21666666666667": [130], "1.0133333333333334": [131], "235.59": [132], "131.91333333333333": [133], "163.90666666666667": [134], "174.91666666666666": [135], "134.94": [136], "179.12333333333333": [137], "159.48": [138], "245.91666666666666": [139], "92.75333333333333": [141], "191.06666666666666": [143], "231.19666666666666": [144], "183.27333333333334": [145], "51.92333333333333": [146], "194.85333333333332": [147], "2.11": [148], "198.94666666666666": [149], "139.63": [150], "151.84333333333333": [152], "116.42666666666666": [153], "162.32": [154], "133.14333333333335": [155], "37.32666666666667": [156], "108.49": [157], "53.47666666666667": [158], "139.56666666666666": [159], "118.97333333333333": [160], "76.87666666666667": [161], "69.39333333333333": [162], "229.36333333333334": [163], "36.876666666666665": [164], "128.67666666666668": [166], "141.42333333333335": [167], "146.84666666666666": [168], "214.89": [169], "56.99666666666667": [170], "127.61": [171], "94.88333333333334": [173], "4.283333333333333": [174], "241.38": [175], "6.456666666666667": [176], "76.42": [177], "152.22666666666666": [178], "84.25333333333333": [179], "145.50666666666666": [180], "133.95666666666668": [182], "248.92333333333335": [183], "9.643333333333333": [184], "164.81333333333333": [185], "160.4": [186], "51.43666666666667": [187], "121.23666666666666": [188], "180.07666666666665": [189], "161.00333333333333": [190], "196.43666666666667": [191], "65.03": [192], "124.65": [193], "165.89333333333335": [194], "240.70666666666668": [195], "99.89666666666666": [196], "163.53666666666666": [197], "187.42666666666668": [198], "82.18333333333334": [199], "182.12333333333333": [200], "84.47333333333333": [201], "161.72666666666666": [202], "93.62666666666667": [203], "139.27666666666667": [204], "192.88666666666666": [205], "137.73666666666668": [206], "91.46666666666667": [207], "111.98666666666666": [208], "135.38666666666666": [209], "32.43666666666667": [210], "141.09666666666666": [211], "102.26333333333334": [213], "95.85666666666667": [214], "99.37": [215], "167.59333333333333": [216], "99.94666666666667": [217], "72.62": [220], "140.52333333333334": [221], "210.55666666666667": [222], "107.24666666666667": [223], "135.40333333333334": [224], "130.90666666666667": [225], "86.18": [226], "122.34333333333333": [227], "132.86666666666667": [228], "114.20666666666666": [229], "81.32666666666667": [230], "138.64666666666668": [231], "197.6": [232], "8.493333333333334": [233], "243.28333333333333": [234], "82.91": [235], "154.78666666666666": [236], "163.68": [237], "143.00666666666666": [238], "255.7": [239], "20.413333333333334": [241], "47.663333333333334": [243], "163.88": [244], "159.45333333333335": [245], "133.79666666666665": [246], "109.32": [247], "161.58": [248], "114.00666666666666": [249], "7.536666666666667": [250], "178.91": [251], "202.12333333333333": [252], "113.11333333333333": [253], "167.99333333333334": [254], "127.55": [255], "151.00666666666666": [256], "152.27333333333334": [257], "23.69": [258], "47.96666666666667": [259], "44.79666666666667": [260], "135.33333333333334": [261], "20.39": [262], "48.593333333333334": [263], "163.31": [265], "111.95": [266], "1.0566666666666666": [267], "162.97666666666666": [268], "12.77": [269], "153.56": [270], "165.88": [271], "119.49333333333334": [272], "169.87666666666667": [273], "160.95333333333335": [274], "150.42": [275], "133.10666666666665": [276], "170.32666666666665": [277], "53.166666666666664": [278], "93.77333333333333": [279], "162.33": [280], "244.8": [282], "92.95666666666666": [283], "163.02": [284], "141.79333333333332": [285], "58.63333333333333": [286], "226.72666666666666": [287], "184.75666666666666": [288], "199.66333333333333": [289], "243.47": [290], "90.48333333333333": [292], "151.10333333333332": [293], "141.16": [294], "120.14666666666666": [295], "165.33333333333334": [296], "146.0": [297], "105.18": [298], "217.12333333333333": [299], "151.59": [300], "145.07333333333332": [301], "115.81666666666666": [302], "221.40666666666667": [303], "107.58666666666667": [304], "143.56333333333333": [305], "228.30666666666667": [306], "117.08": [307], "95.79": [308], "173.19333333333333": [309], "44.75666666666667": [310], "162.87333333333333": [311], "125.51": [312], "91.34333333333333": [313], "195.36": [314], "166.30333333333334": [315], "154.76333333333332": [316], "9.64": [317], "128.83": [318], "113.9": [319], "170.29": [320], "170.83": [322], "195.69": [323], "170.27": [324], "39.983333333333334": [325], "137.15": [326], "167.57666666666665": [327], "157.90666666666667": [328], "28.34": [329], "160.98": [330], "56.60666666666667": [331], "139.79333333333332": [332], "139.42333333333335": [333], "174.99666666666667": [334], "13.936666666666667": [335], "3.216666666666667": [336], "144.19": [337], "156.55666666666667": [338], "2.1633333333333336": [339], "171.3": [340], "132.47666666666666": [341], "219.00333333333333": [342], "144.63333333333333": [343], "116.37": [344], "101.29666666666667": [345],