{"98.0": [1], "8.253333333333334": [2], "3.7266666666666666": [3], "13.553333333333333": [4], "88.40333333333334": [5], "79.3": [6], "18.093333333333334": [7, 239], "64.31": [8], "16.24": [9], "57.29333333333334": [10], "37.916666666666664": [11], "4.67": [12], "24.293333333333333": [13], "105.13666666666667": [14], "90.91666666666667": [15], "60.92": [16], "19.85": [17], "87.42666666666666": [18], "71.38666666666667": [19], "79.36": [20], "42.92333333333333": [21], "13.59": [22], "9.063333333333333": [23], "8.18": [24], "15.333333333333334": [25], "80.34666666666666": [26], "79.37": [27], "44.89666666666667": [28], "63.406666666666666": [29], "97.99333333333334": [30], "97.11333333333333": [31], "14.463333333333333": [32], "62.6": [33], "17.99": [34], "71.48": [35], "82.07333333333334": [36], "50.18": [37], "31.406666666666666": [38], "77.54666666666667": [39], "30.55": [40], "24.233333333333334": [41], "68.76666666666667": [42], "9.103333333333333": [43], "14.466666666666667": [44, 48], "76.05666666666667": [45], "59.086666666666666": [46], "56.37": [47], "7.28": [49], "41.22": [50], "13.646666666666667": [51], "58.1": [52], "26.043333333333333": [53], "51.03666666666667": [54], "5.576666666666667": [55], "74.18666666666667": [56], "54.68333333333333": [57, 188], "38.406666666666666": [58], "21.73": [59], "13.506666666666666": [60], "22.423333333333332": [61], "77.55666666666667": [62], "4.616666666666666": [63], "42.06": [64], "67.97666666666667": [65], "77.75333333333333": [66], "19.866666666666667": [67], "60.83": [68], "8.223333333333333": [69], "10.02": [70], "72.22": [71], "15.42": [72], "7.36": [73], "6.473333333333334": [74], "59.04": [75], "11.753333333333334": [76], "75.88333333333334": [77], "4.566666666666666": [78], "29.653333333333332": [79], "75.0": [80], "1.0566666666666666": [81], "3.79": [82], "13.546666666666667": [83], "1.9833333333333334": [84], "9.093333333333334": [85], "69.89": [86], "27.85333333333333": [87], "3.716666666666667": [88], "3.76": [89], "22.543333333333333": [90], "23.39": [91], "4.576666666666667": [92], "3.756666666666667": [93], "3.743333333333333": [94], "17.133333333333333": [95], "12.713333333333333": [96], "3.82": [97], "69.71": [98], "3.7466666666666666": [99], "22.48": [100], "9.966666666666667": [101], "31.413333333333334": [102], "43.00666666666667": [103], "41.973333333333336": [104], "93.57": [105], "56.4": [106], "2.8333333333333335": [107], "17.076666666666668": [108], "34.11": [109], "59.96": [110], "16.2": [111], "91.09666666666666": [112], "15.353333333333333": [113], "47.46333333333333": [114], "44.71666666666667": [115], "14.476666666666667": [116], "38.49": [117], "17.126666666666665": [118], "1.02": [119, 120, 124, 126], "1.03": [121], "1.0266666666666666": [122, 129], "1.0633333333333332": [123], "1.0233333333333334": [125], "1.0166666666666666": [127], "1.01": [128], "1.0066666666666666": [130, 132], "1.0133333333333334": [131, 133], "79.45": [134], "58.04": [135], "79.39333333333333": [136], "22.463333333333335": [137], "41.196666666666665": [138], "83.06333333333333": [139], "44.78333333333333": [140], "79.46": [141], "52.68": [142], "73.99333333333334": [143], "53.69": [144], "16.203333333333333": [145], "75.89": [146], "60.89333333333333": [147], "21.6": [148], "18.05666666666667": [149], "43.86333333333334": [150], "31.44": [151], "50.833333333333336": [152], "89.21333333333334": [153], "72.21": [154], "51.95333333333333": [155], "17.2": [156], "12.72": [157], "14.436666666666667": [158], "58.06666666666667": [159], "52.72": [160], "23.356666666666666": [161], "88.43666666666667": [162], "5.49": [163], "55.45333333333333": [164], "19.803333333333335": [165], "65.28333333333333": [166], "26.956666666666667": [167], "15.393333333333333": [168], "82.12666666666667": [169], "15.4": [170], "50.096666666666664": [171], "24.2": [172], "18.963333333333335": [173], "24.243333333333332": [174], "70.46333333333334": [175], "53.63": [176], "54.47": [177], "28.703333333333333": [178], "67.88666666666667": [179], "80.39333333333333": [180], "13.586666666666666": [181], "58.07": [182], "27.923333333333332": [183], "54.55": [184], "30.473333333333333": [185], "58.96": [186], "56.42333333333333": [187], "10.016666666666667": [189, 278], "22.53": [190], "44.75": [191], "48.28": [192], "46.70666666666666": [193], "16.23": [194], "46.56333333333333": [195], "47.516666666666666": [196], "49.23": [197], "44.75333333333333": [198], "47.64": [199], "47.5": [200], "58.13": [201], "43.9": [202], "38.49333333333333": [203], "42.07333333333333": [204], "17.173333333333332": [205], "25.993333333333332": [206], "19.816666666666666": [207], "22.576666666666668": [208], "2.816666666666667": [209], "2.8133333333333335": [210], "9.92": [211], "52.736666666666665": [212], "40.376666666666665": [213], "35.97666666666667": [214], "34.05": [215], "27.913333333333334": [216], "5.466666666666667": [217], "24.35333333333333": [218], "15.373333333333333": [219], "1.8966666666666667": [220], "20.75": [221], "27.023333333333333": [222], "28.706666666666667": [223], "19.79": [224], "22.546666666666667": [225], "34.013333333333335": [226], "36.77333333333333": [227], "5.543333333333333": [228], "28.786666666666665": [229], "24.25": [230], "23.453333333333333": [231], "37.663333333333334": [232], "27.823333333333334": [233], "35.89": [234], "23.386666666666667": [235], "19.95": [236], "4.583333333333333": [237], "20.696666666666665": [238], "4.623333333333333": [240], "3.7733333333333334": [241], "10.05": [242], "18.976666666666667": [243], "23.43": [244], "25.116666666666667": [245], "26.903333333333332": [246, 248], "1.94": [247], "21.616666666666667": [249], "18.926666666666666": [250], "16.25": [251], "16.316666666666666": [252], "24.28": [253], "20.72": [254], "30.516666666666666": [255], "3.74": [256], "30.416666666666668": [257], "12.706666666666667": [258], "2.8033333333333332": [259], "11.766666666666667": [260, 266], "10.91": [261], "23.366666666666667": [262], "11.81": [263], "21.54": [264], "13.676666666666666": [265], "14.473333333333333": [267], "16.206666666666667": [268], "8.3": [269], "12.663333333333334": [270], "10.056666666666667": [271], "2.8566666666666665": [272], "10.863333333333333": [273], "1.9166666666666667": [274], "7.323333333333333": [275], "6.4": [276], "9.97": [277], "6.336666666666667": [279], "8.203333333333333": [280], "6.38": [281], "9.983333333333333": [282]}