{"93.96333333333334": [0], "88.12333333333333": [1], "81.04666666666667": [2], "94.13": [3], "70.57666666666667": [4], "90.31666666666666": [5], "90.28": [6], "84.46": [7], "88.98333333333333": [8], "77.10333333333334": [9], "82.78": [10], "66.72": [11], "80.13333333333334": [12], "80.19": [13], "81.87333333333333": [14], "78.52": [15], "92.81": [16], "75.45": [17], "81.85": [18], "82.67666666666666": [19], "81.38": [20], "66.72666666666667": [21], "64.58333333333333": [22], "79.77666666666667": [23], "84.92666666666666": [24], "77.16": [25], "90.99666666666667": [26], "62.63666666666666": [27], "83.18666666666667": [28], "78.48": [29], "63.0": [30], "85.94": [31], "68.80333333333333": [32], "68.75666666666666": [33], "72.16666666666667": [34], "75.19666666666667": [35], "74.57666666666667": [36], "75.12333333333333": [37], "69.74666666666667": [38], "70.47333333333333": [39], "34.04666666666667": [40], "73.92": [41], "49.00666666666667": [42], "45.776666666666664": [43], "72.49333333333334": [44], "82.20333333333333": [45], "76.88": [46], "77.36": [47], "64.17666666666666": [48], "67.25666666666666": [49], "61.37": [50], "53.61666666666667": [51], "71.71333333333334": [52], "69.57": [53], "64.67": [54], "68.38": [55], "48.24": [56], "56.11666666666667": [57], "69.77333333333333": [58], "61.32666666666667": [59], "61.21": [60], "57.51": [61], "65.85": [62], "36.00666666666667": [63], "80.63333333333334": [64], "65.50333333333333": [65], "61.54333333333334": [66], "71.38666666666667": [67], "61.21333333333333": [68], "63.03333333333333": [69], "58.3": [70], "63.62": [71], "44.77333333333333": [72], "37.74333333333333": [73], "56.373333333333335": [74], "61.78": [75], "59.2": [76], "62.42333333333333": [77], "61.63": [78], "20.933333333333334": [79], "61.19": [80], "36.376666666666665": [81], "53.35333333333333": [82], "57.903333333333336": [83], "54.06666666666667": [84], "60.916666666666664": [85], "31.026666666666667": [86], "51.24666666666667": [87], "63.46666666666667": [88], "54.22666666666667": [89], "47.85333333333333": [90], "36.14333333333333": [91], "33.13666666666666": [92], "31.833333333333332": [93], "58.7": [94], "39.42": [95], "41.59": [96], "65.09": [97], "42.28": [98], "42.736666666666665": [99], "61.666666666666664": [100], "33.02333333333333": [101], "61.38": [102], "38.556666666666665": [103], "26.386666666666667": [104], "46.96": [105], "10.39": [106], "29.26": [107], "43.53333333333333": [108], "52.84": [109], "50.48": [110], "45.71666666666667": [111], "53.28": [112], "38.483333333333334": [113], "41.88666666666666": [114], "33.93333333333333": [115], "35.74666666666667": [116], "43.67333333333333": [117], "36.93333333333333": [118], "26.35333333333333": [119], "6.126666666666667": [120], "41.54": [121], "31.04": [122], "32.64333333333333": [123], "38.13333333333333": [125], "9.48": [126], "35.20666666666666": [127], "27.67": [128], "7.826666666666667": [129], "33.6": [130]}