{"213.15": [2], "187.34333333333333": [3], "77.1": [4], "49.64666666666667": [5], "109.53333333333333": [6], "152.1": [7], "32.24333333333333": [9], "65.36333333333333": [11], "122.84666666666666": [12, 260], "42.25": [13], "74.72666666666667": [14], "32.68666666666667": [15], "65.44666666666667": [16], "12.81": [17], "178.89": [18], "69.14333333333333": [19], "109.58333333333333": [20], "103.48666666666666": [21], "98.01": [22], "155.29": [23], "76.72": [24], "74.69333333333333": [25], "28.333333333333332": [26, 568], "53.33": [27, 495], "12.58": [28], "78.34666666666666": [29], "99.47666666666667": [30], "155.19": [31], "76.5": [32], "67.32": [33], "101.62": [35], "12.673333333333334": [36], "74.65333333333334": [37], "82.4": [38], "22.913333333333334": [39], "55.87": [40], "34.156666666666666": [41], "26.563333333333333": [42], "88.32": [43], "40.263333333333335": [44], "113.00333333333333": [45], "200.24": [46], "74.53": [47, 331], "9.016666666666667": [48], "22.516666666666666": [49, 164], "197.78333333333333": [50], "128.61666666666667": [51], "32.04666666666667": [52], "78.62666666666667": [53], "269.05": [54], "105.15666666666667": [55], "143.83": [56], "53.62": [58], "222.58666666666667": [59], "137.95666666666668": [60], "57.236666666666665": [61], "41.626666666666665": [62], "359.23": [63], "10.963333333333333": [64], "55.526666666666664": [65], "51.49666666666667": [66], "82.31333333333333": [67], "12.756666666666666": [68], "53.2": [69], "101.57666666666667": [70], "24.483333333333334": [71], "84.25": [72], "75.39333333333333": [73], "90.27666666666667": [74], "18.633333333333333": [75], "44.11666666666667": [76], "67.23666666666666": [77], "34.46333333333333": [78], "30.513333333333332": [79], "41.79666666666667": [80], "72.85333333333334": [81], "30.14": [82], "116.82333333333334": [83], "68.85666666666667": [84], "139.70666666666668": [85], "39.96666666666667": [86], "95.74666666666667": [87], "32.37": [88], "117.33": [89], "78.36333333333333": [90], "82.23666666666666": [91], "163.15666666666667": [92], "92.52666666666667": [93], "45.73": [94], "40.27333333333333": [95], "86.64": [96], "49.69": [97], "61.85666666666667": [98], "22.6": [99], "168.69": [100], "45.81": [101], "80.91666666666667": [102], "22.37": [103], "136.12333333333333": [104], "123.07": [105], "97.85": [106], "160.56333333333333": [107], "101.49": [108], "103.75333333333333": [109], "67.35": [110], "57.28666666666667": [111], "38.163333333333334": [113], "76.41333333333333": [114], "24.826666666666668": [115], "57.2": [116], "22.483333333333334": [117], "41.97666666666667": [118], "347.68666666666667": [119], "30.316666666666666": [120], "65.47666666666667": [121], "39.99": [122], "65.48": [123], "61.55": [124], "119.4": [125], "122.53": [126], "39.82333333333333": [127], "45.71666666666667": [128], "47.87": [129], "55.45666666666666": [130], "282.14": [131], "42.16": [132], "5.176666666666667": [133], "99.08333333333333": [134], "19.453333333333333": [135], "47.68": [136], "34.09": [137], "84.23333333333333": [138], "38.07333333333333": [139], "57.25333333333333": [140], "165.14333333333335": [141], "18.733333333333334": [142], "134.66333333333333": [143], "45.94": [144], "99.67": [145], "60.92333333333333": [146], "164.81666666666666": [147], "65.01666666666667": [148, 174], "30.54": [149], "40.14666666666667": [150], "42.083333333333336": [151], "122.48333333333333": [152], "70.71666666666667": [153], "165.40666666666667": [154], "55.483333333333334": [155], "88.23333333333333": [156, 244], "110.93333333333334": [157], "113.64333333333333": [158], "94.42333333333333": [159], "55.04": [160], "12.796666666666667": [161], "84.11333333333333": [162], "51.696666666666665": [163], "46.026666666666664": [166], "314.97333333333336": [167], "63.05": [168], "37.99": [169], "132.24333333333334": [170], "37.943333333333335": [171], "76.45": [172], "38.38333333333333": [173], "179.06666666666666": [175], "155.14333333333335": [176], "53.39333333333333": [177], "192.02333333333334": [178], "169.19": [179], "42.06": [180], "259.1433333333333": [181], "90.22": [183], "111.14666666666666": [184, 307], "47.56": [185], "59.343333333333334": [186], "38.0": [187], "222.90333333333334": [188], "45.736666666666665": [189], "55.43666666666667": [190], "109.6": [191], "69.18333333333334": [192], "34.43666666666667": [193], "61.18333333333333": [194], "9.11": [195], "69.01666666666667": [196], "120.75": [197, 351], "42.10333333333333": [198], "17.02": [199], "34.58": [200], "247.69": [201], "9.156666666666666": [202], "51.85333333333333": [203], "61.483333333333334": [204], "101.52": [205], "74.91333333333333": [206], "80.22": [207], "66.98": [208], "90.11333333333333": [209], "249.90666666666667": [210], "195.94": [211], "82.46666666666667": [212], "32.57333333333333": [213], "8.923333333333334": [214], "115.42333333333333": [215], "57.406666666666666": [217], "16.843333333333334": [218], "41.81": [219], "75.02666666666667": [221], "55.47666666666667": [222], "69.13666666666667": [223], "95.87666666666667": [224], "70.75": [225], "71.12333333333333": [226], "32.20666666666666": [227], "94.19": [228], "149.38": [229], "51.95333333333333": [230], "111.33": [231], "113.47333333333333": [232], "2.9566666666666666": [233], "165.23333333333332": [234], "232.58333333333334": [235], "14.573333333333334": [236], "70.48333333333333": [237], "42.15": [238], "6.786666666666667": [239], "6.976666666666667": [240], "14.8": [241], "51.64": [242], "44.016666666666666": [243], "36.03333333333333": [245], "16.663333333333334": [246], "70.87": [247], "99.53333333333333": [248], "94.05333333333333": [249], "84.46333333333334": [250], "118.55333333333333": [251], "98.04333333333334": [252], "24.456666666666667": [254], "98.33": [255], "82.28333333333333": [256, 561], "234.55": [257], "113.56333333333333": [258], "21.463333333333335": [259], "91.94333333333333": [261], "190.48": [262], "61.11666666666667": [263], "68.85": [264], "109.40333333333334": [265], "39.92": [266], "211.06": [267], "30.476666666666667": [268], "159.40333333333334": [270], "38.35": [272], "45.71": [273], "82.70333333333333": [274], "97.96333333333334": [275], "115.04666666666667": [276], "19.03": [277], "43.9": [278], "193.97666666666666": [279], "22.886666666666667": [280], "180.29666666666665": [281], "114.78666666666666": [282], "46.093333333333334": [283], "117.37666666666667": [284], "42.026666666666664": [285], "80.63333333333334": [286], "12.676666666666666": [287], "57.623333333333335": [288], "201.87333333333333": [289], "180.37333333333333": [291], "34.21": [292], "62.98": [293], "20.85": [294], "20.583333333333332": [295], "90.7": [296], "18.753333333333334": [297], "34.266666666666666": [298], "26.796666666666667": [299], "51.60333333333333": [300], "287.72": [301], "28.533333333333335": [302], "10.966666666666667": [303], "95.61333333333333": [304], "76.52333333333333": [305], "18.96": [306], "43.63666666666666": [309], "41.63333333333333": [310], "51.513333333333335": [311], "18.61": [312], "228.28": [313], "40.166666666666664": [314], "86.66333333333333": [315], "20.733333333333334": [316], "207.09": [317], "111.23666666666666": [318], "26.336666666666666": [319], "51.233333333333334": [320], "86.06": [321], "167.08333333333334": [322], "30.22": [323], "63.50333333333333": [324], "63.61333333333334": [325], "49.96333333333333": [326], "12.856666666666667": [327], "353.23": [328], "62.73": [329], "82.36666666666666": [330], "24.62": [332], "22.59": [333], "157.47666666666666": [334], "9.133333333333333": [336], "12.816666666666666": [337], "22.56": [340], "28.263333333333332": [341], "67.22333333333333": [342], "164.77": [343], "65.02": [344], "51.376666666666665": [345], "58.013333333333335": [346], "15.073333333333334": [347], "24.373333333333335": [348], "45.79666666666667": [349], "67.15": [350], "26.283333333333335": [352], "63.28": [353], "133.77666666666667": [354], "138.28666666666666": [355], "75.09": [356],