{"358.60333333333335": [1], "289.98333333333335": [2], "298.92": [3], "222.42666666666668": [4], "340.65": [5], "272.11": [6], "203.24666666666667": [7], "370.23": [8], "316.31": [9], "300.1066666666667": [10], "314.03": [11], "340.73333333333335": [12], "379.14": [13], "307.87333333333333": [14], "334.42": [15], "370.99333333333334": [16], "287.1766666666667": [17], "330.29": [18], "360.77": [19], "200.92": [20], "298.3933333333333": [21], "348.5366666666667": [22], "180.22": [23], "301.3": [24], "297.4866666666667": [25], "20.173333333333332": [26], "171.42": [27], "366.0733333333333": [28], "288.32666666666665": [29], "372.42": [30], "314.51": [31], "322.9066666666667": [32], "368.6566666666667": [33], "325.58666666666664": [34], "293.7133333333333": [35], "340.77666666666664": [36], "326.63666666666666": [37], "372.07666666666665": [38], "301.03": [39], "296.19": [40], "340.75333333333333": [41], "312.65": [42], "348.48": [43], "109.33666666666667": [44], "324.09": [45], "89.04": [46], "88.94": [47], "254.07666666666665": [48], "91.29333333333334": [49], "183.8": [50], "350.74333333333334": [51], "353.18666666666667": [52], "369.76666666666665": [53], "25.14666666666667": [54], "315.0": [55], "363.27": [56], "232.73": [57], "345.56666666666666": [58], "347.43": [59], "279.6666666666667": [60], "269.62333333333333": [61], "309.44": [62], "312.7": [63], "299.8333333333333": [64], "302.5466666666667": [65], "18.876666666666665": [66], "162.41333333333333": [67], "327.95": [68], "182.78": [69], "344.37666666666667": [70], "324.29333333333335": [71], "268.30333333333334": [72], "204.41": [73], "226.47333333333333": [74], "331.75666666666666": [75], "171.57666666666665": [76], "363.53333333333336": [77], "78.52333333333333": [78], "304.7866666666667": [79], "273.1": [80, 272], "289.80333333333334": [81], "62.24": [82], "312.81": [83], "261.47": [84], "10.026666666666667": [85], "317.93": [86], "305.6166666666667": [87], "121.90666666666667": [88], "173.91": [89], "243.91": [90], "25.3": [91], "315.5133333333333": [92], "23.95": [93], "202.16333333333333": [94], "184.3": [95], "353.4266666666667": [96], "214.93333333333334": [97], "311.50666666666666": [98], "251.83333333333334": [99], "105.30666666666667": [100], "177.98666666666668": [101], "379.8233333333333": [102], "297.33": [103], "152.37666666666667": [104], "303.97": [105], "256.93666666666667": [106], "273.63": [107], "264.39": [108], "137.02666666666667": [109], "293.55": [110], "274.69": [111], "273.28": [112], "223.66333333333333": [113], "186.79": [114], "267.43666666666667": [115], "278.25666666666666": [116], "276.98": [117], "246.7": [118], "236.61333333333334": [119], "330.91": [120], "251.89": [121], "370.01666666666665": [122], "272.01666666666665": [123], "294.85": [124], "284.8066666666667": [125], "332.5133333333333": [126], "333.25": [127], "117.79": [128], "26.426666666666666": [129], "35.36666666666667": [130], "338.29": [131], "276.87": [132, 237], "233.97666666666666": [133], "236.28": [134], "335.11": [135], "312.8333333333333": [136], "365.09": [137], "299.66333333333336": [138], "103.96333333333334": [139], "276.04333333333335": [140], "228.82333333333332": [141], "221.06": [142], "256.57666666666665": [143], "237.81666666666666": [144, 325], "2.283333333333333": [145], "284.6933333333333": [146], "253.19666666666666": [147], "285.7266666666667": [148], "208.34666666666666": [149], "202.15": [150], "9.953333333333333": [151, 309], "285.9": [152], "286.21": [153], "241.47333333333333": [154], "280.37": [155], "332.80333333333334": [156], "363.6766666666667": [157], "275.81": [158], "353.38": [159], "167.89666666666668": [160], "250.41": [161], "314.06666666666666": [162], "309.27": [163], "276.88666666666666": [164], "261.78": [165], "275.93": [166], "15.01": [167], "255.64666666666668": [168], "268.38": [169], "315.62": [170], "337.96": [171], "294.79333333333335": [172], "82.56666666666666": [173], "332.13666666666666": [174], "292.76": [175], "89.02333333333333": [176], "33.03333333333333": [177], "271.50666666666666": [178], "34.19": [179], "260.5": [180], "310.0966666666667": [181], "325.6933333333333": [182], "41.653333333333336": [183], "334.1": [184], "252.76333333333332": [185], "324.13666666666666": [186], "235.22": [187], "123.19333333333333": [188], "98.92666666666666": [189], "247.85": [190], "268.03333333333336": [191], "336.31333333333333": [192], "309.09": [193], "325.5133333333333": [194], "223.83": [195], "153.57": [196], "350.91333333333336": [197], "308.8066666666667": [198], "239.97666666666666": [199], "311.2": [200], "296.37666666666667": [201], "217.60333333333332": [202], "293.3333333333333": [203], "296.0933333333333": [204], "342.17": [205], "9.93": [206], "212.54666666666665": [207], "303.78333333333336": [208], "240.39": [209], "240.26666666666668": [210], "283.25666666666666": [211], "269.5833333333333": [212], "42.96": [213], "214.59666666666666": [214], "331.8": [215], "84.98333333333333": [216], "178.98333333333332": [217], "233.74": [218], "195.60333333333332": [219], "303.74333333333334": [220], "170.23333333333332": [221], "186.66333333333333": [222], "190.51333333333332": [223], "324.25666666666666": [224], "250.51": [225], "269.5233333333333": [226], "278.41333333333336": [227], "260.56": [228], "335.47": [229], "295.03": [230], "300.17": [231], "264.50666666666666": [232], "114.28333333333333": [233], "158.66333333333333": [234], "196.58333333333334": [235], "13.743333333333334": [236], "252.79666666666665": [238], "141.08333333333334": [239], "255.46": [240], "300.13666666666666": [241], "294.9533333333333": [242], "21.383333333333333": [243], "274.91333333333336": [244], "74.81333333333333": [245], "189.30666666666667": [246], "266.82": [247], "262.97": [248], "259.3466666666667": [249], "245.38666666666666": [250], "296.42": [251], "196.96666666666667": [252], "72.39666666666666": [253], "77.35666666666667": [254], "241.26": [255], "247.87333333333333": [256], "245.18": [257], "137.08666666666667": [258], "170.25666666666666": [259], "227.33": [260], "238.90333333333334": [261], "234.02666666666667": [262], "93.93666666666667": [263], "246.62666666666667": [264], "236.38333333333333": [265], "246.29666666666665": [266], "237.75333333333333": [267], "260.87333333333333": [268], "111.66666666666667": [269], "223.93": [270], "126.8": [273], "202.10666666666665": [274], "232.76": [275], "44.38333333333333": [276], "52.07333333333333": [277], "72.11666666666666": [278], "60.81": [279], "150.01666666666668": [280], "134.78666666666666": [281], "74.88": [282], "99.03333333333333": [283], "18.89": [284], "8.663333333333334": [285], "161.21": [286], "4.796666666666667": [287], "122.02": [288], "91.24666666666667": [289], "109.25333333333333": [290], "55.64333333333333": [291], "124.40666666666667": [292], "26.413333333333334": [293], "126.94": [294], "153.37": [295], "112.99": [296], "48.13666666666666": [297], "92.60333333333334": [298], "273.27666666666664": [299], "18.78": [300], "137.14": [301], "13.736666666666666": [302], "40.60333333333333": [303], "315.06666666666666": [304], "268.06333333333333": [305], "198.23333333333332": [306], "216.36666666666667": [307], "133.31666666666666": [308], "214.93666666666667": [310], "97.96333333333334": [311], "207.15666666666667": [312], "85.05": [313], "213.48666666666668": [314], "140.93333333333334": [316], "32.79333333333334": [317], "17.63": [318], "163.62666666666667": [319], "142.33333333333334": [320], "221.16": [321], "156.42333333333335": [322], "195.74333333333334": [323], "194.57333333333332": [324], "140.94333333333333": [326], "84.71": [327], "87.64666666666666": [328], "116.81333333333333": [329], "17.59": [330], "65.9": [331], "227.43333333333334": [332], "178.07333333333332": [333], "151.20333333333335": [334], "142.36666666666667": [335], "43.07333333333333": [336], "111.88333333333334": [337], "20.16": [338], "27.873333333333335": [339], "56.95333333333333": [340],