{"85.8": [1], "74.71": [2], "34.663333333333334": [3], "51.86333333333334": [4], "30.59": [5], "40.29": [6], "29.93": [7], "70.00666666666666": [8], "25.60333333333333": [9], "25.323333333333334": [11], "53.05": [12], "13.473333333333333": [13], "20.886666666666667": [14], "11.093333333333334": [15], "31.816666666666666": [17], "29.14666666666667": [18], "16.986666666666668": [19], "64.54666666666667": [20], "43.46666666666667": [21], "5.08": [22], "78.25666666666666": [23], "30.686666666666667": [24], "23.246666666666666": [25], "14.663333333333334": [26], "21.65": [27], "8.133333333333333": [28], "70.81333333333333": [29], "4.033333333333333": [30], "15.3": [32], "29.643333333333334": [33], "1.0233333333333334": [34], "12.97": [36], "21.976666666666667": [37], "32.54666666666667": [38], "13.176666666666666": [39], "31.826666666666668": [40], "87.07333333333334": [41], "5.203333333333333": [42], "52.973333333333336": [43], "59.55": [44], "45.61666666666667": [45], "33.22666666666667": [46], "36.73": [47], "34.17": [48], "3.6333333333333333": [49], "5.863333333333333": [50], "70.87333333333333": [51], "32.056666666666665": [52], "20.713333333333335": [53], "19.69333333333333": [54], "45.41": [55], "25.83": [56], "58.196666666666665": [57], "31.506666666666668": [58], "39.09": [59], "17.11": [60], "75.34": [61], "65.17666666666666": [62], "82.47666666666667": [63], "34.99": [64], "74.29333333333334": [65], "15.82": [66], "1.73": [67], "19.35333333333333": [68], "11.953333333333333": [69], "26.83": [70], "20.406666666666666": [71], "37.86": [72], "6.343333333333334": [73], "42.593333333333334": [74], "41.1": [75], "34.56666666666667": [76], "36.88666666666666": [77], "53.403333333333336": [78], "20.553333333333335": [79], "49.50666666666667": [80], "1.2833333333333334": [81], "3.6733333333333333": [82], "1.47": [83], "22.486666666666668": [84], "75.12666666666667": [85], "14.046666666666667": [86], "17.953333333333333": [87], "13.253333333333334": [88], "8.406666666666666": [89], "15.09": [90], "27.983333333333334": [91], "11.42": [92], "49.47666666666667": [93], "16.17": [94], "45.39666666666667": [95], "11.04": [96], "64.49": [97], "13.606666666666667": [98], "21.063333333333333": [99], "1.8766666666666667": [100], "23.513333333333332": [101], "33.97": [102], "2.43": [103], "39.57": [104], "12.593333333333334": [105], "5.493333333333333": [106], "51.486666666666665": [107], "57.483333333333334": [108], "24.89": [109], "11.653333333333334": [110], "35.766666666666666": [111], "35.18333333333333": [112], "8.41": [113], "41.096666666666664": [114], "30.49": [115], "68.28": [116], "56.96666666666667": [117], "23.436666666666667": [118], "3.473333333333333": [119], "40.693333333333335": [120], "4.753333333333333": [121], "39.483333333333334": [122], "5.846666666666667": [123], "67.56333333333333": [125], "16.596666666666668": [126], "18.62": [127], "26.573333333333334": [128], "50.54666666666667": [129], "42.82333333333333": [130], "9.256666666666666": [131], "39.35666666666667": [132], "46.093333333333334": [133], "16.663333333333334": [134], "17.51": [135], "52.93": [136], "21.913333333333334": [137], "29.47": [138], "1.91": [139], "62.0": [140], "9.323333333333334": [141], "22.1": [142], "5.903333333333333": [143], "13.466666666666667": [144], "40.39666666666667": [145], "12.64": [146], "40.516666666666666": [147], "36.74333333333333": [148]}