{"8.22": [1], "31.913333333333334": [2], "192.87666666666667": [3], "143.02333333333334": [4], "235.06": [5], "32.07666666666667": [6], "25.006666666666668": [7], "10.606666666666667": [8], "3.4833333333333334": [9], "3.736666666666667": [10], "20.083333333333332": [11], "1.09": [12], "3.506666666666667": [13], "17.81": [14], "24.83": [15, 609], "25.09": [16], "15.35": [17], "67.57333333333334": [18], "27.33": [19], "24.86": [20], "44.03666666666667": [21], "129.52": [22], "1.01": [23, 480, 552, 566, 681, 691, 696, 719, 750, 765, 800, 811, 818, 820, 822, 849, 870, 884, 891, 907, 924, 956, 966], "121.99666666666667": [24], "84.11": [25], "136.07666666666665": [26], "157.31333333333333": [27], "226.3": [28], "318.54": [29], "216.85333333333332": [30], "231.09666666666666": [31], "100.89": [32], "119.51": [33], "157.73333333333332": [34], "100.43": [35], "190.42": [36], "103.04666666666667": [37], "69.87666666666667": [38], "171.6": [39], "219.16333333333333": [40], "221.12666666666667": [41], "150.08": [42], "34.21333333333333": [43], "3.41": [44], "150.79333333333332": [45], "44.27333333333333": [46], "138.87666666666667": [47], "308.74666666666667": [48], "320.31333333333333": [49], "215.91333333333333": [50], "201.82666666666665": [51], "215.92": [52], "10.763333333333334": [53], "13.073333333333334": [54, 612], "84.22666666666667": [55], "91.09333333333333": [56], "69.79666666666667": [57], "70.04": [58], "219.18": [59], "86.37": [60], "86.59666666666666": [61], "51.02333333333333": [62], "93.76333333333334": [63], "302.2": [64], "13.166666666666666": [65], "22.616666666666667": [66], "88.70666666666666": [67], "1.0133333333333334": [68, 523, 646, 679, 734, 792, 819, 837, 886, 890, 1002], "8.293333333333333": [69], "27.313333333333333": [70], "213.68333333333334": [71], "188.01666666666668": [72], "1.0166666666666666": [73, 299, 489, 492, 513, 529, 541, 578, 618, 629, 630, 675, 801, 812, 968, 984], "32.093333333333334": [74], "74.88333333333334": [75], "53.27": [76], "231.17333333333335": [77], "24.88": [78], "3.4366666666666665": [79, 186, 927, 954], "8.156666666666666": [80], "55.64666666666667": [81], "230.58333333333334": [82], "207.39": [83], "211.98666666666668": [84], "307.7866666666667": [85], "32.083333333333336": [86], "136.19333333333333": [87], "110.34333333333333": [88], "62.766666666666666": [89], "50.86": [90], "81.60333333333334": [91], "103.03333333333333": [92], "15.313333333333333": [93], "67.57": [94], "156.82": [95], "178.61666666666667": [96], "34.39333333333333": [97], "39.78333333333333": [98], "65.99666666666667": [99], "56.64666666666667": [100], "46.836666666666666": [101], "47.00666666666667": [102], "1.2766666666666666": [103], "74.55333333333333": [104], "69.74": [105], "93.61666666666666": [106], "252.10333333333332": [107], "136.39666666666668": [108], "100.46666666666667": [109], "3.3866666666666667": [110, 599], "48.46333333333333": [111], "29.493333333333332": [112], "34.06666666666667": [113], "308.66333333333336": [114], "365.88666666666666": [115], "242.95666666666668": [116], "226.46666666666667": [117], "8.19": [118, 400], "3.44": [119, 559, 931], "31.93": [120], "1.06": [121, 506], "287.07666666666665": [122], "79.18666666666667": [123], "112.54666666666667": [124], "67.92333333333333": [125], "32.42333333333333": [126], "17.666666666666668": [127], "1.0366666666666666": [128, 452, 575, 998], "280.23": [129], "290.72333333333336": [130], "110.15333333333334": [131], "62.74": [132], "48.60333333333333": [133], "114.76": [134], "48.34": [135], "221.68333333333334": [136], "164.30666666666667": [137], "141.05666666666667": [138], "15.406666666666666": [139], "58.983333333333334": [140], "54.14666666666667": [141], "5.91": [142], "83.97333333333333": [143], "107.74666666666667": [144], "3.4233333333333333": [145, 473, 871], "126.86666666666666": [146], "1.02": [147, 417, 531, 650, 790, 814, 981], "27.406666666666666": [148], "19.906666666666666": [149], "121.77666666666667": [150], "22.26": [151], "15.346666666666666": [152], "138.63666666666666": [153], "27.236666666666668": [154, 686], "15.41": [155], "17.63": [156], "53.21": [157], "31.926666666666666": [158], "53.10666666666667": [159], "41.52": [160], "159.99": [161], "65.15333333333334": [162], "225.85666666666665": [163], "38.983333333333334": [164], "20.256666666666668": [165], "230.89": [166], "74.75666666666666": [167], "190.03333333333333": [168], "110.55333333333333": [169], "276.04": [170], "173.97666666666666": [171], "268.6066666666667": [172], "84.05": [173], "89.0": [174], "67.45": [175], "12.82": [176, 851], "22.44": [177], "15.376666666666667": [178], "117.01": [179], "119.61333333333333": [180], "251.64666666666668": [181], "57.943333333333335": [182], "15.366666666666667": [183], "145.91666666666666": [184], "96.04666666666667": [185], "10.526666666666667": [187], "22.346666666666668": [188], "10.506666666666666": [189], "17.633333333333333": [190], "3.39": [191], "128.92666666666668": [192], "20.13": [193], "41.42666666666667": [194], "32.14333333333333": [195], "65.17666666666666": [196], "185.25": [197], "158.98666666666668": [198], "81.53333333333333": [199], "197.66333333333333": [200], "187.47666666666666": [201], "181.07": [202], "65.05": [203], "206.79666666666665": [204], "178.44333333333333": [205], "112.19": [206], "180.57666666666665": [207], "199.67666666666668": [208], "3.37": [209, 397, 657, 669], "110.09": [210], "159.98333333333332": [211], "211.74666666666667": [212], "58.18666666666667": [213], "1.3666666666666667": [214], "136.09666666666666": [215], "46.406666666666666": [216], "48.83": [217], "218.83333333333334": [218], "12.956666666666667": [219], "17.663333333333334": [220], "8.12": [221, 558], "41.54666666666667": [222], "34.57": [223], "15.486666666666666": [224], "1.0733333333333333": [225, 570, 855, 938], "8.243333333333334": [226], "34.36": [227, 553], "5.766666666666667": [228], "5.92": [229, 778], "12.886666666666667": [230, 590], "3.4566666666666666": [231], "147.75666666666666": [232], "74.55666666666667": [233], "216.36666666666667": [234], "91.42666666666666": [235], "107.30666666666667": [236], "65.11666666666666": [237], "29.413333333333334": [238], "58.08": [239], "22.426666666666666": [240], "57.96333333333333": [241], "83.73666666666666": [242], "95.88": [243], "145.35666666666665": [244], "72.29666666666667": [245], "329.93666666666667": [246], "1.0566666666666666": [247, 268, 677, 873], "1.0066666666666666": [248, 518, 596, 597, 610, 633, 673, 714, 716, 744, 758, 763, 771, 779, 787, 834, 856, 858, 869, 892, 940, 941, 946, 959, 987, 999], "31.98": [249], "193.30333333333334": [250], "34.47": [251], "138.43666666666667": [252], "192.51333333333332": [253], "24.816666666666666": [254], "24.69333333333333": [255], "27.07": [256], "185.82": [257], "20.063333333333333": [258], "60.48": [259], "20.19": [260], "22.33": [261], "60.2": [262], "105.41": [263], "320.78333333333336": [264], "34.593333333333334": [265], "62.81666666666667": [266], "41.123333333333335": [267], "17.66": [269], "57.99": [270], "46.00666666666667": [271], "31.843333333333334": [272], "29.733333333333334": [273], "25.17": [274], "22.43": [275], "50.71": [276], "12.916666666666666": [277], "98.49": [278], "145.55": [279], "3.3266666666666667": [280, 955, 973], "173.99": [281], "72.51666666666667": [282], "86.35666666666667": [283], "207.1": [284], "112.15": [285], "121.78666666666666": [286], "129.07": [287], "3.4133333333333336": [288, 537, 824], "228.39666666666668": [289], "19.95": [290], "67.24666666666667": [291], "3.4166666666666665": [292, 477, 667], "41.42333333333333": [293], "8.123333333333333": [294, 768], "15.416666666666666": [295], "110.21666666666667": [296], "110.06666666666666": [297], "41.48": [298], "8.193333333333333": [300], "129.21333333333334": [301], "12.946666666666667": [302], "29.523333333333333": [303], "171.69": [304], "20.206666666666667": [305], "53.54333333333334": [306], "24.886666666666667": [307],