{"62.736666666666665": [1], "127.95": [3], "55.67666666666667": [4], "151.34666666666666": [9], "96.95666666666666": [14], "165.32333333333332": [15], "50.76": [20], "85.19": [21], "66.31333333333333": [27], "87.29666666666667": [28], "26.016666666666666": [32], "117.65666666666667": [34], "163.75": [38], "90.51333333333334": [39], "108.69666666666667": [41], "115.77333333333333": [45], "52.43666666666667": [46], "6.256666666666667": [47], "83.66": [48], "82.88666666666667": [54], "94.47666666666667": [55], "129.67666666666668": [58], "110.30333333333333": [61], "1.0133333333333334": [62], "96.52333333333333": [63], "96.89": [65], "96.91": [70], "139.49": [71], "71.60333333333334": [72], "104.15666666666667": [79], "160.99666666666667": [80], "84.99": [85], "52.92": [87], "119.34": [89], "55.89": [90], "98.32": [92], "137.85666666666665": [101], "8.883333333333333": [103], "163.87333333333333": [106], "80.21666666666667": [111], "125.45666666666666": [115], "114.62": [116], "153.87666666666667": [117], "150.6": [119], "170.05": [120], "136.82666666666665": [122], "49.74666666666667": [124], "48.60333333333333": [125], "52.24333333333333": [131], "129.01666666666668": [132], "122.16333333333333": [134], "57.01": [145], "142.8": [147], "5.423333333333333": [149], "130.56666666666666": [151], "88.64": [156], "73.77666666666667": [159], "111.57666666666667": [160], "7.283333333333333": [165], "124.87333333333333": [170], "41.876666666666665": [171], "110.68": [172], "25.586666666666666": [173], "125.99333333333334": [176], "118.01666666666667": [177], "109.09": [179], "60.67": [181], "100.94": [184], "143.36": [185], "107.13333333333334": [190], "107.70666666666666": [194], "148.70666666666668": [196], "116.77333333333333": [199], "179.89333333333335": [200], "123.22666666666667": [201], "109.42": [202], "116.71666666666667": [205], "22.573333333333334": [209], "113.54666666666667": [210], "146.88666666666666": [211], "113.99333333333334": [213], "107.07666666666667": [214], "52.75666666666667": [219], "101.10666666666667": [220], "26.44": [222], "82.43333333333334": [226], "57.07666666666667": [227], "150.95666666666668": [232], "12.633333333333333": [236], "19.17": [239], "144.89": [240], "41.81333333333333": [241], "132.2": [242], "75.20666666666666": [243], "104.88333333333334": [245], "24.793333333333333": [246], "17.483333333333334": [248], "145.87": [252], "106.37333333333333": [253], "130.05": [254], "85.67333333333333": [255], "125.08": [256], "56.92666666666667": [257], "107.2": [258], "128.81": [265], "155.02333333333334": [267], "67.71333333333334": [268], "91.27": [269], "149.84666666666666": [272], "10.933333333333334": [274], "120.46333333333334": [275], "121.54333333333334": [276], "22.163333333333334": [277], "28.25": [279], "24.433333333333334": [280], "155.81": [285], "33.656666666666666": [290], "68.72666666666667": [295], "16.986666666666668": [306], "117.11": [311], "78.36333333333333": [312], "150.04666666666665": [322], "34.973333333333336": [325], "113.64666666666666": [327], "75.84333333333333": [333], "99.94666666666667": [335], "53.056666666666665": [339], "44.3": [343], "66.86": [346], "107.74666666666667": [353], "103.42333333333333": [356], "152.53": [364], "12.156666666666666": [366], "125.63666666666667": [372], "91.23333333333333": [374], "72.61": [376], "140.32666666666665": [382], "63.68666666666667": [387], "99.51": [388], "120.99666666666667": [390], "9.673333333333334": [391], "59.67666666666667": [400], "115.71666666666667": [407], "180.02": [413], "65.04333333333334": [420], "59.74": [424], "109.99333333333334": [425], "51.56666666666667": [428], "90.53333333333333": [429], "4.1033333333333335": [434], "26.596666666666668": [435], "29.08": [438], "50.943333333333335": [440], "66.89666666666666": [441], "54.32333333333333": [443], "2.9466666666666668": [445], "11.726666666666667": [446], "127.26333333333334": [447], "168.21666666666667": [448], "48.693333333333335": [450], "66.45333333333333": [452], "65.05666666666667": [453], "79.75": [454], "82.0": [464], "34.67": [465], "16.186666666666667": [466], "11.283333333333333": [468], "56.50333333333333": [471], "28.153333333333332": [475], "44.556666666666665": [477], "187.91666666666666": [480], "15.316666666666666": [484], "26.29": [486], "79.25": [487], "130.44": [488], "49.22666666666667": [489], "36.553333333333335": [491], "171.72": [492], "99.95666666666666": [494], "174.11": [496], "16.276666666666667": [497], "68.50666666666666": [498], "115.62": [502], "49.74": [504], "8.74": [510], "59.95666666666666": [513], "7.55": [520], "57.376666666666665": [525], "41.20666666666666": [527], "44.43666666666667": [531], "33.06": [533], "80.62": [544], "81.86666666666666": [545], "30.643333333333334": [548], "33.306666666666665": [564], "22.29": [576], "32.35": [577], "76.71666666666667": [582], "29.923333333333332": [587], "127.77666666666667": [601], "100.68666666666667": [603], "128.36666666666667": [605], "47.98": [612], "42.586666666666666": [615, 920], "58.446666666666665": [621], "25.81": [622], "32.266666666666666": [624], "98.60333333333334": [626], "23.28": [627], "135.48": [634], "44.21666666666667": [637], "30.96": [638], "77.46666666666667": [640], "125.28333333333333": [642], "18.54": [647], "89.25666666666666": [649], "47.0": [650], "131.6": [653], "17.593333333333334": [655], "112.5": [658], "82.29666666666667": [674], "28.67": [677], "4.363333333333333": [681], "91.34": [687], "85.63": [691], "74.51333333333334": [694], "11.57": [702], "137.72": [706], "90.90666666666667": [720], "55.593333333333334": [725], "53.25666666666667": [743], "54.276666666666664": [744], "33.89666666666667": [751], "63.63333333333333": [753], "47.32": [763], "99.54": [765], "39.303333333333335": [769], "23.846666666666668": [771], "18.433333333333334": [777], "135.46333333333334": [778], "93.42": [779], "32.63": [784], "77.47666666666667": [786], "8.14": [790], "40.97666666666667": [791], "41.35": [797], "29.26": [798], "37.943333333333335": [809], "133.11333333333334": [826], "114.47": [836], "17.95": [841], "46.66": [843], "122.31": [845], "42.75": [854], "27.656666666666666": [857], "66.83": [859], "169.18666666666667": [866], "43.64": [867], "142.90333333333334": [869], "141.08666666666667": [871], "65.07333333333334": [874], "16.29": [882], "79.95333333333333": [883], "101.44": [884], "56.07": [886], "75.52333333333333": [893], "100.08333333333333": [894], "14.52": [908], "18.666666666666668": [909], "22.5": [917], "15.553333333333333": [921], "78.78666666666666": [923], "61.696666666666665": [927], "107.01": [938], "117.37333333333333": [939], "39.89": [941], "64.36333333333333": [945], "74.25333333333333": [954], "49.48": [958], "12.023333333333333": [959], "8.716666666666667": [960], "70.11": [970], "7.256666666666667": [974], "37.333333333333336": [977], "27.953333333333333": [979], "78.91333333333333": [984], "57.723333333333336": [991], "126.67333333333333": [998], "42.446666666666665": [1067], "73.02333333333333": [1201], "84.13": [1204], "164.91": [1212], "109.29666666666667": [1214], "135.05666666666667": [1216], "69.86": [1218], "124.74666666666667": [1228], "30.586666666666666": [1232], "44.46666666666667": [1237], "35.913333333333334": [1238], "29.973333333333333": [1260], "130.03333333333333": [1295], "104.69666666666667": [1320], "64.52666666666667": [1324], "135.06": [1332], "55.973333333333336": [1336], "86.61666666666666": [1339], "87.70666666666666": [1342], "112.90333333333334": [1345], "144.00333333333333": [1359], "27.743333333333332": [1366], "28.343333333333334": [1383], "135.45": [1401], "75.81333333333333": [1412], "105.58666666666667": [1423], "33.25333333333333": [1485], "137.66": [1512], "119.95666666666666": [1518], "17.24": [1519], "57.41": [1543], "107.26": [1594], "64.68": [1784], "88.57333333333334": [1805], "65.16": [1819], "63.306666666666665": [1828], "27.133333333333333": [1870], "58.56666666666667": [1894]}