{"1": [9.34, 164.39734546390002, 49.19560915440002, 222.93295461830004], "2": [1.46, 0.7281220000000002, 6.3816070000000025, 8.569729000000002], "3": [0.37, 0.089895, 1.5777370000000002, 2.0376320000000003], "4": [1.29, 0.505311, 6.248139000000002, 8.043450000000002], "5": [9.32, 117.09724103940003, 53.00263718519997, 179.4198782246], "6": [7.5200000000000005, 36.40474534310001, 42.9109396809, 86.83568502400001], "7": [2.52, 1.8476248138, 12.551484000000006, 16.919108813800005], "8": [6.99, 28.9138035814, 31.450058955199975, 67.35386253659998], "9": [2.17, 1.6076770000000002, 10.754907999999991, 14.532584999999992], "10": [6.36, 15.5427281241, 34.06785888189998, 55.97058700599998], "11": [4.39, 6.0388997758, 19.622136499900012, 30.051036275700014], "12": [1.1400000000000001, 0.5018279999999999, 5.020272000000001, 6.6621000000000015], "13": [2.6, 2.137288, 12.337322000000004, 17.074610000000003], "14": [9.88, 224.56845610349998, 45.456363657100006, 279.9048197606], "15": [9.34, 207.59357317579997, 42.66422618500002, 259.59779936079997], "16": [7.03, 42.8548593603, 43.25107799749997, 93.13593735779997], "17": [2.52, 1.6817640000000003, 11.735027, 15.936791000000001], "18": [11.120000000000001, 118.9056002186, 70.18156768019999, 200.20716789879998], "19": [7.13, 64.8328263991, 42.025016596099974, 113.98784299519997], "20": [8.2, 134.33259753619996, 45.12274085660001, 187.65533839279996], "21": [3.99, 16.852172321300007, 22.9305861322, 43.7727584535], "22": [1.95, 1.2553150000000002, 8.867053999999992, 12.072368999999993], "23": [0.79, 0.27846100000000007, 4.165577000000007, 5.234038000000007], "24": [1.11, 0.3812070000000001, 5.053771000000003, 6.544978000000003], "25": [1.98, 1.5369113344000003, 9.934145000000006, 13.451056334400008], "26": [7.24, 31.489811953100002, 42.96706673730002, 81.69687869040003], "27": [7.0, 73.1158684992, 36.788493380000006, 116.90436187920001], "28": [5.4, 25.37412395280001, 32.17240802639999, 62.9465319792], "29": [7.2, 69.8368075284, 37.77171424420003, 114.80852177260003], "30": [11.1, 181.84347761930002, 69.40815874429997, 262.3516363636], "31": [10.200000000000001, 169.3283107095001, 71.32327894130002, 250.85158965080012], "32": [1.6, 0.993074, 7.644858000000003, 10.237932000000002], "33": [7.2700000000000005, 81.2184037058, 44.30166027189999, 132.7900639777], "34": [1.36, 0.660454, 6.211100000000005, 8.231554000000006], "35": [6.66, 54.20418360029999, 34.94155411080001, 95.80573771110001], "36": [7.7, 77.14357706120005, 43.88820183320002, 128.73177889440007], "37": [5.19, 9.911017355499999, 27.040350289199996, 42.1413676447], "38": [3.5100000000000002, 4.2181850253, 16.50572433440001, 24.23390935970001], "39": [7.8, 69.73685403600001, 43.678800703600004, 121.21565473960001], "40": [3.7, 7.7137104586, 19.586526347999992, 31.000236806599993], "41": [2.74, 2.0919179184, 12.917495999999996, 17.749413918399995], "42": [7.2700000000000005, 57.4101074757, 44.49507075570001, 109.17517823140001], "43": [1.1, 0.541538, 5.103576999999997, 6.745114999999997], "44": [1.27, 0.632117, 5.95043, 7.8525469999999995], "45": [7.4, 32.8922465956, 33.85438023630001, 74.14662683190001], "46": [5.8, 17.136925653499997, 28.0954264873, 51.0323521408], "47": [6.93, 18.0603408767, 35.589950555099996, 60.58029143179999], "48": [1.95, 1.1071989999999998, 9.005456, 12.062655], "49": [0.9400000000000001, 0.23399000000000003, 3.294207000000001, 4.468197000000001], "50": [4.55, 5.639193013300001, 19.969128125000005, 30.158321138300003], "51": [2.32, 1.3584459999999998, 10.160079999999999, 13.838525999999998], "52": [7.0600000000000005, 32.3303269557, 30.668529802699986, 70.0588567584], "53": [2.5100000000000002, 1.743653, 11.839645000000003, 16.093298000000004], "54": [6.54, 15.753763116000002, 34.25338507139999, 56.54714818739999], "55": [1.27, 0.6023130000000001, 5.593690000000004, 7.466003000000004], "56": [8.48, 27.9953625558, 40.2321196803, 76.7074822361], "57": [5.8500000000000005, 18.548972656300005, 29.518766556900026, 53.917739213200036], "58": [3.3000000000000003, 1.9856120000000002, 15.982345999999984, 21.267957999999986], "59": [2.58, 1.9545472463000004, 12.699874000000019, 17.23442124630002], "60": [1.6500000000000001, 1.092969, 7.536292999999998, 10.279262], "61": [1.6500000000000001, 0.779245, 8.254882999999994, 10.684127999999994], "62": [7.8100000000000005, 84.21962797649999, 46.39502735360001, 138.4246553301], "63": [0.58, 0.15244200000000002, 2.4833089999999993, 3.215750999999999], "64": [4.34, 8.0547203749, 19.499232300300005, 31.893952675200005], "65": [7.23, 19.6238258407, 43.02872005259999, 69.88254589329999], "66": [9.25, 48.035963776399996, 43.52476815829997, 100.81073193469996], "67": [2.84, 1.9477180000000003, 13.369891999999988, 18.157609999999988], "68": [7.08, 17.455871063199996, 30.630666824399995, 55.16653788759999], "69": [1.3, 0.5852620000000001, 5.748517999999998, 7.633779999999998], "70": [1.67, 0.8033330000000001, 7.763041, 10.236374000000001], "71": [8.24, 72.25612977209998, 55.0831003671, 135.57923013919998], "72": [1.85, 0.9493110000000001, 8.193742000000002, 10.993053000000003], "73": [1.61, 0.7737590000000001, 7.210174999999996, 9.593933999999997], "74": [1.43, 0.602415, 6.623823000000002, 8.656238000000002], "75": [6.42, 53.4572599406, 37.4306110944, 97.307871035], "76": [1.87, 1.0777409999999998, 8.864185000000003, 11.811926000000003], "77": [7.62, 31.701845171899997, 36.72611075020001, 76.0479559221], "78": [0.41000000000000003, 0.099299, 1.6106900000000028, 2.119989000000003], "79": [3.97, 5.945557118000001, 17.815261617799983, 27.730818735799986], "80": [7.24, 67.24195640730001, 41.907924008400016, 116.38988041570002], "81": [0.5700000000000001, 0.149601, 2.1579990000000002, 2.8776], "82": [0.8300000000000001, 0.339901, 3.439584000000002, 4.609485000000002], "83": [1.79, 0.8994230000000001, 7.588497999999998, 10.277920999999997], "84": [0.61, 0.16640100000000002, 2.6094099999999973, 3.3858109999999972], "85": [1.2, 0.5478020000000001, 4.5836250000000005, 6.331427000000001], "86": [8.13, 29.922826007599998, 46.54899588110003, 84.60182188870003], "87": [3.87, 3.0114479375, 17.9780452399, 24.859493177399997], "88": [0.58, 0.135174, 2.362466999999999, 3.077640999999999], "89": [0.77, 0.193335, 2.9796740000000033, 3.9430090000000035], "90": [3.0500000000000003, 2.9817595115, 13.109627000000003, 19.141386511500002], "91": [2.45, 1.642451, 10.950121000000001, 15.042572000000002], "92": [0.5, 0.10865, 1.6700380000000026, 2.2786880000000025], "93": [0.65, 0.14271699999999998, 2.6210319999999987, 3.413748999999999], "94": [0.72, 0.194044, 2.8953320000000016, 3.8093760000000016], "95": [2.2, 1.6086160000000003, 9.148511, 12.957127], "96": [1.3800000000000001, 0.609306, 5.63267299999999, 7.62197899999999], "97": [0.72, 0.18335, 2.716757999999998, 3.620107999999998], "98": [9.75, 58.769146103899985, 61.9011451829, 130.4202912868], "99": [1.08, 0.414998, 4.611815000000003, 6.1068130000000025], "100": [2.85, 3.1120399676000003, 13.064183000000003, 19.026222967600006], "101": [1.0, 0.37582800000000005, 4.233676, 5.609504], "102": [3.56, 2.7743899999999995, 16.307628, 22.642018], "103": [5.0200000000000005, 6.941686140800001, 26.536622943200022, 38.49830908400003], "104": [3.36, 8.832383561300002, 20.832574343000005, 33.02495790430001], "105": [9.33, 105.3110348139, 53.97911509510001, 168.62014990900002], "106": [6.72, 19.105618099, 27.041650200700012, 52.867268299700015], "107": [0.38, 0.07227, 1.8785710000000013, 2.3308410000000013], "108": [2.07, 1.299741, 9.927488000000007, 13.297229000000007], "109": [4.22, 4.845128626799999, 21.743206534699997, 30.808335161499997], "110": [6.79, 29.920411791600003, 36.14789743559997, 72.85830922719998], "111": [1.8800000000000001, 1.107704, 10.025793000000002, 13.013497000000001], "112": [11.97, 114.50480244990001, 94.45852301350003, 220.93332546340002], "113": [1.61, 0.897839, 7.874245000000004, 10.382084000000004],