{"0": [4.9079999999999995, 145.96693612682495, 10.50643090764838, 161.38136703447333], "1": [4.247999999999999, 137.6235860057975, 7.337640700985854, 149.20922670678334], "2": [3.2099999999999995, 90.59011926937886, 5.080993223447176, 98.88111249282603], "3": [4.8, 173.3871387501503, 5.7797818694417895, 183.96692061959212], "4": [2.4899999999999998, 42.209840652770104, 3.7174043519999995, 48.41724500477011], "5": [4.457999999999999, 148.56493306339362, 7.789378786196254, 160.8123118495899], "6": [4.433999999999999, 158.27537684198978, 4.997619758353949, 167.70699660034373], "7": [3.3359999999999994, 91.52981149933092, 4.135133859372942, 99.00094535870386], "8": [3.9719999999999995, 130.56188470249225, 5.3432683632624, 139.87715306575467], "9": [2.3459999999999996, 40.8361483768351, 4.181303523870652, 47.36345190070575], "10": [3.6779999999999995, 126.83311869027902, 4.80454112897709, 135.31565981925613], "11": [2.3579999999999997, 40.06263632492874, 3.6098631054911436, 46.03049943041988], "12": [3.1379999999999995, 84.57214237352034, 4.710464217032951, 92.42060659055329], "13": [3.2459999999999996, 98.0174900061033, 3.7733707983326785, 105.03686080443597], "14": [3.0839999999999996, 90.64095293509115, 4.0246690660929465, 97.7496220011841], "15": [2.808, 80.29266496698747, 3.545706101666592, 86.64637106865406], "16": [3.5759999999999996, 104.41070241764052, 4.957812019883363, 112.94451443752388], "17": [2.7299999999999995, 16.37156093535055, 23.881596666135398, 42.98315760148595], "18": [2.9819999999999998, 88.40837633612786, 3.7186885552700253, 95.10906489139788], "19": [3.4379999999999997, 102.00739518519674, 5.305095970231438, 110.75049115542818], "20": [3.2159999999999997, 87.4145629464021, 4.865890064475422, 95.49645301087752], "21": [1.9199999999999997, 21.71242470450962, 3.4096015440000014, 27.042026248509618], "22": [1.5779999999999998, 4.02374209637001, 4.9931331420221365, 10.594875238392147], "23": [2.9579999999999997, 79.62466481282048, 4.804201831306475, 87.38686664412695], "24": [3.2339999999999995, 94.64250870092624, 5.028795472627994, 102.90530417355423], "25": [2.8919999999999995, 79.38032028727649, 4.156510470455252, 86.42883075773173], "26": [3.3539999999999996, 103.90576241745788, 4.210302798891591, 111.47006521634947], "27": [2.094, 26.11587141548894, 3.2749932959999972, 31.48486471148894], "28": [3.0959999999999996, 88.18368829423136, 3.9666782880000033, 95.24636658223136], "29": [2.4839999999999995, 48.023886977628536, 3.5726385599999984, 54.08052553762854], "30": [1.7519999999999998, 16.67436226549059, 3.0027052080000005, 21.42906747349059], "31": [3.1079999999999997, 84.93328256883511, 4.027701042093839, 92.06898361092895], "32": [2.2259999999999995, 12.106326240269873, 12.591597712653748, 26.92392395292362], "33": [2.178, 32.042129580190625, 3.407323391999998, 37.62745297219062], "34": [2.2499999999999996, 34.92169462800298, 3.5286638400000023, 40.70035846800298], "35": [2.514, 52.626287446538036, 3.6033431039999932, 58.74363055053803], "36": [2.5679999999999996, 59.364809953737684, 3.7997362376500283, 65.73254619138771], "37": [2.562, 51.78446849850509, 3.465751968000004, 57.812220466505096], "38": [2.022, 27.708720498659794, 3.111613128000001, 32.842333626659794], "39": [2.3219999999999996, 49.6364416190964, 3.0826789199999967, 55.041120539096404], "40": [0.7679999999999999, 1.1050229154720588, 2.0467541520000054, 3.9197770674720642], "41": [2.5559999999999996, 61.006219802438885, 3.608269272000002, 67.17048907443889], "42": [1.4579999999999997, 11.272153178643656, 2.485389239999999, 15.215542418643654], "43": [0.8639999999999999, 1.3753005930964346, 2.1247160399999987, 4.364016633096433], "44": [2.3459999999999996, 51.70698273386853, 3.0981262320000003, 57.151108965868524], "45": [2.5439999999999996, 59.25961190654059, 3.2566655321314335, 65.06027743867202], "46": [2.4479999999999995, 50.826770728504506, 3.5376626159999986, 56.812433344504505], "47": [2.2439999999999998, 38.29450399163455, 3.267691632000002, 43.80619562363455], "48": [1.9079999999999997, 24.446422059425423, 3.0466984319999986, 29.401120491425424], "49": [2.268, 37.15679031033962, 3.151543679999996, 42.57633399033962], "50": [1.7579999999999998, 19.450677954011166, 2.952147311999998, 24.160825266011162], "51": [1.4819999999999998, 11.554751611218428, 2.289664512000001, 15.32641612321843], "52": [2.0159999999999996, 33.42188450243426, 2.9231020079999994, 38.36098651043426], "53": [1.8179999999999998, 22.63759133712076, 2.51140032, 26.96699165712076], "54": [2.0399999999999996, 32.247816186804016, 2.9466585359999984, 37.234474722804016], "55": [2.082, 31.05661241153865, 2.882309903999998, 36.02092231553865], "56": [1.3379999999999999, 10.511944417819366, 1.992563711999999, 13.842508129819365], "57": [1.4519999999999997, 6.207454286452896, 4.3214193660221385, 11.980873652475035], "58": [1.9019999999999997, 27.845042431435715, 2.8084092479999985, 32.55545167943571], "59": [1.6619999999999997, 16.775241516892027, 2.7223057440000007, 21.159547260892026], "60": [1.8059999999999998, 23.940973977888312, 2.7024553440000023, 28.449429321888317], "61": [1.9259999999999997, 24.55115838957201, 2.617843752000003, 29.09500214157201], "62": [1.9679999999999997, 30.37338956986812, 2.822321664, 35.16371123386812], "63": [0.7139999999999999, 0.9666362732674247, 1.6724762640000017, 3.3531125372674264], "64": [2.352, 46.63494562971156, 3.3639410879999962, 52.35088671771155], "65": [2.094, 31.137994175146044, 2.9858003999999982, 36.21779457514604], "66": [1.6499999999999997, 18.873753734648528, 2.3843646000000014, 22.908118334648528], "67": [1.8299999999999998, 23.025933954549487, 2.8648342800000006, 27.720768234549485], "68": [1.4939999999999998, 12.960883378023148, 2.0999216880000033, 16.55480506602315], "69": [1.8299999999999998, 24.726968169717214, 2.707365312000001, 29.264333481717212], "70": [1.7099999999999997, 20.339764483493447, 2.6975178719999993, 24.747282355493446], "71": [1.6559999999999997, 19.509906974572125, 2.4588767520000023, 23.624783726572126], "72": [0.7919999999999999, 1.5407347561688596, 1.8709763040000007, 4.20371106016886], "73": [0.9839999999999999, 1.9268799459471504, 2.3330590560000006, 5.243939001947151], "74": [1.386, 11.085648626002454, 2.2617098640000024, 14.733358490002455], "75": [1.7699999999999998, 21.160232510610168, 2.618129591999998, 25.548362102610167], "76": [1.4819999999999998, 12.960470810418814, 2.6657946, 17.108265410418813], "77": [1.5599999999999998, 15.500828201699738, 2.3967021600000016, 19.45753036169974], "78": [1.5899999999999999, 15.410259024679794, 2.673446760000002, 19.673705784679793], "79": [0.4799999999999999, 0.5370149252239605, 1.3296160799999985, 2.346631005223959], "80": [1.4639999999999997, 12.80110790559199, 2.5481625840000026, 16.813270489591993], "81": [0.816, 1.4576108525494185, 1.9089222479999983, 4.182533100549417], "82": [1.3439999999999999, 10.674779752409837, 2.0473352640000058, 14.066115016409842], "83": [1.4579999999999997, 14.761543226969813, 2.0970077760000034, 18.316551002969817], "84": [1.398, 10.916841622102998, 2.3676817680000015, 14.682523390103], "85": [1.5299999999999998, 14.453995912385073, 2.2854152879999994, 18.269411200385072], "86": [0.6539999999999999, 0.9524875712391869, 1.656013967999998, 3.2625015392391847], "87": [1.182, 7.255498984291146, 1.9812965760000008, 10.418795560291146], "88": [1.6199999999999999, 18.580160115786253, 2.262394224000001, 22.462554339786255], "89": [1.386, 12.374741786353955, 2.1432914640000025, 15.904033250353956], "90": [1.0559999999999998, 5.781988825100031, 1.6696772639999968, 8.507666089100027], "91": [0.7259999999999999, 1.1403944340057766, 1.5139701360000004, 3.380364570005777], "92": [0.7259999999999999, 1.1403944340057766, 1.5139701360000004, 3.380364570005777], "93": [0.7259999999999999, 1.1403944340057766, 1.5139701360000004, 3.380364570005777], "94": [1.4459999999999997, 14.21429590972551, 2.175766560000001, 17.836062469725512],