{"1": [2.31, 7.096562404235627, 2.1950518750000314, 11.601614279235658], "2": [1.8, 5.945650354486874, 1.3422176249999902, 9.087867979486864], "3": [0.525, 1.0200834625790625, 0.43987374999999357, 1.9849572125790562], "4": [0.9500000000000001, 1.946007186510625, 0.986218750000002, 3.8822259365106273], "5": [0.54, 1.0957805155231253, 0.2950587499999978, 1.9308392655231232], "6": [0.92, 1.788374186809375, 0.7745753750000011, 3.4829495618093764], "7": [0.43, 0.7389314243756251, 0.28936274999999556, 1.4582941743756206], "8": [1.415, 3.711728341722188, 1.2427172499999963, 6.369445591722185], "9": [0.375, 0.6025712225684375, 0.30766837499999705, 1.2852395975684345], "11": [0.48, 0.806453314936875, 0.49735687499999776, 1.7838101899368728], "12": [0.86, 1.879808212815625, 0.9482780000000043, 3.6880862128156293], "13": [0.23, 0.3268860041893749, 0.149649250000001, 0.7065352541893759], "14": [0.31, 0.46289688630062514, 0.2438651250000009, 1.0167620113006262], "15": [0.21, 0.24949782506312498, 0.20382587500000032, 0.6633237000631254], "17": [0.745, 1.0669603603159372, 0.7323802500000003, 2.5443406103159374], "18": [0.435, 0.7174472801434375, 0.27092624999999826, 1.4233735301434358], "19": [0.315, 0.4425189434553126, 0.2622508749999985, 1.0197698184553112], "20": [1.52, 5.226516664726249, 1.366450874999993, 8.112967539726242], "21": [0.73, 1.5569267007506253, 0.6307006250000012, 2.9176273257506264], "22": [0.22, 0.30403277938312495, 0.032984875, 0.557017654383125], "23": [1.7, 5.394134953783748, 1.6772256249999955, 8.771360578783744], "24": [0.44, 0.7559651113425001, 0.44395324999999325, 1.6399183613424932], "25": [0.43, 0.7191571150593752, 0.26920137499999963, 1.4183584900593749], "26": [0.23500000000000001, 0.3160271797984375, 0.1701211250000011, 0.7211483047984386], "27": [0.62, 0.8780134878525001, 0.3921279999999999, 1.8901414878525], "28": [0.185, 0.17536297881531251, 0.19643862500000026, 0.5568016038153127], "29": [1.235, 4.3542355399034385, 1.1223449999999913, 6.71158053990343], "30": [0.095, 0.09550318937093749, 0.06469737499999999, 0.25520056437093747], "32": [0.24, 0.291242576648125, 0.19783037500000045, 0.7290729516481255], "33": [0.5650000000000001, 0.7699941099465627, 0.5023702499999964, 1.8373643599465592], "34": [0.045, 0.042867688439062496, 0.015977375000000012, 0.10384506343906251], "36": [0.37, 0.43301004600000004, 0.28156299999999906, 1.0845730459999992], "37": [0.47500000000000003, 0.6546581032615626, 0.25524474999999874, 1.3849028532615615], "38": [0.585, 1.0499289608634377, 0.5354374999999973, 2.170366460863435], "39": [0.28500000000000003, 0.34526685060218754, 0.20528562500000058, 0.8355524756021881], "40": [0.44, 0.7570967104349998, 0.32612137499999627, 1.5232180854349961], "41": [2.585, 10.95311849105688, 1.7611374999999954, 15.299255991056876], "42": [0.255, 0.35025955511406254, 0.043672124999999944, 0.6489316801140624], "43": [1.08, 1.9539297627399992, 1.2041682499999962, 4.238098012739996], "44": [1.08, 3.0658577376106253, 0.9762850000000046, 5.12214273761063], "45": [1.135, 1.890515226863437, 0.6813721249999993, 3.706887351863436], "46": [0.725, 1.1650771985946875, 0.5615781249999967, 2.451655323594684], "47": [0.67, 1.4917334896718752, 0.3537273749999971, 2.5154608646718724], "48": [0.515, 0.8273338008296875, 0.3087504999999954, 1.651084300829683], "49": [0.09, 0.09908180591000001, 0.06019649999999997, 0.24927830591], "50": [0.115, 0.12416328400531249, 0.08614350000000023, 0.32530678400531277], "51": [1.375, 4.345038822898438, 1.2811923749999912, 7.001231197898429], "52": [0.51, 0.8972734309531251, 0.4860221249999932, 1.8932955559531184], "53": [0.435, 0.5618225719965625, 0.3470493749999993, 1.3438719469965617], "54": [0.375, 0.5094821267615626, 0.25046325, 1.1349453767615625], "55": [1.0050000000000001, 2.300562575100313, 0.4719802499999961, 3.7775428251003094], "56": [0.385, 0.43420612533781244, 0.5446121249999987, 1.3638182503378111], "57": [1.12, 2.556549435411875, 1.2247868749999953, 4.90133631041187], "58": [0.47000000000000003, 0.7369434027199999, 0.545529874999998, 1.7524732777199978], "59": [0.715, 1.2878558714109376, 0.5021561249999933, 2.5050119964109308], "60": [0.23500000000000001, 0.33891253360906254, 0.14630887500000098, 0.7202214086090636], "61": [1.69, 5.365119362201564, 1.5494247499999991, 8.604544112201562], "62": [1.32, 5.065867219855313, 1.0995582499999974, 7.485425469855311], "63": [2.24, 8.146786120459376, 1.7827433749999952, 12.169529495459372], "64": [0.545, 0.9744050442853126, 0.5560742499999977, 2.0754792942853104], "65": [1.695, 6.852089030582813, 1.1293948749999885, 9.676483905582801], "66": [0.225, 0.2945304649878125, 0.345415749999997, 0.8649462149878095], "67": [0.115, 0.13573513610968752, 0.028906125000000005, 0.2796412611096875], "68": [0.5, 0.701434032383125, 0.31611374999999964, 1.5175477823831245], "69": [0.36, 0.47882214113124993, 0.23580087500000016, 1.0746230161312502], "70": [0.455, 0.6040117868509377, 0.3514317499999982, 1.4104435368509358], "71": [0.3, 0.37175061287437505, 0.38212974999999627, 1.0538803628743714], "72": [0.6, 1.1529283676275002, 0.5397117499999982, 2.2926401176274984], "73": [0.11, 0.10171073995062499, 0.08826537500000017, 0.29997611495062515], "74": [0.595, 1.2163472584859378, 0.7365880000000036, 2.5479352584859414], "75": [0.63, 1.13795370884625, 0.5681962499999992, 2.3361499588462493], "76": [0.75, 1.2705850316543754, 0.6308064999999993, 2.651391531654375], "77": [0.585, 1.1169638649371876, 0.6153851249999996, 2.3173489899371873], "78": [0.8300000000000001, 1.6380590791862504, 0.666474375, 3.1345334541862506], "79": [0.385, 0.4865263889778124, 0.46935137499999474, 1.3408777639778071], "80": [0.715, 1.4064492377034374, 0.5204368749999962, 2.6418861127034337], "81": [0.08, 0.08723024152874999, 0.022808374999999978, 0.19003861652874998], "82": [0.14, 0.17259869006375, 0.030962000000000007, 0.34356069006375], "83": [0.05, 0.046381374513125, 0.03620099999999999, 0.132582374513125], "84": [0.395, 0.5669274266259375, 0.3423418749999957, 1.3042693016259332], "85": [2.145, 7.087519006033441, 1.426828749999991, 10.659347756033432], "86": [0.36, 0.414248936043125, 0.24934662500000043, 1.0235955610431255], "87": [0.225, 0.27923592728843755, 0.1792568750000002, 0.6834928022884378], "88": [0.22, 0.3092766093162499, 0.15051437500000106, 0.679790984316251], "89": [0.185, 0.23814286388406253, 0.12684500000000007, 0.5499878638840626], "90": [0.335, 0.4269647925890625, 0.19730512500000025, 0.9592699175890627], "91": [0.315, 0.4389095260240626, 0.28062324999999644, 1.034532776024059], "92": [0.16, 0.19311129076437503, 0.1361691250000006, 0.48928041576437564], "93": [1.01, 1.8924102224781247, 1.2220213749999989, 4.124431597478123], "94": [0.195, 0.2822010000765625, 0.1339861250000009, 0.6111871250765635], "95": [0.765, 1.5533696235065624, 0.558397124999998, 2.8767667485065607], "96": [0.27, 0.34300125077125, 0.17003125000000008, 0.7830325007712501], "97": [1.42, 4.698494602567501, 1.130193999999986, 7.248688602567487], "98": [0.23500000000000001, 0.3366924696403126, 0.24008262500000155, 0.8117750946403142], "99": [0.355, 0.5002145770759375, 0.2763663749999983, 1.131580952075936], "100": [0.015, 0.013642459116562498, 0.016705249999999998, 0.045347709116562496], "101": [0.32, 0.46674493746562495, 0.24679725000000152, 1.0335421874656265], "102": [0.43, 0.7609684669325002, 0.30083037499999554, 1.491798841932496], "103": [0.07, 0.064995998703125, 0.035111749999999935, 0.17010774870312495], "104": [0.6950000000000001, 1.1493977002209381, 0.5764538750000011, 2.420851575220939], "105": [0.185, 0.2731060273321875, 0.12886437500000086, 0.5869704023321883], "106": [0.195, 0.2062756524315625, 0.07200862500000005, 0.47328427743156254], "107": [0.885, 2.2361528840284377, 0.9204817500000024, 4.04163463402844], "108": [1.205, 2.717646636137813, 1.1505883749999946, 5.0732350111378075], "109": [0.43, 0.678597425054375, 0.24362087500000038, 1.3522183000543755],