{"1": [0.4158, 0.4436439170664256, 0.07421081773499996, 0.9336547348014256], "2": [0.324, 0.34803434289934143, 0.044789878988999866, 0.7168242218883413], "3": [0.0945, 0.09411926292516626, 0.014354229509999934, 0.2029734924351662], "4": [0.17099999999999999, 0.17119059870761877, 0.03282043455000008, 0.37501103325761886], "5": [0.0972, 0.09736481622745781, 0.00997213922999996, 0.20453695545745776], "6": [0.1656, 0.16473583360124655, 0.025696668987000123, 0.35603250258824665], "7": [0.0774, 0.07580995704407142, 0.009415530557999962, 0.16262548760207138], "8": [0.2547, 0.26317399761187443, 0.041276485601999986, 0.5591504832138745], "9": [0.0675, 0.06541671296487915, 0.010017782162999981, 0.14293449512787915], "11": [0.0864, 0.08430562688269069, 0.01632008209500005, 0.18702570897769075], "12": [0.1548, 0.1560621576605812, 0.031310616096000055, 0.3421727737565813], "13": [0.0414, 0.03948557326797367, 0.0048599470259999816, 0.08574552029397364], "14": [0.055799999999999995, 0.053564873181922615, 0.007931381409000019, 0.11729625459092263], "15": [0.0378, 0.035173992199020655, 0.0066484365030000155, 0.07962242870202066], "17": [0.1341, 0.12781651183281442, 0.02423975041800009, 0.2861562622508145], "18": [0.0783, 0.07615438828523828, 0.00887096528999998, 0.16332535357523825], "19": [0.0567, 0.05393270717697051, 0.008534764502999989, 0.11916747167997051], "20": [0.2736, 0.29697774567336055, 0.04608824370299991, 0.6166659893763604], "21": [0.1314, 0.13273335902972014, 0.020640585645000084, 0.2847739446747202], "22": [0.039599999999999996, 0.037620931076500864, 0.0010843883909999997, 0.07830531946750086], "23": [0.306, 0.3261091383791787, 0.05658708964499998, 0.6886962280241786], "24": [0.07919999999999999, 0.07743312933881524, 0.014508204353999923, 0.17114133369281515], "25": [0.0774, 0.07525437293953567, 0.00895655061899998, 0.16161092355853562], "26": [0.0423, 0.04003844412413024, 0.005525975600999984, 0.08786441972513023], "27": [0.11159999999999999, 0.10618414335783107, 0.013169143295999998, 0.23095328665383105], "28": [0.033299999999999996, 0.03014194865713641, 0.00638882486100001, 0.06983077351813641], "29": [0.2223, 0.24380022625480788, 0.037938264840000076, 0.5040384910948079], "30": [0.0171, 0.01559559127404105, 0.002100249890999998, 0.034795841165041044], "32": [0.0432, 0.04032337736099573, 0.006454062747000008, 0.08997744010799574], "33": [0.1017, 0.09625506788637675, 0.016642232298000093, 0.21459730018437684], "34": [0.0081, 0.007336262138835689, 0.0005195964509999999, 0.015955858589835687], "36": [0.06659999999999999, 0.06184208596629941, 0.009309600215999993, 0.1377516861822994], "37": [0.08549999999999999, 0.08094037917422492, 0.008366378381999984, 0.1748067575562249], "38": [0.10529999999999999, 0.10377158302196901, 0.01748533230000013, 0.22655691532196912], "39": [0.0513, 0.04784521490083035, 0.006696801764999991, 0.10584201666583035], "40": [0.07919999999999999, 0.07728321847013084, 0.01065676005899995, 0.1671399785291308], "41": [0.4653, 0.520767500921069, 0.05969407589999998, 1.045761576821069], "42": [0.045899999999999996, 0.04354254939448269, 0.0014329866329999992, 0.09087553602748268], "43": [0.1944, 0.19129439896025163, 0.03995042423399996, 0.42564482319425156], "44": [0.1944, 0.20453647339002726, 0.03300360552, 0.4319400789100272], "45": [0.20429999999999998, 0.19894262922684677, 0.02291541783300006, 0.4261580470598468], "46": [0.1305, 0.12630854243237052, 0.018501244425000125, 0.2753097868573706], "47": [0.1206, 0.12229730600434503, 0.011958189650999974, 0.254855495655345], "48": [0.09269999999999999, 0.0898659708349256, 0.010125715715999939, 0.19269168655092553], "49": [0.0162, 0.014949184520990874, 0.001955108987999998, 0.03310429350899087], "50": [0.0207, 0.01904023518698205, 0.0028064986919999944, 0.04254673387898205], "51": [0.2475, 0.265753330564312, 0.043115542730999934, 0.5563688732953119], "52": [0.09179999999999999, 0.08985306685139337, 0.015895974033000002, 0.19754904088439337], "53": [0.0783, 0.07359722543121865, 0.011538656954999999, 0.16343588238621864], "54": [0.0675, 0.06385473811448683, 0.008220929274000026, 0.13957566738848687], "55": [0.1809, 0.18331291826976442, 0.01577622241800001, 0.37998914068776446], "56": [0.0693, 0.06404120650386728, 0.01779057051299998, 0.15113177701686725], "57": [0.2016, 0.20446837659951303, 0.04103708305500007, 0.4471054596545131], "58": [0.0846, 0.08168815157273118, 0.017880276231000088, 0.18416842780373127], "59": [0.1287, 0.12649585272814504, 0.016415819721000046, 0.2716116724491451], "60": [0.0423, 0.04041580479061941, 0.004752791558999988, 0.0874685963496194], "61": [0.30419999999999997, 0.3227770721084759, 0.0519110193419999, 0.6788880914504758], "62": [0.2376, 0.2633039680503692, 0.03727733351399998, 0.5381813015643692], "63": [0.4032, 0.43804010334040094, 0.06030096216299998, 0.9015410655034009], "64": [0.09809999999999999, 0.09632546844988978, 0.018220735026000127, 0.21264620347588992], "65": [0.3051, 0.34064466283582306, 0.038229118911, 0.683973781746823], "66": [0.0405, 0.03819239716601241, 0.011282711453999974, 0.08997510862001239], "67": [0.0207, 0.01926443801932299, 0.0009456945209999998, 0.04091013254032299], "68": [0.09, 0.08555274633944827, 0.010575148590000007, 0.18612789492944828], "69": [0.0648, 0.0611775059038893, 0.007837192503000003, 0.13381469840688928], "70": [0.0819, 0.07732787033998251, 0.011525691365999992, 0.1707535617059825], "71": [0.054, 0.050524688831672875, 0.012544935101999959, 0.11706962393367283], "72": [0.108, 0.10721617535876994, 0.0177135049260001, 0.23292968028477004], "73": [0.019799999999999998, 0.01787067471785184, 0.002869352667000003, 0.04054002738485184], "74": [0.1071, 0.10768684935880182, 0.024223773816000084, 0.2390106231748019], "75": [0.1134, 0.11149451003234452, 0.018609582330000082, 0.2435040923623446], "76": [0.135, 0.13155345636820484, 0.02078799130800018, 0.287341447676205], "77": [0.10529999999999999, 0.10408721802530284, 0.020246397849000116, 0.22963361587430295], "78": [0.1494, 0.14921545254080673, 0.02194249135500014, 0.3205579438958069], "79": [0.0693, 0.06499658009683251, 0.015327832418999933, 0.14962441251583244], "80": [0.1287, 0.12811904696854448, 0.017023239855000063, 0.27384228682354456], "81": [0.0144, 0.013267606280306043, 0.0007440824429999998, 0.028411688723306044], "82": [0.0252, 0.023585494005036182, 0.0010148055839999998, 0.04980029958903618], "83": [0.009, 0.008126735016788459, 0.0011748784319999994, 0.018301613448788456], "84": [0.0711, 0.06790270066175422, 0.011174453414999947, 0.15017715407675417], "85": [0.3861, 0.4150163928023149, 0.04776743907000004, 0.8488838318723149], "86": [0.0648, 0.06001175841650946, 0.008146668717000035, 0.1329584271335095], "87": [0.0405, 0.03788791130094814, 0.005940580094999992, 0.08432849139594813], "88": [0.039599999999999996, 0.037718708830158064, 0.004888903634999984, 0.08220761246515805], "89": [0.033299999999999996, 0.031335240863080524, 0.004144449240000002, 0.06877969010308052], "90": [0.0603, 0.056564477926443986, 0.006462955089000013, 0.123327433015444], "91": [0.0567, 0.053933578973918185, 0.00912877079399996, 0.11976234976791814], "92": [0.0288, 0.02688659634708522, 0.004431297536999986, 0.060117893884085206], "93": [0.1818, 0.17961862315780008, 0.04042782405899989, 0.40184644721679996], "94": [0.0351, 0.03359039561888122, 0.004350817880999986, 0.0730412134998812], "95": [0.1377, 0.1375252245085335, 0.018275462433000055, 0.29350068694153353], "96": [0.0486, 0.04560607302209478, 0.005634380249999998, 0.09984045327209477], "97": [0.2556, 0.2764976041868762, 0.03821451760799999, 0.5703121217948761], "98": [0.0423, 0.04038065721273033, 0.007804378268999983, 0.09048503548173031], "99": [0.0639, 0.06076593020161574, 0.009068077898999998, 0.13373400810061573], "100": [0.0027, 0.00243242781122853, 0.0005417748179999995, 0.00567420262922853], "101": [0.0576, 0.055099681761335034, 0.008030842361999977, 0.12073052412333501],