{"1": [6.468, 7.2768833760000025, 15.567301960000055, 29.312185336000056], "2": [5.04, 6.233851344000004, 9.831394104000148, 21.105245448000154], "3": [1.47, 1.112167896, 3.394261359999988, 5.976429255999988], "4": [2.66, 1.9894164640000003, 7.271462799999981, 11.920879263999982], "5": [1.512, 1.1040985760000002, 2.0942952800000025, 4.710393856000003], "6": [2.576, 1.8672676960000003, 5.7537450319999905, 10.19701272799999], "7": [1.204, 0.763005264, 2.247263087999992, 4.214268351999992], "8": [3.962, 3.9436066320000007, 9.205126672000095, 17.110733304000096], "9": [1.05, 0.58081268, 2.3859193679999957, 4.016732047999996], "11": [1.344, 0.7990143839999999, 3.790006919999995, 5.933021303999995], "12": [2.408, 1.9883392480000004, 7.123019455999999, 11.519358703999998], "13": [0.644, 0.280269808, 1.1672419359999997, 2.091511744], "14": [0.868, 0.41925419199999997, 1.8958872239999973, 3.183141415999997], "15": [0.588, 0.149667952, 1.5743696080000005, 2.3120375600000003], "17": [2.086, 0.8896506640000001, 5.470632047999996, 8.446282711999995], "18": [1.218, 0.6970971280000002, 2.0746874399999977, 3.989784567999998], "19": [0.882, 0.36571052, 2.0359496079999992, 3.2836601279999993], "20": [4.256, 4.5679054400000005, 9.748784808000075, 18.572690248000075], "21": [2.044, 1.757172144, 4.8353337199999835, 8.636505863999984], "22": [0.616, 0.250716144, 0.250273576, 1.1169897199999999], "23": [4.76, 5.324686527999999, 11.956993720000094, 22.04168024800009], "24": [1.232, 0.7605944640000001, 3.414665743999985, 5.407260207999985], "25": [1.204, 0.6758260319999999, 1.986019783999999, 3.865845815999999], "26": [0.658, 0.24838727200000005, 1.3262861360000007, 2.232673408000001], "27": [1.736, 0.707048832, 2.8277186559999974, 5.270767487999997], "28": [0.518, 0.028708120000000004, 1.5272174960000007, 2.073925616000001], "29": [3.458, 4.405207015999999, 7.962978239999996, 15.826185255999995], "30": [0.266, 0.027890408, 0.5050735760000002, 0.7989639840000002], "32": [0.672, 0.18725291200000002, 1.5274283920000005, 2.3866813040000006], "33": [1.582, 0.5912265519999998, 3.7444757279999945, 5.917702279999995], "34": [0.126, 0.0075793200000000005, 0.12423773599999997, 0.257817056], "36": [1.036, 0.25876704, 2.1081477760000005, 3.4029148160000005], "37": [1.33, 0.499943864, 1.9498887519999988, 3.779832615999999], "38": [1.6380000000000001, 1.112786472, 4.124976799999975, 6.8757632719999755], "39": [0.798, 0.220655624, 1.5852460400000024, 2.603901664000002], "40": [1.232, 0.7441398719999999, 2.5087596239999983, 4.484899495999998], "41": [7.238, 9.640715896000001, 12.408642400000113, 29.287358296000114], "42": [0.714, 0.28214082400000007, 0.33282328799999983, 1.328964112], "43": [3.024, 1.9489173759999996, 8.943841424000118, 13.916758800000117], "44": [3.024, 3.0080849119999997, 6.925330719999978, 12.957415631999979], "45": [3.178, 1.7351115600000007, 4.896330487999992, 9.809442047999994], "46": [2.0300000000000002, 1.09771172, 4.240175799999972, 7.367887519999972], "47": [1.8760000000000001, 1.4985901279999998, 2.5090089359999945, 5.883599063999995], "48": [1.442, 0.8000535759999998, 2.355695776, 4.597749352], "49": [0.252, 0.04831635200000001, 0.46942156800000007, 0.7697379200000001], "50": [0.322, 0.055542872, 0.6671589119999981, 1.0447017839999981], "51": [3.85, 4.50592436, 9.192075816000134, 17.548000176000134], "52": [1.428, 0.891233168, 3.731345687999992, 6.050578855999992], "53": [1.218, 0.4002112240000001, 2.5645678799999945, 4.182779103999994], "54": [1.05, 0.3929921519999999, 1.907370863999998, 3.350363015999998], "55": [2.814, 2.0927794160000004, 3.443208047999998, 8.349987463999998], "56": [1.078, 0.22214914400000002, 4.192666967999967, 5.492816111999968], "57": [3.136, 2.5574840480000005, 8.88313748000007, 14.57662152800007], "58": [1.316, 0.684461792, 4.168007815999977, 6.1684696079999775], "59": [2.0020000000000002, 1.316130984, 3.8593744559999856, 7.177505439999986], "60": [0.658, 0.295658552, 1.1404836239999985, 2.0941421759999983], "61": [4.732, 5.371280431999999, 11.239379312000136, 21.342659744000134], "62": [3.696, 4.677570576, 7.743239504000007, 16.116810080000008], "63": [6.272, 7.795756527999998, 12.627507368000131, 26.695263896000128], "64": [1.526, 0.988090488, 4.251301935999983, 6.765392423999983], "65": [4.746, 6.248606615999999, 7.985084295999989, 18.979690911999988], "66": [0.63, 0.222977048, 2.6595953439999884, 3.5125723919999885], "67": [0.322, 0.083417992, 0.22177125600000006, 0.6271892480000001], "68": [1.4000000000000001, 0.564678352, 2.3014202399999966, 4.266098591999997], "69": [1.008, 0.3645160959999999, 1.7439096080000018, 3.116425704000002], "70": [1.274, 0.46452666400000003, 2.6812321759999955, 4.419758839999996], "71": [0.84, 0.250250448, 2.9088226719999946, 3.9990731199999945], "72": [1.68, 1.2221917120000003, 4.110848335999986, 7.013040047999986], "73": [0.308, 0.009520112000000002, 0.6869255119999984, 1.0044456239999984], "74": [1.666, 1.341821096, 5.584521375999969, 8.592342471999968], "75": [1.764, 1.1586986879999999, 4.348412879999983, 7.2711115679999825], "76": [2.1, 1.2382707679999998, 4.7596890879999725, 8.097959855999973], "77": [1.6380000000000001, 1.132424104, 4.661063063999973, 7.431487167999973], "78": [2.324, 1.7719293760000001, 5.039930279999989, 9.13585965599999], "79": [1.078, 0.33767468000000006, 3.615524583999986, 5.031199263999986], "80": [2.0020000000000002, 1.5052647120000002, 3.9946622799999862, 7.501926991999987], "81": [0.224, 0.041051808, 0.17611344800000026, 0.4411652560000002], "82": [0.392, 0.11810019200000002, 0.23656102399999993, 0.7466612159999999], "83": [0.14, 0.004599728000000002, 0.2827715520000003, 0.42737128000000035], "84": [1.106, 0.49120932, 2.6400984399999925, 4.237307759999993], "85": [6.006, 7.340343080000004, 10.369305520000152, 23.715648600000158], "86": [1.008, 0.22357092800000003, 1.9188443119999996, 3.1504152399999996], "87": [0.63, 0.18945869600000004, 1.3349109200000047, 2.1543696160000048], "88": [0.616, 0.261845024, 1.1735323599999994, 2.0513773839999994], "89": [0.518, 0.175999768, 0.9760486399999986, 1.6700484079999987], "90": [0.9380000000000001, 0.2946503279999999, 1.5095477039999987, 2.742198031999999], "91": [0.882, 0.366077432, 2.180657583999995, 3.428735015999995], "92": [0.448, 0.12503623999999997, 1.0572518319999982, 1.6302880719999981], "93": [2.828, 1.903154512, 9.137479624000097, 13.868634136000097], "94": [0.546, 0.251212024, 1.045316215999996, 1.842528239999996], "95": [2.142, 1.657140408, 4.280420087999978, 8.079560495999978], "96": [0.756, 0.24375971200000005, 1.2664540000000013, 2.266213712000001], "97": [3.976, 4.889859744000001, 8.012857888000008, 16.87871763200001], "98": [0.658, 0.29056725600000005, 1.8685961840000056, 2.8171634400000056], "99": [0.994, 0.409268776, 2.106261863999995, 3.509530639999995], "100": [0.042, 0.000579768, 0.13069044800000004, 0.17327021600000003], "101": [0.896, 0.41093908800000006, 1.9165060320000058, 3.223445120000006], "102": [1.204, 0.7988442560000001, 2.3349483919999905, 4.33779264799999], "103": [0.196, 0.006537776000000002, 0.2740307360000004, 0.4765685120000004], "104": [1.946, 1.0325691600000002, 4.294719463999998, 7.273288623999998], "105": [0.518, 0.25082551200000003, 1.0055603599999936, 1.7743858719999936], "106": [0.546, 0.0858382, 0.5544381359999997, 1.1862763359999997], "107": [2.478, 2.497303816, 6.765793775999972, 11.741097591999972], "108": [3.374, 2.740104696, 8.317671208000068, 14.431775904000068], "109": [1.204, 0.6395456480000001, 1.8704158479999986, 3.7139614959999987], "110": [0.5740000000000001, 0.08844108000000003, 1.202340440000001, 1.864781520000001], "111": [1.54, 0.9699232479999997, 4.383548623999986, 6.893471871999986], "112": [2.5340000000000003, 0.911887256, 7.351250871999982, 10.797138127999983], "113": [0.546, 0.12210368800000003, 1.048429087999998, 1.716532775999998], "114": [2.072, 1.5560839839999994, 2.5288668719999934, 6.156950855999993],