{"0": [11.452, 253.4084328089855, 151.11126887612895, 415.97170168511445], "1": [9.912, 236.02869857812442, 106.55693926449784, 352.4976378426223], "2": [7.49, 159.79885938178253, 71.10966097570389, 238.39852035748643], "3": [11.200000000000001, 354.37635618223084, 83.9099855856692, 449.48634176790006], "4": [5.8100000000000005, 114.9038646636022, 33.741619182585225, 154.45548384618743], "5": [10.402000000000001, 277.310261166131, 101.16102067498538, 388.87328184111635], "6": [10.346, 315.6706824728343, 69.32157950394175, 395.33826197677604], "7": [7.784, 161.95055938395944, 47.13404807191044, 216.8686074558699], "8": [9.268, 209.18296609504412, 72.10465490939477, 290.5556210044389], "9": [5.474, 109.60809881909722, 49.11667943770242, 164.19877825679964], "10": [8.582, 236.48789989200642, 60.09665024347087, 305.1665501354773], "11": [5.502, 112.7292542567866, 39.22065145161494, 157.45190570840154], "12": [7.322, 146.9983669559069, 56.11818234454119, 210.4385493004481], "13": [7.574, 192.80111849642353, 36.9086249666969, 237.28374346312043], "14": [7.196, 178.20773166481382, 42.725227121494896, 228.12895878630871], "15": [6.5520000000000005, 156.96204842866814, 33.35320354281326, 196.86725197148138], "16": [8.344, 187.08432269973008, 67.26708954264608, 262.69541224237616], "17": [6.37, 48.69769861416231, 135.76415703348138, 190.8318556476437], "18": [6.958, 176.75093302715555, 34.27343007160619, 217.98236309876174], "19": [8.022, 185.97478406528234, 72.22235574182999, 266.2191398071123], "20": [7.5040000000000004, 154.6411823315416, 64.12373422590312, 226.2689165574447], "21": [4.48, 90.08569877566424, 28.679907881447875, 123.24560665711212], "22": [3.682, 6.544619957189887, 65.69613010239868, 75.92275005958857], "23": [6.902, 142.92034173573128, 64.83999842496668, 214.66234016069797], "24": [7.546, 176.86060732703316, 66.6671269016486, 251.07373422868176], "25": [6.748, 143.56162887054722, 48.94307429892157, 199.2527031694688], "26": [7.8260000000000005, 195.0034716472039, 52.25695486884563, 255.08642651604953], "27": [4.886, 106.9621944173665, 26.00928611070586, 137.85748052807236], "28": [7.224, 161.5087639582535, 39.11069476978425, 207.84345872803775], "29": [5.796, 125.19425031947448, 29.995155722593847, 160.98540604206832], "30": [4.088, 65.98835457167473, 18.87488873917094, 88.95124331084567], "31": [7.252, 156.04953707766833, 42.24878185851438, 205.55031893618272], "32": [5.194, 35.32003609572121, 124.9316918239824, 165.44572791970361], "33": [5.082, 110.16773332123404, 27.211992223604845, 142.46172554483888], "34": [5.25, 112.94056436150805, 29.677580964189108, 147.86814532569716], "35": [5.8660000000000005, 130.53373858092684, 29.570148070544313, 165.96988665147117], "36": [5.992, 129.76131820736728, 40.57746760094874, 176.33078580831602], "37": [5.978, 127.82822175642951, 27.930629824565493, 161.73685158099502], "38": [4.718, 110.28526968748028, 21.544406810107574, 136.54767649758787], "39": [5.418, 134.1114586740554, 24.933199246295224, 164.46265792035064], "40": [1.792, 1.100915687620896, 13.457204859370535, 16.35012054699143], "41": [5.964, 140.21893160779186, 36.55133874694282, 182.7342703547347], "42": [3.402, 42.958318090036386, 15.432549721582843, 61.79286781161923], "43": [2.016, 1.330954267156416, 16.785978315409647, 20.132932582566063], "44": [5.474, 137.13942328405105, 20.662162698095763, 163.2755859821468], "45": [5.936, 137.53746686657388, 33.12657452794293, 176.6000413945168], "46": [5.712, 128.48404797686786, 30.968788900075303, 165.16483687694316], "47": [5.236, 119.9891449389722, 24.213882466763373, 149.43902740573557], "48": [4.452, 103.1373755700935, 21.660029608478045, 129.24940517857155], "49": [5.292, 112.23162759563384, 25.027958577009493, 142.55158617264334], "50": [4.102, 80.22697277418635, 22.824521905111162, 107.15349467929752], "51": [3.458, 44.18772153710252, 13.378751478620021, 61.024473015722535], "52": [4.704, 119.46168508734758, 22.850429826804163, 147.01611491415173], "53": [4.242, 93.93251361085626, 15.415614979445238, 113.5901285903015], "54": [4.76, 113.22594767987792, 24.90430348147887, 142.8902511613568], "55": [4.8580000000000005, 114.52043015345711, 22.806245878127296, 142.18467603158442], "56": [3.122, 38.60108533916589, 11.333925171407628, 53.05701051057352], "57": [3.388, 14.932111690067709, 59.424815145360384, 77.74492683542809], "58": [4.438, 113.80804399164944, 23.67501613940935, 141.9210601310588], "59": [3.878, 67.2830940696869, 16.1266999111452, 87.28779398083209], "60": [4.214, 101.13678787220265, 17.681739746711276, 123.03252761891392], "61": [4.494, 102.75713701110122, 16.25736741300339, 123.50850442410461], "62": [4.5920000000000005, 112.71670249787283, 21.504051009528876, 138.8127535074017], "63": [1.666, 0.895571432, 11.452230820660056, 14.013802252660057], "64": [5.488, 124.54650341046313, 31.034387963741104, 161.06889137420424], "65": [4.886, 114.9386614543616, 18.76952406795783, 138.5941855223194], "66": [3.85, 76.03901047444127, 15.422989783256197, 95.31200025769746], "67": [4.2700000000000005, 96.39810506497587, 19.437891847613372, 120.10599691258923], "68": [3.486, 49.54790037048364, 12.640675359992798, 65.67457573047643], "69": [4.2700000000000005, 104.63618146921563, 16.352504574772613, 125.25868604398823], "70": [3.99, 83.48159876469884, 18.073257734376128, 105.54485649907497], "71": [3.864, 79.12952188801496, 15.748807752959717, 98.74232964097469], "72": [1.848, 1.698272035787936, 13.069881908160012, 16.61615394394795], "73": [2.2960000000000003, 2.1638231470638725, 22.764229316500025, 27.224052463563897], "74": [3.234, 41.51203151335611, 13.13012206775748, 57.8761535811136], "75": [4.13, 87.73269601453393, 19.011583479151906, 110.87427949368583], "76": [3.458, 50.16896735023265, 17.302680287736514, 70.92964763796917], "77": [3.64, 60.93568494350489, 13.214398788283878, 77.79008373178876], "78": [3.71, 60.50900575001319, 17.49391081462018, 81.71291656463336], "79": [1.12, 0.48745984000000003, 7.170232719999996, 8.777692559999997], "80": [3.416, 48.323347561581116, 15.638314787991673, 67.37766234957279], "81": [1.9040000000000001, 1.590823108510496, 14.330136567448621, 17.824959675959118], "82": [3.136, 38.981251004433254, 11.417291167414335, 53.53454217184759], "83": [3.402, 56.657178764275045, 12.671942603104126, 72.73112136737917], "84": [3.262, 40.92502044209219, 13.368416082366963, 57.555436524459154], "85": [3.5700000000000003, 55.779369818159935, 12.780223967016394, 72.12959378517633], "86": [1.526, 0.909488216, 10.387050083060057, 12.822538299060056], "87": [2.758, 24.086905188159307, 10.653552346476081, 37.498457534635385], "88": [3.7800000000000002, 74.57275523072683, 14.492904532198471, 92.8456597629253], "89": [3.234, 46.45587283152436, 11.527372451000055, 61.217245282524416], "90": [2.464, 17.604921016681153, 8.960562576000058, 29.02948359268121], "91": [1.694, 1.126503336, 9.718094721875522, 12.538598057875522], "92": [1.694, 1.126503336, 9.718094721875522, 12.538598057875522], "93": [1.694, 1.126503336, 9.718094721875522, 12.538598057875522], "94": [3.374, 54.246638027014725, 12.089608447379517, 69.71024647439424], "95": [2.072, 1.75448023296, 16.34385702240123, 20.170337255361233], "96": [2.058, 2.0323754936437117, 17.2978148035121, 21.388190297155813], "97": [3.8080000000000003, 73.15785555985717, 14.462474583981804, 91.42833014383898], "98": [2.254, 15.583263866756099, 8.85830114400005, 26.695565010756148], "99": [2.604, 22.870332297213864, 9.894168200000069, 35.36850049721393], "100": [3.766, 60.871062938647384, 13.959895966885142, 78.59695890553253], "101": [1.204, 0.5701091200000001, 7.335163927920409, 9.109273047920409], "102": [3.528, 46.56184401254467, 14.639252216600054, 64.72909622914472], "103": [1.792, 1.178700096, 13.750799574260077, 16.721499670260076], "104": [1.26, 0.9258256, 7.3027461917488905, 9.48857179174889], "105": [2.87, 30.459042592474276, 11.15361244958537, 44.48265504205965],