{"0": [0.0409, 0.0372473851395, 0.0003681076026250001, 0.078515492742125], "1": [0.0354, 0.032249826265, 0.0003435591386249998, 0.067993385403625], "2": [0.026750000000000003, 0.024332623641124995, 0.00031661046712500046, 0.051399234108249994], "3": [0.04, 0.03651473358075001, 0.00033271244012499996, 0.07684744602087501], "4": [0.02075, 0.018836828303874995, 0.0002656147965000003, 0.039852443100375], "5": [0.03715, 0.03386993344537499, 0.0003344595667500002, 0.071354393012125], "6": [0.036950000000000004, 0.033709207697625, 0.00031211987900000004, 0.070971327576625], "7": [0.027800000000000002, 0.025291703305750007, 0.0002914447368750006, 0.05338314804262501], "8": [0.033100000000000004, 0.0301422728665, 0.0003156419756250004, 0.063557914842125], "9": [0.01955, 0.017742745774125, 0.0002964231260000008, 0.037589168900125], "10": [0.03065, 0.027934307332625006, 0.00028873031325000055, 0.05887303764587501], "11": [0.01965, 0.017834980917625, 0.0002568897657500002, 0.037741870683375006], "12": [0.02615, 0.023781470231875004, 0.00029232187912500056, 0.050223792111000004], "13": [0.02705, 0.024639654090375003, 0.00027009560837500064, 0.05195974969875], "14": [0.0257, 0.023401966249500004, 0.0002713483125000007, 0.049373314562000004], "15": [0.0234, 0.021287529017750002, 0.00025360238987500014, 0.044941131407625], "16": [0.0298, 0.027130270061000005, 0.00032179844387499995, 0.057252068504875], "17": [0.02275, 0.020613851620125002, 0.0003662310916250004, 0.04373008271175], "18": [0.02485, 0.022629464907624998, 0.0002648836287500002, 0.047744348536375], "19": [0.028650000000000002, 0.026084356219625005, 0.00032971400087500015, 0.055064070220500014], "20": [0.0268, 0.024377351707, 0.0003235402335000001, 0.0515008919405], "21": [0.016, 0.014509135820999998, 0.00024361504487499996, 0.030752750865874996], "22": [0.01315, 0.011879512068124999, 0.00025302467725000024, 0.025282536745375], "23": [0.024650000000000002, 0.022416978684375005, 0.00031202594124999993, 0.04737900462562501], "24": [0.02695, 0.024535181955374998, 0.00030691071162500055, 0.051792092667], "25": [0.0241, 0.021916981029500005, 0.00027133243225000044, 0.046288313461750004], "26": [0.027950000000000003, 0.025461350328875004, 0.0002817732498750004, 0.05369312357875001], "27": [0.01745, 0.015829840602125, 0.00023287425074999997, 0.033512714852875], "28": [0.0258, 0.023484441630750003, 0.0002855130522500006, 0.049569954683], "29": [0.0207, 0.0188051783515, 0.00025508877000000033, 0.0397602671215], "30": [0.0146, 0.013237219584500004, 0.00021346842662499986, 0.028050688011125004], "31": [0.025900000000000003, 0.023564953468499995, 0.0002848073852500001, 0.04974976085375], "32": [0.01855, 0.016800527397625, 0.00032096674862500026, 0.03567149414625], "33": [0.01815, 0.016472825208625003, 0.00024252041400000025, 0.034865345622625], "34": [0.01875, 0.017019652364625, 0.0002519594050000004, 0.036021611769625], "35": [0.02095, 0.019040942521875, 0.00025763776800000074, 0.040248580289875005], "36": [0.021400000000000002, 0.019454707625750006, 0.00026097429062500044, 0.04111568191637501], "37": [0.02135, 0.019399626105875003, 0.00024746545600000023, 0.040997091561875], "38": [0.01685, 0.015296563515375002, 0.00022139041037500006, 0.03236795392575], "39": [0.019350000000000003, 0.017594648794375, 0.00021940024937499986, 0.03716404904375001], "40": [0.0064, 0.005772601032, 0.0001444778183749996, 0.012317078850375002], "41": [0.0213, 0.019376495357000006, 0.00025827776462500026, 0.04093477312162501], "42": [0.012150000000000001, 0.011007649688125001, 0.00017565678312499953, 0.023333306471250002], "43": [0.007200000000000001, 0.006496183661999999, 0.00014999197687499984, 0.013846175638875], "44": [0.01955, 0.017780585498125, 0.00022050745962499984, 0.03755109295775], "45": [0.0212, 0.019280859766000004, 0.00023081708999999988, 0.04071167685600001], "46": [0.0204, 0.018544492546750006, 0.0002526116751250004, 0.039197104221875], "47": [0.0187, 0.016990139319750002, 0.00023258740024999976, 0.03592272672], "48": [0.0159, 0.014429090371250003, 0.00021625071900000005, 0.030545341090250006], "49": [0.0189, 0.017161933394000004, 0.00022401912249999994, 0.036285952516500006], "50": [0.014650000000000002, 0.013287136573875, 0.00020920227274999985, 0.028146338846625], "51": [0.01235, 0.011189169984625004, 0.00016133045399999973, 0.023700500438625004], "52": [0.016800000000000002, 0.015266320304250004, 0.00020760871412499974, 0.03227392901837501], "53": [0.01515, 0.013752916976375006, 0.0001775485649999997, 0.029080465541375007], "54": [0.017, 0.015438681529249999, 0.0002091619088749998, 0.032647843438125004], "55": [0.01735, 0.015758933629875, 0.00020464977424999994, 0.033313583404125], "56": [0.01115, 0.010108116341875003, 0.00014023435399999955, 0.021398350695875], "57": [0.012100000000000001, 0.010952262964500003, 0.00020498389149999974, 0.023257246856000006], "58": [0.01585, 0.014397244907625001, 0.00019927184099999978, 0.030446516748625002], "59": [0.013850000000000001, 0.012561329236875004, 0.00019259024174999995, 0.026603919478625004], "60": [0.015050000000000001, 0.013662741401625001, 0.00019125487925000017, 0.028903996280875005], "61": [0.016050000000000002, 0.014567977415125001, 0.0001851840183749998, 0.030803161433500002], "62": [0.0164, 0.014897349570500004, 0.0002002442879999998, 0.031497593858500005], "63": [0.00595, 0.0053661228503750005, 0.00011712178487499997, 0.01143324463525], "64": [0.0196, 0.01782027820375, 0.000239914496, 0.03766019269975], "65": [0.01745, 0.015849581205875, 0.00021220914375000012, 0.033511790349625], "66": [0.01375, 0.012483362184375001, 0.00016841121562500007, 0.026401773400000002], "67": [0.015250000000000001, 0.013840135202625, 0.00020287449437500005, 0.029293009697000005], "68": [0.012450000000000001, 0.011288302609875003, 0.00014792239912499953, 0.023886225009000003], "69": [0.015250000000000001, 0.013848127327125002, 0.00019166430399999982, 0.029289791631125002], "70": [0.01425, 0.012934908380125, 0.00019087766774999993, 0.027375786047875002], "71": [0.013800000000000002, 0.012529727037000003, 0.0001737151277499999, 0.026503442164750004], "72": [0.0066, 0.005958820741250001, 0.00013131832424999974, 0.0126901390655], "73": [0.0082, 0.00740339139375, 0.00016400579574999958, 0.0157673971895], "74": [0.011550000000000001, 0.010469347850125, 0.00015943754737499967, 0.0221787853975], "75": [0.014750000000000001, 0.013384432528875, 0.0001852709546249999, 0.0283197034835], "76": [0.01235, 0.011196075600625003, 0.00018839749687499978, 0.0237344730975], "77": [0.013000000000000001, 0.011794801066250001, 0.00016915962624999983, 0.024963960692500002], "78": [0.013250000000000001, 0.012017660248125001, 0.00018896221687499998, 0.025456622465000005], "79": [0.004, 0.0036059170449999995, 9.298701624999981e-05, 0.007698904061249999], "80": [0.0122, 0.0110642084295, 0.00017999694362499984, 0.023444205373125], "81": [0.0068000000000000005, 0.006137843723000001, 0.00013404257537499967, 0.013071886298375001], "82": [0.0112, 0.01015505707325, 0.00014411867549999962, 0.02149917574875], "83": [0.012150000000000001, 0.011030110076375001, 0.0001478116294999997, 0.023327921705875], "84": [0.01165, 0.010558460860375, 0.0001668867903749998, 0.02237534765075], "85": [0.012750000000000001, 0.011566495462125, 0.0001611742866249998, 0.024477669748749997], "86": [0.00545, 0.0049164034486250015, 0.00011593961224999985, 0.010482343060875001], "87": [0.009850000000000001, 0.008923799266625001, 0.00013925847949999962, 0.018913057746125], "88": [0.0135, 0.01225747818275, 0.0001597106517499997, 0.025917188834499998], "89": [0.011550000000000001, 0.010478676282125003, 0.00015099687237499971, 0.022179673154500004], "90": [0.0088, 0.007971389857500002, 0.0001171821442499999, 0.016888572001750004], "91": [0.006050000000000001, 0.005459118477375, 0.00010591595262499991, 0.01161503443], "92": [0.006050000000000001, 0.005459118477375, 0.00010591595262499991, 0.01161503443],