{"0": [1.6360000000000001, 0.9463753776583678, 0.5789945679999992, 3.1613699456583673], "1": [1.416, 0.7765389769554882, 0.5412168720000006, 2.7337558489554885], "2": [1.07, 0.4215090320000001, 0.5003658959999993, 1.9918749279999994], "3": [1.6, 1.145808467826528, 0.5229761679999998, 3.2687846358265276], "4": [0.8300000000000001, 0.26534744800000004, 0.4210709759999993, 1.5164184239999994], "5": [1.486, 0.9339557415, 0.5266842720000006, 2.9466400135000006], "6": [1.478, 0.9539565620729279, 0.4915842559999998, 2.9235408180729276], "7": [1.112, 0.44504756799999995, 0.4605231599999992, 2.017570727999999], "8": [1.324, 0.6779129850950079, 0.4982864399999993, 2.5001994250950075], "9": [0.782, 0.24281354400000002, 0.46979206399999984, 1.494605608], "10": [1.226, 0.6375076729081283, 0.45590404799999956, 2.3194117209081275], "11": [0.786, 0.245894728, 0.4074210079999996, 1.4393157359999997], "12": [1.046, 0.40455483999999997, 0.46206026399999967, 1.912615104], "13": [1.082, 0.48560978399999993, 0.42735493599999935, 1.9949647199999994], "14": [1.028, 0.44883196799999997, 0.42937199999999953, 1.9062039679999994], "15": [0.936, 0.37116113599999995, 0.401856951999999, 1.709018087999999], "16": [1.192, 0.525351079200608, 0.5080724079999993, 2.225423487200607], "17": [0.91, 0.23205568799999998, 0.5796418639999995, 1.7216975519999997], "18": [0.994, 0.435582088, 0.41920423999999906, 1.8487863279999992], "19": [1.1460000000000001, 0.49917654313404797, 0.5206160560000002, 2.1657925991340483], "20": [1.072, 0.42001724799999995, 0.5112829440000001, 2.003300192], "21": [0.64, 0.180920544, 0.38619887199999925, 1.2071194159999994], "22": [0.526, 0.07571635999999998, 0.40232334399999975, 1.0040397039999998], "23": [0.986, 0.3796157999999999, 0.4935282399999997, 1.8591440399999994], "24": [1.078, 0.457113144, 0.4850175439999994, 2.0201306879999996], "25": [0.964, 0.369797888, 0.42960366399999894, 1.7634015519999988], "26": [1.118, 0.5102995351340481, 0.4454239919999993, 2.0737235271340477], "27": [0.6980000000000001, 0.204666536, 0.3697440479999996, 1.2724105839999997], "28": [1.032, 0.43012036800000003, 0.4515513439999991, 1.9136717119999993], "29": [0.8280000000000001, 0.28590649599999995, 0.4044772799999991, 1.5183837759999992], "30": [0.584, 0.15965340800000002, 0.3389553039999993, 1.0826087119999994], "31": [1.036, 0.41504198400000003, 0.45053665599999965, 1.9015786399999999], "32": [0.742, 0.17531744800000001, 0.5092879119999997, 1.4266053599999997], "33": [0.726, 0.22493735200000003, 0.38493849599999913, 1.335875847999999], "34": [0.75, 0.23667933600000002, 0.3995099199999993, 1.3861892559999993], "35": [0.838, 0.3033534000000001, 0.40833715199999904, 1.549690551999999], "36": [0.856, 0.31691604800000006, 0.41361459999999906, 1.5865306479999992], "37": [0.854, 0.3010627759999999, 0.3923851839999997, 1.5474479599999995], "38": [0.674, 0.214740984, 0.3514422639999992, 1.2401832479999992], "39": [0.774, 0.29241484000000006, 0.34824795999999936, 1.4146627999999994], "40": [0.256, 0.022806048000000002, 0.22993637600000016, 0.5087424240000002], "41": [0.852, 0.33624684800000004, 0.40920493599999924, 1.597451783999999], "42": [0.486, 0.11878804000000001, 0.2794461199999999, 0.8842341599999999], "43": [0.28800000000000003, 0.028606368000000007, 0.23870652000000037, 0.5553128880000004], "44": [0.782, 0.30167188, 0.3500014159999993, 1.4336732959999994], "45": [0.848, 0.32730102400000005, 0.3660057599999997, 1.5413067839999997], "46": [0.8160000000000001, 0.300278992, 0.4005392079999988, 1.5168181999999988], "47": [0.748, 0.26028446399999994, 0.3691696159999998, 1.3774540799999997], "48": [0.636, 0.19425176, 0.34355001599999924, 1.1738017759999992], "49": [0.756, 0.24713321600000002, 0.35572383999999896, 1.3588570559999988], "50": [0.586, 0.16666072799999998, 0.3325254559999992, 1.0851861839999992], "51": [0.494, 0.12083101600000001, 0.25690905600000014, 0.8717400720000001], "52": [0.672, 0.23804347199999998, 0.32975370399999965, 1.2397971759999997], "53": [0.606, 0.192318488, 0.28242816000000004, 1.080746648], "54": [0.68, 0.22557387199999998, 0.3322821679999996, 1.2378560399999996], "55": [0.6940000000000001, 0.23450431199999996, 0.32508555199999917, 1.2535898639999992], "56": [0.446, 0.11912187999999999, 0.22339865600000036, 0.7885205360000003], "57": [0.484, 0.102733728, 0.32618905599999976, 0.9129227839999998], "58": [0.634, 0.215342088, 0.31660982399999993, 1.165951912], "59": [0.554, 0.15669516000000006, 0.3062874719999986, 1.0169826319999986], "60": [0.602, 0.191353704, 0.30412827199999937, 1.0974819759999994], "61": [0.642, 0.200514568, 0.2945171759999995, 1.1370317439999995], "62": [0.656, 0.22323651200000003, 0.3181624319999992, 1.1973989439999992], "63": [0.23800000000000002, 0.018814424, 0.1868822320000005, 0.4436966560000005], "64": [0.784, 0.29295304000000005, 0.38055574399999914, 1.4575087839999992], "65": [0.6980000000000001, 0.23488517599999997, 0.336985199999999, 1.2698703759999992], "66": [0.55, 0.17603580000000002, 0.2679737999999999, 0.9940095999999998], "67": [0.61, 0.18708496800000002, 0.32253963999999913, 1.1196246079999992], "68": [0.498, 0.13591903200000002, 0.2355775440000004, 0.8694965760000004], "69": [0.61, 0.19982493600000004, 0.30474745599999925, 1.1145723919999992], "70": [0.5700000000000001, 0.178428328, 0.30354273600000015, 1.0519710640000002], "71": [0.552, 0.178042368, 0.2763921760000001, 1.0064345440000002], "72": [0.264, 0.03177944, 0.20938075200000011, 0.5051601920000002], "73": [0.328, 0.03907320000000001, 0.261366928, 0.628440128], "74": [0.462, 0.12100640800000001, 0.25385503200000037, 0.8368614400000004], "75": [0.59, 0.17799784800000001, 0.2946210959999992, 1.0626189439999991], "76": [0.494, 0.13205044, 0.2997197999999992, 0.9257702399999992], "77": [0.52, 0.15375223999999998, 0.2692280799999995, 0.9429803199999995], "78": [0.53, 0.15056388, 0.30060587999999955, 0.9811697599999996], "79": [0.16, 0.01031488, 0.1484370400000003, 0.3187519200000003], "80": [0.488, 0.13693948799999997, 0.2864003919999995, 0.9113398799999994], "81": [0.272, 0.029946272000000003, 0.21369282400000053, 0.5156390960000006], "82": [0.448, 0.12202068800000002, 0.22957123200000054, 0.7995919200000006], "83": [0.486, 0.154316888, 0.23535228800000055, 0.8756691760000005], "84": [0.466, 0.119283064, 0.26572658399999993, 0.8510096479999999], "85": [0.51, 0.148569576, 0.2565863440000006, 0.9151559200000006], "86": [0.218, 0.019060712, 0.1850111840000003, 0.4220718960000003], "87": [0.394, 0.09532906400000002, 0.22193868800000033, 0.7112677520000004], "88": [0.54, 0.17446769600000003, 0.25417371200000005, 0.9686414080000001], "89": [0.462, 0.135642056, 0.2404638320000004, 0.8381058880000004], "90": [0.352, 0.08322288000000001, 0.18684523200000044, 0.6220681120000005], "91": [0.242, 0.024054552, 0.16905696800000022, 0.4351115200000002], "92": [0.242, 0.024054552, 0.16905696800000022, 0.4351115200000002], "93": [0.242, 0.024054552, 0.16905696800000022, 0.4351115200000002], "94": [0.482, 0.150102232, 0.24416528000000062, 0.8762675120000006], "95": [0.296, 0.034631808, 0.2314693120000002, 0.5621011200000001], "96": [0.294, 0.036830584000000006, 0.2313525280000005, 0.5621831120000005], "97": [0.544, 0.170237872, 0.2749023999999996, 0.9891402719999995], "98": [0.322, 0.07146471200000001, 0.1843528080000004, 0.5778175200000004], "99": [0.372, 0.088887904, 0.2065214000000003, 0.6674093040000003], "100": [0.538, 0.160198888, 0.2785811919999994, 0.9767800799999995], "101": [0.17200000000000001, 0.012043839999999998, 0.15056794400000018, 0.3346117840000002], "102": [0.504, 0.13588550400000002, 0.2789639920000002, 0.9188494960000002], "103": [0.256, 0.024871872000000007, 0.20939794400000034, 0.49026981600000036], "104": [0.18, 0.019379200000000003, 0.14139330400000036, 0.34077250400000036], "105": [0.41000000000000003, 0.10528207200000002, 0.22735763200000045, 0.7426397040000006], "106": [0.098, 0.005751016000000001, 0.08558680000000017, 0.18933781600000016],