{"0": [0.40900000000000003, 0.04590088950000001, 0.03666685262499999, 0.491567742125], "1": [0.354, 0.04026401499999999, 0.03423363862500005, 0.42849765362500003], "2": [0.2675, 0.026602641125000007, 0.03157146712500002, 0.32567410825000004], "3": [0.4, 0.053132580749999984, 0.03313619012500006, 0.4862687708750001], "4": [0.20750000000000002, 0.016705553874999994, 0.02650504650000001, 0.25071060037500004], "5": [0.3715, 0.044823945374999986, 0.03332406675000007, 0.44964801212500005], "6": [0.3695, 0.04678894762500001, 0.03109937900000001, 0.44738832662500005], "7": [0.278, 0.028102555749999994, 0.029060986875000003, 0.33516354262500003], "8": [0.331, 0.0363031165, 0.03146697562500003, 0.39877009212500003], "9": [0.1955, 0.015288274125000004, 0.029577626, 0.240365900125], "10": [0.3065, 0.03597233262500001, 0.02878556324999999, 0.37125789587499997], "11": [0.1965, 0.015475917625000004, 0.025637015750000023, 0.23761293337500003], "12": [0.2615, 0.025551731875, 0.029150629124999997, 0.316202361], "13": [0.2705, 0.03078309037500001, 0.026940358374999994, 0.32822344875], "14": [0.257, 0.02844424950000001, 0.02706581250000001, 0.31251006200000003], "15": [0.234, 0.023400017749999995, 0.025303889875000006, 0.282703907625], "16": [0.298, 0.032041811, 0.03208169387500006, 0.362123504875], "17": [0.2275, 0.014671870125000002, 0.036531841625, 0.27870371175], "18": [0.2485, 0.02758040762499998, 0.02642187874999999, 0.302502286375], "19": [0.28650000000000003, 0.030818719625000015, 0.03287150087500004, 0.35019022050000004], "20": [0.268, 0.026490456999999995, 0.03226198350000003, 0.3267524405], "21": [0.16, 0.011393571000000005, 0.024309794875, 0.19570336587500003], "22": [0.1315, 0.004770318125, 0.025266177250000025, 0.16153649537500003], "23": [0.2465, 0.023952684374999998, 0.03112019125000004, 0.301572875625], "24": [0.2695, 0.028856955374999996, 0.030603961625000044, 0.3289609170000001], "25": [0.241, 0.023304279500000004, 0.027067932250000013, 0.29137221175000005], "26": [0.2795, 0.031528578875, 0.02809924987500002, 0.33912782875], "27": [0.17450000000000002, 0.012871602124999996, 0.023246250750000037, 0.21061785287500004], "28": [0.258, 0.027111630749999997, 0.02847530225000003, 0.31358693300000007], "29": [0.20700000000000002, 0.017995601499999996, 0.02545602, 0.2504516215], "30": [0.146, 0.010032084500000002, 0.021309426624999992, 0.177341511125], "31": [0.259, 0.0261577185, 0.028406385250000003, 0.31356410375], "32": [0.1855, 0.011063397624999999, 0.03203524862499999, 0.22859864624999998], "33": [0.1815, 0.014142708625, 0.024207414000000024, 0.21985012262500003], "34": [0.1875, 0.014888114625000002, 0.025143654999999977, 0.227531769625], "35": [0.2095, 0.019102771874999997, 0.02570776799999999, 0.25431053987499996], "36": [0.214, 0.019952375749999997, 0.026040540625000035, 0.25999291637500005], "37": [0.2135, 0.018951855874999996, 0.024695205999999966, 0.25714706187499997], "38": [0.1685, 0.013501515374999995, 0.022098910374999982, 0.20410042574999998], "39": [0.1935, 0.018409294375, 0.021899749375, 0.23380904375], "40": [0.064, 0.0014387820000000002, 0.014430068374999995, 0.079868850375], "41": [0.213, 0.021185357, 0.025769514624999993, 0.259954871625], "42": [0.1215, 0.007455938124999999, 0.017542533124999957, 0.14649847124999996], "43": [0.07200000000000001, 0.0018039119999999997, 0.014980726875000003, 0.08878463887500002], "44": [0.1955, 0.018988748125, 0.022010209625000034, 0.23649895775000004], "45": [0.212, 0.020614515999999996, 0.023034090000000024, 0.255648606], "46": [0.20400000000000001, 0.018899296749999996, 0.02520867512499999, 0.248107971875], "47": [0.187, 0.01636881975, 0.023215900250000008, 0.22658472], "48": [0.159, 0.012208621250000001, 0.021589719, 0.19279834025], "49": [0.189, 0.015536144, 0.022362872499999995, 0.2268990165], "50": [0.1465, 0.010469323874999999, 0.020888522749999992, 0.17785784662499998], "51": [0.1235, 0.007581234624999999, 0.01611545399999998, 0.14719668862499996], "52": [0.168, 0.014969804249999998, 0.02072596412499998, 0.20369576837499997], "53": [0.1515, 0.012088226375, 0.017731065000000018, 0.18131929137500002], "54": [0.17, 0.014182279250000004, 0.020881908875000008, 0.20506418812500005], "55": [0.17350000000000002, 0.014745379875000004, 0.020431024249999968, 0.20867640412499996], "56": [0.1115, 0.007474841875000001, 0.014009353999999993, 0.132984195875], "57": [0.121, 0.0064629645000000005, 0.02047264150000002, 0.14793560600000003], "58": [0.1585, 0.013539407625000001, 0.019895091000000004, 0.191934498625], "59": [0.1385, 0.009836986875, 0.019232241749999993, 0.167569228625], "60": [0.1505, 0.012020651625000005, 0.019098379249999978, 0.18161903087499998], "61": [0.1605, 0.012603665125000005, 0.018492768374999996, 0.1915964335], "62": [0.164, 0.014031570500000003, 0.019992288, 0.1980238585], "63": [0.059500000000000004, 0.001180100375, 0.011704784874999988, 0.07238488524999999], "64": [0.196, 0.018433453750000002, 0.02394374599999998, 0.23837719975], "65": [0.17450000000000002, 0.014762955875000002, 0.021184143750000002, 0.21044709962500002], "66": [0.1375, 0.011056434375, 0.016819715624999964, 0.16537614999999997], "67": [0.1525, 0.011749952625, 0.02025774437499998, 0.18450769699999997], "68": [0.1245, 0.008532859875000003, 0.014776399124999983, 0.14780925899999997], "69": [0.1525, 0.012553327125000001, 0.019138804000000006, 0.18419213112500002], "70": [0.14250000000000002, 0.011205380125000003, 0.019060917749999982, 0.172766297875], "71": [0.138, 0.011181537, 0.01734912774999998, 0.16653066474999997], "72": [0.066, 0.00199749125, 0.013121324249999991, 0.0811188155], "73": [0.082, 0.00245289375, 0.016385545749999977, 0.10083843949999999], "74": [0.1155, 0.007592600125, 0.015925797375000012, 0.13901839750000003], "75": [0.1475, 0.011179528875000002, 0.01850095462499996, 0.17718048349999996], "76": [0.1235, 0.008288100625000001, 0.01881499687499999, 0.15060309749999998], "77": [0.13, 0.009649816250000002, 0.016895376249999983, 0.15654519249999999], "78": [0.1325, 0.009450748124999998, 0.018871216874999968, 0.16082196499999996], "79": [0.04, 0.0006475449999999999, 0.009293766250000014, 0.049941311250000016], "80": [0.122, 0.008594929500000001, 0.017976693624999974, 0.148571623125], "81": [0.068, 0.001879973, 0.013393075375000021, 0.08327304837500003], "82": [0.112, 0.007656073249999999, 0.014397175499999979, 0.13405324874999996], "83": [0.1215, 0.009688826375000001, 0.014764629499999985, 0.145953455875], "84": [0.1165, 0.007481860375, 0.016670040374999962, 0.14065190074999998], "85": [0.1275, 0.009325462125000003, 0.016098786624999972, 0.15292424875], "86": [0.0545, 0.0011951986250000003, 0.011586862249999998, 0.067282060875], "87": [0.0985, 0.0059760166249999995, 0.013913229499999978, 0.11838924612499999], "88": [0.135, 0.010957682750000001, 0.015951401749999986, 0.1619090845], "89": [0.1155, 0.008510532125, 0.015083372374999987, 0.13909390449999998], "90": [0.088, 0.0052153575, 0.011708894249999982, 0.10492425174999997], "91": [0.0605, 0.001511727375, 0.010585702625000006, 0.07259743], "92": [0.0605, 0.001511727375, 0.010585702625000006, 0.07259743], "93": [0.0605, 0.001511727375, 0.010585702625000006, 0.07259743], "94": [0.1205, 0.009420097375, 0.015316894999999992, 0.14523699237499998], "95": [0.074, 0.0021736845, 0.014505582999999999, 0.0906792675], "96": [0.0735, 0.002310227875, 0.014497570750000004, 0.090307798625], "97": [0.136, 0.010686091750000001, 0.017255349999999982, 0.16394144175], "98": [0.0805, 0.004477573624999999, 0.011549950124999986, 0.09652752374999998], "99": [0.093, 0.005571623499999999, 0.012943521874999978, 0.11151514537499997], "100": [0.1345, 0.010054670125000002, 0.017484206124999978, 0.16203887625], "101": [0.043000000000000003, 0.0007559350000000001, 0.009427749125000008, 0.05318368412500001], "102": [0.126, 0.008525586, 0.017506124874999966, 0.15203171087499998], "103": [0.064, 0.001560873, 0.013116717874999996, 0.07867759087500001],