{"1": [36.96, 33.213332479999984, 302.9484441599998, 373.1217766399998], "2": [28.8, 64.85548800000001, 322.09280256000073, 415.7482905600007], "3": [8.4, 68.10774271999999, 116.34887679999922, 192.8566195199992], "4": [15.200000000000001, 41.615938560000004, 222.05512704000134, 278.8710656000013], "5": [8.64, 5.1233894399999995, 30.392960000000254, 44.156349440000255], "6": [14.72, 58.27140864, 181.36842240000058, 254.35983104000059], "7": [6.88, 62.589888, 71.59570431999931, 141.06559231999933], "8": [22.64, 102.40400639999999, 302.5002982399991, 427.5443046399991], "9": [6.0, 41.52319232000001, 88.93473791999973, 136.45793023999974], "11": [7.68, 40.20801535999999, 181.0480230399997, 228.9360383999997], "12": [13.76, 65.22013952, 279.6097971199998, 358.58993663999985], "13": [3.68, 26.335744000000002, 38.071275519999766, 68.08701951999977], "14": [4.96, 36.21068032, 63.76194047999988, 104.93262079999988], "15": [3.36, 9.457807360000006, 47.77994239999986, 60.597749759999864], "17": [11.92, 31.193167359999997, 208.60735744000087, 251.72052480000087], "18": [6.96, 31.325411839999997, 71.33912063999969, 109.62453247999969], "19": [5.04, 32.76797184, 68.01393663999968, 105.82190847999968], "20": [24.32, 2.7866751999999995, 286.84012032000044, 313.9467955200004], "21": [11.68, 96.21142271999999, 186.65059328000055, 294.54201600000056], "22": [3.52, 13.94004992, 6.367948799999999, 23.827998719999997], "23": [27.2, 32.63147007999999, 277.77868544000006, 337.61015552000003], "24": [7.04, 49.964083200000005, 121.74489599999895, 178.74897919999896], "25": [6.88, 17.89051647999999, 54.994480640000056, 79.76499712000005], "26": [3.7600000000000002, 21.458698239999997, 42.91607551999975, 68.13477375999975], "27": [9.92, 5.62181376, 59.3193728, 74.86118656], "28": [2.96, 0.7705600000000001, 52.05914623999997, 55.789706239999965], "29": [19.76, 31.939968, 218.0706739200009, 269.7706419200009], "30": [1.52, 0.8291839999999999, 15.976447999999978, 18.325631999999977], "32": [3.84, 9.9780096, 54.40290815999991, 68.2209177599999], "33": [9.040000000000001, 8.17516032, 122.23760895999968, 139.45276927999967], "34": [0.72, 0.20736000000000004, 3.811328000000001, 4.738688000000001], "36": [5.92, 7.49396992, 70.57320959999986, 83.98717951999986], "37": [7.6000000000000005, 12.149621760000004, 88.85339135999959, 108.60301311999959], "38": [9.36, 79.39515136, 150.28552704000077, 239.0406784000008], "39": [4.5600000000000005, 11.350056960000002, 65.17861375999962, 81.08867071999963], "40": [7.04, 38.690122239999994, 113.3224524799993, 159.05257471999928], "41": [41.36, 48.12620287999999, 258.8037683199992, 348.2899711999992], "42": [4.08, 15.557079040000005, 8.763279359999988, 28.40035839999999], "43": [17.28, 58.9162496, 331.11874815999994, 407.3149977599999], "44": [17.28, 14.232373759999998, 159.50056447999938, 191.0129382399994], "45": [18.16, 7.805327359999998, 127.92373503999956, 153.88906239999955], "46": [11.6, 44.973867520000006, 136.44112640000037, 193.0149939200004], "47": [10.72, 4.94605568, 40.76789759999991, 56.43395327999991], "48": [8.24, 45.282291199999996, 89.47430399999911, 142.9965951999991], "49": [1.44, 1.58154752, 14.724863999999975, 17.746411519999974], "50": [1.84, 2.28383744, 20.531312640000053, 24.655150080000052], "51": [22.0, 50.54157824, 242.16205824000014, 314.7036364800001], "52": [8.16, 48.88137727999999, 128.8920575999996, 185.9334348799996], "53": [6.96, 4.61688576, 78.22070271999971, 89.7975884799997], "54": [6.0, 23.541163519999994, 59.35468544000003, 88.89584896000002], "55": [16.080000000000002, 1.4044799999999995, 87.82542335999936, 105.30990335999937], "56": [6.16, 12.744949760000004, 172.64121856000085, 191.54616832000085], "57": [17.92, 22.163873279999994, 241.62057472000077, 281.70444800000075], "58": [7.5200000000000005, 37.214602240000005, 197.02483200000023, 241.75943424000025], "59": [11.44, 74.36953344000001, 143.66584832000103, 229.47538176000103], "60": [3.7600000000000002, 28.89469952, 38.068613119999796, 70.72331263999979], "61": [27.04, 62.99482368, 321.713023999999, 411.747847679999], "62": [21.12, 2.167871999999999, 225.59135232000057, 248.87922432000056], "63": [35.84, 59.092672, 295.73306111999955, 390.6657331199996], "64": [8.72, 54.59054336, 162.96020736000122, 226.27075072000122], "65": [27.12, 26.076671999999995, 229.63487488000112, 282.8315468800011], "66": [3.6, 13.570263040000002, 103.08200447999927, 120.25226751999926], "67": [1.84, 3.6246732799999997, 7.470950400000005, 12.935623680000004], "68": [8.0, 6.262502399999999, 55.78034687999999, 70.04284927999998], "69": [5.76, 8.14107904, 49.55456511999997, 63.45564415999997], "70": [7.28, 22.03577088, 143.33580543999975, 172.65157631999975], "71": [4.8, 10.400256, 137.8372505600002, 153.0375065600002], "72": [9.6, 57.33158911999998, 192.997222400001, 259.928811520001], "73": [1.76, 0.26777600000000007, 21.45969152000006, 23.48746752000006], "74": [9.52, 51.67537408, 250.13294591999914, 311.32831999999917], "75": [10.08, 59.68412928, 192.6867430400002, 262.4508723200002], "76": [12.0, 49.625169920000005, 157.19359744000133, 218.81876736000135], "77": [9.36, 45.525534719999996, 195.603491840001, 250.48902656000098], "78": [13.280000000000001, 76.40470784000001, 220.5567923200009, 310.2415001600009], "79": [6.16, 24.44250112, 165.99599104000055, 196.59849216000055], "80": [11.44, 77.7542656, 143.97897728000066, 233.17324288000066], "81": [1.28, 1.365504, 5.443481599999992, 8.088985599999992], "82": [2.24, 5.52246272, 8.30567423999999, 16.06813695999999], "83": [0.8, 0.134144, 8.983295999999978, 9.917439999999978], "84": [6.32, 29.799206400000003, 97.26847487999922, 133.3876812799992], "85": [34.32, 79.06294272000001, 314.4782438399994, 427.8611865599994], "86": [5.76, 14.261596160000005, 60.10817535999995, 80.12977151999995], "87": [3.6, 5.016453119999999, 56.793169919999876, 65.40962303999987], "88": [3.52, 23.77100288, 37.45023999999979, 64.74124287999979], "89": [2.96, 9.81404672, 29.44855040000005, 42.22259712000005], "90": [5.36, 20.081029119999993, 47.52358399999983, 72.96461311999983], "91": [5.04, 32.572958719999995, 77.51321599999895, 115.12617471999894], "92": [2.56, 6.585692160000002, 33.80167680000002, 42.94736896000002], "93": [16.16, 55.36224767999998, 374.54632192000076, 446.0685696000007], "94": [3.12, 22.491013119999998, 33.927331840000065, 59.53834496000006], "95": [12.24, 78.20095488000001, 160.85676032000075, 251.29771520000077], "96": [4.32, 6.941317120000001, 38.675865599999966, 49.93718271999997], "97": [22.72, 55.055165439999996, 208.93171968000067, 286.70688512000066], "98": [3.7600000000000002, 28.323747840000003, 58.702315519999665, 90.78606335999967], "99": [5.68, 15.744606720000002, 86.94078463999962, 108.36539135999962], "100": [0.24, 0.017664, 4.200704000000002, 4.458368000000002], "101": [5.12, 35.35553536, 65.85539583999947, 106.33093119999947], "102": [6.88, 61.997248, 75.83045631999927, 144.70770431999927], "103": [1.12, 0.19404800000000003, 8.649727999999985, 9.963775999999985], "104": [11.120000000000001, 19.56879104, 143.06872832, 173.75751936], "105": [2.96, 22.47923712, 32.724643840000205, 58.163880960000206], "106": [3.12, 2.5487462400000003, 18.780897280000016, 24.449643520000016], "107": [14.16, 47.83688192, 211.54218496000084, 273.53906688000086], "108": [19.28, 34.06255104, 208.27806207999961, 261.62061311999963], "109": [6.88, 33.956016639999994, 58.70883839999984, 99.54485503999985], "110": [3.2800000000000002, 2.42776064, 36.667719679999955, 42.37548031999995], "111": [8.8, 62.03908863999998, 202.02690560000073, 272.8659942400007], "112": [14.48, 32.72782848, 320.9625830400004, 368.1704115200004], "113": [3.12, 6.657187840000001, 32.89150464000011, 42.668692480000104], "114": [11.84, 4.9275673599999985, 43.42010879999982, 60.18767615999981], "115": [8.56, 23.360678399999994, 296.46663679999926, 328.38731519999925], "116": [23.92, 11.91240192, 252.55390208, 288.386304],