{"0": [0.9815999999999999, 0.262378280448, 0.20991165868800035, 1.4538899391360003], "1": [0.8495999999999999, 0.23061246335999994, 0.19609017235200005, 1.276302635712], "2": [0.6419999999999999, 0.152536830912, 0.18104901753600003, 0.9755858484479999], "3": [0.96, 0.3040242842879999, 0.189654372288, 1.4536786565759998], "4": [0.49799999999999994, 0.09589783276800003, 0.1521634268159998, 0.7460612595839998], "5": [0.8916, 0.256679532864, 0.19085449075199992, 1.339134023616], "6": [0.8867999999999999, 0.267883051968, 0.17812344729600021, 1.3328064992640003], "7": [0.6671999999999999, 0.16109904268800004, 0.16664324255999996, 0.9949422852479999], "8": [0.7943999999999999, 0.20802833049599997, 0.18037867103999997, 1.1828070015359997], "9": [0.46919999999999995, 0.08775825350399998, 0.16978753382399983, 0.7267457873279998], "10": [0.7355999999999999, 0.20611669420800002, 0.16502113036799992, 1.1067378245759998], "11": [0.47159999999999996, 0.08885233324799999, 0.1472036417279998, 0.7076559749759997], "12": [0.6275999999999999, 0.14646013343999995, 0.1671768570239995, 0.9412369904639994], "13": [0.6491999999999999, 0.17614809734400003, 0.1545564101760001, 0.97990450752], "14": [0.6167999999999999, 0.16278450508799996, 0.15528067199999993, 0.9348651770879999], "15": [0.5616, 0.13423992537599996, 0.14524551763199983, 0.8410854430079997], "16": [0.7152, 0.18362993126399993, 0.183911128128, 1.082741059392], "17": [0.5459999999999999, 0.08405734060799999, 0.20960565062399988, 0.8396629912319997], "18": [0.5963999999999999, 0.15790480300799994, 0.15159432384000002, 0.9058991268479999], "19": [0.6876, 0.17668498809599995, 0.18844474809600012, 1.052729736192], "20": [0.6432, 0.15194158156799994, 0.18500434790400005, 0.9801459294720001], "21": [0.38399999999999995, 0.06539570150399998, 0.13956110035199973, 0.5889568018559996], "22": [0.3156, 0.02737476575999999, 0.14520801830399963, 0.4881827840639996], "23": [0.5915999999999999, 0.13735810079999997, 0.17851397184000004, 0.90747207264], "24": [0.6467999999999999, 0.16544357510399993, 0.17549831750399975, 0.9877418926079995], "25": [0.5783999999999999, 0.13371679180799997, 0.15532610342399994, 0.8674428952319999], "26": [0.6708, 0.18073433836799999, 0.16115212627199985, 1.0126864646399998], "27": [0.41879999999999995, 0.07392553977599997, 0.13352948236799966, 0.6262550221439995], "28": [0.6192, 0.155547151488, 0.163336754304, 0.938083905792], "29": [0.49679999999999996, 0.10331477913599997, 0.14615307647999964, 0.7462678556159996], "30": [0.3504, 0.05764033612799998, 0.1224070496639999, 0.5304473857919998], "31": [0.6215999999999999, 0.15008356454400001, 0.16295457369599992, 0.9346381382399997], "32": [0.4452, 0.06344008876799999, 0.1839726529919998, 0.6926127417599998], "33": [0.4356, 0.081235876032, 0.13903484313599995, 0.655870719168], "34": [0.44999999999999996, 0.08549841657599996, 0.1443589747199998, 0.6798573912959998], "35": [0.5027999999999999, 0.10964708639999994, 0.14757490483199992, 0.7600219912319999], "36": [0.5136, 0.11453559436800002, 0.14948379359999972, 0.7776193879679997], "37": [0.5124, 0.108798647616, 0.14178438374399968, 0.7629830313599997], "38": [0.4044, 0.07755314054399998, 0.12693015302399996, 0.608883293568], "39": [0.4644, 0.10567904544, 0.12578168735999998, 0.6958607327999999], "40": [0.1536, 0.008251354368, 0.08295848121599993, 0.24480983558399994], "41": [0.5112, 0.12157088716799996, 0.147910378176, 0.7806812653440001], "42": [0.29159999999999997, 0.04286103264, 0.1008376099199999, 0.4352986425599999], "43": [0.17279999999999998, 0.010347487488, 0.08612348831999993, 0.2692709758079999], "44": [0.46919999999999995, 0.10901431007999997, 0.12641560185599995, 0.7046299119359999], "45": [0.5087999999999999, 0.11831436518399999, 0.13224969215999993, 0.7593640573439998], "46": [0.4896, 0.10850551027199996, 0.14473163692799976, 0.7428371471999997], "47": [0.4488, 0.094012804224, 0.133339741056, 0.67615254528], "48": [0.38159999999999994, 0.07013918016, 0.12404001945599999, 0.5757791996159999], "49": [0.45359999999999995, 0.08924541465599997, 0.12846034943999976, 0.6713057640959996], "50": [0.35159999999999997, 0.060160765248, 0.12003381849599998, 0.5317945837439999], "51": [0.2964, 0.04358916345599999, 0.09266739609599983, 0.43265655955199983], "52": [0.40319999999999995, 0.08597854195199997, 0.11906878406399994, 0.6082473260159998], "53": [0.3636, 0.069444537408, 0.10191776255999993, 0.5349622999679999], "54": [0.408, 0.08146437235199998, 0.11997262828799979, 0.6094370006399997], "55": [0.41639999999999994, 0.084694531392, 0.11737847923199995, 0.6184730106239998], "56": [0.26759999999999995, 0.042975190079999996, 0.08056770969599986, 0.3911428997759998], "57": [0.2904, 0.037113493248, 0.11769171609599988, 0.4452052093439999], "58": [0.38039999999999996, 0.077770531008, 0.11430816998400001, 0.572478700992], "59": [0.3324, 0.056544010559999996, 0.110537741952, 0.49948175251199994], "60": [0.36119999999999997, 0.06907486406399999, 0.1097637707519999, 0.5400386348159999], "61": [0.3852, 0.07240490668800001, 0.10628867001599988, 0.5638935767039999], "62": [0.39359999999999995, 0.08060871859200001, 0.11486759731199997, 0.589076315904], "63": [0.14279999999999998, 0.006786091583999999, 0.0673533141119999, 0.2169394056959999], "64": [0.4704, 0.10584368063999998, 0.1374885527039998, 0.7137322333439997], "65": [0.41879999999999995, 0.08481251001599999, 0.12169120319999999, 0.625303713216], "66": [0.32999999999999996, 0.0635393808, 0.09668976479999984, 0.4902291455999998], "67": [0.366, 0.067526129088, 0.11641845023999996, 0.5499445793279999], "68": [0.29879999999999995, 0.049047342911999976, 0.08497012550399978, 0.4328174684159997], "69": [0.366, 0.07213441017600003, 0.10999197849599984, 0.5481263886719998], "70": [0.34199999999999997, 0.06439888684799998, 0.10955031897599983, 0.5159492058239998], "71": [0.3312, 0.06426079948799998, 0.09973040601599995, 0.49519120550399987], "72": [0.15839999999999999, 0.011475239039999998, 0.07548467443199994, 0.24535991347199992], "73": [0.19679999999999997, 0.014099587200000001, 0.09424604044799989, 0.3051456276479999], "74": [0.2772, 0.04365354412799999, 0.09157169491199987, 0.41242523903999984], "75": [0.354, 0.06424715116799999, 0.1063312767360001, 0.5245784279040001], "76": [0.2964, 0.04764551904, 0.1081525967999999, 0.4521981158399999], "77": [0.312, 0.055474611839999986, 0.09713291328000002, 0.46460752512], "78": [0.31799999999999995, 0.05432743007999999, 0.10847416607999992, 0.48080159615999984], "79": [0.09599999999999999, 0.003722158079999999, 0.053487872639999864, 0.15321003071999983], "80": [0.29279999999999995, 0.049409457407999985, 0.10333966867199978, 0.4455491260799997], "81": [0.16319999999999998, 0.010806250751999997, 0.07704392198399992, 0.25105017273599994], "82": [0.2688, 0.04401893260799999, 0.08279609011199981, 0.3956150227199998], "83": [0.29159999999999997, 0.055689311808, 0.08489612620799986, 0.43218543801599985], "84": [0.27959999999999996, 0.04302382982399999, 0.0958524301439999, 0.41847625996799986], "85": [0.306, 0.05360750841599999, 0.0925619783039999, 0.4521694867199999], "86": [0.1308, 0.006873849791999998, 0.06667671974399998, 0.204350569536], "87": [0.23639999999999997, 0.034373605824, 0.08002714060799984, 0.35080074643199977], "88": [0.32399999999999995, 0.062972574336, 0.09170388979199989, 0.47867646412799986], "89": [0.2772, 0.048932220095999984, 0.08673404371199989, 0.41286626380799984], "90": [0.21119999999999997, 0.030003022079999997, 0.0673597221119998, 0.30856274419199975], "91": [0.1452, 0.008685191232, 0.06092084908799987, 0.2148060403199999], "92": [0.1452, 0.008685191232, 0.06092084908799987, 0.2148060403199999], "93": [0.1452, 0.008685191232, 0.06092084908799987, 0.2148060403199999], "94": [0.28919999999999996, 0.054155714112, 0.08807326847999987, 0.4314289825919998], "95": [0.17759999999999998, 0.012495702527999999, 0.08344799539199989, 0.2735436979199999],