{"0": [49.08, 155.62814400000005, 255.0518239999999, 459.75996799999996], "1": [42.48, 218.3131840000001, 260.23550399999993, 521.0286880000001], "2": [32.1, 179.97956799999997, 284.06959200000006, 496.14916000000005], "3": [48.0, 228.98272000000003, 220.48336799999993, 497.46608799999996], "4": [24.9, 148.816552, 274.2239519999998, 447.9405039999998], "5": [44.58, 230.67976000000004, 245.34728000000004, 520.6070400000001], "6": [44.339999999999996, 232.38975200000007, 233.53070400000016, 510.2604560000002], "7": [33.36, 185.34467199999997, 259.61025600000016, 478.3149280000001], "8": [39.72, 215.35692, 268.0138800000001, 523.0908000000001], "9": [23.46, 133.21988800000003, 302.75452800000045, 459.4344160000005], "10": [36.78, 214.375128, 248.0021999999999, 499.1573279999999], "11": [23.58, 140.130856, 270.23961600000007, 433.95047200000005], "12": [31.38, 164.63269600000004, 264.61396800000006, 460.6266640000001], "13": [32.46, 155.255296, 256.3467120000001, 444.0620080000001], "14": [30.84, 148.08532000000005, 259.523424, 438.44874400000003], "15": [28.08, 178.77224800000005, 257.0873039999998, 463.9395519999998], "16": [35.76, 200.80460799999997, 275.1701040000004, 511.73471200000034], "17": [27.3, 115.29144000000002, 317.369528, 459.96096800000004], "18": [29.82, 155.19112, 254.28808799999993, 439.2992079999999], "19": [34.379999999999995, 206.0808159999999, 283.14151199999986, 523.6023279999997], "20": [32.16, 192.28636000000003, 289.3286880000001, 513.7750480000002], "21": [19.2, 114.03387999999998, 251.69687999999994, 384.9307599999999], "22": [15.78, 46.96091999999998, 294.73588799999965, 357.4768079999996], "23": [29.58, 170.69499999999994, 291.2356799999997, 491.51067999999964], "24": [32.339999999999996, 195.81539199999997, 274.8530880000003, 503.0084800000003], "25": [28.919999999999998, 181.227376, 265.42612800000006, 475.57350400000007], "26": [33.54, 207.92200000000003, 256.0075200000001, 497.4695200000001], "27": [20.939999999999998, 133.188688, 256.35009599999995, 410.47878399999996], "28": [30.959999999999997, 208.00751200000008, 265.3346879999999, 504.30219999999997], "29": [24.84, 161.17268799999994, 265.9269599999999, 451.9396479999998], "30": [17.52, 113.78736, 235.61560799999987, 366.92296799999986], "31": [31.08, 203.85054399999999, 267.48331200000007, 502.41385600000007], "32": [22.259999999999998, 98.73309599999997, 328.81448000000046, 449.80757600000044], "33": [21.779999999999998, 142.28144800000004, 263.61619200000007, 427.6776400000001], "34": [22.5, 143.820448, 262.51704000000035, 428.83748800000035], "35": [25.14, 164.849416, 263.5511039999997, 453.54051999999973], "36": [25.68, 170.95549600000007, 266.6682, 463.30369600000006], "37": [25.619999999999997, 167.37275199999996, 257.8603679999999, 450.8531199999999], "38": [20.22, 140.90771199999998, 241.81552799999963, 402.9432399999996], "39": [23.22, 163.17637600000003, 238.67171999999954, 425.06809599999957], "40": [7.68, 13.062096, 174.06655199999955, 194.80864799999955], "41": [25.56, 175.06228, 260.15047200000026, 460.77275200000025], "42": [14.58, 89.26667999999998, 208.5440399999997, 312.3907199999997], "43": [8.64, 16.829136, 180.55403999999962, 206.0231759999996], "44": [23.46, 169.92556000000005, 239.7658319999999, 433.151392], "45": [25.439999999999998, 174.32564799999997, 241.02431999999976, 440.7899679999997], "46": [24.48, 169.46492800000001, 263.0594160000001, 457.0043440000001], "47": [22.439999999999998, 160.34783199999995, 252.7420320000001, 435.5298640000001], "48": [19.08, 132.955816, 243.580032, 395.615848], "49": [22.68, 153.912568, 247.69368, 424.286248], "50": [17.58, 120.46845599999997, 240.4293119999999, 378.47776799999986], "51": [14.82, 92.435832, 198.5685119999995, 305.8243439999995], "52": [20.16, 150.22734399999996, 231.9904079999997, 402.37775199999965], "53": [18.18, 134.66603200000003, 210.02831999999964, 362.8743519999997], "54": [20.4, 143.2642, 235.42653599999974, 399.09073599999977], "55": [20.82, 150.89732799999993, 229.55990399999953, 401.27723199999946], "56": [13.379999999999999, 90.65916, 174.92371199999923, 278.9628719999992], "57": [14.52, 69.015456, 245.78251199999974, 329.3179679999997], "58": [19.02, 141.869392, 225.38404799999967, 386.2734399999997], "59": [16.62, 116.78291999999999, 225.95054399999972, 359.3534639999997], "60": [18.06, 135.073912, 223.40174399999987, 376.5356559999999], "61": [19.259999999999998, 137.188672, 217.4897519999999, 373.9384239999999], "62": [19.68, 146.08592800000005, 226.69286399999984, 392.4587919999999], "63": [7.14, 14.595047999999997, 154.4714639999999, 176.20651199999992], "64": [23.52, 170.30701599999998, 253.96228799999992, 447.7893039999999], "65": [20.939999999999998, 154.707856, 235.0404000000003, 410.68825600000025], "66": [16.5, 128.25539999999998, 201.4469999999996, 346.20239999999956], "67": [18.3, 134.01887199999996, 235.15308000000007, 387.47195200000004], "68": [14.94, 101.21306400000002, 182.61928799999953, 298.77235199999956], "69": [18.3, 141.20977600000003, 222.99811199999968, 382.50788799999975], "70": [17.099999999999998, 130.73565600000003, 223.35667199999986, 371.19232799999986], "71": [16.56, 130.232736, 207.20635199999973, 353.9990879999997], "72": [7.92, 22.322879999999998, 168.93950399999966, 199.18238399999967], "73": [9.84, 29.142, 207.32745599999947, 246.30945599999947], "74": [13.86, 92.36901599999999, 195.14066399999936, 301.36967999999933], "75": [17.7, 129.69243999999998, 216.64159199999983, 364.0340319999998], "76": [14.82, 99.38628, 223.80659999999966, 338.01287999999965], "77": [15.6, 115.93728000000002, 204.09695999999985, 335.63423999999986], "78": [15.899999999999999, 112.95395999999998, 224.13635999999977, 352.99031999999977], "79": [4.8, 7.68816, 124.43327999999998, 136.92144], "80": [14.639999999999999, 103.08297599999997, 215.07098399999953, 332.7939599999995], "81": [8.16, 22.312943999999998, 171.56944799999962, 202.0423919999996], "82": [13.44, 93.236976, 179.34566399999932, 286.02263999999934], "83": [14.58, 114.37437599999998, 181.13097599999938, 310.0853519999994], "84": [13.979999999999999, 92.505528, 204.56056799999965, 311.04609599999964], "85": [15.299999999999999, 111.51655199999999, 196.32808799999955, 323.1446399999995], "86": [6.54, 14.980823999999998, 153.33436799999936, 174.85519199999936], "87": [11.82, 75.80152799999999, 176.32497599999948, 263.94650399999944], "88": [16.2, 127.25899199999998, 192.26102399999942, 335.7200159999994], "89": [13.86, 103.75711199999999, 186.1370639999994, 303.7541759999994], "90": [10.559999999999999, 67.14576000000001, 150.86246399999928, 228.5682239999993], "91": [7.26, 17.017704000000002, 141.21453599999936, 165.49223999999936], "92": [7.26, 17.017704000000002, 141.21453599999936, 165.49223999999936], "93": [7.26, 17.017704000000002, 141.21453599999936, 165.49223999999936], "94": [14.459999999999999, 113.539464, 188.2533599999995, 316.25282399999946], "95": [8.879999999999999, 26.048015999999997, 186.74582399999957, 221.6738399999996], "96": [8.82, 28.516968, 187.03785599999938, 224.37482399999936], "97": [16.32, 127.47614399999998, 206.23679999999942, 350.03294399999936], "98": [9.66, 58.177223999999995, 150.3830159999993, 218.22023999999928], "99": [11.16, 71.01820799999999, 165.86099999999925, 248.03920799999923], "100": [16.14, 120.65997600000001, 210.142584, 346.94256], "101": [5.16, 9.06048, 125.90488800000006, 140.12536800000007], "102": [15.12, 104.06620799999999, 211.60418399999978, 330.79039199999977], "103": [7.68, 18.831743999999997, 172.11808799999952, 198.6298319999995], "104": [5.3999999999999995, 15.3324, 119.0404079999999, 139.77280799999988], "105": [12.299999999999999, 82.80194399999999, 179.5040639999995, 274.60600799999946], "106": [2.94, 4.419432, 73.34279999999988, 80.70223199999988], "107": [4.8, 7.142111999999999, 109.7581679999999, 121.70027999999989], "108": [10.92, 73.14336, 150.99170399999934, 235.05506399999933],