{"0": [0.11452000000000001, 0.0036127056383040003, 0.0028837071328239997, 0.12101641277112801], "1": [0.09912000000000001, 0.00316585661728, 0.002691586371096003, 0.10497744298837601], "2": [0.07490000000000001, 0.0020905077379760008, 0.0024808214543280012, 0.07947132919230401], "3": [0.11200000000000002, 0.004179729996624, 0.002606347885624003, 0.11878607788224801], "4": [0.058100000000000006, 0.0013119985266640002, 0.0020815351327679982, 0.061493533659432005], "5": [0.10402000000000002, 0.003524742064872001, 0.0026202517692960068, 0.11016499383416803], "6": [0.10346000000000001, 0.003679602498264, 0.002445254143808, 0.10958485664207201], "7": [0.07784, 0.0022086421198240004, 0.002283617663880002, 0.08233225978370401], "8": [0.09268000000000001, 0.002853707677408, 0.0024731086489200027, 0.09800681632632802], "9": [0.054740000000000004, 0.0012007161295920007, 0.0023229430219519993, 0.058263659151544], "10": [0.08582000000000001, 0.002827818469783999, 0.0022622741564639996, 0.09091009262624801], "11": [0.055020000000000006, 0.0012153346077040002, 0.002013201017743999, 0.05824853562544801], "12": [0.07322000000000001, 0.002008280674120001, 0.002290524690552006, 0.07751880536467201], "13": [0.07574, 0.002421531807912, 0.0021164644750480024, 0.08027799628296], "14": [0.07196000000000001, 0.002237409765024001, 0.002126288555999998, 0.07632369832102401], "15": [0.06552000000000001, 0.0018383706296480006, 0.0019873591825359986, 0.06934572981218401], "16": [0.08344000000000001, 0.002518594283072, 0.0025213607999440054, 0.08847995508301601], "17": [0.0637, 0.001153443036984, 0.0028698206833520073, 0.06772326372033602], "18": [0.06958, 0.0021690123721840003, 0.0020756451783199986, 0.073824657550504], "19": [0.08022000000000001, 0.0024220034772080004, 0.002583391347208005, 0.08522539482441602], "20": [0.07504000000000001, 0.002081355984064001, 0.002535112245792003, 0.07965646822985602], "21": [0.044800000000000006, 0.0008948748385920002, 0.001909131145095996, 0.047604005983688004], "22": [0.036820000000000006, 0.0003747088074800001, 0.001983144434992, 0.039177853242472006], "23": [0.06902000000000001, 0.0018821559834000005, 0.002444991302320002, 0.07334714728572], "24": [0.07546000000000001, 0.0022677927163920002, 0.002404814101592001, 0.08013260681798402], "25": [0.06748000000000001, 0.001830666519584, 0.002126222192751999, 0.071436888712336], "26": [0.07826000000000001, 0.002477932515464001, 0.0022078780612560015, 0.08294581057672001], "27": [0.04886000000000001, 0.0010106378258480002, 0.001825088512463996, 0.05169572633831201], "28": [0.07224000000000001, 0.002129862742224001, 0.002237230602992005, 0.07660709334521602], "29": [0.057960000000000005, 0.0014132343561280003, 0.0019990671590399984, 0.061372301515168], "30": [0.04088000000000001, 0.000787526718944, 0.001673005781271998, 0.043340532500216], "31": [0.07252, 0.0020548593885120004, 0.002231724041008001, 0.07680658342952001], "32": [0.05194000000000001, 0.0008693659446640002, 0.0025154161458159985, 0.05532478209048001], "33": [0.050820000000000004, 0.0011103712357360001, 0.0019006602881279982, 0.053831031523864], "34": [0.052500000000000005, 0.0011690280522480003, 0.001974541898559997, 0.055643569950808006], "35": [0.058660000000000004, 0.0015003514722000003, 0.0020190018831360013, 0.062179353355336], "36": [0.05992000000000001, 0.0015669968884640005, 0.002045146427799998, 0.063532143316264], "37": [0.05978000000000001, 0.0014883737961680003, 0.0019393241701119977, 0.06320769796628001], "38": [0.04718000000000001, 0.0010600279215120002, 0.001735071568551997, 0.049975099490064005], "39": [0.054180000000000006, 0.0014457981101200002, 0.001719466434279998, 0.057345264544400004], "40": [0.017920000000000002, 0.00011305271846400005, 0.001132428348967999, 0.019165481067432], "41": [0.059640000000000006, 0.0016641293728640002, 0.0020239841290479966, 0.063328113501912], "42": [0.03402, 0.0005851417457200002, 0.0013767862631599976, 0.03598192800888], "43": [0.02016, 0.000141728020224, 0.001175647476359999, 0.021477375496584], "44": [0.054740000000000004, 0.0014912440068400004, 0.0017281428736879983, 0.057959386880528006], "45": [0.05936, 0.0016191547832320006, 0.0018088593196799983, 0.062788014102912], "46": [0.057120000000000004, 0.0014841859382560005, 0.001979652452343996, 0.0605838383906], "47": [0.052360000000000004, 0.0012852166511520004, 0.0018228134902879974, 0.05546803014144], "48": [0.044520000000000004, 0.0009584332536800001, 0.0016948513034879993, 0.047173284557168], "49": [0.05292000000000001, 0.001219733113088, 0.0017556977771199978, 0.05589543089020801], "50": [0.04102, 0.000821792773704, 0.0016396486914079993, 0.043481441465112], "51": [0.03458000000000001, 0.0005949200304880003, 0.0012645549262079994, 0.03643947495669601], "52": [0.047040000000000005, 0.0011753653668960006, 0.001627104972471999, 0.049842470339368], "53": [0.042420000000000006, 0.0009490024733839999, 0.0013916076988799986, 0.04476061017226401], "54": [0.0476, 0.0011134695860960003, 0.001639291823623997, 0.05035276140972], "55": [0.048580000000000005, 0.0011577097790160002, 0.0016039218443359992, 0.051341631623352], "56": [0.031220000000000005, 0.0005865868968400002, 0.0010992165390080013, 0.032905803435848], "57": [0.03388, 0.0005074886927040002, 0.0016066699862079985, 0.035994158678911994], "58": [0.04438, 0.0010630047561840002, 0.0015617880136320006, 0.047004792769816], "59": [0.03878, 0.00077203900788, 0.0015094875468959982, 0.041061526554776], "60": [0.042140000000000004, 0.0009435677124720002, 0.0014990131892959968, 0.044582580901768], "61": [0.04494000000000001, 0.0009894727768240002, 0.0014514407713679973, 0.047380913548192], "62": [0.04592, 0.0011015670196160004, 0.0015694112501759964, 0.048590978269792], "63": [0.01666, 9.259887543200003e-05, 0.0009181188615759999, 0.017670717737008002], "64": [0.054880000000000005, 0.0014475138647200001, 0.0018801816561919984, 0.058207695520912005], "65": [0.04886000000000001, 0.0011589705513680004, 0.0016631431235999985, 0.05168211367496801], "66": [0.038500000000000006, 0.0008678442234000002, 0.0013200082853999998, 0.040687852508800006], "67": [0.0427, 0.0009222714720240004, 0.0015900702605199976, 0.045212341732544], "68": [0.03486, 0.0006696897239760002, 0.0011594632255919996, 0.036689152949568], "69": [0.0427, 0.0009853901250480002, 0.001502214961407997, 0.045187605086456], "70": [0.039900000000000005, 0.0008795105205040004, 0.0014960599224479983, 0.04227557044295201], "71": [0.03864, 0.0008776464762240003, 0.0013615756043679997, 0.040879222080592], "72": [0.018480000000000003, 0.00015681548792000004, 0.0010293708939360002, 0.019666186381856004], "73": [0.02296, 0.00019251043560000004, 0.0012855697083039997, 0.024438080143904], "74": [0.03234, 0.0005958186779440002, 0.0012497087999759988, 0.034185527477919996], "75": [0.0413, 0.0008775036098640001, 0.0014521143959279976, 0.043629618005792], "76": [0.03458000000000001, 0.0006504446729200001, 0.0014766482513999984, 0.03670709292432], "77": [0.0364, 0.00075730390232, 0.0013258886754399966, 0.03848319257776], "78": [0.0371, 0.0007417008068400002, 0.0014810717048399974, 0.03932277251168], "79": [0.011200000000000002, 5.082143584000002e-05, 0.0007289408207199999, 0.011979762256560002], "80": [0.03416, 0.0006745238283840002, 0.0014108153864559987, 0.03624533921484001], "81": [0.01904, 0.00014754663929600004, 0.0010507184546320006, 0.020238265093928003], "82": [0.031360000000000006, 0.000600796487984, 0.0011296600445760007, 0.03309045653256001], "83": [0.03402, 0.0007604322845840002, 0.0011585839307840004, 0.035939016215368005], "84": [0.03262, 0.0005870796549520001, 0.001308100182311998, 0.034515179837264], "85": [0.0357, 0.0007318663045680001, 0.001263314099991997, 0.03769518040456], "86": [0.015260000000000001, 9.377703221600002e-05, 0.0009088552481120001, 0.016262632280328003], "87": [0.027580000000000004, 0.0004688574529520001, 0.0010915886219839985, 0.029140446074936002],