{"0": [0.0818, 0.0436480477259159, 0.0014717908210000012, 0.12691983854691588], "1": [0.0708, 0.03782148767600651, 0.0013736931089999987, 0.10999518078500652], "2": [0.053500000000000006, 0.02834690707716246, 0.0012660437370000013, 0.08311295081416246], "3": [0.08, 0.04320159572291411, 0.0013302495209999998, 0.12453184524391411], "4": [0.0415, 0.021750120398557855, 0.0010622083719999998, 0.06431232877055786], "5": [0.0743, 0.03985043356747264, 0.0013372965339999991, 0.11548773010147265], "6": [0.07390000000000001, 0.03976942744271045, 0.0012479790319999996, 0.11491740647471045], "7": [0.055600000000000004, 0.029485476115102997, 0.0011654078949999993, 0.086250884010103], "8": [0.06620000000000001, 0.0352843276529445, 0.0012621358049999972, 0.10274646345794451], "9": [0.0391, 0.020464739087205662, 0.0011854050079999998, 0.06075014409520566], "10": [0.0613, 0.032814554114499656, 0.0011545325060000004, 0.09526908662049965], "11": [0.0393, 0.02057674761040665, 0.0010273281260000015, 0.06090407573640665], "12": [0.0523, 0.027680945162535255, 0.0011689250329999996, 0.08114987019553525], "13": [0.0541, 0.028890808523692357, 0.001080074867000001, 0.08407088339069237], "14": [0.0514, 0.027399602375041996, 0.0010850864999999998, 0.07988468887504199], "15": [0.0468, 0.024805420685347912, 0.001014159119, 0.07261957980434793], "16": [0.0596, 0.0317239235469632, 0.0012867575509999992, 0.0926106810979632], "17": [0.0455, 0.023618738348567057, 0.0014645187330000003, 0.07058325708156706], "18": [0.0497, 0.026499249535078154, 0.001059239030000001, 0.07725848856507816], "19": [0.057300000000000004, 0.03050240887295155, 0.001318412007, 0.08912082087995156], "20": [0.0536, 0.028391044403446607, 0.0012937518679999995, 0.08328479627144661], "21": [0.032, 0.016678584777882602, 0.0009742303590000018, 0.049652815136882605], "22": [0.0263, 0.013430350235873753, 0.0010119374179999995, 0.040742287653873756], "23": [0.049300000000000004, 0.026086392718397643, 0.0012477375299999984, 0.07663413024839764], "24": [0.0539, 0.02868359470361345, 0.001227255692999999, 0.08381085039661346], "25": [0.0482, 0.025500330074195495, 0.001085039458, 0.07478536953219549], "26": [0.055900000000000005, 0.029845388352437854, 0.0011267459990000014, 0.08687213435143787], "27": [0.0349, 0.018220071683527753, 0.0009313140060000004, 0.054051385689527755], "28": [0.0516, 0.027430409910899508, 0.001141714418000001, 0.0801721243288995], "29": [0.0414, 0.021779608700760098, 0.0010201201599999994, 0.0641997288607601], "30": [0.0292, 0.0151994440777919, 0.0008537074130000013, 0.045253151490791906], "31": [0.051800000000000006, 0.027472202514461308, 0.0011388990819999995, 0.08041110159646132], "32": [0.0371, 0.01920661212934055, 0.0012835939890000004, 0.05759020611834055], "33": [0.0363, 0.01899799163563365, 0.0009698833120000004, 0.05626787494763365], "34": [0.0375, 0.01964192559131755, 0.0010076052399999986, 0.05814953083131755], "35": [0.0419, 0.022096252227275345, 0.0010303021439999984, 0.06502655437127534], "36": [0.042800000000000005, 0.0225986792908103, 0.0010436443249999987, 0.0664423236158103], "37": [0.0427, 0.02248739008229545, 0.0009896336479999993, 0.06617702373029546], "38": [0.0337, 0.017659188069121957, 0.0008853832830000014, 0.05224457135212196], "39": [0.038700000000000005, 0.02045571436782995, 0.0008774219950000016, 0.06003313636282996], "40": [0.0128, 0.0064826314575899, 0.0005778325470000004, 0.019860464004589903], "41": [0.0426, 0.022572300827919098, 0.001032852117, 0.06620515294491909], "42": [0.024300000000000002, 0.012596148123301351, 0.0007025242650000017, 0.037598672388301356], "43": [0.014400000000000001, 0.007304468510451599, 0.0005998858149999999, 0.0223043543254516], "44": [0.0391, 0.020691154039954453, 0.0008818496770000015, 0.06067300371695446], "45": [0.0424, 0.0224377218805189, 0.0009230567200000019, 0.06576077860051889], "46": [0.0408, 0.0215350238632792, 0.0010102134009999993, 0.0633452372642792], "47": [0.0374, 0.0196831106224513, 0.0009301592020000002, 0.058013269824451305], "48": [0.0318, 0.016631884806516, 0.0008648457520000002, 0.049296730558516], "49": [0.0378, 0.019832875160140498, 0.0008959029800000007, 0.0585287781401405], "50": [0.029300000000000003, 0.01527735427655335, 0.0008366681820000014, 0.04541402245855335], "51": [0.0247, 0.01280429303303555, 0.0006452436320000016, 0.03814953666503555], "52": [0.033600000000000005, 0.017698713005980297, 0.0008302797130000018, 0.052128992718980305], "53": [0.0303, 0.01587452424540365, 0.0007100885200000016, 0.04688461276540365], "54": [0.034, 0.017851510694836002, 0.0008364952710000014, 0.052688005965836004], "55": [0.0347, 0.018234424945118656, 0.0008184481940000016, 0.05375287313911866], "56": [0.0223, 0.01159777353039935, 0.0005608748320000011, 0.03445864836239935], "57": [0.024200000000000003, 0.0124844912320134, 0.0008198211320000013, 0.0375043123640134], "58": [0.0317, 0.01666227000269935, 0.000796944728000001, 0.049159214730699355], "59": [0.027700000000000002, 0.014440034830247354, 0.0007702419340000026, 0.04291027676424736], "60": [0.030100000000000002, 0.01577167522961515, 0.0007648990340000007, 0.04663657426361515], "61": [0.032100000000000004, 0.01680557247319315, 0.0007406221470000017, 0.04964619462019315], "62": [0.0328, 0.017242560851473503, 0.0008008343040000013, 0.0508433951554735], "63": [0.0119, 0.006019460586668649, 0.0004684542789999995, 0.01838791486566865], "64": [0.0392, 0.020707395657039, 0.0009594459680000008, 0.060866841625039], "65": [0.0349, 0.01833648485658355, 0.0008486731500000009, 0.054085158006583554], "66": [0.0275, 0.014413511861076953, 0.0006735497250000017, 0.04258706158607695], "67": [0.030500000000000003, 0.015955380292046753, 0.0008113659550000014, 0.047266746247046756], "68": [0.024900000000000002, 0.01296098258150865, 0.0005916191930000024, 0.03845260177450865], "69": [0.030500000000000003, 0.01600406535398445, 0.0007665344320000013, 0.047270599785984455], "70": [0.0285, 0.01492275550729655, 0.0007633913420000012, 0.04418614684929655], "71": [0.027600000000000003, 0.014471361351163604, 0.0006947610220000013, 0.04276612237316361], "72": [0.0132, 0.006717659265024801, 0.0005252265940000004, 0.020442885859024804], "73": [0.0164, 0.0083450864094968, 0.0006559563660000015, 0.0254010427754968], "74": [0.023100000000000002, 0.012005066351755054, 0.0006376703790000012, 0.03574273673075506], "75": [0.029500000000000002, 0.015420774639431051, 0.0007409676370000003, 0.04566174227643106], "76": [0.0247, 0.012846719024035452, 0.0007534799750000022, 0.03830019899903546], "77": [0.026000000000000002, 0.013579346599837401, 0.0006765470100000016, 0.040255893609837404], "78": [0.026500000000000003, 0.013816964039971253, 0.0007557377350000032, 0.041072701774971264], "79": [0.008, 0.0040376869431586, 0.00037192612999999944, 0.0124096130731586], "80": [0.0244, 0.012715303218646098, 0.0007198855490000022, 0.037835188767646105], "81": [0.013600000000000001, 0.006910988107291001, 0.0005361206030000004, 0.021047108710291005], "82": [0.0224, 0.011658981124044203, 0.0005764094040000016, 0.0346353905280442], "83": [0.024300000000000002, 0.012731459160209154, 0.0005911730360000014, 0.037622632196209156], "84": [0.0233, 0.01209883502786015, 0.0006674643230000029, 0.03606629935086015], "85": [0.025500000000000002, 0.013309513996516753, 0.0006446142930000012, 0.039454128289516756], "86": [0.0109, 0.0055206561613023505, 0.00046372689799999893, 0.01688438305930235], "87": [0.019700000000000002, 0.01020845596712235, 0.0005569778360000018, 0.030465433803122353], "88": [0.027, 0.014157719103584201, 0.0006387552140000017, 0.0417964743175842], "89": [0.023100000000000002, 0.012060876717736547, 0.000603914979000002, 0.035764791696736555], "90": [0.0176, 0.009112854289034102, 0.00046868715399999946, 0.027181541443034102], "91": [0.012100000000000001, 0.006138722021988251, 0.0004236376209999991, 0.01866235964298825], "92": [0.012100000000000001, 0.006138722021988251, 0.0004236376209999991, 0.01866235964298825],