{"1": [41.57999999999999, 21.50431582000001, 292.6966134499989, 355.78092926999886], "2": [32.39999999999999, 51.20128854000002, 362.91509559999946, 446.51638413999945], "3": [9.449999999999998, 69.65321219, 152.8893192599972, 231.99253144999722], "4": [17.099999999999998, 39.034113720000015, 264.04050544999717, 320.1746191699972], "5": [9.719999999999999, 3.502850790000001, 32.92979911000004, 46.15264990000004], "6": [16.559999999999995, 54.05644916000001, 195.3216020399966, 265.9380511999966], "7": [7.739999999999998, 61.575146, 91.84638438000046, 161.16153038000044], "8": [25.469999999999995, 91.61590339000003, 323.5522633899999, 440.6381667799999], "9": [6.749999999999999, 45.200025620000005, 117.2441538900005, 169.1941795100005], "11": [8.639999999999999, 37.1589527, 222.44892751999828, 268.24788021999825], "12": [15.479999999999997, 61.444046359999994, 316.3682886199997, 393.2923349799997], "13": [4.139999999999999, 31.751377999999995, 48.72996206999949, 84.62134006999949], "14": [5.579999999999999, 37.68590537, 82.41462369000008, 125.68052906000008], "15": [3.7799999999999994, 12.939362009999991, 60.8255810999998, 77.54494310999979], "17": [13.409999999999997, 26.86624379, 243.49817946999755, 283.77442325999755], "18": [7.829999999999998, 27.957865460000008, 93.18733209000034, 128.97519755000036], "19": [5.669999999999999, 32.80411736, 88.0157801700005, 126.48989753000049], "20": [27.359999999999996, 2.244628480000001, 337.1981489399999, 366.80277741999987], "21": [13.139999999999997, 93.56725426, 245.6593432999954, 352.3665975599954], "22": [3.959999999999999, 17.266043479999997, 7.837372889999993, 29.063416369999988], "23": [30.599999999999994, 24.890873150000004, 282.1707923499992, 337.66166549999923], "24": [7.919999999999998, 50.18726893, 159.91590320999705, 218.02317213999706], "25": [7.739999999999998, 13.718513770000005, 58.27271866000005, 79.73123243000006], "26": [4.2299999999999995, 30.187050839999973, 54.7948370699994, 89.21188790999938], "27": [11.159999999999998, 2.980116080000004, 62.960453089999994, 77.10056917], "28": [3.329999999999999, 0.9432449999999999, 67.97229210000017, 72.24553710000018], "29": [22.229999999999997, 29.432356000000002, 231.77396609999707, 283.4363220999971], "30": [1.7099999999999997, 1.0338029999999996, 20.121291000000085, 22.865094000000084], "32": [4.319999999999999, 13.382321849999993, 71.25882174000002, 88.96114359], "33": [10.169999999999998, 5.753051170000006, 145.10982202999955, 161.03287319999956], "34": [0.8099999999999998, 0.25474499999999994, 4.776650999999999, 5.841396], "36": [6.659999999999998, 8.65181331, 88.66417830000017, 103.97599161000016], "37": [8.549999999999999, 9.235571900000004, 106.8592813200003, 124.6448532200003], "38": [10.529999999999998, 81.82013036, 196.87756326999573, 289.2276936299957], "39": [5.129999999999999, 14.868087029999993, 86.93594892000073, 106.93403595000072], "40": [7.919999999999998, 40.2728881, 138.26779245999825, 186.46068055999825], "41": [46.529999999999994, 35.398849200000015, 284.9554606799991, 366.8843098799991], "42": [4.589999999999999, 17.127617219999998, 10.879221779999991, 32.59683899999999], "43": [19.439999999999998, 51.137317849999995, 361.24795034000056, 431.82526819000054], "44": [19.439999999999998, 9.588493410000009, 183.0020190199978, 212.0305124299978], "45": [20.429999999999996, 5.8351550300000055, 165.50597368999897, 191.77112871999896], "46": [13.049999999999997, 42.67499498, 168.43263259999657, 224.15762757999656], "47": [12.059999999999997, 2.6360150000000044, 48.67853030999984, 63.374545309999846], "48": [9.269999999999998, 42.918432929999994, 118.06658743000087, 170.25502036000086], "49": [1.6199999999999997, 2.211844319999999, 18.520488000000043, 22.35233232000004], "50": [2.0699999999999994, 3.1002417899999988, 26.053245000000043, 31.22348679000004], "51": [24.749999999999996, 48.390432090000004, 264.4417331399985, 337.5821652299985], "52": [9.179999999999998, 48.94640283999999, 168.57587888999657, 226.70228172999657], "53": [7.829999999999998, 3.215490480000003, 89.5719389900002, 100.6174294700002], "54": [6.749999999999999, 23.308549059999986, 75.18077532000007, 105.23932438000006], "55": [18.089999999999996, 1.2482099999999998, 114.34361112000022, 133.68182112000022], "56": [6.929999999999999, 17.218731329999983, 231.56748665999578, 255.71621798999576], "57": [20.159999999999997, 15.527420640000011, 269.5285929899979, 305.2160136299979], "58": [8.459999999999999, 37.25826424, 243.75876063999726, 289.47702487999726], "59": [12.869999999999997, 74.36354281999999, 184.37133923999647, 271.6048820599965], "60": [4.2299999999999995, 31.606612999999992, 49.12735616999955, 84.96396916999954], "61": [30.419999999999995, 53.33594268000002, 363.97439196999954, 447.7303346499996], "62": [23.759999999999994, 0.3149000000000018, 237.94963752999845, 262.02453752999844], "63": [40.31999999999999, 49.917531690000025, 323.0543183399998, 413.2918500299998], "64": [9.809999999999999, 53.392889759999996, 208.52742912999634, 271.73031888999634], "65": [30.509999999999994, 23.919945000000002, 244.6065866799968, 299.0365316799968], "66": [4.049999999999999, 18.20964563999999, 136.72118270999897, 158.98082834999894], "67": [2.0699999999999994, 4.926001229999997, 9.700410150000002, 16.696411379999997], "68": [8.999999999999998, 3.6500175800000045, 59.99227494000006, 72.64229252000007], "69": [6.479999999999999, 6.274335150000002, 57.81474836999997, 70.56908351999996], "70": [8.189999999999998, 22.75088565, 170.23701125999858, 201.1778969099986], "71": [5.399999999999999, 12.774125249999997, 175.84545075999822, 194.01957600999822], "72": [10.799999999999997, 53.304578610000014, 225.03647699999658, 289.14105560999656], "73": [1.9799999999999995, 0.3306419999999999, 27.279967320000083, 29.590609320000084], "74": [10.709999999999997, 44.98989972000001, 290.9898861899994, 346.68978590999944], "75": [11.339999999999998, 62.34527758, 231.1833256899965, 304.8686032699965], "76": [13.499999999999998, 48.08207398000001, 194.49058180999577, 256.0726557899958], "77": [10.529999999999998, 42.564358680000005, 241.2923241299961, 294.3866828099961], "78": [14.939999999999998, 69.88206211, 254.42418254999706, 339.24624465999705], "79": [6.929999999999999, 31.549470089999975, 215.81497430999684, 254.29444439999682], "80": [12.869999999999997, 77.59850110000001, 188.26580142999674, 278.73430252999674], "81": [1.4399999999999997, 1.8889604999999987, 7.139611349999999, 10.468571849999996], "82": [2.5199999999999996, 7.402117769999996, 10.708980840000002, 20.63109861], "83": [0.8999999999999998, 0.1666979999999999, 11.321531999999983, 12.388229999999982], "84": [7.1099999999999985, 32.42756376, 122.9514000300006, 162.48896379000058], "85": [38.60999999999999, 64.64084128000003, 329.52249968999956, 432.7733409699996], "86": [6.479999999999999, 17.865646069999983, 76.96286928000028, 101.30851535000025], "87": [4.049999999999999, 4.720956980000001, 63.224696119999855, 71.99565309999986], "88": [3.959999999999999, 31.754959999999993, 47.74555124999944, 83.46051124999943], "89": [3.329999999999999, 13.103140769999992, 38.16625148999997, 54.59939225999996], "90": [6.0299999999999985, 20.55417565999999, 60.71910902999987, 87.30328468999986], "91": [5.669999999999999, 36.51793694999999, 101.19561093000084, 143.38354788000083], "92": [2.8799999999999994, 9.166264559999995, 43.10194679999985, 55.14821135999985], "93": [18.179999999999996, 46.57833807000001, 402.00418804000014, 466.7625261100002], "94": [3.5099999999999993, 31.64800166999998, 43.435054439999654, 78.59305610999964], "95": [13.769999999999998, 77.47807701, 209.59032944999564, 300.83840645999567], "96": [4.859999999999999, 6.692611010000002, 46.57725328999998, 58.12986429999998], "97": [25.559999999999995, 51.08906779000001, 233.39039514999658, 310.0394629399966], "98": [4.2299999999999995, 32.51007, 74.92140441000059, 111.66147441000058],