{"0": [0.49079999999999996, 0.4642215705037485, 0.05275421733599996, 1.0077757878397484], "1": [0.42479999999999996, 0.40246194913368344, 0.049257311544000024, 0.8765192606776835], "2": [0.32099999999999995, 0.2812469138250023, 0.04543424719199988, 0.647681161017002], "3": [0.48, 0.49908436925670363, 0.04767289653600005, 1.0267572657927038], "4": [0.24899999999999997, 0.19622970141898508, 0.03814920835200001, 0.4833789097709851], "5": [0.4458, 0.4391168813914528, 0.047947651343999954, 0.9328645327354527], "6": [0.44339999999999996, 0.44704533700264315, 0.04474707091199998, 0.9351924079146431], "7": [0.33359999999999995, 0.2933058623626189, 0.041821105319999934, 0.6687269676826189], "8": [0.39719999999999994, 0.36929976899098105, 0.045281333879999934, 0.8117811028709808], "9": [0.23459999999999998, 0.1833130542232948, 0.042571081727999935, 0.4604841359512947], "10": [0.36779999999999996, 0.35187355767980133, 0.04142322129599996, 0.7610967789758012], "11": [0.23579999999999998, 0.1845874680626092, 0.03690067521600001, 0.45728814327860917], "12": [0.31379999999999997, 0.271280682132773, 0.041950807127999916, 0.6270314892607729], "13": [0.32459999999999994, 0.30048130219358865, 0.03877197127200001, 0.6638532734655886], "14": [0.30839999999999995, 0.2807957337749435, 0.038952683999999925, 0.6281484177749433], "15": [0.2808, 0.24473519276340647, 0.03641956970399999, 0.5619547624674064], "16": [0.3576, 0.3247316824217276, 0.04616623101599995, 0.7284979134377275], "17": [0.27299999999999996, 0.19457946604922086, 0.05257664632800001, 0.5201561123772208], "18": [0.29819999999999997, 0.27155508202370165, 0.038026230479999916, 0.6077813125037015], "19": [0.3438, 0.3124377498349579, 0.04730299351200002, 0.7035407433469579], "20": [0.3216, 0.2798057991533059, 0.04642780348799998, 0.647833602641306], "21": [0.19199999999999998, 0.14350230691973292, 0.03498955754399997, 0.3704918644637329], "22": [0.1578, 0.0969663309644784, 0.03637168228799999, 0.2911380132524784], "23": [0.29579999999999995, 0.2541432989692967, 0.04478670647999995, 0.5947300054492967], "24": [0.32339999999999997, 0.29213531981148655, 0.04404182968799998, 0.6595771494994865], "25": [0.28919999999999996, 0.2484693212145018, 0.03895692292799994, 0.5766262441425016], "26": [0.3354, 0.31147208504062673, 0.040437935783999915, 0.6873100208246266], "27": [0.20939999999999998, 0.15879112625120614, 0.03346142529599994, 0.401652551547206], "28": [0.3096, 0.27639805347881535, 0.040980114287999955, 0.6269781677668154], "29": [0.24839999999999998, 0.20216188198773374, 0.036639754559999925, 0.48720163654773363], "30": [0.1752, 0.1289766423386815, 0.030673601207999914, 0.33485024354668136], "31": [0.31079999999999997, 0.27202326778064057, 0.04088140171199999, 0.6237046694926405], "32": [0.2226, 0.15502374389873882, 0.04611110162399992, 0.42373484552273877], "33": [0.2178, 0.16910274257688904, 0.03484439539199994, 0.421747137968889], "34": [0.22499999999999998, 0.17607337563715728, 0.03619013183999992, 0.4372635074771572], "35": [0.25139999999999996, 0.20873257547732418, 0.03700126310399993, 0.49713383858132404], "36": [0.2568, 0.21582900635581004, 0.037480174199999945, 0.51010918055581], "37": [0.2562, 0.21036485639427732, 0.03554466796799995, 0.5021095243622773], "38": [0.2022, 0.15803663866736614, 0.03180958912799997, 0.3920462277953661], "39": [0.2322, 0.19626023166172527, 0.031522750919999926, 0.4599829825817252], "40": [0.0768, 0.04362869313082581, 0.02077363015199993, 0.14120232328282573], "41": [0.2556, 0.22046232046488826, 0.037089457271999915, 0.5131517777368881], "42": [0.14579999999999999, 0.10342575393202653, 0.0252538412399999, 0.2744795951720264], "43": [0.08639999999999999, 0.049812880434375637, 0.021566336039999946, 0.15777921647437557], "44": [0.23459999999999998, 0.200077366267688, 0.03168173023199993, 0.4663590964996879], "45": [0.25439999999999996, 0.2172652878179527, 0.03315385151999993, 0.5048191393379526], "46": [0.2448, 0.204410976750214, 0.036283694615999916, 0.4854946713662139], "47": [0.2244, 0.18227704691789376, 0.033417187631999974, 0.4400942345498937], "48": [0.19079999999999997, 0.1468076803450371, 0.03107788243199991, 0.368685562777037], "49": [0.22679999999999997, 0.17988207115372953, 0.032190043679999905, 0.4388721148337294], "50": [0.17579999999999998, 0.13161126431937067, 0.03006932731199992, 0.33748059163137056], "51": [0.1482, 0.10517976227297333, 0.023200624511999876, 0.2765803867849732], "52": [0.20159999999999997, 0.16472230074993838, 0.02983421800799995, 0.3961565187579383], "53": [0.1818, 0.14153764903396635, 0.02552512031999989, 0.3488627693539662], "54": [0.204, 0.16255546013699584, 0.03005897853599994, 0.39661443867299573], "55": [0.20819999999999997, 0.16649275334784108, 0.029409809903999915, 0.40410256325184096], "56": [0.13379999999999997, 0.0973470699584741, 0.020168963711999926, 0.251316033670474], "57": [0.1452, 0.09780742389031856, 0.029472364511999936, 0.27247978840231846], "58": [0.19019999999999998, 0.1523800712065588, 0.028638661247999905, 0.37121873245455866], "59": [0.1662, 0.12391854896410305, 0.027685857743999953, 0.317804406708103], "60": [0.18059999999999998, 0.14100115137340632, 0.02749299134399991, 0.3490941427174062], "61": [0.1926, 0.14923898037059188, 0.0266213837519999, 0.3684603641225918], "62": [0.19679999999999997, 0.15802894348152083, 0.02877860966399994, 0.38360755314552075], "63": [0.07139999999999999, 0.040054210387787045, 0.016852524263999982, 0.12830673465178702], "64": [0.2352, 0.19705415166337503, 0.034463729087999946, 0.46671788075137494], "65": [0.20939999999999998, 0.16721908392907042, 0.030493400399999916, 0.4071124843290703], "66": [0.16499999999999998, 0.12849302800032247, 0.024213540599999916, 0.31770656860032237], "67": [0.183, 0.14089031375654476, 0.029161646279999946, 0.3530519600365447], "68": [0.14939999999999998, 0.10968167183038256, 0.02127294568799991, 0.2803546175183825], "69": [0.183, 0.14449350073817702, 0.027551037311999895, 0.3550445380501769], "70": [0.17099999999999999, 0.1323301473384495, 0.02743912987199992, 0.3307692772104494], "71": [0.1656, 0.1293963504115729, 0.024975580751999946, 0.31997193116357286], "72": [0.07919999999999999, 0.047051744282213516, 0.018891344303999958, 0.14514308858621347], "73": [0.09839999999999999, 0.05838695769810973, 0.023590375055999913, 0.18037733275410964], "74": [0.1386, 0.10033576939173737, 0.02292740186399989, 0.26186317125573727], "75": [0.177, 0.13530699428014714, 0.02663300959199992, 0.33894000387214707], "76": [0.1482, 0.10817223289522468, 0.0270856745999999, 0.2834579074952246], "77": [0.156, 0.11787939319819524, 0.02432275415999994, 0.29820214735819517], "78": [0.15899999999999997, 0.11851075369695148, 0.027166550759999936, 0.3046773044569514], "79": [0.047999999999999994, 0.02634876881912949, 0.01338144408, 0.08773021289912948], "80": [0.14639999999999997, 0.10839343135715578, 0.025879078583999893, 0.28067250994115567], "81": [0.08159999999999999, 0.04780177762999972, 0.019282450247999953, 0.14868422787799968], "82": [0.1344, 0.09837453620012601, 0.02072723126399991, 0.2535017674641259], "83": [0.14579999999999999, 0.1127747468137005, 0.02125577577599992, 0.2798305225897004], "84": [0.13979999999999998, 0.10048842347564163, 0.023998893767999938, 0.2642873172436416], "85": [0.153, 0.11487267492863781, 0.02317628728799992, 0.29104896221663773], "86": [0.0654, 0.037125053173693474, 0.01668280996799997, 0.11920786314169346], "87": [0.11819999999999999, 0.08310917689389322, 0.02003101257599992, 0.22134018946989314], "88": [0.16199999999999998, 0.12651808052645064, 0.022963726223999944, 0.31148180675045056], "89": [0.1386, 0.10416971598654648, 0.0217148354639999, 0.2644845514505464], "90": [0.10559999999999999, 0.07357295392609495, 0.016857825263999923, 0.19603077919009487], "91": [0.0726, 0.04187032842922435, 0.01524152613600001, 0.12971185456522435], "92": [0.0726, 0.04187032842922435, 0.01524152613600001, 0.12971185456522435],