{"1": [3.234, 3.504625922000001, 4.21108474500005, 10.949710667000051], "2": [2.52, 2.8470944179999997, 2.5923247629999966, 7.959419180999996], "3": [0.735, 0.643720987, 0.8591331699999922, 2.237854156999992], "4": [1.33, 1.1576725580000005, 1.907405849999988, 4.395078407999989], "5": [0.756, 0.649659822, 0.5661504099999992, 1.9718102319999993], "6": [1.288, 1.1020489619999998, 1.5004496289999905, 3.8904985909999903], "7": [0.602, 0.49023515800000006, 0.5659653859999959, 1.658200543999996], "8": [1.981, 1.9767828290000005, 2.405849333999998, 6.363632162999998], "9": [0.525, 0.40583308500000004, 0.6015744209999951, 1.5324075059999953], "11": [0.672, 0.530691798, 0.9687488649999986, 2.1714406629999985], "12": [1.204, 1.0940234059999998, 1.8413204319999907, 4.1393438379999905], "13": [0.322, 0.230088726, 0.2929787419999967, 0.8450674679999968], "14": [0.434, 0.32039127399999995, 0.4770859029999944, 1.2314771769999944], "15": [0.294, 0.182441994, 0.39818620099999696, 0.874628194999997], "17": [1.043, 0.730510333, 1.4203970059999937, 3.1939073389999937], "18": [0.609, 0.472830141, 0.528272429999999, 1.610102570999999], "19": [0.441, 0.310264815, 0.5128952009999951, 1.264160015999995], "20": [2.128, 2.3207921799999998, 2.624677600999995, 7.073469780999995], "21": [1.022, 0.9480840180000001, 1.2300977149999894, 3.2001817329999893], "22": [0.308, 0.21341651799999997, 0.06418769699999999, 0.585604215], "23": [2.38, 2.5608918160000003, 3.2211147149999935, 8.162006530999994], "24": [0.616, 0.49524330800000005, 0.8664857179999954, 1.9777290259999956], "25": [0.602, 0.46353525399999995, 0.520716972999999, 1.5862522269999988], "26": [0.329, 0.22575690900000003, 0.3330227669999951, 0.8877796759999952], "27": [0.868, 0.594852104, 0.7548728320000002, 2.217724936], "28": [0.259, 0.13473001499999995, 0.3843051869999992, 0.7780352019999992], "29": [1.729, 2.0313013769999997, 2.1533402799999988, 5.9136416569999986], "30": [0.133, 0.072926301, 0.12668719700000008, 0.33261349800000006], "32": [0.336, 0.211986614, 0.3864385489999973, 0.9344251629999973], "33": [0.791, 0.529501819, 0.9738619659999991, 2.294363784999999], "34": [0.063, 0.032912915, 0.031258716999999984, 0.12717163199999998], "36": [0.518, 0.31491487999999995, 0.546346471999999, 1.379261351999999], "37": [0.665, 0.44791298300000004, 0.4974335939999977, 1.6103465769999978], "38": [0.8190000000000001, 0.685087809, 1.045410099999989, 2.5494979089999887], "39": [0.399, 0.24986695300000003, 0.4010157549999975, 1.0498827079999975], "40": [0.616, 0.4891684840000001, 0.6365294529999957, 1.7416979369999956], "41": [3.619, 4.430052487000001, 3.3741253000000007, 11.423177787000002], "42": [0.357, 0.24507860300000003, 0.08506591099999995, 0.687144514], "43": [1.512, 1.230649672, 2.332567677999998, 5.075217349999997], "44": [1.512, 1.538416614, 1.873032839999998, 4.923449453999998], "45": [1.589, 1.2038854449999994, 1.3107323109999973, 4.103617755999997], "46": [1.0150000000000001, 0.7692474650000002, 1.091659974999988, 2.875907439999988], "47": [0.9380000000000001, 0.8431117659999999, 0.6786271169999978, 2.4597388829999978], "48": [0.721, 0.553337197, 0.6015449719999968, 1.8758821689999967], "49": [0.126, 0.074527544, 0.11784519600000001, 0.31837274000000004], "50": [0.161, 0.093175859, 0.16838536400000012, 0.4225612230000001], "51": [1.925, 2.1362070450000004, 2.463777476999994, 6.524984521999995], "52": [0.714, 0.575591646, 0.9482107109999958, 2.2378023569999956], "53": [0.609, 0.39308940299999995, 0.6715334850000002, 1.6736228880000001], "54": [0.525, 0.35582201900000004, 0.4877823579999985, 1.3686043769999985], "55": [1.407, 1.2378804270000001, 0.9107970059999978, 3.5556774329999983], "56": [0.539, 0.3205681429999999, 1.0631568709999863, 1.9227250139999863], "57": [1.568, 1.424660006, 2.3606271850000047, 5.353287191000005], "58": [0.658, 0.495064724, 1.063185976999997, 2.216250700999997], "59": [1.0010000000000001, 0.823678373, 0.9799188069999938, 2.804597179999994], "60": [0.329, 0.237202819, 0.28639995299999715, 0.8526027719999971], "61": [2.366, 2.5475395540000005, 2.986421914, 7.899961468000001], "62": [1.848, 2.192711822, 2.1063954379999967, 6.147107259999997], "63": [3.136, 3.5908980659999994, 3.419221420999992, 10.146119486999991], "64": [0.763, 0.6239588109999998, 1.0838877419999888, 2.470846552999989], "65": [2.373, 2.8819893269999994, 2.1653155369999997, 7.420304863999999], "66": [0.315, 0.21048463099999998, 0.6743224179999986, 1.1998070489999986], "67": [0.161, 0.099967749, 0.05638640699999998, 0.31735415599999994], "68": [0.7000000000000001, 0.47845379399999993, 0.6097545299999992, 1.7882083239999993], "69": [0.504, 0.334265512, 0.456349200999999, 1.294614712999999], "70": [0.637, 0.4257863330000001, 0.684695521999997, 1.747481854999997], "71": [0.42, 0.26722680600000004, 0.7441368339999967, 1.4313636399999967], "72": [0.84, 0.7189899640000001, 1.0511410419999911, 2.6101310059999916], "73": [0.154, 0.078533014, 0.1727181889999999, 0.4052512029999999], "74": [0.833, 0.7499456369999998, 1.4331386719999923, 3.016084308999992], "75": [0.882, 0.724703336, 1.1077621099999897, 2.7144654459999895], "76": [1.05, 0.822961846, 1.2260566359999867, 3.0990184819999866], "77": [0.8190000000000001, 0.6870280129999999, 1.1970683829999866, 2.7030963959999865], "78": [1.162, 1.019120172, 1.2959992849999937, 3.4771194569999935], "79": [0.539, 0.350027335, 0.9163625729999973, 1.8053899079999973], "80": [1.0010000000000001, 0.8719180890000003, 1.0153027849999918, 2.8882208739999924], "81": [0.112, 0.06554147599999999, 0.04455418100000003, 0.222095657], "82": [0.196, 0.125600524, 0.06034212799999999, 0.381942652], "83": [0.07, 0.035819965999999995, 0.0708959440000001, 0.1767159100000001], "84": [0.553, 0.394104165, 0.6685533049999982, 1.6156574699999982], "85": [3.003, 3.382333884999999, 2.7511936900000027, 9.136527575000002], "86": [0.504, 0.303515366, 0.48671753899999726, 1.2942329049999972], "87": [0.315, 0.199214337, 0.3474288649999982, 0.8616432019999982], "88": [0.308, 0.218605128, 0.2946470449999965, 0.8212521729999965], "89": [0.259, 0.170977471, 0.2475930800000002, 0.6775705510000002], "90": [0.46900000000000003, 0.303891791, 0.38464446299999827, 1.1575362539999983], "91": [0.441, 0.310629179, 0.5489421979999947, 1.3005713769999947], "92": [0.224, 0.14198653, 0.2663184789999985, 0.6323050089999985], "93": [1.414, 1.173307814, 2.370541453000001, 4.957849267], "94": [0.273, 0.198722503, 0.26232752699999834, 0.7340500299999984], "95": [1.071, 0.9442040510000002, 1.0890465109999885, 3.1042505619999883], "96": [0.378, 0.24318596399999998, 0.3295617499999994, 0.9507477139999994], "97": [1.988, 2.262542968, 2.1680767360000033, 6.418619704000003], "98": [0.329, 0.236198907, 0.4698035229999922, 1.0350024299999923], "99": [0.497, 0.344224097, 0.538319732999999, 1.379543829999999], "100": [0.021, 0.010572471, 0.03272680599999999, 0.06429927699999999], "101": [0.448, 0.324636886, 0.4827012539999923, 1.2553381399999923], "102": [0.602, 0.4993455320000001, 0.5883185489999958, 1.6896640809999959], "103": [0.098, 0.050209222, 0.0687498420000001, 0.2169590640000001], "104": [0.973, 0.7335386449999999, 1.1173674329999963, 2.823906077999996], "105": [0.259, 0.191674189, 0.25231104499999946, 0.7029852339999995], "106": [0.273, 0.155192275, 0.14057526699999995, 0.568767542], "107": [1.239, 1.249329977, 1.7791007219999908, 4.267430698999991], "108": [1.687, 1.5289640869999996, 2.216100901000005, 5.432064988000004], "109": [0.602, 0.45485970600000003, 0.4752984809999974, 1.5321581869999974], "110": [0.28700000000000003, 0.16170913499999998, 0.30868505499999943, 0.7573941899999994], "111": [0.77, 0.623423906, 1.1164170779999918, 2.509840983999992], "112": [1.2670000000000001, 0.843427907, 1.895500858999991, 4.005928765999991], "113": [0.273, 0.16484596099999999, 0.26428463599999824, 0.7021305969999982], "114": [1.036, 0.907554998, 0.6815013589999983, 2.6250563569999983], "115": [0.749, 0.492240777, 1.5405837159999953, 2.7818244929999953],