{"0": [0.5726, 0.5035527217569975, 0.07174167160299995, 1.1478943933599974], "1": [0.4956, 0.43761959255138627, 0.06699141638699993, 1.0002110089383862], "2": [0.3745, 0.30948663474372723, 0.06180204179100002, 0.7457886765347272], "3": [0.5599999999999999, 0.536017099835802, 0.06482928570299987, 1.160846385538802], "4": [0.2905, 0.21915700705628477, 0.05190073159600003, 0.5615577386522848], "5": [0.5201, 0.4745087275016093, 0.06520899116200003, 1.0598177186636093], "6": [0.5173, 0.48236466860040916, 0.06085668797599998, 1.0605213565764091], "7": [0.3892, 0.3229478202315404, 0.05688680798499999, 0.7690346282165403], "8": [0.4634, 0.40248686548140367, 0.061590581114999945, 0.9274774465964035], "9": [0.2737, 0.20473142356248666, 0.057915797743999964, 0.5363472213064866], "10": [0.4291, 0.38308672937964033, 0.05634350955800002, 0.8685302389376404], "11": [0.2751, 0.20619640013843088, 0.050203287218000055, 0.5314996873564309], "12": [0.3661, 0.29927238495495406, 0.057064186318999996, 0.722436571273954], "13": [0.3787, 0.32949393742924626, 0.05274281938099997, 0.7609367568102463], "14": [0.3598, 0.30862961109210163, 0.05298886950000003, 0.7214184805921017], "15": [0.3276, 0.2701143536816327, 0.04954653781700001, 0.6472608914986328], "16": [0.4172, 0.35612326921988724, 0.06279461999299998, 0.8361178892128872], "17": [0.3185, 0.22037458438525692, 0.07152290541899994, 0.6103974898042569], "18": [0.3479, 0.2986245753998821, 0.05172896729000003, 0.698253542689882], "19": [0.4011, 0.342645258952773, 0.064341118401, 0.808086377353773], "20": [0.3752, 0.3085041890730351, 0.063153310724, 0.7468574997970351], "21": [0.224, 0.16132275702207938, 0.04760215313700002, 0.4329249101590794], "22": [0.18409999999999999, 0.11128040269536867, 0.04949009437400004, 0.3448704970693687], "23": [0.3451, 0.2808870229916132, 0.060923792790000035, 0.6869108157816133], "24": [0.37729999999999997, 0.3209115107506743, 0.05990788269900005, 0.7581193934496744], "25": [0.3374, 0.2745487731291459, 0.05299625409400005, 0.6649450272231459], "26": [0.3913, 0.34103012538316574, 0.05500651765700002, 0.7873366430401658], "27": [0.2443, 0.178266452309792, 0.04552678405800009, 0.46809323636779204], "28": [0.3612, 0.30427952855950674, 0.055745385374000055, 0.7212249139335069], "29": [0.2898, 0.2250669958596353, 0.04984775487999996, 0.5647147507396352], "30": [0.2044, 0.14537067757987673, 0.04173388265900002, 0.39150456023887675], "31": [0.3626, 0.3001303503498191, 0.05561174512600002, 0.7183420954758191], "32": [0.2597, 0.17593763821947916, 0.062735578227, 0.49837321644647914], "33": [0.2541, 0.1893024292363336, 0.04740765601600008, 0.4908100852523337], "34": [0.2625, 0.19689913627022423, 0.04923601732000001, 0.5086351535902243], "35": [0.2933, 0.23193835674813454, 0.05033843539200002, 0.5755767921401346], "36": [0.2996, 0.23940545376589095, 0.05098990347500002, 0.5899953572408909], "37": [0.2989, 0.23399292330751528, 0.048357881264000036, 0.5812508045715152], "38": [0.2359, 0.1769939642790738, 0.04327890606900005, 0.4561728703480738], "39": [0.2709, 0.21778966792884616, 0.04288842428500001, 0.5315780922138462], "40": [0.0896, 0.05039003281876278, 0.028267503621000015, 0.16825753643976277], "41": [0.2982, 0.2441139162277326, 0.05045749613100003, 0.5927714123587327], "42": [0.1701, 0.1169948102354867, 0.03436320289500001, 0.3214580131304867], "43": [0.1008, 0.05747160126536152, 0.02934613454500002, 0.18761773581036154], "44": [0.2737, 0.2218638072493848, 0.043104699211, 0.5386685064603848], "45": [0.2968, 0.2407773244965217, 0.04510533496000003, 0.5826826594565218], "46": [0.2856, 0.22711720287979523, 0.049363276543000024, 0.5620804794227953], "47": [0.2618, 0.20327400053793643, 0.04546584628600012, 0.5105398468239365], "48": [0.2226, 0.16464563714367333, 0.042285052936, 0.4295306900796733], "49": [0.2646, 0.20095976979202831, 0.043797222140000015, 0.5093569919320283], "50": [0.2051, 0.14802601696055892, 0.0409138864260001, 0.394039903386559], "51": [0.1729, 0.11897795083836867, 0.03157096577600004, 0.3234489166143687], "52": [0.2352, 0.18367239129502086, 0.04059248155899998, 0.4594648728540208], "53": [0.2121, 0.15868226727095408, 0.03473216236000007, 0.4055144296309542], "54": [0.238, 0.18159064029675454, 0.04089867795300004, 0.4604893182497546], "55": [0.2429, 0.1860991888115462, 0.04001523054200005, 0.46901441935354626], "56": [0.1561, 0.10997690622271114, 0.027446067376000013, 0.29352297359871116], "57": [0.1694, 0.11141144700751925, 0.040103948276000015, 0.32091539528351926], "58": [0.2219, 0.17031681810329244, 0.038966421704000054, 0.4311832398072925], "59": [0.1939, 0.13952035374647734, 0.037671863362000034, 0.37109221710847734], "60": [0.2107, 0.15796800616193798, 0.03740920866200002, 0.406077214823938], "61": [0.2247, 0.1673275047627051, 0.036223496421000055, 0.4282510011837051], "62": [0.2296, 0.17653148732286567, 0.039156886272000035, 0.44528837359486567], "63": [0.0833, 0.046326036557148745, 0.022934937697000026, 0.15256097425414877], "64": [0.2744, 0.21907322455872053, 0.04688818702400001, 0.5403614115827206], "65": [0.2443, 0.18694169711427644, 0.04148889045000003, 0.47273058756427644], "66": [0.1925, 0.14418794850708416, 0.03294799567500002, 0.3696359441820842], "67": [0.2135, 0.1580587081388644, 0.03967930256500002, 0.4112380107038644], "68": [0.1743, 0.12375080658029361, 0.028947943199000004, 0.3269987497792936], "69": [0.2135, 0.1617461941046106, 0.03748799017600001, 0.4127341842806106], "70": [0.1995, 0.14849392688089716, 0.037336010306000006, 0.3853299371868971], "71": [0.1932, 0.14514690704647573, 0.033984790545999996, 0.37233169759247575], "72": [0.0924, 0.054176097288761924, 0.025708641742000018, 0.17228473903076194], "73": [0.1148, 0.06723724593975788, 0.032102573538000057, 0.21413981947775795], "74": [0.1617, 0.11336440052523927, 0.031198919997000002, 0.30626332052223926], "75": [0.2065, 0.15192620749678817, 0.03623909949100001, 0.3946653069877882], "76": [0.1729, 0.12207850520701777, 0.036855831425000034, 0.3318343366320178], "77": [0.182, 0.13265988692484795, 0.033097004430000035, 0.34775689135484794], "78": [0.1855, 0.13350236264497245, 0.03696580310500005, 0.3559681657499725], "79": [0.056, 0.03052532673894256, 0.01821148259000002, 0.10473680932894258], "80": [0.1708, 0.12225141275219804, 0.03521428330700007, 0.3282656960591981], "81": [0.09519999999999999, 0.05510503264541854, 0.026240686829000038, 0.17654571947441858], "82": [0.1568, 0.11110171885148393, 0.028205665571999994, 0.29610738442348394], "83": [0.1701, 0.12675270811749076, 0.028924271348000036, 0.3257769794654908], "84": [0.1631, 0.1136049248292533, 0.03265704278900001, 0.3093619676182533], "85": [0.1785, 0.12937977180328628, 0.03153738249900001, 0.3394171543022863], "86": [0.07629999999999999, 0.04290424227840965, 0.02270406601400004, 0.1419083082924097], "87": [0.1379, 0.0942470411423642, 0.027258937747999985, 0.25940597889036415], "88": [0.189, 0.1419647889223864, 0.03124761840200001, 0.3622124073243864], "89": [0.1617, 0.11737577243174044, 0.029549197796999997, 0.3086249702287404], "90": [0.1232, 0.08354682823101366, 0.02294131382199998, 0.22968814205301363], "91": [0.0847, 0.048326864979401994, 0.02074284400300003, 0.15376970898240203], "92": [0.0847, 0.048326864979401994, 0.02074284400300003, 0.15376970898240203], "93": [0.0847, 0.048326864979401994, 0.02074284400300003, 0.15376970898240203], "94": [0.1687, 0.12488816200862367, 0.03000633187999997, 0.3235944938886236], "95": [0.1036, 0.0605043077658165, 0.028420815752000006, 0.1925251235178165], "96": [0.1029, 0.06074441481772482, 0.02840529813800004, 0.19204971295572487], "97": [0.19039999999999999, 0.14151186250677195, 0.03380116040000006, 0.365713022906772], "98": [0.1127, 0.0752159422861535, 0.022630611143000023, 0.21054655342915352], "99": [0.1302, 0.08870529617957325, 0.025359912024999997, 0.24426520820457326], "100": [0.1883, 0.13744761692200988, 0.03424999760700002, 0.3599976145290099],