{"0": [0.40900000000000003, 0.4116140895, 0.03666685262499999, 0.8572809421250001], "1": [0.354, 0.3574366149999999, 0.03423363862500005, 0.745670253625], "2": [0.2675, 0.266434866125, 0.03157146712500002, 0.5655063332500001], "3": [0.4, 0.41124798074999985, 0.03313619012500006, 0.844384170875], "4": [0.20750000000000002, 0.20289642887499998, 0.02650504650000001, 0.436901475375], "5": [0.3715, 0.37767522037500006, 0.03332406675000007, 0.7824992871250002], "6": [0.3695, 0.3777898226250001, 0.03109937900000001, 0.7783892016250001], "7": [0.278, 0.2772842057499999, 0.029060986875000003, 0.584345192625], "8": [0.331, 0.33300701650000003, 0.03146697562500003, 0.695473992125], "9": [0.1955, 0.190690849125, 0.029577626, 0.41576847512500004], "10": [0.3065, 0.31065975762500003, 0.02878556324999999, 0.6459453208750001], "11": [0.1965, 0.19181584262500004, 0.025637015750000023, 0.4139528583750001], "12": [0.2615, 0.259916906875, 0.029150629124999997, 0.5505675360000001], "13": [0.2705, 0.272785665375, 0.026940358374999994, 0.57022602375], "14": [0.257, 0.25837894950000007, 0.02706581250000001, 0.5424447620000001], "15": [0.234, 0.23329216775000006, 0.025303889875000006, 0.49259605762500003], "16": [0.298, 0.299123111, 0.03208169387500006, 0.629204804875], "17": [0.2275, 0.21858464512500003, 0.036531841625, 0.48261648675], "18": [0.2485, 0.24998953262500004, 0.02642187874999999, 0.5249114113750001], "19": [0.28650000000000003, 0.28769289462500003, 0.03287150087500004, 0.6070643955000001], "20": [0.268, 0.2668633570000001, 0.03226198350000003, 0.5671253405000001], "21": [0.16, 0.15488777099999995, 0.024309794875, 0.339197565875], "22": [0.1315, 0.12278979312500002, 0.025266177250000025, 0.279555970375], "23": [0.2465, 0.24497985937500005, 0.03112019125000004, 0.5226000506250001], "24": [0.2695, 0.2704819803750001, 0.030603961625000044, 0.5705859420000001], "25": [0.241, 0.23954052949999996, 0.027067932250000013, 0.50760846175], "26": [0.2795, 0.28208790387499993, 0.02809924987500002, 0.58968715375], "27": [0.17450000000000002, 0.169510077125, 0.023246250750000037, 0.367256327875], "28": [0.258, 0.25857543075, 0.02847530225000003, 0.5450507330000001], "29": [0.20700000000000002, 0.20377990149999994, 0.02545602, 0.4362359215], "30": [0.146, 0.14110583449999997, 0.021309426624999992, 0.30841526112499995], "31": [0.259, 0.25853006850000004, 0.028406385250000003, 0.5459364537500001], "32": [0.1855, 0.17747092262500003, 0.03203524862499999, 0.39500617125000004], "33": [0.1815, 0.17710728362499997, 0.024207414000000024, 0.382814697625], "34": [0.1875, 0.18318653962500003, 0.025143654999999977, 0.395830194625], "35": [0.2095, 0.20710129687499992, 0.02570776799999999, 0.4423090648749999], "36": [0.214, 0.21202722575, 0.026040540625000035, 0.452067766375], "37": [0.2135, 0.2105719808749999, 0.024695205999999966, 0.44876718687499983], "38": [0.1685, 0.16478229037500003, 0.022098910374999982, 0.35538120075], "39": [0.1935, 0.19207486937499996, 0.021899749375, 0.40747461874999996], "40": [0.064, 0.058856082, 0.014430068374999995, 0.137286150375], "41": [0.213, 0.21229855700000003, 0.025769514624999993, 0.451068071625], "42": [0.1215, 0.116605463125, 0.017542533124999957, 0.25564799624999995], "43": [0.07200000000000001, 0.06641356200000001, 0.014980726875000003, 0.153394288875], "44": [0.1955, 0.194468273125, 0.022010209625000034, 0.4119784827500001], "45": [0.212, 0.210838516, 0.023034090000000024, 0.445872606], "46": [0.20400000000000001, 0.20200969675, 0.02520867512499999, 0.43121837187499995], "47": [0.187, 0.18428361975, 0.023215900250000008, 0.39449952000000005], "48": [0.159, 0.15498867125000004, 0.021589719, 0.3355783902500001], "49": [0.189, 0.18526624400000002, 0.022362872499999995, 0.39662911650000005], "50": [0.1465, 0.14204774887499996, 0.020888522749999992, 0.3094362716249999], "51": [0.1235, 0.118558209625, 0.01611545399999998, 0.258173663625], "52": [0.168, 0.16580440425, 0.02072596412499998, 0.354530368375], "53": [0.1515, 0.148121201375, 0.017731065000000018, 0.317352266375], "54": [0.17, 0.16684297925, 0.020881908875000008, 0.35772488812500003], "55": [0.17350000000000002, 0.17051670487499998, 0.020431024249999968, 0.364447729125], "56": [0.1115, 0.10765271687499998, 0.014009353999999993, 0.233162070875], "57": [0.121, 0.11511366450000003, 0.02047264150000002, 0.25658630600000004], "58": [0.1585, 0.155850332625, 0.019895091000000004, 0.334245423625], "59": [0.1385, 0.13426986187499998, 0.019232241749999993, 0.29200210362499995], "60": [0.1505, 0.147205826625, 0.019098379249999978, 0.31680420587499997], "61": [0.1605, 0.15672629012499997, 0.018492768374999996, 0.33571905849999994], "62": [0.164, 0.1613111705, 0.019992288, 0.34530345850000005], "63": [0.059500000000000004, 0.05466102537499999, 0.011704784874999988, 0.12586581025], "64": [0.196, 0.19439065375, 0.02394374599999998, 0.41433439975], "65": [0.17450000000000002, 0.17148333087500003, 0.021184143750000002, 0.36716747462500005], "66": [0.1375, 0.13456995937499996, 0.016819715624999964, 0.28888967499999996], "67": [0.1525, 0.148746377625, 0.02025774437499998, 0.321504122], "68": [0.1245, 0.12036888487500003, 0.014776399124999983, 0.25964528400000003], "69": [0.1525, 0.14954345212499998, 0.019138804000000006, 0.32118225612499995], "70": [0.14250000000000002, 0.13922475512500002, 0.019060917749999982, 0.300785672875], "71": [0.138, 0.135156537, 0.01734912774999998, 0.29050566474999995], "72": [0.066, 0.06127869125, 0.013121324249999991, 0.1404000155], "73": [0.082, 0.07613589375, 0.016385545749999977, 0.1745214395], "74": [0.1155, 0.11137587512500002, 0.015925797375000012, 0.24280167250000004], "75": [0.1475, 0.14367685387500004, 0.01850095462499996, 0.3096778085], "76": [0.1235, 0.119247075625, 0.01881499687499999, 0.26156207249999996], "77": [0.13, 0.12646801625, 0.016895376249999983, 0.2733633925], "78": [0.1325, 0.128503873125, 0.018871216874999968, 0.27987509], "79": [0.04, 0.036590845, 0.009293766250000014, 0.08588461125], "80": [0.122, 0.1182099795, 0.017976693624999974, 0.258186673125], "81": [0.068, 0.062981873, 0.013393075375000021, 0.14437494837500003], "82": [0.112, 0.10829677325, 0.014397175499999979, 0.23469394875], "83": [0.1215, 0.118847801375, 0.014764629499999985, 0.25511243087499996], "84": [0.1165, 0.11218808537500001, 0.016670040374999962, 0.24535812575], "85": [0.1275, 0.12388758712500002, 0.016098786624999972, 0.26748637375], "86": [0.0545, 0.050189173625, 0.011586862249999998, 0.11627603587499999], "87": [0.0985, 0.09452454162500003, 0.013913229499999978, 0.20693777112500003], "88": [0.135, 0.13223178275, 0.015951401749999986, 0.2831831845], "89": [0.1155, 0.112307757125, 0.015083372374999987, 0.2428911295], "90": [0.088, 0.08433480750000001, 0.011708894249999982, 0.18404370175], "91": [0.0605, 0.055859352375, 0.010585702625000006, 0.126945055], "92": [0.0605, 0.055859352375, 0.010585702625000006, 0.126945055], "93": [0.0605, 0.055859352375, 0.010585702625000006, 0.126945055], "94": [0.1205, 0.11770427237500002, 0.015316894999999992, 0.253521167375], "95": [0.074, 0.06867693450000001, 0.014505582999999999, 0.1571825175], "96": [0.0735, 0.06837810287500001, 0.014497570750000004, 0.15637567362500002], "97": [0.136, 0.13289214175000003, 0.017255349999999982, 0.28614749175000004], "98": [0.0805, 0.076856248625, 0.011549950124999986, 0.16890619875], "99": [0.093, 0.0891771235, 0.012943521874999978, 0.19512064537499996], "100": [0.1345, 0.13091949512500003, 0.017484206124999978, 0.28290370125000003], "101": [0.043000000000000003, 0.039402835000000004, 0.009427749125000008, 0.09183058412500002], "102": [0.126, 0.121762686, 0.017506124874999966, 0.265268810875], "103": [0.064, 0.059082573, 0.013116717874999996, 0.136199290875], "104": [0.045, 0.041669987500000005, 0.008851832875, 0.09552182037500001], "105": [0.10250000000000001, 0.098736619875, 0.014254962999999987, 0.215491582875], "106": [0.0245, 0.022382672125000003, 0.005355793749999996, 0.052238465875],