{"1": [0.231, 0.011523231750000005, 0.0229976518750001, 0.2655208836250001], "2": [0.18, 0.009124065750000002, 0.013863242625000056, 0.20298730837500004], "3": [0.0525, 0.0014631011250000002, 0.00443339874999998, 0.05839649987499998], "4": [0.095, 0.0029441882500000002, 0.010155868750000074, 0.10810005700000008], "5": [0.054, 0.0017486442500000002, 0.0030902337500000165, 0.05883887800000002], "6": [0.092, 0.0026546417499999997, 0.007949150374999986, 0.102603792125], "7": [0.043000000000000003, 0.00099446325, 0.0029072377500000087, 0.04690170100000001], "8": [0.14150000000000001, 0.005492137874999998, 0.012770142250000012, 0.15976228012500002], "9": [0.0375, 0.000760761875, 0.003093393375, 0.04135415525], "11": [0.048, 0.00110964825, 0.005043256874999987, 0.054152905124999984], "12": [0.08600000000000001, 0.00275200525, 0.009681428000000054, 0.09843343325000006], "13": [0.023, 0.00036328525, 0.001500324249999985, 0.024863609499999988], "14": [0.031, 0.00054583975, 0.002448865125000002, 0.033994704875000004], "15": [0.021, 0.00019846974999999988, 0.0020533258750000047, 0.023251795625000005], "17": [0.0745, 0.0012683038750000001, 0.007496780249999989, 0.08326508412499999], "18": [0.043500000000000004, 0.0009745858750000002, 0.002740751250000005, 0.04721533712500001], "19": [0.0315, 0.000475900625, 0.0026353258750000117, 0.03461122650000001], "20": [0.152, 0.008633532500000003, 0.01427942587500001, 0.174912958375], "21": [0.073, 0.00233671575, 0.006376750624999977, 0.08171346637499997], "22": [0.022, 0.00034602825, 0.0003351598750000003, 0.022681188125], "23": [0.17, 0.008422114000000001, 0.017532750625000083, 0.1959548646250001], "24": [0.044, 0.0010080945000000001, 0.004481578249999957, 0.049489672749999956], "25": [0.043000000000000003, 0.0009714472500000002, 0.002771426374999995, 0.046742873625], "26": [0.0235, 0.00032133287500000005, 0.0017059711249999819, 0.025527303999999983], "27": [0.062, 0.0010856910000000002, 0.004078527999999997, 0.067164219], "28": [0.0185, 3.7950625e-05, 0.001972588624999997, 0.020510539249999998], "29": [0.1235, 0.007220192375000001, 0.011756745000000051, 0.14247693737500003], "30": [0.0095, 3.6225875e-05, 0.0006483473750000001, 0.01018457325], "32": [0.024, 0.00025201225, 0.00199333037499999, 0.02624534262499999], "33": [0.0565, 0.0008890041249999998, 0.005147495249999981, 0.06253649937499998], "34": [0.0045000000000000005, 9.988125000000002e-06, 0.00016042737499999995, 0.0046704155], "36": [0.037, 0.000366645, 0.0028789629999999996, 0.040245607999999995], "37": [0.0475, 0.0007254976249999999, 0.0025851197500000073, 0.05081061737500001], "38": [0.0585, 0.001459995375, 0.0054008374999999905, 0.065360832875], "39": [0.0285, 0.00030247137500000003, 0.0020682856250000014, 0.030870757000000002], "40": [0.044, 0.0009957735, 0.0032918463750000165, 0.048287619875000014], "41": [0.2585, 0.016615788625, 0.01850338750000002, 0.29361917612500005], "42": [0.025500000000000002, 0.0003925401249999999, 0.00044282212500000085, 0.026335362250000004], "43": [0.108, 0.0027993880000000003, 0.01235854325000002, 0.12315793125000002], "44": [0.108, 0.00503801225, 0.010227609999999979, 0.12326562224999998], "45": [0.1135, 0.0028118268750000007, 0.0070979221249999665, 0.12340974899999997], "46": [0.0725, 0.0015359693750000001, 0.005719478124999973, 0.07975544749999997], "47": [0.067, 0.002405695250000001, 0.0037057773750000045, 0.07311147262500002], "48": [0.051500000000000004, 0.001097159875, 0.0031289005000000184, 0.055726060375000025], "49": [0.009000000000000001, 6.2951e-05, 0.0006035715000000002, 0.009666522500000002], "50": [0.0115, 7.316412500000001e-05, 0.0008666685000000005, 0.012439832625000001], "51": [0.1375, 0.007091226875000003, 0.013355592375000037, 0.15794681925000004], "52": [0.051000000000000004, 0.00118834025, 0.004910647124999971, 0.05709898737499998], "53": [0.043500000000000004, 0.0006018651250000001, 0.003570174375000002, 0.04767203950000001], "54": [0.0375, 0.0005369291249999998, 0.002540513250000002, 0.040577442375], "55": [0.1005, 0.0036079861249999996, 0.004883780249999979, 0.108991766375], "56": [0.0385, 0.0002965126249999999, 0.005495287124999973, 0.04429179974999997], "57": [0.112, 0.003912655249999999, 0.012706536875000046, 0.12861919212500003], "58": [0.047, 0.0009409835, 0.005524779874999986, 0.05346576337499999], "59": [0.07150000000000001, 0.0017472138749999998, 0.005071006124999999, 0.07831822000000001], "60": [0.0235, 0.00038375412500000003, 0.001467283874999986, 0.025351037999999985], "61": [0.169, 0.00798283475, 0.016073399749999977, 0.19305623449999998], "62": [0.132, 0.008203394250000001, 0.01155508325000002, 0.15175847750000002], "63": [0.224, 0.012297082750000002, 0.01868789337500007, 0.25498497612500004], "64": [0.0545, 0.0013231721250000004, 0.005629824249999976, 0.06145299637499998], "65": [0.1695, 0.010882148625000003, 0.01184839487500007, 0.19223054350000007], "66": [0.0225, 0.00030088962500000004, 0.0034850657499999956, 0.026285955374999996], "67": [0.0115, 0.00011131787499999999, 0.00029215612500000027, 0.011903473999999999], "68": [0.05, 0.0008574197500000001, 0.0032739637500000013, 0.054131383500000005], "69": [0.036000000000000004, 0.000535873, 0.0024248258750000024, 0.038960698875000005], "70": [0.0455, 0.000651803875, 0.003561506749999994, 0.04971331062499999], "71": [0.03, 0.00035010525000000005, 0.0038768297500000005, 0.034226935], "72": [0.06, 0.0016650684999999998, 0.005473961749999987, 0.06713903024999998], "73": [0.011, 1.2487250000000003e-05, 0.0008858903750000014, 0.011898377625000001], "74": [0.059500000000000004, 0.0018756698750000001, 0.007487263000000001, 0.068862932875], "75": [0.063, 0.0015604440000000002, 0.005749721250000014, 0.07031016525000001], "76": [0.075, 0.0017173902500000001, 0.006426581499999938, 0.08314397174999993], "77": [0.0585, 0.001538273875, 0.0062581601249999605, 0.06629643399999996], "78": [0.083, 0.0024470754999999997, 0.006782874374999985, 0.09222994987499998], "79": [0.0385, 0.00044810562500000007, 0.004734451374999981, 0.04368255699999998], "80": [0.07150000000000001, 0.001997865375, 0.005258936874999992, 0.07875680225000001], "81": [0.008, 5.39415e-05, 0.00022980837499999971, 0.008283749875], "82": [0.014, 0.0001591835, 0.00031356200000000003, 0.0144727455], "83": [0.005, 5.99525e-06, 0.0003626760000000007, 0.005368671250000001], "84": [0.0395, 0.0006749568750000002, 0.003451391875000012, 0.043626348750000016], "85": [0.2145, 0.010960086875000006, 0.014789353750000026, 0.24024944062500003], "86": [0.036000000000000004, 0.00029947025, 0.0025164466250000043, 0.03881591687500001], "87": [0.0225, 0.00027453237500000004, 0.0018375068749999963, 0.024612039249999995], "88": [0.022, 0.00033906200000000005, 0.0015092893749999816, 0.023848351374999983], "89": [0.0185, 0.00023799962500000002, 0.0012801949999999974, 0.020018194624999996], "90": [0.0335, 0.00039865462499999996, 0.0019968551249999983, 0.03589550975], "91": [0.0315, 0.000475194125, 0.0028186232500000174, 0.03479381737500002], "92": [0.016, 0.00016383875, 0.00136826912499999, 0.01753210787499999], "93": [0.101, 0.002709312249999999, 0.012502846375000026, 0.11621215862500003], "94": [0.0195, 0.00032507762499999995, 0.0013431361249999878, 0.021168213749999987], "95": [0.0765, 0.002211382125, 0.005646097124999992, 0.08435747924999998], "96": [0.027, 0.0003529435, 0.0017427812499999978, 0.02909572475], "97": [0.14200000000000002, 0.0076532970000000025, 0.01184266900000006, 0.16149596600000007], "98": [0.0235, 0.00037653112500000003, 0.0024095326250000173, 0.026286063750000015], "99": [0.035500000000000004, 0.000580822375, 0.0028022163750000095, 0.03888303875000001], "100": [0.0015, 7.496249999999999e-07, 0.0001672302499999999, 0.001667979875], "101": [0.032, 0.0005363002500000001, 0.0024796972500000154, 0.03501599750000002], "102": [0.043000000000000003, 0.0010421405000000002, 0.00302333037500001, 0.047065470875000015], "103": [0.007, 8.49425e-06, 0.0003519117500000008, 0.007360406000000002],