{"0": [9.815999999999999, 296.77283807858544, 179.39664134159622, 485.9854794201816], "1": [8.495999999999999, 268.6428916360023, 133.2033874481728, 410.34227908417506], "2": [6.419999999999999, 182.85560181488424, 76.04414447551908, 265.3197462904033], "3": [9.6, 387.0529048283137, 98.7574886398457, 495.4103934681594], "4": [4.9799999999999995, 113.90951965953629, 26.169956260121943, 145.05947591965824], "5": [8.915999999999999, 303.9767415854544, 110.7409170060979, 423.6336585915523], "6": [8.867999999999999, 342.98537300591164, 76.26044700362493, 428.11382000953654], "7": [6.671999999999999, 182.3276239056987, 42.312901323844216, 231.3125252295429], "8": [7.943999999999999, 237.5261485904191, 81.6854482715099, 327.155596861929], "9": [4.691999999999999, 109.10578374023399, 43.536662628584246, 157.33444636881822], "10": [7.355999999999999, 270.573679018857, 63.691353683901085, 341.62103270275804], "11": [4.715999999999999, 113.193502236351, 33.78519640988642, 151.6946986462374], "12": [6.275999999999999, 159.0264343364516, 60.16532122722423, 225.46775556367584], "13": [6.491999999999999, 228.64155192435337, 29.563951680526927, 264.6975036048803], "14": [6.167999999999999, 208.85847598887594, 39.789967896722814, 254.81644388559874], "15": [5.616, 180.5050214391606, 27.217275385513048, 213.33829682467365], "16": [7.151999999999999, 222.51609820747836, 70.71338577152504, 300.3814839790034], "17": [5.459999999999999, 55.44750441571296, 130.6335044490321, 191.54100886474507], "18": [5.9639999999999995, 209.69846542938046, 27.33438449319939, 242.99684992257986], "19": [6.8759999999999994, 223.85227224593228, 78.3625979889277, 309.09087023486], "20": [6.4319999999999995, 171.25907955640088, 64.72829160201756, 242.41937115841841], "21": [3.8399999999999994, 103.91245056339167, 21.836109409640507, 129.58855997303218], "22": [3.1559999999999997, 4.728110919853175, 84.24875685598771, 92.13286777584088], "23": [5.9159999999999995, 153.01884224788677, 67.52613602870488, 226.46097827659165], "24": [6.467999999999999, 207.2133516864415, 72.58461592045093, 286.26596760689245], "25": [5.783999999999999, 155.19810956594577, 49.33705929840728, 210.31916886435306], "26": [6.707999999999999, 236.75132302523505, 51.90242254144334, 295.3617455666784], "27": [4.188, 105.57204579207261, 19.245854642753272, 129.0059004348259], "28": [6.191999999999999, 179.3869994075961, 32.4765342163139, 218.05553362391], "29": [4.967999999999999, 129.1250910317147, 22.664564389709632, 156.75765542142432], "30": [3.5039999999999996, 103.57536995103752, 12.990467322808028, 120.06983727384555], "31": [6.215999999999999, 171.30430948509968, 36.607880623515115, 214.1281901086148], "32": [4.451999999999999, 38.83551282855425, 118.99177150337773, 162.279284331932], "33": [4.356, 109.04015341444051, 20.10538682133415, 133.50154023577466], "34": [4.499999999999999, 112.82669223219813, 22.347982879962277, 139.6746751121604], "35": [5.028, 137.6909694846035, 22.026971438929255, 164.74594092353274], "36": [5.135999999999999, 133.96607628319651, 37.480196030234175, 176.58227231343068], "37": [5.124, 132.67330818491067, 20.599394426435353, 158.39670261134603], "38": [4.044, 109.25458174010288, 15.397818163916542, 128.69639990401942], "39": [4.643999999999999, 142.42809945448516, 19.314089821598806, 166.38618927608397], "40": [1.5359999999999998, 0.7695463679999999, 9.710082358240445, 12.015628726240445], "41": [5.111999999999999, 148.7146841077446, 30.53561157981301, 184.3622956875576], "42": [2.9159999999999995, 60.56551466901931, 11.040188374326984, 74.52170304334629], "43": [1.7279999999999998, 0.9683354879999999, 12.82182842078178, 15.51816390878178], "44": [4.691999999999999, 147.26779490060963, 14.912096827117882, 166.87189172772753], "45": [5.087999999999999, 146.77702288268264, 28.79430901184607, 180.65933189452872], "46": [4.895999999999999, 132.15410514643025, 23.928688762166313, 160.97879390859654], "47": [4.4879999999999995, 120.43748293513755, 17.53479207877525, 142.4602750139128], "48": [3.8159999999999994, 108.06342587393874, 16.05008374239426, 127.92950961633301], "49": [4.536, 110.40069741740871, 19.70392807388836, 134.64062549129707], "50": [3.5159999999999996, 102.92309491972485, 16.670378403613398, 123.10947332333825], "51": [2.9639999999999995, 62.78342987076523, 9.443974079604624, 75.19140395036986], "52": [4.031999999999999, 120.93175657503555, 17.975225392811755, 142.9389819678473], "53": [3.6359999999999997, 109.91273666246398, 10.859402948693617, 124.4081396111576], "54": [4.079999999999999, 113.45079018569912, 19.846669858837647, 137.37746004453678], "55": [4.164, 113.9856734559391, 17.231238069178108, 135.3809115251172], "56": [2.6759999999999997, 51.27578768510871, 8.042107963828835, 61.993895648937546], "57": [2.9039999999999995, 13.000558990344588, 80.09892210410958, 96.00348109445416], "58": [3.8039999999999994, 113.98524680726263, 19.40616460690547, 137.1954114141681], "59": [3.3239999999999994, 104.11655379008418, 11.397595299486346, 118.83814908957052], "60": [3.6119999999999997, 108.95779393822116, 13.171251988858195, 125.74104592707934], "61": [3.8519999999999994, 109.26042526160336, 11.449002294721632, 124.561427556325], "62": [3.9359999999999995, 111.86068750628706, 16.30744856207031, 132.10413606835738], "63": [1.4279999999999997, 0.6611955839999999, 8.187135001228802, 10.276330585228802], "64": [4.704, 125.66026922820019, 25.263376001163998, 155.6276452293642], "65": [4.188, 114.59536404194913, 13.050034102217731, 131.83339814416686], "66": [3.2999999999999994, 109.28494554868837, 11.301608305601686, 123.88655385429006], "67": [3.6599999999999997, 105.38889864938146, 14.061599534567005, 123.11049818394847], "68": [2.9879999999999995, 71.13647939006223, 9.18910088449115, 83.31358027455339], "69": [3.6599999999999997, 114.05574538821467, 11.35889016070935, 129.07463554892402], "70": [3.4199999999999995, 106.84338995623571, 12.977644904338089, 123.2410348605738], "71": [3.3119999999999994, 108.30000918995609, 11.444158519955662, 123.05616770991175], "72": [1.5839999999999999, 1.1092430450684063, 9.517536945561602, 12.210779990630009], "73": [1.9679999999999997, 1.3920469094015995, 19.88351308799997, 23.24355999740157], "74": [2.772, 56.948700967150025, 9.243512711579054, 68.96421367872908], "75": [3.5399999999999996, 104.00768925727644, 13.704832824208799, 121.25252208148524], "76": [2.9639999999999995, 73.72492326287176, 12.035309919198804, 88.72423318207056], "77": [3.1199999999999997, 91.02755676038699, 9.471817414093211, 103.6193741744802], "78": [3.1799999999999997, 93.47259897506326, 12.239603374617671, 108.89220234968093], "79": [0.9599999999999999, 0.36033407999999995, 5.28056064, 6.600894719999999], "80": [2.9279999999999995, 68.65566170041983, 10.842529845223803, 82.42619154564363], "81": [1.632, 1.0460747519999998, 10.75566203021693, 13.43373678221693], "82": [2.6879999999999997, 51.50766533398246, 8.155502522967794, 62.351167856950255], "83": [2.9159999999999995, 81.03512650134633, 9.06006641489031, 93.01119291623664], "84": [2.796, 55.92616034486759, 9.54481473113171, 68.2669750759993], "85": [3.0599999999999996, 81.46403327688648, 9.102562927718395, 93.62659620460488], "86": [1.3079999999999998, 0.6711937919999997, 7.247128248691199, 9.2263220406912], "87": [2.364, 27.68524761199633, 7.828276607999996, 37.87752421999633], "88": [3.2399999999999998, 107.64338191846107, 10.436594218806697, 121.31997613726776], "89": [2.772, 62.98767451739422, 8.44786771200002, 74.20754222939424], "90": [2.1119999999999997, 18.31956302978212, 6.6071301119999895, 27.038693141782108], "91": [1.4519999999999997, 0.8340232319999997, 6.762491311175669, 9.048514543175669], "92": [1.4519999999999997, 0.8340232319999997, 6.762491311175669, 9.048514543175669], "93": [1.4519999999999997, 0.8340232319999997, 6.762491311175669, 9.048514543175669], "94": [2.8919999999999995, 76.67648075895913, 8.805564020328429, 88.37404477928756],