{"1": [0.18480000000000002, 0.19470815836211552, 0.01473338975999998, 0.39424154812211554], "2": [0.14400000000000002, 0.1524408728245203, 0.008878748224000053, 0.30531962104852034], "3": [0.042, 0.041367476769853216, 0.0028378681599999984, 0.08620534492985321], "4": [0.076, 0.0754391701225092, 0.006503932800000005, 0.15794310292250918], "5": [0.0432, 0.042982745704785566, 0.001979735680000008, 0.08816248138478558], "6": [0.0736, 0.07258064383838118, 0.0050903489920000105, 0.1512709928303812], "7": [0.0344, 0.033369233107358696, 0.0018608257280000255, 0.06963005883535872], "8": [0.11320000000000001, 0.11549793474261287, 0.008177768832000042, 0.23687570357461293], "9": [0.030000000000000002, 0.02883406383384497, 0.001980009408000016, 0.060814073241844985], "11": [0.038400000000000004, 0.037188769261205595, 0.0032286755200000004, 0.0788174447812056], "12": [0.0688, 0.06863122063907, 0.00619893913600001, 0.14363015977507], "13": [0.0184, 0.017430802240246103, 0.0009602620159999993, 0.0367910642562461], "14": [0.024800000000000003, 0.023631131836884332, 0.0015674189440000182, 0.04999855078088435], "15": [0.016800000000000002, 0.0155820870631236, 0.0013143428480000075, 0.03369642991112361], "17": [0.0596, 0.056565259176886665, 0.004800399487999999, 0.12096565866488666], "18": [0.034800000000000005, 0.03361610920431233, 0.001754528640000011, 0.07017063784431235], "19": [0.0252, 0.023819854951911728, 0.0016867908480000225, 0.050706645799911756], "20": [0.1216, 0.1306937779433943, 0.009147578048000074, 0.2614413559913944], "21": [0.0584, 0.05827307340929234, 0.004082112319999986, 0.12075518572929232], "22": [0.0176, 0.016642065006345033, 0.00021457785600000008, 0.03445664286234504], "23": [0.136, 0.1432362754531372, 0.011231776320000025, 0.2904680517731373], "24": [0.0352, 0.03411145050193423, 0.0028688080640000032, 0.07218025856593424], "25": [0.0344, 0.033243243696566616, 0.0017748423040000062, 0.06941808600056662], "26": [0.0188, 0.01768920853353764, 0.001091889216000009, 0.03758109774953765], "27": [0.049600000000000005, 0.047077133103215346, 0.002612494336000004, 0.09928962743921535], "28": [0.0148, 0.013397931927946154, 0.001262573376000004, 0.029460505303946158], "29": [0.0988, 0.10683496246639168, 0.007531901439999988, 0.21316686390639167], "30": [0.0076, 0.006922685098096098, 0.0004149618559999982, 0.014937646954096096], "32": [0.019200000000000002, 0.017862262908573536, 0.001275945152000005, 0.03833820806057354], "33": [0.045200000000000004, 0.04267709320136745, 0.003296157568000006, 0.09117325076936746], "34": [0.0036000000000000003, 0.0032607088955889504, 0.00010268281600000001, 0.00696339171158895], "36": [0.0296, 0.027447923894157657, 0.0018434370560000044, 0.058891360950157665], "37": [0.038, 0.03585947230743304, 0.0016549413120000103, 0.07551441361943305], "38": [0.0468, 0.04565720054453578, 0.0034571967999999973, 0.09591439734453577], "39": [0.0228, 0.021208301184836686, 0.001323922240000009, 0.0453322234248367], "40": [0.0352, 0.034072437247656136, 0.002107217344000013, 0.07137965459165616], "41": [0.2068, 0.22828451743318195, 0.011854854400000047, 0.44693937183318205], "42": [0.0204, 0.019267916862106903, 0.00028349292799999975, 0.039951409790106904], "43": [0.0864, 0.0843925269327977, 0.007913974144000042, 0.17870650107679775], "44": [0.0864, 0.09000230632063663, 0.006552280319999978, 0.1829545866406366], "45": [0.0908, 0.0881082744895109, 0.004546712128, 0.18345498661751092], "46": [0.058, 0.05579979316969009, 0.0036619407999999975, 0.11746173396969009], "47": [0.0536, 0.05394552790240044, 0.0023740940160000045, 0.10991962191840043], "48": [0.0412, 0.039667071554152944, 0.0020030850560000197, 0.08287015661015297], "49": [0.007200000000000001, 0.006626282248042056, 0.0003863086079999983, 0.014212590856042056], "50": [0.0092, 0.008446531014014175, 0.000554742272, 0.018201273286014175], "51": [0.11, 0.11652835658452664, 0.008555311296000066, 0.2350836678805267], "52": [0.0408, 0.0395914483074428, 0.003143531328, 0.08353497963544279], "53": [0.034800000000000005, 0.03265498541782358, 0.0022863292800000008, 0.06974131469782358], "54": [0.030000000000000002, 0.0282540777273963, 0.0016264387840000064, 0.0598805165113963], "55": [0.0804, 0.08095681970635273, 0.0031279514879999997, 0.16448477119435273], "56": [0.0308, 0.0283994421426117, 0.0035176830080000028, 0.0627171251506117], "57": [0.0896, 0.09007551106029098, 0.008138706880000032, 0.18781421794029102], "58": [0.0376, 0.0360654004529655, 0.0035368472959999946, 0.0772022477489655], "59": [0.0572, 0.05570660828696413, 0.0032461471359999947, 0.11615275542296413], "60": [0.0188, 0.017839480824341912, 0.0009391213439999992, 0.03757860216834191], "61": [0.13520000000000001, 0.14162348562879856, 0.010295212672000034, 0.28711869830079856], "62": [0.1056, 0.11551912115172348, 0.007403210624000009, 0.2285223317757235], "63": [0.1792, 0.1921397510169506, 0.011972489408000019, 0.3833122404249506], "64": [0.0436, 0.042432265714643994, 0.003604070016000005, 0.089636335730644], "65": [0.1356, 0.14937201131394995, 0.007590858175999995, 0.2925628694899499], "66": [0.018000000000000002, 0.016900083322092727, 0.002230881664000001, 0.037130964986092724], "67": [0.0092, 0.008535886457254834, 0.0001870239359999999, 0.017922910393254835], "68": [0.04, 0.03792578460568402, 0.0020969414400000006, 0.08002272604568403], "69": [0.028800000000000003, 0.02712238014182549, 0.001552838848000004, 0.057475218989825494], "70": [0.0364, 0.03424842382595402, 0.002280035455999999, 0.07292845928195402], "71": [0.024, 0.022394323545546973, 0.002481960831999999, 0.04887628437754697], "72": [0.048, 0.047205263439085314, 0.0035044284160000005, 0.09870969185508531], "73": [0.0088, 0.00794444991841142, 0.0005670158719999977, 0.01731146579041142], "74": [0.0476, 0.04735570530215109, 0.00479357465599998, 0.09974927995815107], "75": [0.0504, 0.049117955064524675, 0.003680785279999991, 0.10319874034452467], "76": [0.060000000000000005, 0.058063173044779155, 0.004114697727999995, 0.12217787077277915], "77": [0.0468, 0.04584531462455848, 0.004006705983999998, 0.09665202060855847], "78": [0.0664, 0.06565211229349192, 0.004342719679999997, 0.13639483197349192], "79": [0.0308, 0.02876925615997349, 0.0030306311039999955, 0.06259988726397349], "80": [0.0572, 0.05634480602970344, 0.003366495679999995, 0.11691130170970343], "81": [0.0064, 0.0058836754601409615, 0.00014710188799999974, 0.012430777348140961], "82": [0.0112, 0.010446113098413264, 0.00020073574400000018, 0.021846848842413266], "83": [0.004, 0.003612213430705525, 0.00023212211200000053, 0.007844335542705526], "84": [0.0316, 0.030015745704834913, 0.0022092886400000124, 0.06382503434483493], "85": [0.1716, 0.1818380659882728, 0.009472597120000007, 0.36291066310827275], "86": [0.028800000000000003, 0.02660808737550101, 0.0016108526720000089, 0.05701894004750102], "87": [0.018000000000000002, 0.01680925718305463, 0.0011766435200000038, 0.035985900703054644], "88": [0.0176, 0.01665259539405693, 0.0009660041599999985, 0.03521859955405693], "89": [0.0148, 0.013870765735595193, 0.0008194918400000001, 0.029490257575595192], "90": [0.0268, 0.02504737082114851, 0.0012783258240000035, 0.05312569664514852], "91": [0.0252, 0.023816872709251417, 0.0018040951040000275, 0.05082096781325145], "92": [0.0128, 0.011903181878293267, 0.0008757857919999986, 0.025578967670293266], "93": [0.08080000000000001, 0.079189765105262, 0.008005841344000052, 0.1679956064492621], "94": [0.015600000000000001, 0.014820393251200367, 0.0008596536959999986, 0.031280046947200366], "95": [0.061200000000000004, 0.060476213490936646, 0.003614385727999994, 0.12529059921893665], "96": [0.0216, 0.020227225556450453, 0.0011159840000000024, 0.04294320955645045], "97": [0.1136, 0.1211945371431509, 0.007586998528000007, 0.24238153567115092], "98": [0.0188, 0.01782383002834523, 0.0015422247040000274, 0.03816605473234526], "99": [0.0284, 0.02689740311612538, 0.0017939667840000076, 0.05709136990012539],