{"1": [0.1386, 0.07755736854393466, 0.008295908804999976, 0.22445327734893464], "2": [0.10800000000000001, 0.06061542454951877, 0.004997824407000064, 0.17361324895651883], "3": [0.0315, 0.016808396272067847, 0.0015965781299999916, 0.049904974402067835], "4": [0.057, 0.03057783691527294, 0.0036608116499999804, 0.09123864856527293], "5": [0.032400000000000005, 0.01741252087910029, 0.0011147184899999933, 0.050927239369100284], "6": [0.055200000000000006, 0.029477797458114557, 0.002864948480999982, 0.08754274593911454], "7": [0.025800000000000003, 0.013618266584983099, 0.0010468233539999972, 0.0404650899389831], "8": [0.0849, 0.046424426812544516, 0.0046027387260000495, 0.1359271655385446], "9": [0.022500000000000003, 0.011797207440346909, 0.0011138889689999972, 0.03541109640934691], "11": [0.028800000000000003, 0.01518340377888107, 0.0018166874850000004, 0.04580009126388108], "12": [0.05160000000000001, 0.02777441806033458, 0.003488492447999992, 0.08286291050833458], "13": [0.013800000000000002, 0.007161035830677161, 0.0005401780380000036, 0.021501213868677167], "14": [0.018600000000000002, 0.009692323277271469, 0.000881754867000008, 0.02917407814427148], "15": [0.012600000000000002, 0.006438884204085808, 0.0007394383890000055, 0.019778322593085814], "17": [0.044700000000000004, 0.02322414533095682, 0.0027016085339999886, 0.07062575386495681], "18": [0.0261, 0.013734199322066369, 0.00098717427, 0.040821373592066376], "19": [0.0189, 0.009791210087412947, 0.0009489223890000085, 0.029640132476412954], "20": [0.0912, 0.051734722820537364, 0.0051504319890000455, 0.14808515480953743], "21": [0.043800000000000006, 0.02359027078165009, 0.0022967461349999783, 0.06968701691665007], "22": [0.013200000000000002, 0.006840518346893248, 0.000120742533, 0.02016126087989325], "23": [0.10200000000000001, 0.05703355879872988, 0.006323958135000064, 0.16535751693372994], "24": [0.026400000000000003, 0.013923482091510338, 0.0016140409019999862, 0.04193752299351033], "25": [0.025800000000000003, 0.013578134692173371, 0.000998984096999999, 0.040377118789173376], "26": [0.014100000000000001, 0.0072808687610134435, 0.000614225763000005, 0.02199509452401345], "27": [0.037200000000000004, 0.019327838669737668, 0.0014707860480000045, 0.057998624717737673], "28": [0.0111, 0.005573546630078715, 0.0007102631430000021, 0.01738380977307872], "29": [0.07410000000000001, 0.04224307198923639, 0.004240960920000038, 0.12058403290923644], "30": [0.0057, 0.0028750220028705108, 0.00023342703299999903, 0.008808449035870511], "32": [0.014400000000000001, 0.007375076307322427, 0.0007178393610000036, 0.02249291566832243], "33": [0.033900000000000007, 0.017546957362660407, 0.0018550789739999916, 0.05330203633666041], "34": [0.0027, 0.0013562586980768168, 5.7764313000000055e-05, 0.004114023011076817], "36": [0.0222, 0.01134288471695648, 0.0010374400079999964, 0.03458032472495648], "37": [0.0285, 0.014744975310845678, 0.0009311658660000047, 0.044176141176845686], "38": [0.035100000000000006, 0.018603041681484973, 0.001945044899999988, 0.05564808658148497], "39": [0.0171, 0.008756718402746349, 0.0007448296950000046, 0.026601548097746355], "40": [0.026400000000000003, 0.013910246527614946, 0.0011855548169999927, 0.04149580134461494], "41": [0.15510000000000002, 0.0896042617250242, 0.0066754917000000575, 0.2513797534250243], "42": [0.015300000000000001, 0.007922009605644898, 0.00015951357899999963, 0.023381523184644898], "43": [0.06480000000000001, 0.03436731996002373, 0.0044541453420000295, 0.10362146530202376], "44": [0.06480000000000001, 0.035967143849576395, 0.0036893757599999978, 0.10445651960957641], "45": [0.06810000000000001, 0.03594995201162077, 0.0025597991789999934, 0.10660975119062077], "46": [0.043500000000000004, 0.02282215569307263, 0.0020606712749999772, 0.06838282696807262], "47": [0.04020000000000001, 0.021778612765054467, 0.0013367759129999954, 0.06331538867805447], "48": [0.030900000000000004, 0.01622206837490929, 0.0011270665079999914, 0.048249134882909286], "49": [0.0054, 0.0027442218492650496, 0.00021731144399999915, 0.00836153329326505], "50": [0.006900000000000001, 0.003500250458465318, 0.0003120843960000002, 0.01071233485446532], "51": [0.0825, 0.0463480449581252, 0.00481671195300004, 0.13366475691112525], "52": [0.030600000000000002, 0.016151769175083625, 0.0017686397789999882, 0.04852040895408361], "53": [0.0261, 0.013449714808896321, 0.0012868576650000017, 0.040836572473896326], "54": [0.022500000000000003, 0.011625016907494064, 0.0009151588620000027, 0.03504017576949407], "55": [0.060300000000000006, 0.03266429439997088, 0.0017607845339999923, 0.09472507893397089], "56": [0.023100000000000002, 0.011754270252409953, 0.0019790900189999875, 0.03683336027140994], "57": [0.06720000000000001, 0.036367183332538286, 0.004581691965000056, 0.10814887529753835], "58": [0.028200000000000003, 0.01476396881868457, 0.001990032452999992, 0.044954001271684564], "59": [0.0429, 0.022704103954189193, 0.0018263533229999946, 0.06743045727718919], "60": [0.014100000000000001, 0.007325437071815707, 0.0005282893170000027, 0.021953726388815712], "61": [0.1014, 0.056467352297059605, 0.005795690346000068, 0.1636630426430597], "62": [0.0792, 0.04549710120850819, 0.004168781982000025, 0.1288658831905082], "63": [0.13440000000000002, 0.07607967835240784, 0.006741408969000059, 0.2172210873214079], "64": [0.0327, 0.01729740035612258, 0.00202784203799998, 0.05202524239412256], "65": [0.10170000000000001, 0.058699172775641656, 0.004274293293000057, 0.16467346606864172], "66": [0.013500000000000002, 0.006960227969273999, 0.0012551182019999942, 0.02171534617127399], "67": [0.006900000000000001, 0.0035271203121546796, 0.00010522572299999998, 0.010532346035154681], "68": [0.030000000000000002, 0.015575631263139576, 0.0011804321699999997, 0.04675606343313958], "69": [0.0216, 0.01116017164226785, 0.0008740063890000017, 0.03363417803126786], "70": [0.0273, 0.014096266382097997, 0.001282897458, 0.042679163840098], "71": [0.018000000000000002, 0.009238533427393841, 0.0013965472259999973, 0.028635080653393843], "72": [0.036000000000000004, 0.019186922368382136, 0.001971855737999991, 0.05715877810638213], "73": [0.006600000000000001, 0.0033073812941592806, 0.0003189723209999994, 0.010226353615159282], "74": [0.0357, 0.019188889861377484, 0.002697356808, 0.057586246669377485], "75": [0.0378, 0.020014899628878622, 0.002070983789999988, 0.059885883418878606], "76": [0.045000000000000005, 0.023707683421633093, 0.002315465603999977, 0.07102314902563307], "77": [0.035100000000000006, 0.01865042250989204, 0.00225460658699998, 0.056005029096892034], "78": [0.049800000000000004, 0.026647216949796004, 0.002443724864999993, 0.078890941814796], "79": [0.023100000000000002, 0.01186488500673755, 0.001705057496999994, 0.03666994250373755], "80": [0.0429, 0.0228897938045381, 0.0018940903649999924, 0.06768388416953809], "81": [0.0048000000000000004, 0.002437363140789384, 8.275860900000002e-05, 0.007320121749789385], "82": [0.008400000000000001, 0.004310207523083356, 0.000112945392, 0.012823152915083357], "83": [0.003, 0.0015036915118290957, 0.0001305740159999999, 0.004634265527829095], "84": [0.023700000000000002, 0.012322101701427795, 0.0012429486449999911, 0.03726505034642779], "85": [0.1287, 0.07228472125686426, 0.005332504410000062, 0.20631722566686433], "86": [0.0216, 0.011006571590677606, 0.0009062884710000048, 0.03351286006167761], "87": [0.013500000000000002, 0.006932833129218024, 0.0006622214850000006, 0.021095054614218026], "88": [0.013200000000000002, 0.006843716852246604, 0.0005434105050000035, 0.02058712735724661], "89": [0.0111, 0.005715496611538543, 0.00046105812000000036, 0.017276554731538545], "90": [0.020100000000000003, 0.01032769463420304, 0.0007192487070000029, 0.031146943341203045], "91": [0.0189, 0.009790993769726053, 0.0010149026220000019, 0.029705896391726053], "92": [0.009600000000000001, 0.004915469198465696, 0.0004926821310000018, 0.015008151329465699],