{"0": [0.1636, 0.16136196544797782, 0.005882046568000006, 0.33084401201597785], "1": [0.1416, 0.13990711080418713, 0.0054904248720000015, 0.28699753567618713], "2": [0.10700000000000001, 0.10450087794547858, 0.005060989896000009, 0.2165618678414786], "3": [0.16, 0.16052233364392612, 0.005316196168000007, 0.3258385298119261], "4": [0.083, 0.07981545619766603, 0.0042468269760000095, 0.16706228317366603], "5": [0.1486, 0.14766920146961235, 0.005344852272000002, 0.3016140537416123], "6": [0.14780000000000001, 0.14756310159726102, 0.004987912256000003, 0.300351013853261], "7": [0.11120000000000001, 0.10872752882136638, 0.004658663160000004, 0.2245861919813664], "8": [0.13240000000000002, 0.13040770569840163, 0.005045086440000002, 0.26785279213840163], "9": [0.0782, 0.07505928426352272, 0.004739320064000008, 0.15799860432752275], "10": [0.1226, 0.12148245039678991, 0.00461502004800001, 0.24869747044478993], "11": [0.0786, 0.07548198804851151, 0.004107465008000013, 0.15818945305651155], "12": [0.1046, 0.10198879312581526, 0.00467280026400001, 0.21126159338981526], "13": [0.1082, 0.10680715529353965, 0.004317838936000008, 0.21932499422953966], "14": [0.1028, 0.10121724631800962, 0.004337892000000006, 0.20835513831800961], "15": [0.0936, 0.09145286748841956, 0.0040546329520000065, 0.18910750044041957], "16": [0.1192, 0.11716115780134015, 0.005143540408000006, 0.24150469820934015], "17": [0.091, 0.08629893685393109, 0.005854829864000012, 0.1831537667179311], "18": [0.0994, 0.0979020833942507, 0.0042345922400000065, 0.2015366756342507], "19": [0.11460000000000001, 0.11265974491860464, 0.0052700960560000025, 0.23252984097460466], "20": [0.1072, 0.10464799710006208, 0.005171734943999997, 0.21701973204406208], "21": [0.064, 0.06105753146781888, 0.0038950828720000067, 0.1289526143398189], "22": [0.0526, 0.048752090334764006, 0.0040464593440000035, 0.105398549678764], "23": [0.09860000000000001, 0.09610364988185227, 0.00498802024, 0.1996916701218523], "24": [0.1078, 0.10592297357126734, 0.004905925544000005, 0.21862889911526737], "25": [0.0964, 0.09394791134083043, 0.00433783566400001, 0.19468574700483043], "26": [0.11180000000000001, 0.11036100972381009, 0.004504207992000015, 0.2266652177158101], "27": [0.0698, 0.06675319275759921, 0.0037237920480000025, 0.1402769848055992], "28": [0.1032, 0.10125420440830561, 0.00456415534400001, 0.20901835975230562], "29": [0.0828, 0.08004983978589088, 0.0040786012800000035, 0.1669284410658909], "30": [0.0584, 0.05561709574760671, 0.0034134993040000018, 0.11743059505160672], "31": [0.10360000000000001, 0.10131080305568542, 0.0045529526560000085, 0.20946375571168543], "32": [0.0742, 0.07010849219700784, 0.005132191912000001, 0.14944068410900785], "33": [0.0726, 0.06967852990144911, 0.003877946496000005, 0.14615647639744914], "34": [0.075, 0.07206237548834543, 0.004028561920000009, 0.15109093740834545], "35": [0.0838, 0.08129236890793008, 0.004119217152000008, 0.16921158605993009], "36": [0.08560000000000001, 0.08318699432653666, 0.004172554600000003, 0.17295954892653664], "37": [0.0854, 0.08268712822530892, 0.003956709184000008, 0.17204383740930893], "38": [0.0674, 0.06479690350431216, 0.0035401062640000036, 0.13573700976831218], "39": [0.07740000000000001, 0.07532791067190255, 0.0035082559600000045, 0.15623616663190257], "40": [0.0256, 0.023451132456189117, 0.002310700375999998, 0.05136183283218912], "41": [0.0852, 0.08320232249847008, 0.004129336936000006, 0.1725316594344701], "42": [0.048600000000000004, 0.046015900308678866, 0.0028092741200000035, 0.09742517442867887], "43": [0.028800000000000003, 0.026441894098606082, 0.0023988865200000047, 0.057640780618606086], "44": [0.0782, 0.07623136334188818, 0.0035259574160000067, 0.15795732075788818], "45": [0.0848, 0.08266432344934434, 0.0036905337600000045, 0.17115485720934434], "46": [0.0816, 0.07925665108084097, 0.004038987208000006, 0.16489563828884096], "47": [0.0748, 0.07235470673139743, 0.003719113616000006, 0.15087382034739744], "48": [0.0636, 0.06098196677886081, 0.0034581260160000053, 0.1280400927948608], "49": [0.0756, 0.0728169895536464, 0.0035822238399999986, 0.15199921339364642], "50": [0.058600000000000006, 0.05594552015433649, 0.0033455454560000035, 0.1178910656103365], "51": [0.0494, 0.046779034368223844, 0.0025803490560000007, 0.09875938342422384], "52": [0.06720000000000001, 0.06508118536743264, 0.003319877704000003, 0.13560106307143266], "53": [0.0606, 0.05824285487802512, 0.00283950816, 0.12168236303802513], "54": [0.068, 0.0655596996248768, 0.0033447621680000044, 0.1369044617928768], "55": [0.0694, 0.06698379004421712, 0.003272585552000003, 0.13965637559621713], "56": [0.0446, 0.042424517427501286, 0.0022429986560000017, 0.08926751608350128], "57": [0.048400000000000006, 0.04551015075398593, 0.003278369056000003, 0.09718851980998593], "58": [0.0634, 0.061215183692141274, 0.0031866378240000075, 0.12780182151614128], "59": [0.055400000000000005, 0.05287512947512367, 0.0030800154720000026, 0.11135514494712367], "60": [0.060200000000000004, 0.057872553341716336, 0.003058632271999999, 0.12113118561371634], "61": [0.06420000000000001, 0.06164241800636272, 0.0029615771760000014, 0.12880399518236274], "62": [0.0656, 0.06335298159123681, 0.003202194432000002, 0.13215517602323681], "63": [0.0238, 0.021769715708057122, 0.0018735542319999984, 0.04744326994005712], "64": [0.0784, 0.0762335461539232, 0.0038360877440000033, 0.15846963389792323], "65": [0.0698, 0.06735681942080624, 0.003393385200000002, 0.14055020462080625], "66": [0.055, 0.05289159261581618, 0.0026934378000000032, 0.11058503041581619], "67": [0.061000000000000006, 0.058508361565346396, 0.0032444076400000047, 0.1227527692053464], "68": [0.049800000000000004, 0.04742754084264913, 0.002365913543999999, 0.09959345438664913], "69": [0.061000000000000006, 0.058759332431552146, 0.0030651554560000046, 0.12282448788755215], "70": [0.057, 0.05474045453334065, 0.003052610736000005, 0.11479306526934066], "71": [0.055200000000000006, 0.05311278376791168, 0.0027782481760000037, 0.11109103194391169], "72": [0.0264, 0.024352792475114238, 0.0021005327520000018, 0.05285332522711424], "73": [0.0328, 0.03025250757590784, 0.002623290928000002, 0.06567579850390784], "74": [0.046200000000000005, 0.043902729241745445, 0.0025500430319999995, 0.09265277227374545], "75": [0.059000000000000004, 0.05652975573401425, 0.0029629410960000046, 0.11849269683001426], "76": [0.0494, 0.046996043306620966, 0.0030130398000000037, 0.09940908310662097], "77": [0.052000000000000005, 0.04976093288251711, 0.0027054560800000038, 0.10446638896251711], "78": [0.053000000000000005, 0.050596479906372, 0.0030220618800000003, 0.10661854178637199], "79": [0.016, 0.01458865267816768, 0.0014875290399999994, 0.03207618171816768], "80": [0.0488, 0.04655064514980768, 0.0028787243920000024, 0.09822936954180768], "81": [0.027200000000000002, 0.025039725973980798, 0.0021440848239999972, 0.0543838107979808], "82": [0.0448, 0.042662355566072965, 0.0023051152320000003, 0.08976747079807296], "83": [0.048600000000000004, 0.046710352893223527, 0.0023641042880000003, 0.09767445718122354], "84": [0.0466, 0.04423185502317232, 0.0026691945840000013, 0.09350104960717232], "85": [0.051000000000000004, 0.0487580287780824, 0.0025777943439999973, 0.1023358231220824], "86": [0.0218, 0.019976438975907684, 0.0018546551840000003, 0.043631094159907687], "87": [0.039400000000000004, 0.03728838328752368, 0.002227462688000001, 0.07891584597552369], "88": [0.054, 0.051961912781624965, 0.002554321712000004, 0.10851623449362496], "89": [0.046200000000000005, 0.04418957959481264, 0.0024150798320000007, 0.09280465942681264], "90": [0.0352, 0.03327502385858208, 0.001874417232000001, 0.0703494410905821], "91": [0.024200000000000003, 0.022225998246861597, 0.0016943409679999993, 0.0481203392148616], "92": [0.024200000000000003, 0.022225998246861597, 0.0016943409679999993, 0.0481203392148616], "93": [0.024200000000000003, 0.022225998246861597, 0.0016943409679999993, 0.0481203392148616],