{"1": [0.023100000000000002, 0.021102002684879106, 0.0002310236518749994, 0.04443302633675411], "2": [0.018000000000000002, 0.01644990166143478, 0.0001390734926249992, 0.03458897515405979], "3": [0.00525, 0.004765559443662519, 4.436864874999913e-05, 0.01005992809241252], "4": [0.0095, 0.008628907972820227, 0.0001018523687499989, 0.018230760341570226], "5": [0.0054, 0.004905880107062831, 3.104198375000004e-05, 0.010336922090812831], "6": [0.0092, 0.008351485975348705, 7.969490037499925e-05, 0.0176311808757237], "7": [0.0043, 0.003897600128374104, 2.908598775000022e-05, 0.008226686116124104], "8": [0.014150000000000001, 0.01288576497548956, 0.00012804439224999963, 0.02716380936773956], "9": [0.0037500000000000003, 0.003396015304481161, 3.0950643375000004e-05, 0.007176965947856161], "11": [0.0048000000000000004, 0.004349925540063462, 5.050225687499988e-05, 0.009200427796938462], "12": [0.0086, 0.007815111187273781, 9.701292799999919e-05, 0.016512124115273783], "13": [0.0023, 0.0020800524128184346, 1.5007074249999941e-05, 0.004395059487068435], "14": [0.0031000000000000003, 0.002805092076368271, 2.449886512500018e-05, 0.005929590941493272], "15": [0.0021000000000000003, 0.0018953200776494412, 2.0548325875000104e-05, 0.004015868403524442], "17": [0.00745, 0.006738235463657385, 7.514078024999942e-05, 0.014263376243907383], "18": [0.004350000000000001, 0.003941095092639955, 2.7439001250000103e-05, 0.008318534093889957], "19": [0.00315, 0.0028481204778749362, 2.6366075875000233e-05, 0.006024486553749937], "20": [0.0152, 0.013910372867097294, 0.00014340917587499918, 0.02925378204297229], "21": [0.0073, 0.006634661240329865, 6.383725062499883e-05, 0.013998498490954863], "22": [0.0022, 0.0019891853205483657, 3.356909875e-06, 0.004192542230423366], "23": [0.017, 0.015527287698820821, 0.00017608800062499935, 0.03270337569944582], "24": [0.0044, 0.0039877212713747435, 4.48578282499992e-05, 0.008432579099624742], "25": [0.0043, 0.003895772567488145, 2.7793676375000028e-05, 0.008223566243863145], "26": [0.00235, 0.0021238976230718255, 1.7064471125000064e-05, 0.004490962094196826], "27": [0.006200000000000001, 0.005607458220344875, 4.0942527999999925e-05, 0.011848400748344876], "28": [0.00185, 0.0016658728864654057, 1.9734088625000033e-05, 0.003535606975090406], "29": [0.01235, 0.011311020448113052, 0.00011810074499999919, 0.02377912119311305], "30": [0.00095, 0.000855959160738041, 6.484847374999987e-06, 0.0018124440081130411], "32": [0.0024000000000000002, 0.002166695595242532, 1.994833037500005e-05, 0.004586643925617533], "33": [0.0056500000000000005, 0.005107540969880136, 5.1598745249999377e-05, 0.010809139715130136], "34": [0.00045000000000000004, 0.0004052327903237223, 1.6049273749999993e-06, 0.0008568377176987223], "36": [0.0037, 0.0033391648684576117, 2.885296300000006e-05, 0.007068017831457612], "37": [0.00475, 0.004293744151732492, 2.5883869750000112e-05, 0.009069628021482493], "38": [0.00585, 0.0053054134035831904, 5.405483749999889e-05, 0.01120946824108319], "39": [0.00285, 0.002572864133331417, 2.0698285625000106e-05, 0.005443562418956416], "40": [0.0044, 0.003987129642900894, 3.294909637499963e-05, 0.008420078739275893], "41": [0.02585, 0.02371711220177566, 0.0001859258874999997, 0.04975303808927566], "42": [0.00255, 0.0023053733056322637, 4.434322124999991e-06, 0.0048598076277572635], "43": [0.0108, 0.00979484336938237, 0.0001239022932499995, 0.02071874566263237], "44": [0.0108, 0.009854555355455595, 0.00010274085999999961, 0.020757296215455592], "45": [0.01135, 0.010286675331212122, 7.126342212499978e-05, 0.02170793875333712], "46": [0.00725, 0.0065658133743839355, 5.729847812499885e-05, 0.013873111852508935], "47": [0.0067, 0.006093444835111947, 3.722627737499964e-05, 0.012830671112486947], "48": [0.00515, 0.0046644903155452, 3.1330400499999965e-05, 0.0098458207160452], "49": [0.0009000000000000001, 0.0008117020536851983, 6.037321499999998e-06, 0.0017177393751851985], "50": [0.00115, 0.0010369196957224647, 8.671918499999984e-06, 0.0021955916142224648], "51": [0.01375, 0.01256777878532894, 0.00013409959237499914, 0.02645187837770394], "52": [0.0051, 0.004622560769287161, 4.9156897124999094e-05, 0.00977171766641216], "53": [0.004350000000000001, 0.003930061027632143, 3.580142437499981e-05, 0.008315862452007146], "54": [0.0037500000000000003, 0.0033893132371390264, 2.5441013250000044e-05, 0.007164754250389027], "55": [0.01005, 0.009139673784460988, 4.900178024999962e-05, 0.019238675564710987], "56": [0.00385, 0.0034727922473382464, 5.500203712499921e-05, 0.007377794284463246], "57": [0.0112, 0.010184723204286839, 0.00012752403687499948, 0.02151224724116184], "58": [0.0047, 0.004255376884443021, 5.5317279874999355e-05, 0.00901069416431802], "59": [0.00715, 0.006482965925650872, 5.0759506124998906e-05, 0.013683725431775871], "60": [0.00235, 0.0021255990640055237, 1.4677033874999934e-05, 0.004490276097880524], "61": [0.016900000000000002, 0.015427482448371074, 0.00016131314974999943, 0.032488795598121074], "62": [0.0132, 0.012101693482343238, 0.00011611033324999974, 0.025417803815593238], "63": [0.0224, 0.020493846467471474, 0.0001877393933749994, 0.043081585860846476], "64": [0.00545, 0.004941219127726541, 5.636732424999915e-05, 0.010447586451976541], "65": [0.01695, 0.015549809993916308, 0.00011903839487499916, 0.03261884838879131], "66": [0.0022500000000000003, 0.0020330459900349544, 3.4881565749999623e-05, 0.004317927555784954], "67": [0.00115, 0.0010379514368080928, 2.924656125e-06, 0.0021908760929330927], "68": [0.005, 0.004521735958173938, 3.285246374999994e-05, 0.009554588421923938], "69": [0.0036000000000000003, 0.0032536205134710487, 2.4315075875000053e-05, 0.006877935589346049], "70": [0.00455, 0.004111970473973954, 3.56622567499998e-05, 0.008697632730723956], "71": [0.003, 0.00270906743033277, 3.882382974999961e-05, 0.00574789126008277], "72": [0.006, 0.005445283803722452, 5.4816461749999054e-05, 0.01150010026547245], "73": [0.0011, 0.0009902690209974458, 8.86214037499999e-06, 0.0020991311613724455], "74": [0.00595, 0.0054061294194559534, 7.499401299999947e-05, 0.011431123432455953], "75": [0.0063, 0.005712590749266573, 5.7564971249999134e-05, 0.01207015572051657], "76": [0.007500000000000001, 0.006796001241604354, 6.438433149999876e-05, 0.014360385573104352], "77": [0.00585, 0.005306933572607262, 6.26859101249988e-05, 0.01121961948273226], "78": [0.0083, 0.007536726389410407, 6.794687437499941e-05, 0.015904673263785408], "79": [0.00385, 0.0034770638839518885, 4.7385451374999255e-05, 0.007374449335326889], "80": [0.00715, 0.006490035262264098, 5.2643936874998964e-05, 0.013692679199139097], "81": [0.0008, 0.0007214319055512391, 2.2998083750000034e-06, 0.0015237317139262393], "82": [0.0014, 0.0012642138934564307, 3.1395619999999998e-06, 0.0026673534554564307], "83": [0.0005, 0.0004501365163997636, 3.627426000000004e-06, 0.0009537639423997636], "84": [0.00395, 0.0035730496713076263, 3.4541891874999594e-05, 0.007557591563182626], "85": [0.02145, 0.019604651128570516, 0.00014841460374999957, 0.041203065732320514], "86": [0.0036000000000000003, 0.003247875576480959, 2.5187446625000097e-05, 0.006873063023105959], "87": [0.0022500000000000003, 0.002031902953233489, 1.8420006875000067e-05, 0.00430032296010849], "88": [0.0022, 0.0019893895748123044, 1.509703937499994e-05, 0.004204486614187305], "89": [0.00185, 0.0016713283985223897, 1.2813695000000002e-05, 0.0035341420935223896], "90": [0.00335, 0.003025599369369996, 1.999235512500003e-05, 0.006395591724494995], "91": [0.00315, 0.0028481321631001573, 2.8198623250000278e-05, 0.006026330786350158], "92": [0.0016, 0.0014444391145751415, 1.3689269124999957e-05, 0.0030581283837001413], "93": [0.010100000000000001, 0.009162884976932345, 0.00012531109637499977, 0.01938819607330735], "94": [0.0019500000000000001, 0.00176402595115431, 1.3434636124999937e-05, 0.00372746058727931], "95": [0.0076500000000000005, 0.0069458238131449405, 5.652309712499885e-05, 0.01465234691026994],