{"0": [0.7362000000000001, 1.575602414771099, 0.11838614850900017, 2.4301885632800992], "1": [0.6372000000000001, 1.358775254606134, 0.11056483646100014, 2.106540091067134], "2": [0.48150000000000004, 0.9173599567628318, 0.10203356427300021, 1.500893521035832], "3": [0.7200000000000001, 1.7433190492154444, 0.10697230080900007, 2.5702913500244446], "4": [0.37350000000000005, 0.6118806100750698, 0.0857138231880001, 1.0710944332630699], "5": [0.6687000000000001, 1.509137128079498, 0.10761893328600011, 2.2854560613654984], "6": [0.6651, 1.5422515692262497, 0.10043767432800008, 2.3077892435542497], "7": [0.5004000000000001, 0.9546182641569587, 0.09391715545500018, 1.5489354196119591], "8": [0.5958000000000001, 1.2391396047966228, 0.10167300184500021, 1.9366126066416232], "9": [0.35190000000000005, 0.571631971688672, 0.09564521083200024, 1.0191771825206724], "10": [0.5517000000000001, 1.1838007919438738, 0.09301331687400008, 1.828514108817874], "11": [0.3537, 0.5753377890639351, 0.0829142838540001, 1.0119520729179352], "12": [0.47070000000000006, 0.877723924636464, 0.09421314905700018, 1.4426370736934642], "13": [0.48690000000000005, 0.9879214366009104, 0.08708745804300004, 1.5619088946439106], "14": [0.46260000000000007, 0.9167871440164966, 0.08749445850000008, 1.4668816025164968], "15": [0.4212, 0.7912468104276943, 0.0818223177510002, 1.2942691281786944], "16": [0.5364000000000001, 1.0694229083807691, 0.10366201467900014, 1.7094849230597693], "17": [0.40950000000000003, 0.5785459389661298, 0.11810031635700033, 1.10614625532313], "18": [0.44730000000000003, 0.8855496403991007, 0.08541541287000012, 1.418265053269101], "19": [0.5157, 1.0292784964670052, 0.10621595310300014, 1.6511944495700055], "20": [0.48240000000000005, 0.9074998449176686, 0.10426375177200008, 1.4941635966896685], "21": [0.28800000000000003, 0.4379210992255329, 0.0786148117110002, 0.8045359109365331], "22": [0.23670000000000002, 0.27624209843033104, 0.08175789772200011, 0.5946999961523312], "23": [0.44370000000000004, 0.8179342207956114, 0.10059209937000022, 1.3622263201656117], "24": [0.48510000000000003, 0.9575464356977189, 0.09890596019700022, 1.541552395894719], "25": [0.4338, 0.8008233780505326, 0.0875120048820001, 1.3221353829325329], "26": [0.5031, 1.0307869943996013, 0.09081671327100016, 1.6247037076706015], "27": [0.31410000000000005, 0.4871604435669716, 0.07519927037400014, 0.8764597139409718], "28": [0.46440000000000003, 0.9006682719461225, 0.092041090722, 1.4571093626681224], "29": [0.37260000000000004, 0.6367838724243831, 0.08232527664, 1.091709149064383], "30": [0.26280000000000003, 0.39067333690225997, 0.06893478407700013, 0.7224081209792602], "31": [0.46620000000000006, 0.8805494408082623, 0.09182255077800014, 1.4385719915862625], "32": [0.33390000000000003, 0.4582782423935639, 0.10361729798100011, 0.8957955403745641], "33": [0.32670000000000005, 0.5237082748766052, 0.07830349444800015, 0.9287117693246054], "34": [0.3375, 0.5469565873903511, 0.08131485996000018, 0.9657714473503514], "35": [0.37710000000000005, 0.6612450202365755, 0.08313186297599999, 1.1214768832125757], "36": [0.38520000000000004, 0.6875884152272684, 0.08420751292500005, 1.1569959281522684], "37": [0.38430000000000003, 0.664426969760093, 0.0798646093920002, 1.128591579152093], "38": [0.3033, 0.4886097178379844, 0.07148489330700013, 0.8633946111449845], "39": [0.34830000000000005, 0.6243254203238711, 0.07083919435500008, 1.043464614678871], "40": [0.11520000000000001, 0.12151073079297893, 0.046702406763000005, 0.28341313755597897], "41": [0.3834, 0.7057890891083068, 0.08332543329300003, 1.172514522401307], "42": [0.21870000000000003, 0.3098192706678753, 0.05677114918500006, 0.5852904198528753], "43": [0.12960000000000002, 0.13928518429058825, 0.04848435913500006, 0.3173695434255883], "44": [0.35190000000000005, 0.6379402352686085, 0.07119633453300006, 1.0610365698016087], "45": [0.38160000000000005, 0.693842427179667, 0.07449330888000011, 1.1499357360596671], "46": [0.3672, 0.6478461428127671, 0.08152492932899992, 1.096571072141767], "47": [0.3366, 0.5712558393914321, 0.07509613825800014, 0.9829519776494322], "48": [0.2862, 0.4520128391275266, 0.06984887320800011, 0.8080617123355268], "49": [0.34020000000000006, 0.5607645799715933, 0.07234327241999994, 0.9733078523915933], "50": [0.26370000000000005, 0.4015983103190747, 0.06758750467800011, 0.732885814997075], "51": [0.22230000000000003, 0.315174329349012, 0.0521634077279999, 0.589637737077012], "52": [0.3024, 0.5163685272704289, 0.06705159077700001, 0.885820118047429], "53": [0.2727, 0.4361439495460197, 0.057380131079999966, 0.7662240806260197], "54": [0.30600000000000005, 0.5067973686408647, 0.06755865255900005, 0.8803560211998648], "55": [0.3123, 0.5179239773947364, 0.06609873342600005, 0.8963227108207364], "56": [0.20070000000000002, 0.2928125855274438, 0.045349752527999894, 0.5388623380554437], "57": [0.21780000000000002, 0.2859374706480771, 0.06625720522800001, 0.5699946758760772], "58": [0.28530000000000005, 0.4741025329106672, 0.0643676667120001, 0.8237701996226674], "59": [0.24930000000000002, 0.37693184843279326, 0.062235329886000036, 0.6884671783187933], "60": [0.27090000000000003, 0.4356819823250321, 0.06180067578600005, 0.7683826581110321], "61": [0.28890000000000005, 0.45983394916711073, 0.059842745162999963, 0.8085766943301107], "62": [0.2952, 0.4926791637069764, 0.06468244761600006, 0.8525616113229765], "63": [0.10710000000000001, 0.11129535500741827, 0.037902209391, 0.25629756439841833], "64": [0.35280000000000006, 0.6233853207691403, 0.07744035067200003, 1.0536256714411405], "65": [0.31410000000000005, 0.5200785269316041, 0.06853072635, 0.9027092532816041], "66": [0.24750000000000003, 0.39491243267637627, 0.05443422952499998, 0.6968466622013763], "67": [0.2745, 0.4335122805622957, 0.06554954119500003, 0.7735618217572957], "68": [0.22410000000000002, 0.33126974711252244, 0.04782991169699993, 0.6031996588095224], "69": [0.2745, 0.44764522333652135, 0.061930160927999967, 0.7840753842645213], "70": [0.2565, 0.4067972376491545, 0.061680048317999926, 0.7249772859671544], "71": [0.2484, 0.3982081375873653, 0.05614670503799999, 0.7027548426253654], "72": [0.11880000000000002, 0.13265162245805384, 0.042482827025999995, 0.29393444948405384], "73": [0.1476, 0.16462019488698776, 0.053045870813999974, 0.36526606570098774], "74": [0.20790000000000003, 0.30176369088591776, 0.05154786629099997, 0.5612115571769177], "75": [0.2655, 0.4151515312917749, 0.05986780737299997, 0.7405193386647749], "76": [0.22230000000000003, 0.32652893307686065, 0.060889301775000015, 0.6097182348518606], "77": [0.234, 0.3591025827846567, 0.05468173029, 0.6477843130746567], "78": [0.23850000000000002, 0.35986415145562284, 0.061070728814999996, 0.6594348802706228], "79": [0.07200000000000001, 0.07275937624544329, 0.030097588770000013, 0.17485696501544332], "80": [0.21960000000000002, 0.3278233491361234, 0.058178245220999916, 0.6056015943571232], "81": [0.12240000000000001, 0.1342865381025217, 0.04336135958700001, 0.3000478976895217], "82": [0.20160000000000003, 0.2962388370193817, 0.046604535515999926, 0.5444433725353817], "83": [0.21870000000000003, 0.34482971907895915, 0.04778978324399992, 0.6113195023229592], "84": [0.20970000000000003, 0.3017127605394982, 0.05395725146700002, 0.5653700120064983], "85": [0.2295, 0.3489961613337685, 0.052106379597, 0.6306025409307685], "86": [0.0981, 0.10345678016597877, 0.03752098864199994, 0.2390777688079787], "87": [0.1773, 0.2470284636871906, 0.045042522444, 0.4693709861311906], "88": [0.24300000000000002, 0.3889042791048851, 0.05162591100599999, 0.6835301901108851], "89": [0.20790000000000003, 0.31606691611831933, 0.04882313969099997, 0.5727900558093193], "90": [0.1584, 0.21770427413818733, 0.03790997526599994, 0.4140142494041873], "91": [0.10890000000000001, 0.11707510624535862, 0.034280705708999964, 0.2602558119543586], "92": [0.10890000000000001, 0.11707510624535862, 0.034280705708999964, 0.2602558119543586],