{"0": [40.9, 166.38762499999996, 208.76112500000016, 416.04875000000015], "1": [35.4, 201.97112499999997, 207.83362500000004, 445.20475], "2": [26.749999999999996, 163.67225000000008, 217.17712500000013, 407.59937500000024], "3": [40.0, 230.20299999999992, 182.8238749999999, 453.0268749999998], "4": [20.75, 127.01387499999998, 202.97400000000013, 350.73787500000014], "5": [37.15, 215.70212500000005, 199.16174999999996, 452.013875], "6": [36.949999999999996, 222.07525000000004, 187.12912500000022, 446.15437500000024], "7": [27.799999999999997, 169.36774999999997, 198.7743750000002, 395.94212500000015], "8": [33.099999999999994, 194.70762500000004, 207.7256250000001, 435.5332500000001], "9": [19.549999999999997, 115.78162499999998, 224.62100000000012, 359.9526250000001], "10": [30.65, 195.15275000000005, 191.64075000000028, 417.4435000000003], "11": [19.65, 119.28512499999998, 199.2132500000002, 338.14837500000016], "12": [26.15, 154.25087499999998, 201.79162500000027, 382.1925000000002], "13": [27.049999999999997, 152.16325, 193.29137500000013, 372.50462500000015], "14": [25.7, 146.17037499999998, 194.96975000000015, 366.8401250000001], "15": [23.4, 160.880375, 191.05487500000027, 375.33525000000026], "16": [29.799999999999997, 182.856125, 212.85137499999996, 425.50749999999994], "17": [22.749999999999996, 91.18762499999998, 264.934625, 378.87224999999995], "18": [24.849999999999998, 150.525375, 191.11825000000005, 366.49362500000007], "19": [28.65, 184.33575, 218.82587500000028, 431.8116250000003], "20": [26.799999999999997, 171.42812499999994, 221.37600000000026, 419.6041250000002], "21": [15.999999999999998, 85.56299999999999, 186.21737500000017, 287.78037500000016], "22": [13.149999999999999, 35.14812499999999, 212.74225000000013, 261.0403750000001], "23": [24.65, 156.6168750000001, 220.5587500000001, 401.8256250000002], "24": [26.95, 176.62650000000002, 210.21912500000008, 413.7956250000001], "25": [24.099999999999998, 161.61200000000002, 198.8372500000002, 384.54925000000026], "26": [27.95, 186.5925, 195.1098750000002, 409.6523750000002], "27": [17.45, 102.33462500000002, 187.1707499999999, 306.95537499999995], "28": [25.799999999999997, 181.788375, 201.1497499999999, 408.73812499999985], "29": [20.7, 138.229, 196.41750000000016, 355.34650000000016], "30": [14.6, 82.58999999999996, 171.93662500000016, 269.1266250000001], "31": [25.9, 178.54299999999995, 202.2752500000002, 406.7182500000001], "32": [18.549999999999997, 75.63512499999999, 252.78362500000043, 346.9687500000004], "33": [18.15, 113.666125, 192.98400000000007, 324.8001250000001], "34": [18.75, 117.31462499999998, 193.92249999999993, 329.9871249999999], "35": [20.95, 143.776875, 195.4680000000001, 360.1948750000001], "36": [21.4, 151.63324999999998, 197.8281250000002, 370.8613750000002], "37": [21.349999999999998, 144.82587499999997, 190.47850000000008, 356.6543750000001], "38": [16.849999999999998, 108.54787499999998, 176.84537500000022, 302.2432500000002], "39": [19.349999999999998, 140.081875, 174.69437500000055, 334.12625000000054], "40": [6.3999999999999995, 9.964499999999997, 124.81587499999992, 141.1803749999999], "41": [21.299999999999997, 155.77700000000002, 193.60712500000014, 370.6841250000001], "42": [12.149999999999999, 64.10312499999999, 149.96562500000053, 226.2187500000005], "43": [7.199999999999999, 12.7545, 129.489375, 149.443875], "44": [19.549999999999997, 145.583125, 175.51212500000025, 340.64525000000026], "45": [21.2, 153.9385, 177.96000000000026, 353.0985000000003], "46": [20.4, 145.47924999999998, 194.34512500000014, 360.2243750000001], "47": [18.7, 130.34474999999998, 185.03525000000027, 334.08000000000027], "48": [15.899999999999999, 99.68374999999999, 177.0090000000003, 292.59275000000025], "49": [18.9, 125.55649999999997, 180.68500000000012, 325.14150000000006], "50": [14.649999999999999, 87.19387499999998, 174.01025000000044, 275.8541250000004], "51": [12.35, 66.14462499999999, 141.80400000000031, 220.2986250000003], "52": [16.799999999999997, 119.30924999999996, 168.86162500000034, 304.9708750000003], "53": [15.149999999999999, 98.33637499999998, 151.14000000000024, 264.6263750000002], "54": [17.0, 114.13174999999995, 171.1088750000005, 302.2406250000005], "55": [17.349999999999998, 118.129875, 166.96175000000042, 302.4416250000004], "56": [11.149999999999999, 64.939375, 124.60399999999997, 200.69337499999995], "57": [12.1, 50.7345, 176.40400000000014, 239.23850000000013], "58": [15.849999999999998, 108.82012499999998, 163.6485000000005, 288.31862500000045], "59": [13.85, 84.00187499999998, 162.86175000000017, 260.71362500000015], "60": [15.049999999999999, 100.06162499999999, 161.16424999999998, 276.275875], "61": [16.049999999999997, 102.44012499999998, 156.7308750000003, 275.2210000000003], "62": [16.4, 114.15050000000001, 164.56800000000035, 295.1185000000004], "63": [5.949999999999999, 10.415374999999997, 108.91487499999984, 125.28024999999984], "64": [19.599999999999998, 143.45124999999996, 186.9635000000002, 350.01475000000016], "65": [17.45, 120.36087499999998, 171.39375000000018, 309.2046250000002], "66": [13.749999999999998, 92.67937499999996, 144.65062500000036, 251.08000000000033], "67": [15.249999999999998, 98.642625, 169.90187500000025, 283.79450000000026], "68": [12.45, 72.81487499999999, 130.339125, 215.60399999999998], "69": [15.249999999999998, 104.32462499999997, 160.9990000000003, 280.5736250000003], "70": [14.249999999999998, 94.36262499999998, 161.07525000000052, 269.68787500000053], "71": [13.799999999999999, 94.03199999999997, 148.86775000000003, 256.69975], "72": [6.6, 16.25375, 119.65424999999983, 142.50799999999984], "73": [8.2, 20.958750000000002, 147.31825000000035, 176.47700000000034], "74": [11.549999999999999, 66.12512499999998, 139.50487500000003, 217.18], "75": [14.749999999999998, 93.75637499999998, 156.25462500000015, 264.76100000000014], "76": [12.35, 71.348125, 160.9218750000002, 244.62000000000018], "77": [12.999999999999998, 83.19874999999999, 146.30875000000037, 242.50750000000036], "78": [13.249999999999998, 81.14062499999999, 161.20687500000017, 255.59750000000014], "79": [3.9999999999999996, 5.5299999999999985, 87.50874999999989, 97.0387499999999], "80": [12.2, 73.99949999999998, 154.46612500000037, 240.66562500000038], "81": [6.8, 16.0505, 121.63037499999984, 144.48087499999986], "82": [11.2, 66.73324999999998, 127.81049999999995, 205.74374999999992], "83": [12.149999999999999, 82.36137499999998, 129.45949999999985, 223.97087499999984], "84": [11.649999999999999, 66.01787499999999, 146.19787500000015, 223.86575000000013], "85": [12.749999999999998, 80.09962499999999, 140.48162500000018, 233.33125000000018], "86": [5.449999999999999, 10.663624999999998, 108.05974999999991, 124.17337499999991], "87": [9.85, 53.83662499999999, 125.25199999999981, 188.9386249999998], "88": [13.499999999999998, 91.93774999999998, 137.88425000000015, 243.32200000000012], "89": [11.549999999999999, 74.24712499999998, 132.88737500000013, 218.68450000000013], "90": [8.799999999999999, 47.55749999999998, 106.83675000000007, 163.19425000000004], "91": [6.05, 12.372374999999998, 99.37512499999985, 117.79749999999986], "92": [6.05, 12.372374999999998, 99.37512499999985, 117.79749999999986], "93": [6.05, 12.372374999999998, 99.37512499999985, 117.79749999999986], "94": [12.049999999999999, 81.42737500000001, 134.50250000000025, 227.97987500000028], "95": [7.3999999999999995, 18.701999999999995, 132.26799999999997, 158.36999999999998], "96": [7.35, 20.357875, 132.42324999999983, 160.13112499999983], "97": [13.6, 91.60674999999999, 148.15000000000018, 253.35675000000015], "98": [8.049999999999999, 41.13612500000001, 106.29262499999996, 155.47874999999996], "99": [9.299999999999999, 50.393499999999996, 117.57687499999992, 177.27037499999992], "100": [13.45, 86.607625, 150.79112500000022, 250.84875000000022], "101": [4.3, 6.504999999999998, 88.58412499999983, 99.38912499999982], "102": [12.6, 74.451, 151.67237500000005, 238.72337500000003],