{"1": [1.848, 2.091983189760001, 1.4197257600000048, 5.359708949760006], "2": [1.44, 1.6878319037440006, 0.8652922239999891, 3.9931241277439895], "3": [0.42, 0.3598419869440001, 0.28201216000000184, 1.061854146944002], "4": [0.76, 0.666294358528, 0.6353567999999864, 2.0616511585279866], "5": [0.432, 0.378610607104, 0.19082368000000055, 1.0014342871040005], "6": [0.736, 0.6275140085759999, 0.4986209920000029, 1.8621350005760027], "7": [0.34400000000000003, 0.272596289024, 0.18538572800000247, 0.8019820170240024], "8": [1.1320000000000001, 1.1434342920960006, 0.8002168319999937, 3.075651124095994], "9": [0.3, 0.22626029888000004, 0.19714540800000194, 0.7234057068800019], "11": [0.384, 0.299058692096, 0.31929952000000117, 1.0023582120960013], "12": [0.6880000000000001, 0.624887971584, 0.6097231359999911, 1.9226111075839911], "13": [0.184, 0.128012522752, 0.09583001599999956, 0.40784253875199955], "14": [0.248, 0.178328497664, 0.15621894400000144, 0.5825474416640014], "15": [0.168, 0.102705713152, 0.13066284800000078, 0.40136856115200076], "17": [0.596, 0.41456787315199994, 0.47118348800000176, 1.4817513611520017], "18": [0.34800000000000003, 0.26714684428799995, 0.17384064000000088, 0.7889874842880008], "19": [0.252, 0.173159219072, 0.16802284800000236, 0.5931820670720024], "20": [1.216, 1.4548919354880003, 0.8832740479999922, 3.554165983487992], "21": [0.584, 0.5323117355520001, 0.4046403200000017, 1.5209520555520017], "22": [0.176, 0.12016257459200003, 0.021185856000000006, 0.317348430592], "23": [1.36, 1.5430095774719996, 1.0842403200000004, 3.987249897472], "24": [0.352, 0.27714594227200007, 0.2847280640000018, 0.9138740062720019], "25": [0.34400000000000003, 0.264231761152, 0.17341830400000016, 0.7816500651520002], "26": [0.188, 0.12575942080000005, 0.10894521599999955, 0.42270463679999964], "27": [0.496, 0.3421365749759999, 0.25319833600000013, 1.091334910976], "28": [0.148, 0.07695584755200001, 0.12583737599999992, 0.35079322355199993], "29": [0.988, 1.2296597003519998, 0.7258854399999893, 2.943545140351989], "30": [0.076, 0.04130657856000001, 0.04142585600000017, 0.1587324345600002], "32": [0.192, 0.11938818892800003, 0.12682515199999997, 0.438213340928], "33": [0.452, 0.3035017376000001, 0.32327756800000224, 1.0787793056000023], "34": [0.036000000000000004, 0.018789789568, 0.010234815999999997, 0.065024605568], "36": [0.296, 0.17932588262399998, 0.18110105600000012, 0.6564269386240001], "37": [0.38, 0.255723181696, 0.1638213120000009, 0.799544493696001], "38": [0.468, 0.381697894272, 0.34334080000000167, 1.1930386942720017], "39": [0.228, 0.14137141951999996, 0.13160224, 0.50097365952], "40": [0.352, 0.2753964567039999, 0.209153344000002, 0.8365498007040019], "41": [2.068, 2.7819184098560013, 1.1398143999999932, 5.989732809855995], "42": [0.20400000000000001, 0.138338979968, 0.02803692799999999, 0.370375907968], "43": [0.864, 0.701304260352, 0.7751741439999897, 2.3404784043519897], "44": [0.864, 0.9255549406720002, 0.6314323199999936, 2.4209872606719935], "45": [0.908, 0.7001319455999998, 0.44012012800000166, 2.0482520736000014], "46": [0.58, 0.435777120128, 0.3608848000000021, 1.3766619201280021], "47": [0.536, 0.495613912832, 0.22878201600000087, 1.260395928832001], "48": [0.41200000000000003, 0.31132059379200006, 0.19818905600000208, 0.9215096497920021], "49": [0.07200000000000001, 0.04189856153600001, 0.038548608000000074, 0.1524471695360001], "50": [0.092, 0.052652485760000006, 0.05520627200000011, 0.19985875776000012], "51": [1.1, 1.2731643649280004, 0.8276952959999886, 3.200859660927989], "52": [0.40800000000000003, 0.32378575564800005, 0.3117713280000015, 1.0435570836480017], "53": [0.34800000000000003, 0.225373924224, 0.2235292800000001, 0.7969032042240001], "54": [0.3, 0.20076378432, 0.16080678400000062, 0.6615705683200006], "55": [0.804, 0.7420159619840002, 0.3043994880000012, 1.8504154499840013], "56": [0.308, 0.181258185088, 0.34925100800000247, 0.8385091930880024], "57": [0.896, 0.8327470015999999, 0.7903868799999904, 2.5191338815999904], "58": [0.376, 0.278667005696, 0.3501272960000018, 1.004794301696002], "59": [0.5720000000000001, 0.4625446204160001, 0.3220831360000015, 1.3566277564160019], "60": [0.188, 0.132039585152, 0.0936973439999996, 0.41373692915199967], "61": [1.352, 1.5181916352000007, 0.9998686719999899, 3.8700603071999904], "62": [1.056, 1.3635924392960004, 0.7116746239999945, 3.1312670632959945], "63": [1.792, 2.192097351424, 1.1531934080000026, 5.137290759424003], "64": [0.436, 0.35086667814399997, 0.3568700160000011, 1.143736694144001], "65": [1.356, 1.8002437121280004, 0.7306981759999875, 3.8869418881279882], "66": [0.18, 0.11823538675200004, 0.22150566400000044, 0.5197410507520004], "67": [0.092, 0.05624723212800001, 0.018543936000000014, 0.16679116812800002], "68": [0.4, 0.27454263987199995, 0.20391743999999992, 0.8784600798719999], "69": [0.28800000000000003, 0.19078554496, 0.15186284800000008, 0.6306483929600001], "70": [0.364, 0.24104581747200002, 0.22558745600000057, 0.8306332734720006], "71": [0.24, 0.15137779993600006, 0.24535283200000105, 0.6367306319360011], "72": [0.48, 0.4060687111679999, 0.34650841600000154, 1.2325771271680015], "73": [0.088, 0.04490753484800001, 0.05653587200000009, 0.1894434068480001], "74": [0.47600000000000003, 0.423953903488, 0.47314265600000094, 1.373096559488001], "75": [0.504, 0.4081241794559999, 0.3646092800000014, 1.2767334594560014], "76": [0.6, 0.465986702336, 0.40540172800000257, 1.4713884303360025], "77": [0.468, 0.38955834457599997, 0.39532998400000247, 1.2528883285760024], "78": [0.664, 0.57535191424, 0.42822368000000166, 1.6675755942400017], "79": [0.308, 0.19665263347199996, 0.3009671040000007, 0.8056197374720007], "80": [0.5720000000000001, 0.4903311489279999, 0.33385568000000115, 1.3961868289280013], "81": [0.064, 0.03695157708800001, 0.01462188799999999, 0.115573465088], "82": [0.112, 0.07064953369600002, 0.01987174399999999, 0.202521277696], "83": [0.04, 0.020463149312000002, 0.02317811199999994, 0.08364126131199995], "84": [0.316, 0.22152781171200003, 0.21949664000000152, 0.7570244517120015], "85": [1.716, 2.0125153606400015, 0.9205811199999885, 4.64909648063999], "86": [0.28800000000000003, 0.171663200512, 0.15990867200000106, 0.6195718725120011], "87": [0.18, 0.11361728473600002, 0.11536351999999987, 0.4089808047359999], "88": [0.176, 0.12158907443199998, 0.09638815999999946, 0.39397723443199945], "89": [0.148, 0.09613011801600002, 0.08134784000000002, 0.32547795801600005], "90": [0.268, 0.17150654732799994, 0.12661382399999996, 0.566120371328], "91": [0.252, 0.172926397568, 0.17977510400000274, 0.6047015015680027], "92": [0.128, 0.07953681638400002, 0.08724179199999983, 0.29477860838399983], "93": [0.808, 0.6687307957759999, 0.7861133439999931, 2.2628441397759933], "94": [0.156, 0.11027473011199998, 0.08579769599999973, 0.35207242611199974], "95": [0.612, 0.533091167616, 0.358257728000002, 1.5033488956160022], "96": [0.216, 0.13861563161600002, 0.10942400000000004, 0.46403963161600004], "97": [1.1360000000000001, 1.3530855336960006, 0.7310145279999867, 3.2201000616959874], "98": [0.188, 0.13142711257599998, 0.15377670400000215, 0.47320381657600213], "99": [0.28400000000000003, 0.1952949664, 0.17742278400000047, 0.6567177504000005], "100": [0.012, 0.0060478076160000015, 0.010693887999999997, 0.028741695616], "101": [0.256, 0.18098694988800001, 0.1581169920000019, 0.595103941888002], "102": [0.34400000000000003, 0.27785192832000005, 0.19274515200000267, 0.8145970803200028], "103": [0.056, 0.028671084800000003, 0.022482815999999968, 0.10715390079999998], "104": [0.556, 0.42064186099199985, 0.3709683840000014, 1.3476102449920013], "105": [0.148, 0.10624285836799997, 0.08251615999999974, 0.3367590183679997], "106": [0.156, 0.088009775232, 0.046177216000000014, 0.29018699123200004], "107": [0.708, 0.71898183744, 0.5931970559999876, 2.020178893439988], "108": [0.964, 0.892490708864, 0.7427524479999913, 2.599243156863991],