{"0": [24.54, 119.77543200000002, 98.03846700000005, 242.35389900000007], "1": [21.24, 118.25694, 94.38414300000002, 233.88108300000002], "2": [16.05, 83.66943299999998, 92.516499, 192.235932], "3": [24.0, 146.31904199999997, 87.41756700000003, 257.736609], "4": [12.45, 56.655987, 82.09994399999995, 151.20593099999996], "5": [22.29, 129.83645099999995, 91.20061799999993, 243.32706899999988], "6": [22.169999999999998, 133.72343700000002, 85.382064, 241.27550100000002], "7": [16.68, 87.14704199999998, 84.91666499999992, 188.74370699999992], "8": [19.86, 109.845264, 90.33673500000012, 220.04199900000012], "9": [11.73, 51.84806099999999, 91.21341599999991, 154.7914769999999], "10": [18.39, 107.81999700000003, 82.98556200000002, 209.19555900000006], "11": [11.79, 52.977357000000005, 80.03050199999988, 144.7978589999999], "12": [15.69, 78.95413499999995, 85.69439100000012, 180.33852600000006], "13": [16.23, 85.45162800000001, 80.65350900000004, 182.33513700000006], "14": [15.42, 79.63342499999996, 81.14849999999997, 176.20192499999993], "15": [14.04, 75.51113400000001, 77.795613, 167.34674700000002], "16": [17.88, 97.53387599999999, 92.3305769999999, 207.7444529999999], "17": [13.65, 46.04729699999999, 109.97549099999999, 169.67278799999997], "18": [14.91, 79.03854900000002, 79.42850999999995, 173.37705899999997], "19": [17.189999999999998, 95.707089, 94.76118900000012, 207.6582780000001], "20": [16.08, 84.80341199999998, 94.42173599999992, 195.30514799999992], "21": [9.6, 38.713836, 75.31179299999995, 123.62562899999995], "22": [7.89, 17.763464999999997, 82.39368600000002, 108.04715100000001], "23": [14.79, 75.928875, 92.58561000000009, 183.30448500000008], "24": [16.169999999999998, 89.77331099999999, 89.61641100000003, 195.55972200000002], "25": [14.459999999999999, 76.21057199999997, 82.03116599999997, 172.70173799999992], "26": [16.77, 96.98408700000002, 82.73157300000007, 196.48566000000008], "27": [10.469999999999999, 45.089708999999985, 73.96936199999996, 129.52907099999993], "28": [15.479999999999999, 87.64864200000001, 84.57438599999992, 187.70302799999993], "29": [12.42, 61.01042400000001, 79.16741999999996, 152.59784399999995], "30": [8.76, 36.03775199999999, 67.88375099999993, 112.68150299999992], "31": [15.54, 85.076796, 84.71561399999997, 185.33240999999998], "32": [11.129999999999999, 36.799437000000005, 100.83030300000001, 148.75974000000002], "33": [10.889999999999999, 49.63191299999999, 76.61462399999994, 137.13653699999992], "34": [11.25, 51.54660899999998, 78.17778, 140.97438899999997], "35": [12.57, 63.81457499999999, 79.32988799999994, 155.7144629999999], "36": [12.84, 66.92356199999999, 80.320275, 160.083837], "37": [12.809999999999999, 63.98331900000001, 76.78659599999989, 153.57991499999991], "38": [10.11, 47.243570999999996, 70.0852409999999, 127.4388119999999], "39": [11.61, 61.667235000000005, 69.33406499999985, 142.61129999999986], "40": [3.84, 5.785212, 47.76786899999993, 57.39308099999993], "41": [12.78, 69.45271199999999, 79.02045899999996, 161.25317099999995], "42": [7.29, 27.842085000000004, 57.690854999999935, 92.82293999999993], "43": [4.32, 7.1395919999999995, 49.57150499999998, 61.03109699999998], "44": [11.73, 63.778245000000005, 69.67017899999986, 145.17842399999986], "45": [12.719999999999999, 68.21955599999998, 71.68463999999985, 152.6241959999998], "46": [12.24, 63.842598, 78.36302700000006, 154.44562500000006], "47": [11.219999999999999, 56.613665999999995, 73.46705399999996, 141.30071999999996], "48": [9.54, 43.274789999999996, 69.37970399999995, 122.19449399999993], "49": [11.34, 54.465804, 71.29295999999995, 137.09876399999996], "50": [8.79, 37.787007, 67.7164139999999, 114.29342099999991], "51": [7.41, 28.577228999999996, 53.864063999999914, 89.85129299999991], "52": [10.08, 51.680718, 66.37535099999994, 128.13606899999994], "53": [9.09, 42.59144699999999, 58.21703999999998, 109.89848699999997], "54": [10.2, 49.536618, 67.08431699999994, 126.82093499999993], "55": [10.41, 51.239703, 65.53873799999992, 127.18844099999993], "56": [6.6899999999999995, 27.805694999999993, 47.11046399999995, 81.60615899999993], "57": [7.26, 23.416931999999996, 67.62506399999997, 98.30199599999996], "58": [9.51, 47.11739699999999, 64.0483559999999, 120.67575299999989], "59": [8.31, 36.051314999999995, 62.91541799999989, 107.2767329999999], "60": [9.03, 42.93770099999999, 62.35651799999995, 114.32421899999994], "61": [9.629999999999999, 44.470916999999986, 60.52446899999997, 114.62538599999995], "62": [9.84, 49.179228, 64.38700799999991, 123.40623599999991], "63": [3.57, 5.597930999999999, 40.39233299999995, 49.56026399999995], "64": [11.76, 62.58350999999998, 74.9394360000001, 149.2829460000001], "65": [10.469999999999999, 51.872018999999995, 67.58504999999994, 129.92706899999993], "66": [8.25, 39.618075, 55.49917499999989, 103.36724999999988], "67": [9.15, 42.322016999999995, 65.91748499999989, 117.38950199999988], "68": [7.47, 31.340583, 49.456610999999995, 88.26719399999999], "69": [9.15, 44.69700899999999, 62.37986400000002, 116.22687300000001], "70": [8.549999999999999, 40.357557, 62.28293399999997, 111.19049099999997], "71": [8.28, 40.12819199999999, 57.17399400000001, 105.58218600000001], "72": [3.96, 8.13501, 44.75683800000002, 56.85184800000002], "73": [4.92, 10.290450000000002, 55.43998199999998, 70.65043199999998], "74": [6.93, 28.362177000000003, 53.09493299999995, 88.38710999999995], "75": [8.85, 40.295787, 60.43419899999991, 109.5799859999999], "76": [7.41, 30.685785000000003, 61.892324999999964, 99.98810999999998], "77": [7.8, 35.42241, 55.96496999999999, 99.18737999999999], "78": [7.949999999999999, 34.736145, 62.03524499999991, 104.7213899999999], "79": [2.4, 3.2149199999999993, 32.29281000000003, 37.90773000000003], "80": [7.319999999999999, 31.668072000000002, 59.28792300000001, 98.27599500000002], "81": [4.08, 8.021868, 45.57608099999992, 57.67794899999991], "82": [6.72, 28.494821999999992, 48.36250799999997, 83.57732999999996], "83": [7.29, 35.02604699999999, 49.250771999999984, 91.56681899999998], "84": [6.989999999999999, 28.253990999999992, 55.61342099999995, 90.85741199999995], "85": [7.6499999999999995, 34.198569, 53.556110999999945, 95.40467999999994], "86": [3.27, 5.549253000000001, 40.03734599999998, 48.85659899999998], "87": [5.91, 22.994841, 47.10967199999994, 76.01451299999994], "88": [8.1, 39.26147399999999, 52.78447799999999, 100.145952], "89": [6.93, 31.467789000000003, 50.449832999999984, 88.84762199999999], "90": [5.279999999999999, 20.26812, 39.95245799999991, 65.5005779999999], "91": [3.63, 6.463562999999999, 36.71786700000001, 46.811430000000016], "92": [3.63, 6.463562999999999, 36.71786700000001, 46.811430000000016], "93": [3.63, 6.463562999999999, 36.71786700000001, 46.811430000000016], "94": [7.2299999999999995, 34.45518299999999, 51.136019999999924, 92.82120299999991], "95": [4.4399999999999995, 9.200652, 49.476527999999966, 63.11717999999996], "96": [4.41, 9.768771, 49.49818199999992, 63.67695299999992], "97": [8.16, 38.889317999999996, 56.88359999999994, 103.93291799999994], "98": [4.83, 17.610753000000003, 39.60452699999994, 62.04527999999994], "99": [5.58, 21.516876000000003, 44.05252499999997, 71.14940099999997], "100": [8.07, 36.870897, 57.78312299999992, 102.72401999999991], "101": [2.58, 3.6789599999999996, 32.71841099999995, 38.977370999999955], "102": [7.56, 31.828175999999996, 58.004072999999906, 97.39224899999991], "103": [3.84, 6.930767999999999, 45.142461000000004, 55.913229], "104": [2.6999999999999997, 5.365799999999999, 30.82220100000001, 38.88800100000001], "105": [6.1499999999999995, 25.091043, 48.12400799999992, 79.36505099999991], "106": [1.47, 1.881429, 18.812250000000017, 22.163679000000016], "107": [2.4, 3.055764, 28.373121000000044, 33.82888500000004], "108": [5.46, 22.051919999999996, 39.953312999999916, 67.46523299999991], "109": [6.75, 27.590912999999997, 51.58450799999996, 85.92542099999996],