{"1": [9.24, 13.256832000000003, 29.53611999999994, 52.032951999999945], "2": [7.2, 11.888208000000006, 19.12312799999985, 38.211335999999854], "3": [2.1, 2.2380720000000007, 6.853119999999947, 11.191191999999948], "4": [3.8000000000000003, 3.770848000000001, 14.213200000000127, 21.784048000000126], "5": [2.16, 2.0112320000000006, 3.9761600000000152, 8.147392000000016], "6": [3.68, 3.6166720000000008, 11.30842400000009, 18.60509600000009], "7": [1.72, 1.5420480000000003, 4.557215999999913, 7.819263999999913], "8": [5.66, 7.719623999999997, 18.054303999999817, 31.433927999999813], "9": [1.5, 1.1711600000000002, 4.833575999999964, 7.504735999999965], "11": [1.92, 1.566288, 7.586039999999997, 11.072327999999997], "12": [3.44, 3.9043360000000007, 14.112992000000112, 21.45732800000011], "13": [0.92, 0.567856, 2.3739520000000107, 3.8618080000000106], "14": [1.24, 0.847744, 3.847367999999995, 5.935111999999995], "15": [0.84, 0.30006400000000005, 3.1808560000000003, 4.32092], "17": [2.98, 1.7206480000000002, 10.795536000000075, 15.496184000000074], "18": [1.74, 1.3618959999999998, 4.166879999999977, 7.268775999999977], "19": [1.26, 0.73964, 4.1276559999999645, 6.127295999999964], "20": [6.08, 7.326079999999999, 18.58365599999989, 31.98973599999989], "21": [2.92, 3.5182080000000004, 9.719240000000168, 16.15744800000017], "22": [0.88, 0.4930080000000001, 0.499432, 1.87244], "23": [6.8, 9.707296000000005, 22.77963999999975, 39.286935999999756], "24": [1.76, 1.5252480000000002, 6.879007999999915, 10.164255999999916], "25": [1.72, 1.301424, 3.8836880000000007, 6.905112000000001], "26": [0.9400000000000001, 0.5037039999999998, 2.696552000000008, 4.140256000000008], "27": [2.48, 1.312224, 5.4353919999999984, 9.227615999999998], "28": [0.74, 0.05764, 3.099272000000002, 3.8969120000000017], "29": [4.94, 7.8515120000000005, 15.113280000000128, 27.90479200000013], "30": [0.38, 0.056456000000000006, 1.0278320000000005, 1.4642880000000005], "32": [0.96, 0.37278400000000006, 3.085144000000009, 4.417928000000009], "33": [2.2600000000000002, 1.1106639999999999, 7.377695999999953, 10.748359999999954], "34": [0.18, 0.01524, 0.2521520000000002, 0.44739200000000023], "36": [1.48, 0.5020800000000001, 4.167231999999987, 6.149311999999987], "37": [1.9000000000000001, 0.9578479999999999, 3.909664000000004, 6.7675120000000035], "38": [2.34, 2.2421040000000003, 8.319200000000071, 12.90130400000007], "39": [1.1400000000000001, 0.4353680000000001, 3.202280000000014, 4.777648000000013], "40": [1.76, 1.4855040000000002, 5.054567999999932, 8.300071999999933], "41": [10.34, 16.603672000000003, 23.420799999999762, 50.364471999999765], "42": [1.02, 0.5525680000000002, 0.666216, 2.2387840000000003], "43": [4.32, 3.754432000000001, 17.576767999999834, 25.651199999999836], "44": [4.32, 5.284783999999998, 13.141840000000075, 22.746624000000075], "45": [4.54, 3.115320000000001, 9.386216000000038, 17.04153600000004], "46": [2.9, 2.14364, 8.432200000000037, 13.475840000000037], "47": [2.68, 2.7068960000000004, 4.760951999999979, 10.147847999999978], "48": [2.06, 1.5782319999999996, 4.719231999999932, 8.357463999999933], "49": [0.36, 0.09766400000000001, 0.9545760000000009, 1.4122400000000008], "50": [0.46, 0.111704, 1.3503839999999987, 1.9220879999999987], "51": [5.5, 8.240120000000001, 17.59951199999992, 31.33963199999992], "52": [2.04, 1.7821760000000002, 7.507415999999909, 11.32959199999991], "53": [1.74, 0.7517679999999998, 5.02115999999997, 7.512927999999969], "54": [1.5, 0.7766640000000001, 3.8160479999999954, 6.092711999999995], "55": [4.0200000000000005, 3.6035120000000025, 6.677135999999956, 14.30064799999996], "56": [1.54, 0.444008, 8.451576000000108, 10.435584000000107], "57": [4.48, 4.756736, 17.150359999999864, 26.387095999999865], "58": [1.8800000000000001, 1.348544, 8.357912000000036, 11.586456000000037], "59": [2.86, 2.637288, 7.770791999999956, 13.268079999999955], "60": [0.9400000000000001, 0.598664, 2.3185680000000057, 3.857232000000006], "61": [6.76, 10.157024000000003, 21.701983999999847, 38.61900799999985], "62": [5.28, 7.955232, 14.60892800000005, 27.844160000000052], "63": [8.96, 14.236096000000005, 23.93477599999987, 47.130871999999876], "64": [2.18, 1.9718159999999998, 8.528752000000114, 12.680568000000115], "65": [6.78, 10.681511999999998, 15.113272000000189, 32.574784000000186], "66": [0.9, 0.443336, 5.361807999999978, 6.705143999999978], "67": [0.46, 0.166744, 0.4459920000000003, 1.0727360000000004], "68": [2.0, 1.0548639999999998, 4.456079999999999, 7.5109439999999985], "69": [1.44, 0.6934719999999999, 3.4164560000000024, 5.549928000000002], "70": [1.82, 0.905848, 5.371232000000003, 8.097080000000002], "71": [1.2, 0.48873599999999995, 5.817903999999986, 7.506639999999987], "72": [2.4, 2.418784, 8.225552000000011, 13.044336000000012], "73": [0.44, 0.019184, 1.3949839999999984, 1.8541679999999985], "74": [2.38, 2.621672, 11.138032000000068, 16.139704000000066], "75": [2.52, 2.3060160000000005, 8.72976000000009, 13.55577600000009], "76": [3.0, 2.428976, 9.46081600000016, 14.88979200000016], "77": [2.34, 2.2443280000000003, 9.289848000000118, 13.87417600000012], "78": [3.3200000000000003, 3.4832320000000005, 10.033560000000081, 16.83679200000008], "79": [1.54, 0.6767599999999999, 7.291287999999962, 9.508047999999961], "80": [2.86, 3.0165840000000004, 8.035959999999985, 13.912543999999986], "81": [0.32, 0.08265600000000001, 0.35573600000000044, 0.7583920000000004], "82": [0.56, 0.234944, 0.47436800000000046, 1.2693120000000007], "83": [0.2, 0.009295999999999999, 0.5756640000000003, 0.7849600000000003], "84": [1.58, 0.96804, 5.328279999999925, 7.876319999999925], "85": [8.58, 13.844360000000005, 20.050239999999814, 42.474599999999825], "86": [1.44, 0.44609600000000016, 3.866983999999999, 5.753079999999999], "87": [0.9, 0.36327200000000004, 2.6284400000000074, 3.8917120000000076], "88": [0.88, 0.5307679999999999, 2.38612000000001, 3.79688800000001], "89": [0.74, 0.34957600000000005, 1.966880000000003, 3.0564560000000034], "90": [1.34, 0.5850959999999998, 3.029928000000002, 4.955024000000002], "91": [1.26, 0.7412239999999999, 4.423887999999926, 6.425111999999926], "92": [0.64, 0.25208, 2.1436240000000013, 3.0357040000000013], "93": [4.04, 3.6835839999999997, 18.0449679999999, 25.7685519999999], "94": [0.78, 0.5093679999999999, 2.126311999999998, 3.4156799999999983], "95": [3.06, 3.3124559999999996, 8.603016000000103, 14.975472000000103], "96": [1.08, 0.467584, 2.4940000000000033, 4.041584000000004], "97": [5.68, 8.972208000000002, 15.19921600000017, 29.851424000000172], "98": [0.9400000000000001, 0.588792, 3.7948880000000265, 5.323680000000026], "99": [1.42, 0.793432, 4.216247999999989, 6.429679999999989], "100": [0.06, 0.001176, 0.26633599999999985, 0.32751199999999986], "101": [1.28, 0.8300159999999999, 3.8862240000000297, 5.9962400000000295], "102": [1.72, 1.6137920000000001, 4.733143999999923, 8.066935999999924], "103": [0.28, 0.013232, 0.5575520000000005, 0.8507840000000005], "104": [2.7800000000000002, 1.9681199999999999, 8.459048000000015, 13.207168000000015], "105": [0.74, 0.5085839999999999, 2.045719999999993, 3.2943039999999932], "106": [0.78, 0.1714, 1.1177519999999992, 2.069151999999999], "107": [3.54, 4.798312, 13.194432000000193, 21.532744000000193], "108": [4.82, 5.084471999999998, 16.018456000000093, 25.92292800000009], "109": [1.72, 1.255136, 3.7633360000000007, 6.738472000000001], "110": [0.8200000000000001, 0.17436000000000001, 2.3970800000000048, 3.3914400000000047], "111": [2.2, 1.937536, 8.802368000000124, 12.939904000000123], "112": [3.62, 1.765592, 14.598904000000111, 19.98449600000011], "113": [0.78, 0.24541600000000002, 2.1244160000000014, 3.1498320000000017], "114": [2.96, 2.7906880000000003, 4.816103999999971, 10.566791999999971], "115": [2.14, 0.9931119999999999, 11.948096000000003, 15.081208000000004], "116": [5.98, 7.859943999999999, 18.370319999999815, 32.21026399999981],