{"1": [0.36960000000000004, 0.029371957248000017, 0.0586952780800001, 0.45766723532800013], "2": [0.28800000000000003, 0.023290893312000006, 0.035414625792000005, 0.34670551910400005], "3": [0.084, 0.0037430062080000006, 0.011343585279999926, 0.09908659148799993], "4": [0.152, 0.007513987072000002, 0.0259489024000003, 0.1854628894720003], "5": [0.0864, 0.004457166848000001, 0.007887165439999972, 0.09874433228799998], "6": [0.1472, 0.006780356608, 0.020315111936000146, 0.17429546854400013], "7": [0.0688, 0.0025446174720000006, 0.007440205823999936, 0.07878482329599992], "8": [0.22640000000000002, 0.014033588736000002, 0.03263303065600005, 0.27306661939200005], "9": [0.060000000000000005, 0.0019464166400000003, 0.00791623526399994, 0.06986265190399994], "11": [0.07680000000000001, 0.002835551232000001, 0.012898844159999959, 0.09253439539199997], "12": [0.1376, 0.007032853504, 0.024750553088000168, 0.16938340659200019], "13": [0.0368, 0.0009296803840000002, 0.0038401761280000184, 0.04156985651200002], "14": [0.049600000000000005, 0.0013967196159999997, 0.006267351551999952, 0.057264071167999954], "15": [0.033600000000000005, 0.000507652096, 0.005253942783999975, 0.039361594879999975], "17": [0.1192, 0.003239260672000001, 0.019162235904000156, 0.14160149657600016], "18": [0.06960000000000001, 0.0024900797439999997, 0.0070109491199999785, 0.07910102886399999], "19": [0.0504, 0.00121776896, 0.006744246783999936, 0.058362015743999934], "20": [0.2432, 0.021942149120000008, 0.03645038438400007, 0.30159253350400006], "21": [0.1168, 0.0059765637120000005, 0.016312578560000148, 0.13908914227200014], "22": [0.0352, 0.0008843397120000002, 0.000857102848, 0.03694144256], "23": [0.272, 0.021467858943999996, 0.04475405056000004, 0.33822190950400005], "24": [0.0704, 0.0025785630720000004, 0.011465664511999898, 0.0844442275839999], "25": [0.0688, 0.002480679936000001, 0.007081298432000005, 0.078361978368], "26": [0.0376, 0.0008223554560000002, 0.004366473727999986, 0.04278882918399998], "27": [0.09920000000000001, 0.002768910336, 0.010414194688000002, 0.11238310502400002], "28": [0.0296, 9.707776e-05, 0.005048427007999987, 0.03474550476799999], "29": [0.1976, 0.018392595968, 0.030006251520000204, 0.2459988474880002], "30": [0.0152, 9.270118400000002e-05, 0.0016595348480000032, 0.016952236032000002], "32": [0.038400000000000004, 0.000644402176, 0.0051003612159999925, 0.044144763392], "33": [0.09040000000000001, 0.0022681768959999997, 0.013156460543999977, 0.10582463743999998], "34": [0.007200000000000001, 2.5551360000000005e-05, 0.0004105825279999996, 0.007636133888], "36": [0.0592, 0.00093652992, 0.007359336447999988, 0.067495866368], "37": [0.076, 0.0018522782719999997, 0.0066123304959999785, 0.08446460876799998], "38": [0.0936, 0.003735277056, 0.013818214399999921, 0.11115349145599993], "39": [0.0456, 0.0007731307519999999, 0.005292177919999977, 0.05166530867199998], "40": [0.0704, 0.0025465282560000004, 0.008421898751999923, 0.08136842700799993], "41": [0.4136, 0.04229071820800003, 0.04721643520000009, 0.5031071534080002], "42": [0.0408, 0.0010030443520000001, 0.0011325834240000015, 0.042935627776000004], "43": [0.1728, 0.007148597248, 0.031583793152, 0.2115323904], "44": [0.1728, 0.012828978176000006, 0.02610336256000006, 0.21173234073600009], "45": [0.1816, 0.007164218879999999, 0.01812217702400012, 0.20688639590400013], "46": [0.116, 0.00392435456, 0.014624166399999902, 0.13454852095999992], "47": [0.1072, 0.006130463744000002, 0.009458032127999982, 0.12278849587199998], "48": [0.0824, 0.002804366848000001, 0.008002920447999934, 0.09320728729599995], "49": [0.014400000000000001, 0.000161079296, 0.0015448688640000026, 0.016105948160000005], "50": [0.0184, 0.00018716825600000001, 0.002217778176000006, 0.020804946432000006], "51": [0.22, 0.018077089280000003, 0.03409753036800013, 0.27217461964800016], "52": [0.0816, 0.0030392176640000003, 0.012562650623999907, 0.09720186828799991], "53": [0.06960000000000001, 0.0015355755520000001, 0.009122634239999984, 0.08025820979199999], "54": [0.060000000000000005, 0.0013725096960000003, 0.006497590272, 0.067870099968], "55": [0.1608, 0.009183047168000003, 0.012474491903999945, 0.18245753907199994], "56": [0.0616, 0.000758323712, 0.014059544064000036, 0.07641786777600004], "57": [0.1792, 0.009979387904000001, 0.032450455040000215, 0.2216298429440002], "58": [0.0752, 0.0024050524160000005, 0.014131578367999895, 0.0917366307839999], "59": [0.1144, 0.004468972031999999, 0.012973337087999961, 0.13184230911999997], "60": [0.0376, 0.0009820328960000002, 0.0037555307520000148, 0.042337563648000016], "61": [0.27040000000000003, 0.020371675136000005, 0.041049061376000125, 0.33182073651200017], "62": [0.2112, 0.020873422848000003, 0.029485524992000075, 0.26155894784000006], "63": [0.3584, 0.03134664294400002, 0.0476941552640001, 0.43744079820800014], "64": [0.0872, 0.0033837450240000004, 0.014400560127999904, 0.10498430515199991], "65": [0.2712, 0.02769264076800001, 0.030237265408000293, 0.3291299061760003], "66": [0.036000000000000004, 0.000769339904, 0.00891649331199997, 0.04568583321599998], "67": [0.0184, 0.000284694016, 0.0007473914880000006, 0.019432085504], "68": [0.08, 0.0021871912960000003, 0.008362091520000003, 0.090549282816], "69": [0.057600000000000005, 0.001367799808, 0.006196150783999992, 0.065163950592], "70": [0.0728, 0.001665244672, 0.009109403648000022, 0.08357464832000001], "71": [0.048, 0.000894511104, 0.009915206655999988, 0.058809717759999984], "72": [0.096, 0.004256536576, 0.014000227327999964, 0.11425676390399997], "73": [0.0176, 3.1947776e-05, 0.002267326976000001, 0.019899274752000002], "74": [0.0952, 0.004792375808000001, 0.019146677248000007, 0.11913905305600002], "75": [0.1008, 0.003990042623999999, 0.014707722240000012, 0.11949776486400002], "76": [0.12000000000000001, 0.004388670464, 0.016431821824000176, 0.1408204922880002], "77": [0.0936, 0.003932641792, 0.01600308787200014, 0.11353572966400013], "78": [0.1328, 0.0062538772480000004, 0.017343997440000203, 0.1563978746880002], "79": [0.0616, 0.0011461606399999996, 0.012113208831999957, 0.07485936947199996], "80": [0.1144, 0.005110104576000001, 0.013453565439999964, 0.13296367001599996], "81": [0.0128, 0.00013800038400000003, 0.0005880151040000008, 0.013526015488], "82": [0.0224, 0.00040702361600000004, 0.0008020459519999997, 0.023609069568], "83": [0.008, 1.5340544e-05, 0.0009283368959999973, 0.008943677439999997], "84": [0.0632, 0.0017251353600000001, 0.008830789119999936, 0.07375592447999994], "85": [0.3432, 0.02796694784000001, 0.03777181696000006, 0.4089387648000001], "86": [0.057600000000000005, 0.000765830144, 0.006438181375999984, 0.06480401152], "87": [0.036000000000000004, 0.0007009326080000002, 0.0046963481599999945, 0.041397280768], "88": [0.0352, 0.0008677099520000001, 0.0038630732800000217, 0.03993078323200003], "89": [0.0296, 0.000608510464, 0.0032752947200000004, 0.033483805184], "90": [0.0536, 0.0010192573440000001, 0.005107886591999993, 0.059727143935999996], "91": [0.0504, 0.0012160271360000003, 0.007213560831999927, 0.058829587967999926], "92": [0.0256, 0.00041917952000000014, 0.0035016463360000197, 0.02952082585600002], "93": [0.16160000000000002, 0.006919806975999999, 0.0319590507520001, 0.20047885772800011], "94": [0.031200000000000002, 0.000831933952, 0.0034378695680000165, 0.03546980352000002], "95": [0.12240000000000001, 0.005655581184000001, 0.014443405823999944, 0.14249898700799996], "96": [0.0432, 0.0009011445760000001, 0.004454271999999994, 0.048555416575999995], "97": [0.2272, 0.019511872512, 0.030224948224000174, 0.2769368207360002], "98": [0.0376, 0.0009635834880000001, 0.0061669176319999255, 0.044730501119999926], "99": [0.0568, 0.0014835604480000002, 0.007167094271999982, 0.06545065471999999], "100": [0.0024000000000000002, 1.918464e-06, 0.000428079104, 0.0028299975680000002], "101": [0.0512, 0.0013722378239999999, 0.006346023935999932, 0.05891826175999993],