{"1": [9.34, 379.19789492406494, 66.038073900332, 454.5759688243969], "2": [1.46, 0.7281220000000002, 6.3816070000000025, 8.569729000000002], "3": [0.37, 0.089895, 1.5777370000000002, 2.0376320000000003], "4": [1.29, 0.505311, 6.248139000000002, 8.043450000000002], "5": [9.32, 286.7752944104639, 67.964065896816, 364.0593603072799], "6": [7.5200000000000005, 69.071971997669, 51.89013326664898, 128.48210526431797], "7": [2.52, 1.859078778214, 12.551484000000006, 16.930562778214004], "8": [6.99, 50.91909886345401, 33.448162585100015, 91.35726144855403], "9": [2.17, 1.6076770000000002, 10.754907999999991, 14.532584999999992], "10": [6.36, 22.62114532557901, 37.58379809344499, 66.564943419024], "11": [4.39, 7.271044902048002, 19.640084604893012, 31.301129506941013], "12": [1.1400000000000001, 0.5018279999999999, 5.020272000000001, 6.6621000000000015], "13": [2.6, 2.137288, 12.337322000000004, 17.074610000000003], "14": [9.88, 438.6037413953222, 54.35910405425502, 502.84284544957717], "15": [9.34, 418.355660030816, 49.83847527527203, 477.53413530608805], "16": [7.03, 98.48616357376702, 59.83897936634298, 165.35514294011], "17": [2.52, 1.6817640000000003, 11.735027, 15.936791000000001], "18": [11.120000000000001, 295.574654174049, 101.50920573995799, 408.203859914007], "19": [7.13, 161.69332298447299, 51.65713475066899, 220.48045773514195], "20": [8.2, 299.08475452436096, 56.62351556665403, 363.90827009101497], "21": [3.99, 29.763834713579005, 26.707364124026, 60.461198837605004], "22": [1.95, 1.2553150000000002, 8.867053999999992, 12.072368999999993], "23": [0.79, 0.27846100000000007, 4.165577000000007, 5.234038000000007], "24": [1.11, 0.3812070000000001, 5.053771000000003, 6.544978000000003], "25": [1.98, 1.5490418677760003, 9.934145000000006, 13.463186867776006], "26": [7.24, 60.31260537675098, 58.48492066207703, 126.037526038828], "27": [7.0, 190.17614548525808, 41.760478161719995, 238.93662364697806], "28": [5.4, 54.342374259236, 39.55643746404402, 99.29881172328002], "29": [7.2, 181.69763330521002, 43.78010106467599, 232.677734369886], "30": [11.1, 397.7288547343441, 95.11104907846098, 503.93990381280514], "31": [10.200000000000001, 354.47702387721506, 116.86344868599605, 481.5404725632111], "32": [1.6, 0.993074, 7.644858000000003, 10.237932000000002], "33": [7.2700000000000005, 213.707311136845, 67.318055283729, 288.295366420574], "34": [1.36, 0.660454, 6.211100000000005, 8.231554000000006], "35": [6.66, 139.278116183627, 39.99896117018601, 185.93707735381298], "36": [7.7, 201.83814516103197, 59.51573916415807, 269.05388432519004], "37": [5.19, 13.063468487231004, 30.037395163009986, 48.29086365024099], "38": [3.5100000000000002, 4.792305596536999, 16.51785486777601, 24.82016046431301], "39": [7.8, 177.64091863731204, 52.32142417086, 237.76234280817204], "40": [3.7, 10.995373978938002, 21.666834776970006, 36.36220875590801], "41": [2.74, 2.097644196768, 12.917495999999996, 17.755140196767996], "42": [7.2700000000000005, 136.692491035503, 64.49486465688103, 208.45735569238406], "43": [1.1, 0.541538, 5.103576999999997, 6.745114999999997], "44": [1.27, 0.632117, 5.95043, 7.8525469999999995], "45": [7.4, 62.30188867608002, 36.901713729716995, 106.603602405797], "46": [5.8, 27.091445815067, 29.594455528759013, 62.485901343826015], "47": [6.93, 27.163099391299003, 38.52865596417099, 72.62175535546999], "48": [1.95, 1.1071989999999998, 9.005456, 12.062655], "49": [0.9400000000000001, 0.23399000000000003, 3.294207000000001, 4.468197000000001], "50": [4.55, 6.470105955881, 20.061977543750004, 31.082083499631004], "51": [2.32, 1.3584459999999998, 10.160079999999999, 13.838525999999998], "52": [7.0600000000000005, 59.21256483258499, 32.905906804154995, 99.17847163673999], "53": [2.5100000000000002, 1.743653, 11.839645000000003, 16.093298000000004], "54": [6.54, 23.882816695504, 38.35525468933601, 68.77807138484], "55": [1.27, 0.6023130000000001, 5.593690000000004, 7.466003000000004], "56": [8.48, 47.67668271412602, 46.04768747396501, 102.20437018809103], "57": [5.8500000000000005, 30.245818910731, 32.64356734028301, 68.73938625101401], "58": [3.3000000000000003, 1.9856120000000002, 15.982345999999984, 21.267957999999986], "59": [2.58, 1.9710581422330005, 12.699874000000019, 17.25093214223302], "60": [1.6500000000000001, 1.092969, 7.536292999999998, 10.279262], "61": [1.6500000000000001, 0.779245, 8.254882999999994, 10.684127999999994], "62": [7.8100000000000005, 224.400733643968, 65.79049234025003, 298.001225984218], "63": [0.58, 0.15244200000000002, 2.4833089999999993, 3.215750999999999], "64": [4.34, 10.574768667571002, 19.592301821131006, 34.507070488702006], "65": [7.23, 29.496473350447005, 56.10219306477199, 92.828666415219], "66": [9.25, 94.56986767008601, 51.256616502440984, 155.076484172527], "67": [2.84, 1.9477180000000003, 13.369891999999988, 18.157609999999988], "68": [7.08, 25.717119110684006, 31.909626320629997, 64.706745431314], "69": [1.3, 0.5852620000000001, 5.748517999999998, 7.633779999999998], "70": [1.67, 0.8033330000000001, 7.763041, 10.236374000000001], "71": [8.24, 192.880033242216, 77.05667782079495, 278.17671106301094], "72": [1.85, 0.9493110000000001, 8.193742000000002, 10.993053000000003], "73": [1.61, 0.7737590000000001, 7.210174999999996, 9.593933999999997], "74": [1.43, 0.602415, 6.623823000000002, 8.656238000000002], "75": [6.42, 129.28994048369202, 46.31791083872399, 182.02785132241598], "76": [1.87, 1.0777409999999998, 8.864185000000003, 11.811926000000003], "77": [7.62, 59.529118391099026, 40.30788488831001, 107.45700327940904], "78": [0.41000000000000003, 0.099299, 1.6106900000000028, 2.119989000000003], "79": [3.97, 7.195013775382001, 17.898152533549982, 29.063166308931983], "80": [7.24, 163.814434960009, 55.32761777661003, 226.38205273661904], "81": [0.5700000000000001, 0.149601, 2.1579990000000002, 2.8776], "82": [0.8300000000000001, 0.339901, 3.439584000000002, 4.609485000000002], "83": [1.79, 0.8994230000000001, 7.588497999999998, 10.277920999999997], "84": [0.61, 0.16640100000000002, 2.6094099999999973, 3.3858109999999972], "85": [1.2, 0.5478020000000001, 4.5836250000000005, 6.331427000000001], "86": [8.13, 52.39377300942799, 59.883292476505, 120.40706548593299], "87": [3.87, 3.022416434375, 17.980826022298995, 24.873242456673996], "88": [0.58, 0.135174, 2.362466999999999, 3.077640999999999], "89": [0.77, 0.193335, 2.9796740000000033, 3.9430090000000035], "90": [3.0500000000000003, 3.1380676790990005, 13.138775900000004, 19.326843579099005], "91": [2.45, 1.642451, 10.950121000000001, 15.042572000000002], "92": [0.5, 0.10865, 1.6700380000000026, 2.2786880000000025], "93": [0.65, 0.14271699999999998, 2.6210319999999987, 3.413748999999999], "94": [0.72, 0.194044, 2.8953320000000016, 3.8093760000000016], "95": [2.2, 1.6086160000000003, 9.148511, 12.957127], "96": [1.3800000000000001, 0.609306, 5.63267299999999, 7.62197899999999], "97": [0.72, 0.18335, 2.716757999999998, 3.620107999999998], "98": [9.75, 124.483763258267, 84.58441843068108, 218.81818168894807], "99": [1.08, 0.414998, 4.611815000000003, 6.1068130000000025], "100": [2.85, 3.3724664952539998, 13.064183000000003, 19.286649495254004], "101": [1.0, 0.37582800000000005, 4.233676, 5.609504], "102": [3.56, 2.7743899999999995, 16.307628, 22.642018], "103": [5.0200000000000005, 8.137011451996, 27.559599163896024, 40.71661061589202], "104": [3.36, 13.917596422853002, 23.116592231924013, 40.39418865477701], "105": [9.33, 267.230406803731, 71.90303908464503, 348.463445888376], "106": [6.72, 30.445595325221994, 27.31439079914701, 64.479986124369], "107": [0.38, 0.07227, 1.8785710000000013, 2.3308410000000013], "108": [2.07, 1.299741, 9.927488000000007, 13.297229000000007], "109": [4.22, 5.361677180958, 22.020371245838998, 31.602048426796998], "110": [6.79, 54.232703758092, 40.079670112774004, 101.102373870866], "111": [1.8800000000000001, 1.107704, 10.025793000000002, 13.013497000000001], "112": [11.97, 280.69399778277904, 150.86047986962126, 443.5244776524003],