{"1": [2.7720000000000002, 1.5278444640000006, 3.160840595326007, 7.460685059326009], "2": [2.16, 1.3154495743774084, 1.918679256000002, 5.394128830377411], "3": [0.63, 0.20807474400000003, 0.6323090399999989, 1.470383783999999], "4": [1.1400000000000001, 0.40010529600000005, 1.410757199999998, 2.9508624959999983], "5": [0.648, 0.23183726399999993, 0.42041592000000105, 1.3002531840000011], "6": [1.104, 0.3662569439999999, 1.1088798480000013, 2.5791367920000012], "7": [0.516, 0.14195649600000002, 0.4162468320000025, 1.0742033280000025], "8": [1.698, 0.7983040390885442, 1.7785378080000034, 4.274841847088547], "9": [0.45, 0.10838052, 0.44250775200000203, 1.000888272000002], "11": [0.5760000000000001, 0.15448017600000002, 0.7139638799999994, 1.4444440559999996], "12": [1.032, 0.383625072, 1.3591635839999916, 2.7747886559999917], "13": [0.276, 0.05197291199999999, 0.21537230399999827, 0.5433452159999983], "14": [0.372, 0.07795108799999999, 0.35083893600000143, 0.8007900240000014], "15": [0.252, 0.028135728000000002, 0.29302711200000114, 0.5731628400000012], "17": [0.894, 0.174801096, 1.049092271999999, 2.117893367999999], "18": [0.522, 0.13532839200000002, 0.3891261600000012, 1.0464545520000013], "19": [0.378, 0.06797628, 0.3772311120000025, 0.8232073920000025], "20": [1.824, 1.1857124175762248, 1.9492432070399965, 4.958955624616221], "21": [0.876, 0.33088881600000003, 0.9059770799999972, 2.112865895999997], "22": [0.264, 0.04828881600000001, 0.047328263999999974, 0.35961708], "23": [2.04, 1.2204661045294083, 2.390869080000018, 5.651335184529426], "24": [0.528, 0.142939296, 0.6379472159999972, 1.3088865119999973], "25": [0.516, 0.13346884799999997, 0.38510877600000026, 1.0345776240000002], "26": [0.28200000000000003, 0.046007207999999994, 0.24482210399999757, 0.5728293119999976], "27": [0.744, 0.14555404800000002, 0.5596323839999999, 1.4491864319999999], "28": [0.222, 0.0053866800000000005, 0.28260914400000064, 0.5099958240000007], "29": [1.482, 0.9652171799761923, 1.5991113599999924, 4.046328539976185], "30": [0.114, 0.005178311999999999, 0.0931202640000004, 0.2122985760000004], "32": [0.28800000000000003, 0.035517167999999995, 0.28439488800000023, 0.6079120560000002], "33": [0.678, 0.12010312799999999, 0.7194517919999982, 1.5175549199999983], "34": [0.054, 0.00141948, 0.022986503999999987, 0.07840598399999998], "36": [0.444, 0.05065056, 0.40342406400000075, 0.8980746240000008], "37": [0.5700000000000001, 0.09931989599999999, 0.36650692800000134, 1.0358268240000015], "38": [0.7020000000000001, 0.20785600799999998, 0.7695431999999998, 1.6793992079999998], "39": [0.342, 0.042322535999999994, 0.2951175600000012, 0.6794400960000012], "40": [0.528, 0.14065660800000004, 0.46863453600000293, 1.1372911440000029], "41": [3.102, 3.0417304234343043, 2.5946932095766284, 8.738423633010932], "42": [0.306, 0.054609335999999994, 0.06269263199999996, 0.423301968], "43": [1.296, 0.38471846400000015, 1.7238627359999998, 3.4045812], "44": [1.296, 0.684265119243264, 1.3909780799999998, 3.371243199243264], "45": [1.362, 0.36978083999999994, 0.9720814319999999, 2.703862272], "46": [0.87, 0.21321108000000003, 0.8053541999999994, 1.8885652799999995], "47": [0.804, 0.317425392, 0.5039753040000006, 1.6254006960000005], "48": [0.618, 0.15349226399999996, 0.443276064000003, 1.214768328000003], "49": [0.108, 0.008987328000000001, 0.08663155200000022, 0.20361888000000022], "50": [0.138, 0.010399608000000001, 0.12387916800000026, 0.2722787760000003], "51": [1.6500000000000001, 0.9422960399999997, 1.8275196239999998, 4.419815664], "52": [0.612, 0.16809595200000002, 0.6982582319999963, 1.4783541839999963], "53": [0.522, 0.08130693599999998, 0.4965613200000011, 1.099868256000001], "54": [0.45, 0.07522552799999999, 0.35951889600000014, 0.8847444240000002], "55": [1.206, 0.4644840240000001, 0.6744042719999981, 2.344888295999998], "56": [0.462, 0.041925816, 0.7826681519999986, 1.2865939679999987], "57": [1.344, 0.5252562720000001, 1.7490157200000025, 3.618271992000003], "58": [0.5640000000000001, 0.131515488, 0.7833396240000006, 1.4788551120000006], "59": [0.858, 0.24758157600000003, 0.7215225840000015, 1.8271041600000015], "60": [0.28200000000000003, 0.054871128000000005, 0.21055053599999837, 0.5474216639999984], "61": [2.028, 1.3482431687039043, 2.212638768000021, 5.588881936703926], "62": [1.584, 1.1809081214254082, 1.5654598559999988, 4.330367977425407], "63": [2.688, 2.1242890809429116, 2.5468322422731977, 7.35912132321611], "64": [0.654, 0.18684943200000007, 0.7985363039999968, 1.6393857359999968], "65": [2.0340000000000003, 1.6744670076988806, 1.6085863439999848, 5.317053351698865], "66": [0.27, 0.042361272000000005, 0.49640961600000105, 0.8087708880000011], "67": [0.138, 0.015741288, 0.04152578399999997, 0.19526707199999999], "68": [0.6, 0.11542132799999999, 0.45159335999999983, 1.1670146879999996], "69": [0.432, 0.073004544, 0.33741511200000046, 0.8424196560000003], "70": [0.546, 0.090381096, 0.5045516640000008, 1.140932760000001], "71": [0.36, 0.048601872000000004, 0.5484898080000007, 0.9570916800000007], "72": [0.72, 0.233542368, 0.7747259040000001, 1.728268272], "73": [0.132, 0.0017779680000000004, 0.12699856800000028, 0.2607765360000003], "74": [0.714, 0.260465544, 1.056802464, 2.031268008], "75": [0.756, 0.219863232, 0.8160343200000014, 1.7918975520000013], "76": [0.9, 0.23921035200000001, 0.904568831999995, 2.043779183999995], "77": [0.7020000000000001, 0.21600525599999998, 0.8828166959999956, 1.8008219519999957], "78": [0.996, 0.34141046399999997, 0.9559429199999973, 2.2933533839999973], "79": [0.462, 0.06350651999999998, 0.6745559760000003, 1.2000624960000001], "80": [0.858, 0.28312336800000004, 0.7476829200000007, 1.888806288000001], "81": [0.096, 0.007674912000000001, 0.032788872, 0.136463784], "82": [0.168, 0.022421088000000002, 0.04445913599999996, 0.23488022399999997], "83": [0.06, 0.0008557919999999998, 0.052108127999999934, 0.11296391999999994], "84": [0.47400000000000003, 0.09435347999999999, 0.4920771600000022, 1.0604306400000023], "85": [2.574, 1.521760060864512, 2.03795928000002, 6.133719340864532], "86": [0.432, 0.04228459199999996, 0.35832376800000043, 0.8326083600000004], "87": [0.27, 0.03760394399999999, 0.25669188000000065, 0.5642958240000007], "88": [0.264, 0.048527135999999985, 0.21660803999999778, 0.5291351759999978], "89": [0.222, 0.033479352000000004, 0.18228095999999977, 0.43776031199999976], "90": [0.402, 0.056067191999999995, 0.28335765600000035, 0.7414248480000003], "91": [0.378, 0.067943448, 0.4037009760000028, 0.8496444240000028], "92": [0.192, 0.02333736, 0.195873047999999, 0.411210407999999], "93": [1.212, 0.37360756800000006, 1.7506665360000029, 3.336274104000003], "94": [0.234, 0.046538136, 0.19283522399999856, 0.4733733599999985], "95": [0.918, 0.312708312, 0.8021038320000011, 2.032812144000001], "96": [0.324, 0.04835836799999999, 0.24348599999999976, 0.6158443679999998], "97": [1.704, 1.0361553062400002, 1.6219507622399898, 4.36210606847999], "98": [0.28200000000000003, 0.053873784, 0.34544037600000244, 0.6813141600000024], "99": [0.426, 0.08018906399999999, 0.3967338960000007, 0.9029229600000006], "100": [0.018000000000000002, 0.00010735200000000001, 0.024049871999999983, 0.042157223999999986], "101": [0.384, 0.07651483200000002, 0.35501284800000293, 0.815527680000003], "102": [0.516, 0.14870678399999998, 0.43271488800000235, 1.0974216720000025], "103": [0.084, 0.001214064, 0.05053550399999992, 0.13574956799999993], "104": [0.834, 0.20635524000000008, 0.825508296000001, 1.8658635360000009], "105": [0.222, 0.046466568, 0.18546803999999883, 0.45393460799999885], "106": [0.234, 0.016219800000000003, 0.10348610400000001, 0.353705904], "107": [1.062, 0.49447562400000006, 1.3162940639999927, 2.872769687999993], "108": [1.446, 0.564193944, 1.642501511999998, 3.6526954559999982], "109": [0.516, 0.12347467200000001, 0.3500064720000008, 0.9894811440000008], "110": [0.246, 0.016980119999999998, 0.22763915999999956, 0.49061927999999955],