{"1": [41.58, 21.504315819999995, 292.6966134499989, 355.78092926999886], "2": [32.4, 51.20128854000001, 362.9150955999995, 446.51638413999956], "3": [9.45, 69.65321219, 152.88931925999725, 231.99253144999727], "4": [17.099999999999998, 39.03411372, 264.0405054499972, 320.17461916999724], "5": [9.719999999999999, 3.502850789999999, 32.929799110000054, 46.15264990000006], "6": [16.56, 54.05644916000001, 195.3216020399966, 265.9380511999966], "7": [7.739999999999999, 61.575146, 91.8463843800005, 161.1615303800005], "8": [25.47, 91.61590339000003, 323.55226338999984, 440.6381667799999], "9": [6.75, 45.200025620000005, 117.24415389000055, 169.19417951000054], "11": [8.64, 37.1589527, 222.44892751999834, 268.24788021999836], "12": [15.479999999999999, 61.444046359999994, 316.36828861999976, 393.29233497999974], "13": [4.14, 31.751377999999995, 48.729962069999495, 84.62134006999949], "14": [5.58, 37.68590537, 82.4146236900001, 125.6805290600001], "15": [3.78, 12.939362009999996, 60.825581099999816, 77.54494310999982], "17": [13.41, 26.866243789999988, 243.49817946999758, 283.77442325999755], "18": [7.83, 27.957865460000004, 93.18733209000037, 128.97519755000036], "19": [5.67, 32.80411736, 88.01578017000053, 126.48989753000052], "20": [27.36, 2.2446284800000007, 337.19814894, 366.80277742], "21": [13.139999999999999, 93.56725426, 245.65934329999544, 352.36659755999545], "22": [3.96, 17.26604348, 7.837372889999995, 29.063416369999995], "23": [30.599999999999998, 24.890873149999997, 282.17079234999926, 337.66166549999923], "24": [7.92, 50.18726893, 159.9159032099971, 218.02317213999711], "25": [7.739999999999999, 13.718513770000001, 58.27271866000005, 79.73123243000005], "26": [4.2299999999999995, 30.187050839999987, 54.7948370699994, 89.21188790999939], "27": [11.16, 2.980116080000001, 62.96045308999999, 77.10056916999999], "28": [3.33, 0.9432450000000001, 67.97229210000017, 72.24553710000018], "29": [22.23, 29.432355999999995, 231.77396609999704, 283.436322099997], "30": [1.71, 1.033803, 20.1212910000001, 22.8650940000001], "32": [4.32, 13.382321849999999, 71.25882174000006, 88.96114359000006], "33": [10.17, 5.75305117, 145.10982202999958, 161.03287319999959], "34": [0.8099999999999999, 0.25474499999999994, 4.776651, 5.841396], "36": [6.66, 8.65181331, 88.6641783000002, 103.97599161000021], "37": [8.549999999999999, 9.2355719, 106.85928132000038, 124.64485322000039], "38": [10.53, 81.82013036, 196.87756326999582, 289.2276936299958], "39": [5.13, 14.86808703, 86.93594892000078, 106.93403595000078], "40": [7.92, 40.2728881, 138.26779245999825, 186.46068055999825], "41": [46.53, 35.398849199999994, 284.95546067999913, 366.88430987999914], "42": [4.59, 17.127617219999998, 10.879221779999995, 32.59683899999999], "43": [19.439999999999998, 51.13731784999999, 361.24795034000056, 431.82526819000054], "44": [19.439999999999998, 9.588493410000005, 183.00201901999785, 212.03051242999786], "45": [20.43, 5.835155030000001, 165.50597368999897, 191.77112871999896], "46": [13.049999999999999, 42.67499498, 168.43263259999662, 224.1576275799966], "47": [12.059999999999999, 2.636015000000001, 48.67853030999986, 63.37454530999986], "48": [9.27, 42.918432929999994, 118.06658743000091, 170.2550203600009], "49": [1.6199999999999999, 2.2118443200000004, 18.52048800000006, 22.35233232000006], "50": [2.07, 3.1002417899999997, 26.05324500000005, 31.22348679000005], "51": [24.75, 48.39043209, 264.4417331399986, 337.58216522999857], "52": [9.18, 48.94640283999999, 168.57587888999663, 226.70228172999663], "53": [7.83, 3.2154904800000006, 89.57193899000025, 100.61742947000025], "54": [6.75, 23.30854905999999, 75.1807753200001, 105.23932438000008], "55": [18.09, 1.2482099999999998, 114.34361112000026, 133.68182112000025], "56": [6.93, 17.21873132999999, 231.56748665999584, 255.7162179899958], "57": [20.16, 15.527420640000003, 269.5285929899979, 305.21601362999786], "58": [8.459999999999999, 37.25826424, 243.75876063999732, 289.4770248799973], "59": [12.87, 74.36354281999999, 184.3713392399965, 271.6048820599965], "60": [4.2299999999999995, 31.606612999999992, 49.12735616999956, 84.96396916999956], "61": [30.419999999999998, 53.33594268, 363.97439196999954, 447.7303346499996], "62": [23.759999999999998, 0.3149000000000018, 237.94963752999845, 262.02453752999844], "63": [40.32, 49.91753169000001, 323.05431833999984, 413.29185002999986], "64": [9.81, 53.392889759999996, 208.5274291299964, 271.7303188899964], "65": [30.509999999999998, 23.919945, 244.60658667999684, 299.0365316799968], "66": [4.05, 18.209645639999994, 136.721182709999, 158.980828349999], "67": [2.07, 4.926001229999999, 9.700410150000003, 16.69641138], "68": [9.0, 3.65001758, 59.99227494000006, 72.64229252000005], "69": [6.4799999999999995, 6.274335150000001, 57.814748369999975, 70.56908351999998], "70": [8.19, 22.750885649999997, 170.23701125999858, 201.1778969099986], "71": [5.3999999999999995, 12.77412525, 175.84545075999822, 194.01957600999822], "72": [10.799999999999999, 53.304578610000014, 225.0364769999966, 289.1410556099966], "73": [1.98, 0.330642, 27.279967320000093, 29.590609320000095], "74": [10.709999999999999, 44.98989972000001, 290.9898861899995, 346.6897859099995], "75": [11.34, 62.34527758000001, 231.18332568999656, 304.8686032699966], "76": [13.5, 48.082073980000004, 194.49058180999586, 256.07265578999585], "77": [10.53, 42.56435868, 241.29232412999625, 294.3866828099963], "78": [14.94, 69.88206211, 254.42418254999708, 339.2462446599971], "79": [6.93, 31.549470089999986, 215.8149743099969, 254.29444439999688], "80": [12.87, 77.59850110000001, 188.2658014299968, 278.7343025299968], "81": [1.44, 1.8889604999999996, 7.139611350000001, 10.46857185], "82": [2.52, 7.402117769999998, 10.708980840000002, 20.631098610000002], "83": [0.8999999999999999, 0.16669799999999993, 11.321531999999987, 12.388229999999988], "84": [7.109999999999999, 32.427563760000005, 122.95140003000064, 162.48896379000064], "85": [38.61, 64.64084128, 329.52249968999956, 432.7733409699996], "86": [6.4799999999999995, 17.865646069999983, 76.9628692800003, 101.30851535000029], "87": [4.05, 4.72095698, 63.224696119999855, 71.99565309999986], "88": [3.96, 31.754959999999993, 47.745551249999444, 83.46051124999943], "89": [3.33, 13.10314077, 38.166251489999986, 54.59939225999999], "90": [6.029999999999999, 20.55417565999999, 60.71910902999988, 87.30328468999987], "91": [5.67, 36.51793695, 101.19561093000087, 143.38354788000086], "92": [2.88, 9.166264559999998, 43.10194679999986, 55.148211359999856], "93": [18.18, 46.57833807, 402.00418804000014, 466.7625261100002], "94": [3.51, 31.648001670000003, 43.43505443999967, 78.59305610999968], "95": [13.77, 77.47807701000002, 209.59032944999566, 300.83840645999567], "96": [4.859999999999999, 6.69261101, 46.57725328999999, 58.12986429999999], "97": [25.56, 51.08906779, 233.3903951499966, 310.0394629399966], "98": [4.2299999999999995, 32.51007, 74.92140441000059, 111.66147441000058], "99": [6.39, 14.38752363, 117.13095153000077, 137.90847516000076], "100": [0.27, 0.022112999999999997, 5.3037179999999955, 5.595830999999995], "101": [5.76, 36.02167776, 85.34822661000072, 127.12990437000073], "102": [7.739999999999999, 60.899066, 97.7656124700005, 166.4046784700005], "103": [1.26, 0.24186599999999997, 10.890125999999986, 12.391991999999986], "104": [12.51, 14.316817809999998, 169.54380235999835, 196.37062016999835], "105": [3.33, 31.633259670000005, 41.93120843999967, 76.89446810999968], "106": [3.51, 3.391764839999999, 25.089796979999992, 31.99156181999999], "107": [15.93, 40.60238897, 236.4931336899961, 293.0255226599961], "108": [21.689999999999998, 27.094399349999996, 239.84713836999723, 288.6315377199972], "109": [7.739999999999999, 31.052870829999993, 75.82859226000029, 114.62146309000028], "110": [3.69, 3.05666541, 47.178797490000015, 53.925462900000014], "111": [9.9, 59.953688910000004, 242.8933469999965, 312.7470359099965], "112": [16.29, 33.793768760000006, 381.1594757699998, 431.2432445299998],