{"1": [0.6468, 0.08917058337600005, 0.1786596859599983, 0.9146302693359983], "2": [0.5040000000000001, 0.070919731344, 0.10799623010400111, 0.6829159614480012], "3": [0.14700000000000002, 0.011447443896000005, 0.03470349735999969, 0.19315094125599971], "4": [0.266, 0.022869884464000016, 0.0791615188000012, 0.36803140326400124], "5": [0.15120000000000003, 0.013531478576000004, 0.02400846728000012, 0.18873994585600015], "6": [0.25760000000000005, 0.020669743696, 0.06200241303199955, 0.3402721567279996], "7": [0.12040000000000002, 0.007785489263999999, 0.022771403088000353, 0.15095689235200038], "8": [0.39620000000000005, 0.04281687463200001, 0.09958013867200112, 0.5385970133040012], "9": [0.10500000000000001, 0.0059539566800000015, 0.02422600336800028, 0.13517996004800029], "11": [0.13440000000000002, 0.008652342384000002, 0.039429862919999975, 0.182482205304], "12": [0.24080000000000004, 0.021462899248000003, 0.07559091545600087, 0.33785381470400094], "13": [0.06440000000000001, 0.0028451258080000015, 0.011756533936000029, 0.07900165974400004], "14": [0.08680000000000002, 0.004273594192, 0.019183087224000233, 0.11025668141600026], "15": [0.058800000000000005, 0.0015520479520000007, 0.0160744496080001, 0.07642649756000011], "17": [0.20860000000000004, 0.009873702663999997, 0.058503528047999576, 0.27697723071199964], "18": [0.12180000000000002, 0.007596101128000002, 0.021438115440000117, 0.15083421656800014], "19": [0.08820000000000001, 0.0037261305200000016, 0.02064085760800035, 0.11256698812800037], "20": [0.4256000000000001, 0.06621970544000003, 0.1109865088080005, 0.6028062142480006], "21": [0.20440000000000003, 0.018269976144000007, 0.049884365719999456, 0.27255434186399946], "22": [0.06160000000000001, 0.0026991481440000005, 0.0026193255760000008, 0.06691847372000001], "23": [0.4760000000000001, 0.06517720652800003, 0.13626430971999917, 0.6774415162479993], "24": [0.12320000000000002, 0.007883626464000003, 0.03506964574399982, 0.16615327220799983], "25": [0.12040000000000002, 0.007558954032000001, 0.021603463783999997, 0.14956241781600002], "26": [0.06580000000000001, 0.002516891272000001, 0.013367350136000032, 0.08168424140800004], "27": [0.17360000000000003, 0.008415728832000001, 0.03172909465599994, 0.21374482348799997], "28": [0.051800000000000006, 0.00029683612000000015, 0.015452233496000016, 0.06754906961600002], "29": [0.34580000000000005, 0.05576935901600001, 0.09133667424000096, 0.492906033256001], "30": [0.026600000000000006, 0.0002836704080000001, 0.005080889575999992, 0.031964559983999996], "32": [0.06720000000000001, 0.0019688929120000006, 0.01560414839200006, 0.08477304130400007], "33": [0.15820000000000004, 0.006899290552000003, 0.040162255727999766, 0.20526154627999982], "34": [0.012600000000000002, 7.813932000000004e-05, 0.0012567257359999996, 0.013934865056000001], "36": [0.10360000000000001, 0.0028553750400000005, 0.022471763776000048, 0.12892713881600004], "37": [0.133, 0.005642003864000002, 0.020216108752000143, 0.15885811261600014], "38": [0.16380000000000003, 0.011425130472000002, 0.042269712799999345, 0.21749484327199936], "39": [0.07980000000000001, 0.0023603876240000017, 0.016191166040000083, 0.09835155366400009], "40": [0.12320000000000002, 0.007782499872000002, 0.0257600436240003, 0.15674254349600034], "41": [0.7238000000000001, 0.128010407896, 0.1436678823999997, 0.9954782902959998], "42": [0.0714, 0.0030604408240000013, 0.0034621592879999956, 0.077922600112], "43": [0.30240000000000006, 0.021783333376000014, 0.09639414142400077, 0.42057747480000085], "44": [0.30240000000000006, 0.038870204912000016, 0.07945571872000043, 0.42072592363200045], "45": [0.3178, 0.021731815560000013, 0.0552020824879999, 0.39473389804799996], "46": [0.20300000000000004, 0.011971007720000003, 0.044678111799999386, 0.2596491195199994], "47": [0.18760000000000002, 0.018602334128000005, 0.028789080936000126, 0.23499141506400015], "48": [0.14420000000000002, 0.008561653576000002, 0.02446567177600029, 0.1772273253520003], "49": [0.025200000000000004, 0.0004928443520000001, 0.004729481567999992, 0.030422325919999996], "50": [0.032200000000000006, 0.0005723948720000001, 0.006786474911999996, 0.039558869784], "51": [0.38500000000000006, 0.05489282036000001, 0.10385537181600077, 0.5437481921760009], "52": [0.1428, 0.009289637168000001, 0.03842040568799948, 0.19051004285599948], "53": [0.12180000000000002, 0.004670855224000002, 0.027833867880000033, 0.15430472310400006], "54": [0.10500000000000001, 0.004190884152, 0.019861362864000042, 0.12905224701600004], "55": [0.28140000000000004, 0.02779602341600001, 0.03803172004799981, 0.34722774346399987], "56": [0.10780000000000002, 0.002317781144000002, 0.043005958967999657, 0.15312374011199967], "57": [0.31360000000000005, 0.03033519204800001, 0.098900057480001, 0.442835249528001], "58": [0.13160000000000002, 0.007341797792000001, 0.043205327815999735, 0.18214712560799975], "59": [0.20020000000000002, 0.013662366984000005, 0.03967915845599949, 0.2535415254399995], "60": [0.06580000000000001, 0.0030051625520000013, 0.01149692762400002, 0.08030209017600004], "61": [0.47320000000000007, 0.061993916431999994, 0.12510734331200066, 0.6603012597440008], "62": [0.36960000000000004, 0.06314535057600003, 0.0897145555040003, 0.5224599060800004], "63": [0.6272000000000001, 0.095179024528, 0.14516388336799935, 0.8675429078959994], "64": [0.1526, 0.010340818488000001, 0.044029501935999374, 0.20697032042399938], "65": [0.4746000000000001, 0.08379404661599998, 0.09202204429600128, 0.6504160909120013], "66": [0.06300000000000001, 0.0023503610480000003, 0.027274451344000136, 0.09262481239200016], "67": [0.032200000000000006, 0.0008701619920000001, 0.0022856512559999995, 0.035355813248], "68": [0.14, 0.006650478352000001, 0.025490964240000028, 0.17214144259200004], "69": [0.10080000000000001, 0.004164172096000002, 0.018905865608000054, 0.12387003770400007], "70": [0.1274, 0.005079150664000002, 0.027848220176000055, 0.16032737084000007], "71": [0.08400000000000002, 0.0027286704480000007, 0.030307270672000144, 0.11703594112000017], "72": [0.16800000000000004, 0.012998655712000004, 0.04279536833599948, 0.22379402404799953], "73": [0.030800000000000004, 9.772011200000003e-05, 0.006940305511999988, 0.03783802562399999], "74": [0.16660000000000003, 0.014619449096000004, 0.05850981337599969, 0.23972926247199972], "75": [0.17640000000000003, 0.012190754688000004, 0.04497156887999941, 0.23356232356799944], "76": [0.21000000000000002, 0.013392230768, 0.05019856508799952, 0.27359079585599955], "77": [0.16380000000000003, 0.012011012104000001, 0.04890041906399955, 0.22471143116799958], "78": [0.23240000000000002, 0.019087353376000003, 0.05299250627999959, 0.3044798596559996], "79": [0.10780000000000002, 0.003504054680000003, 0.03705390858399986, 0.1483579632639999], "80": [0.20020000000000002, 0.015622556712000007, 0.04114450227999931, 0.25696705899199934], "81": [0.022400000000000003, 0.0004220758080000002, 0.0017989934479999978, 0.024621069256], "82": [0.039200000000000006, 0.0012435321920000004, 0.002452145023999998, 0.042895677216], "83": [0.014000000000000002, 4.693572800000003e-05, 0.00284233555199999, 0.016889271279999993], "84": [0.11060000000000002, 0.0052663573200000015, 0.027015050440000247, 0.14288140776000027], "85": [0.6006000000000001, 0.08509217108000001, 0.1151315015200008, 0.800823672600001], "86": [0.10080000000000001, 0.0023403709280000015, 0.01969290831200012, 0.12283327924000013], "87": [0.06300000000000001, 0.002135150696, 0.014335590920000014, 0.07947074161600003], "88": [0.06160000000000001, 0.0026555930240000016, 0.011826328360000029, 0.07608192138400004], "89": [0.051800000000000006, 0.0018588557680000008, 0.010018312640000008, 0.06367716840800001], "90": [0.09380000000000001, 0.003113522328000002, 0.015618019704000022, 0.11253154203200003], "91": [0.08820000000000001, 0.0037212054320000013, 0.022078577584000406, 0.11399978301600042],