{"0": [0.24540000000000003, 0.13878286813200008, 0.013223092166999982, 0.39740596029900005], "1": [0.21240000000000003, 0.12043292724000004, 0.012343673942999974, 0.34517660118300003], "2": [0.1605, 0.08965579548299998, 0.011380060898999966, 0.26153585638199994], "3": [0.24000000000000002, 0.13878686944199994, 0.011950637066999973, 0.3907375065089999], "4": [0.12450000000000001, 0.06815799863699998, 0.009550846043999982, 0.20220884468099998], "5": [0.22290000000000001, 0.127313775201, 0.012016166417999968, 0.362229941619], "6": [0.2217, 0.12741314768700002, 0.01121379386399998, 0.360326941551], "7": [0.1668, 0.09332703004200003, 0.010475313164999972, 0.27060234320700005], "8": [0.19860000000000003, 0.11214914516400003, 0.011343666734999968, 0.322092811899], "9": [0.11730000000000002, 0.064049690211, 0.010658295215999961, 0.19200798542699996], "10": [0.1839, 0.10468688084700001, 0.010376797661999984, 0.298963678509], "11": [0.1179, 0.06442447520700001, 0.00923763940199998, 0.191562114609], "12": [0.1569, 0.08746447708499998, 0.010507275890999973, 0.25487175297599995], "13": [0.16230000000000003, 0.09196318652099998, 0.00970960140899999, 0.26397278793], "14": [0.1542, 0.08708569789200002, 0.00975473549999997, 0.251040433392], "15": [0.14040000000000002, 0.07849215383400003, 0.009118416212999978, 0.22801057004700004], "16": [0.17880000000000001, 0.10072793517600001, 0.011565113876999985, 0.29109304905300004], "17": [0.1365, 0.07337251094700001, 0.013166065790999973, 0.22303857673799998], "18": [0.1491, 0.08424788504700002, 0.009522513809999966, 0.242870398857], "19": [0.17190000000000003, 0.096864410439, 0.01184972418899997, 0.280614134628], "20": [0.16080000000000003, 0.08978263471200004, 0.011629040435999978, 0.26221167514800003], "21": [0.096, 0.052004655336, 0.00875979969299998, 0.15676445502899997], "22": [0.07890000000000001, 0.04110303571500001, 0.009101630285999992, 0.129104666001], "23": [0.1479, 0.08241928282500001, 0.011216453309999963, 0.24153573613499998], "24": [0.1617, 0.09106730336099998, 0.011031363710999966, 0.26379866707199995], "25": [0.1446, 0.080566002372, 0.009754905365999966, 0.23492090773799998], "26": [0.16770000000000002, 0.09501769403700001, 0.010128221972999974, 0.27284591600999997], "27": [0.10470000000000002, 0.056905309059, 0.008375238161999983, 0.16998054722099998], "28": [0.15480000000000002, 0.08702394424200002, 0.010263269285999977, 0.252087213528], "29": [0.1242, 0.06848134592400001, 0.009172624319999956, 0.20185397024399998], "30": [0.08760000000000001, 0.04734888025200001, 0.007677380151000017, 0.14262626040300005], "31": [0.1554, 0.08698169319600002, 0.010238195213999985, 0.25261988841], "32": [0.11130000000000001, 0.05952941888700001, 0.011542517702999973, 0.18237193658999998], "33": [0.10890000000000001, 0.059468328062999995, 0.008721809423999971, 0.17709013748699998], "34": [0.11250000000000002, 0.061523997759, 0.009060081479999971, 0.183084079239], "35": [0.1257, 0.06962357572500001, 0.009263757887999987, 0.20458733361300002], "36": [0.12840000000000001, 0.07128479116200004, 0.009383696774999973, 0.20906848793700003], "37": [0.12810000000000002, 0.07077319386900001, 0.008898488495999972, 0.20777168236500002], "38": [0.10110000000000001, 0.055340550321000014, 0.007962028640999989, 0.164402578962], "39": [0.11610000000000001, 0.064586862585, 0.007890353865000005, 0.18857721645], "40": [0.038400000000000004, 0.019682064912000002, 0.005197658769000005, 0.06327972368100002], "41": [0.12780000000000002, 0.07141752511200003, 0.009286347158999978, 0.20850387227100003], "42": [0.0729, 0.03909556363500001, 0.006319015155000023, 0.11831457879000004], "43": [0.0432, 0.022212106992, 0.005396017005000008, 0.07080812399700001], "44": [0.11730000000000002, 0.065398298595, 0.007930161278999997, 0.19062845987400004], "45": [0.1272, 0.07091361945600001, 0.008299891439999988, 0.20641351089600002], "46": [0.12240000000000001, 0.06791215609800001, 0.009083521826999978, 0.199395677925], "47": [0.11220000000000001, 0.06192058506600001, 0.008364578453999986, 0.18248516352000002], "48": [0.09540000000000001, 0.052034372190000004, 0.00777795530400002, 0.15521232749400005], "49": [0.11340000000000001, 0.062223367104000005, 0.008056880459999973, 0.18368024756399998], "50": [0.0879, 0.04766718695700002, 0.007524940914000026, 0.14309212787100006], "51": [0.07410000000000001, 0.039746045679, 0.005804378064000016, 0.11965042374300003], "52": [0.10080000000000001, 0.05572046971800001, 0.007466932251000023, 0.16398740196900005], "53": [0.09090000000000001, 0.04974163589700001, 0.006386990040000019, 0.14702862593700003], "54": [0.10200000000000001, 0.056041788318, 0.007522972317000021, 0.16556476063500003], "55": [0.10410000000000001, 0.05728686705300002, 0.007360601238000018, 0.16874746829100007], "56": [0.0669, 0.036107944845, 0.005045620464000011, 0.10805356530900001], "57": [0.07260000000000001, 0.03857882833199999, 0.007374270564000017, 0.11855309889600002], "58": [0.0951, 0.052360237047, 0.007167367656000016, 0.15462760470300002], "59": [0.08310000000000001, 0.045049980165, 0.0069278922180000205, 0.13507787238300004], "60": [0.0903, 0.049427399751000016, 0.006879753918000013, 0.14660715366900004], "61": [0.09630000000000001, 0.052625276667, 0.00666149796900002, 0.155586774636], "62": [0.09840000000000002, 0.054191091228000005, 0.007202366208000015, 0.15979345743600004], "63": [0.0357, 0.018261222681, 0.0042149055330000075, 0.05817612821400001], "64": [0.11760000000000001, 0.06535343001000002, 0.008627381135999977, 0.191580811146], "65": [0.10470000000000002, 0.057602705469000016, 0.007632175050000014, 0.16993488051900005], "66": [0.0825, 0.045185622825, 0.006058522575000017, 0.13374414540000004], "67": [0.09150000000000001, 0.04993201076700001, 0.007297540785000014, 0.14872955155200002], "68": [0.0747, 0.040380854732999995, 0.00532203821100002, 0.12040289294400003], "69": [0.09150000000000001, 0.050220307659, 0.006894389664000015, 0.14861469732300003], "70": [0.0855, 0.04674038510699999, 0.006866226234000013, 0.139106611341], "71": [0.08280000000000001, 0.04538293999200001, 0.006249267594000013, 0.13443220758600005], "72": [0.0396, 0.020495878110000004, 0.004725358038000014, 0.06482123614800002], "73": [0.04920000000000001, 0.02546016105, 0.005901201882000015, 0.08056136293200002], "74": [0.0693, 0.037351416627000006, 0.005736160233000014, 0.11238757686000002], "75": [0.08850000000000001, 0.048226719237000004, 0.006664526199000014, 0.14339124543600004], "76": [0.07410000000000001, 0.03999718873500001, 0.006777359325000023, 0.12087454806000004], "77": [0.07800000000000001, 0.042439508310000006, 0.00608562927000002, 0.12652513758000006], "78": [0.0795, 0.04311483859500001, 0.006797638845000026, 0.12941247744000003], "79": [0.024, 0.012221913719999998, 0.003346545510000001, 0.03956845923], "80": [0.0732, 0.039658922772000005, 0.0064752898230000175, 0.11933421259500002], "81": [0.0408, 0.021057570168, 0.0048232962810000005, 0.06668086644900001], "82": [0.06720000000000001, 0.036325755822000004, 0.005185333908000012, 0.10871108973000003], "83": [0.0729, 0.039901885497, 0.0053179119720000115, 0.11811979746900003], "84": [0.0699, 0.037615994841, 0.006004196721000017, 0.11352019156200001], "85": [0.07650000000000001, 0.04157150481900001, 0.005798545911000016, 0.12387005073000004], "86": [0.0327, 0.016769253903, 0.004172406246000012, 0.053641660149000014], "87": [0.05910000000000001, 0.031681932591, 0.005010781572000015, 0.09579271416300002], "88": [0.081, 0.04440215147400001, 0.005745650778000016, 0.13114780225200004], "89": [0.0693, 0.037684815939, 0.005432624433000014, 0.11241744037200001], "90": [0.05280000000000001, 0.02826208722, 0.004216693158000007, 0.08527878037800002], "91": [0.036300000000000006, 0.018674146113, 0.0038117957669999976, 0.058785941880000005], "92": [0.036300000000000006, 0.018674146113, 0.0038117957669999976, 0.058785941880000005], "93": [0.036300000000000006, 0.018674146113, 0.0038117957669999976, 0.058785941880000005],