{"0": [4.09, 4.3656644999999985, 3.5227776249999994, 11.978442124999997], "1": [3.54, 3.8803900000000007, 3.3010886249999993, 10.721478625], "2": [2.6750000000000003, 2.5827661249999996, 3.0675671249999974, 8.325333249999996], "3": [4.0, 5.087880750000002, 3.1785651249999995, 12.266445875000002], "4": [2.075, 1.6341538750000004, 2.5940715000000023, 6.303225375000003], "5": [3.715, 4.3142703749999995, 3.2105167499999983, 11.239787124999998], "6": [3.6950000000000003, 4.497947625000001, 2.9973289999999997, 11.190276625000003], "7": [2.7800000000000002, 2.7241307499999996, 2.822611875000004, 8.326742625000005], "8": [3.31, 3.510041499999999, 3.049475624999995, 9.869517124999994], "9": [1.955, 1.4950991249999999, 2.893076000000001, 6.343175125000001], "10": [3.065, 3.4762576249999997, 2.791088250000003, 9.332345875000003], "11": [1.965, 1.5153426250000004, 2.511740750000004, 5.992083375000004], "12": [2.615, 2.475056875, 2.833504125000003, 7.923561000000003], "13": [2.705, 2.9485653750000003, 2.6248333750000037, 8.278398750000004], "14": [2.57, 2.7267494999999995, 2.637562500000004, 7.934312000000003], "15": [2.34, 2.2792677500000003, 2.4740398750000043, 7.093307625000005], "16": [2.98, 3.1002859999999997, 3.1100188749999984, 9.190304874999997], "17": [2.275, 1.4166701250000002, 3.5619166250000043, 7.253586750000004], "18": [2.485, 2.6510826250000004, 2.5757037500000037, 7.711786375000004], "19": [2.865, 2.989144625, 3.1872508749999997, 9.0413955], "20": [2.68, 2.577232000000001, 3.134158499999997, 8.391390499999998], "21": [1.6, 1.1135460000000004, 2.3792698750000087, 5.092815875000009], "22": [1.315, 0.465618125, 2.490327250000005, 4.270945375000005], "23": [2.465, 2.3272593749999997, 3.029616250000001, 7.8218756250000006], "24": [2.695, 2.7994803749999995, 2.973286625000001, 8.467767], "25": [2.41, 2.2728545000000007, 2.6414822500000015, 7.324336750000002], "26": [2.795, 3.0557288750000007, 2.7318498750000058, 8.582578750000007], "27": [1.745, 1.2631771250000001, 2.283450750000004, 5.291627875000005], "28": [2.58, 2.6424307500000004, 2.7715272500000037, 7.993958000000005], "29": [2.07, 1.7616265, 2.4927450000000024, 6.324371500000002], "30": [1.46, 0.9870845000000001, 2.0935266250000044, 4.540611125000004], "31": [2.59, 2.5504935000000004, 2.76628525, 7.90677875], "32": [1.855, 1.074522625, 3.1420986250000063, 6.071621250000006], "33": [1.815, 1.389033625, 2.376114000000006, 5.580147625000006], "34": [1.875, 1.460114625, 2.4620800000000043, 5.797194625000005], "35": [2.095, 1.867321875, 2.5147680000000037, 6.477089875000004], "36": [2.14, 1.95170075, 2.5471656250000057, 6.638866375000006], "37": [2.1350000000000002, 1.8545558749999995, 2.4181809999999984, 6.407736874999998], "38": [1.685, 1.3260903750000002, 2.1697603750000036, 5.180850750000004], "39": [1.935, 1.8009193749999999, 2.149699375000003, 5.885618750000003], "40": [0.64, 0.139857, 1.4252933749999994, 2.2051503749999997], "41": [2.13, 2.0675569999999994, 2.5186896250000057, 6.7162466250000055], "42": [1.215, 0.7360881250000002, 1.7311081249999993, 3.6821962499999996], "43": [0.72, 0.175587, 1.4796018749999997, 2.3751888749999996], "44": [1.955, 1.8585981250000005, 2.1604846250000036, 5.974082750000004], "45": [2.12, 2.0139910000000003, 2.2557900000000073, 6.389781000000007], "46": [2.04, 1.85037175, 2.4683751250000063, 6.358746875000007], "47": [1.87, 1.6065697499999998, 2.278750250000004, 5.755320000000004], "48": [1.59, 1.2004962499999998, 2.1236190000000015, 4.914115250000002], "49": [1.8900000000000001, 1.526519, 2.197247500000008, 5.613766500000008], "50": [1.465, 1.031023875, 2.0571477500000057, 4.553171625000006], "51": [1.235, 0.7493346250000003, 1.5939539999999996, 3.578288625], "52": [1.68, 1.46935425, 2.037689125000003, 5.187043375000004], "53": [1.5150000000000001, 1.1883263750000002, 1.7493149999999993, 4.452641375], "54": [1.7, 1.39305425, 2.0539088750000034, 5.146963125000003], "55": [1.735, 1.447879875, 2.0091492500000023, 5.192029125000003], "56": [1.115, 0.7385668750000001, 1.3868539999999985, 3.2404208749999985], "57": [1.21, 0.6336645, 2.0215165000000037, 3.8651810000000038], "58": [1.585, 1.3297826249999998, 1.9574160000000005, 4.872198625], "59": [1.385, 0.9706368750000002, 1.89644175, 4.252078625], "60": [1.5050000000000001, 1.183751625, 1.8827292499999992, 4.571480874999999], "61": [1.605, 1.2389151250000003, 1.8236433749999983, 4.667558499999998], "62": [1.6400000000000001, 1.3793705, 1.967087999999998, 4.986458499999998], "63": [0.595, 0.11675037500000002, 1.1630848749999994, 1.8748352499999994], "64": [1.96, 1.80617875, 2.3466710000000046, 6.112849750000004], "65": [1.745, 1.4515058749999998, 2.081643750000004, 5.278149625000004], "66": [1.375, 1.0893843749999998, 1.660565624999999, 4.124949999999998], "67": [1.5250000000000001, 1.1578526249999999, 1.996069374999999, 4.678921999999998], "68": [1.245, 0.841909875, 1.4617991249999975, 3.5487089999999974], "69": [1.5250000000000001, 1.2360521250000003, 1.8862539999999983, 4.647306124999998], "70": [1.425, 1.104455125, 1.8792427500000013, 4.408697875000001], "71": [1.3800000000000001, 1.101987, 1.7125277499999974, 4.194514749999998], "72": [0.66, 0.19636624999999996, 1.3016242500000004, 2.1579905000000004], "73": [0.8200000000000001, 0.24204375000000003, 1.6235207499999997, 2.6855645], "74": [1.155, 0.7503501250000002, 1.5746223749999981, 3.4799724999999984], "75": [1.475, 1.101553875, 1.8239546249999965, 4.400508499999996], "76": [1.235, 0.818325625, 1.856746874999998, 3.9100724999999983], "77": [1.3, 0.9528912500000003, 1.6689512499999968, 3.921842499999997], "78": [1.325, 0.932923125, 1.8621168750000008, 4.120040000000001], "79": [0.4, 0.063895, 0.924441250000001, 1.388336250000001], "80": [1.22, 0.8486295000000001, 1.774668624999998, 3.843298124999998], "81": [0.68, 0.185498, 1.3281253749999973, 2.1936233749999974], "82": [1.12, 0.75667325, 1.4250254999999958, 3.301698749999996], "83": [1.215, 0.955676375, 1.459929499999999, 3.630605874999999], "84": [1.165, 0.7401853750000001, 1.648365374999999, 3.5535507499999994], "85": [1.2750000000000001, 0.9205871249999998, 1.5912366249999974, 3.7868237499999973], "86": [0.545, 0.118348625, 1.1515872499999984, 1.8149358749999984], "87": [0.985, 0.592216625, 1.3787044999999973, 2.9559211249999975], "88": [1.35, 1.0797327499999998, 1.5754767499999986, 4.0052094999999985], "89": [1.155, 0.8411821250000001, 1.4920223749999963, 3.4882044999999966], "90": [0.88, 0.5173575, 1.1615692499999986, 2.5589267499999986], "91": [0.605, 0.148677375, 1.052677624999997, 1.8063549999999968], "92": [0.605, 0.148677375, 1.052677624999997, 1.8063549999999968], "93": [0.605, 0.148677375, 1.052677624999997, 1.8063549999999968], "94": [1.205, 0.930397375, 1.5147199999999978, 3.650117374999998], "95": [0.74, 0.2146095, 1.4389330000000005, 2.3935425000000006], "96": [0.735, 0.22852787500000002, 1.4383457499999992, 2.4018736249999995], "97": [1.36, 1.0547417499999998, 1.7033499999999957, 4.118091749999996], "98": [0.805, 0.44444862500000004, 1.1466251249999992, 2.3960737499999993], "99": [0.93, 0.5523234999999999, 1.2835718749999967, 2.765895374999997], "100": [1.345, 0.9927951250000001, 1.7265561249999977, 4.064351249999998], "101": [0.43, 0.074635, 0.9375991250000019, 1.442234125000002], "102": [1.26, 0.842736, 1.7293498749999991, 3.8320858749999993], "103": [0.64, 0.154173, 1.3028678749999971, 2.097040874999997], "104": [0.45, 0.1203625, 0.8807578750000016, 1.4511203750000017], "105": [1.025, 0.653719875, 1.4119629999999985, 3.0906828749999984], "106": [0.245, 0.035672125, 0.5335937500000001, 0.814265875], "107": [0.4, 0.0573915, 0.809752875000001, 1.267144375000001], "108": [0.91, 0.570145, 1.1608648749999972, 2.6410098749999973], "109": [1.125, 0.7212336249999998, 1.520587999999999, 3.3668216249999987], "110": [0.885, 0.5126893750000001, 1.2651271250000005, 2.662816500000001], "111": [0.885, 0.5216116249999999, 1.2436891250000002, 2.6503007500000004],