{"0": [0.057260000000000005, 0.03044826675493653, 0.0007213655416029998, 0.08842963229653954], "1": [0.04956000000000001, 0.026379069626560194, 0.0006732693963869994, 0.0766123390229472], "2": [0.037450000000000004, 0.019778404391615777, 0.0006204784817909996, 0.057848882873406775], "3": [0.05600000000000001, 0.0301160586728083, 0.000651998735702999, 0.0867680574085113], "4": [0.029050000000000003, 0.015183705125412455, 0.0005205558415960006, 0.044754260967008457], "5": [0.05201000000000001, 0.027788894655021892, 0.0006554345711619996, 0.08045432922618391], "6": [0.051730000000000005, 0.02772743576152508, 0.0006116568679759989, 0.08006909262950108], "7": [0.03892, 0.020571788301370138, 0.0005711589579850005, 0.06006294725935514], "8": [0.046340000000000006, 0.024611941597232765, 0.0006185735811149993, 0.07157051517834777], "9": [0.027370000000000002, 0.014287698287458975, 0.0005809329777440002, 0.04223863126520298], "10": [0.042910000000000004, 0.02288361013836902, 0.0005658352195580002, 0.06635944535792702], "11": [0.027510000000000003, 0.014365402631643251, 0.0005034586772180007, 0.04237886130886126], "12": [0.036610000000000004, 0.019314952363880134, 0.0005728798363189994, 0.05649783220019913], "13": [0.03787, 0.020150596393938455, 0.0005293271093809994, 0.05854992350331946], "14": [0.035980000000000005, 0.01911221354783152, 0.0005317825695000001, 0.05562399611733152], "15": [0.032760000000000004, 0.017306283608923497, 0.0004970115978170001, 0.0505632952067405], "16": [0.04172000000000001, 0.022129295249456032, 0.0006306394499929997, 0.06447993469944904], "17": [0.03185, 0.016497393551425467, 0.0007177334354189995, 0.04906512698684447], "18": [0.03479, 0.01848355815174872, 0.00051911399729, 0.053792672149038726], "19": [0.04011000000000001, 0.021276749502027046, 0.0006461524184009996, 0.06203290192042805], "20": [0.037520000000000005, 0.01980889903745065, 0.0006340586807239994, 0.057962957718174654], "21": [0.022400000000000003, 0.011647091187263842, 0.00047744044313699984, 0.03452453163040085], "22": [0.018410000000000003, 0.009389719739031962, 0.0004958967543740003, 0.028295616493405965], "23": [0.034510000000000006, 0.01820194900659759, 0.0006114990627899992, 0.05332344806938759], "24": [0.03773000000000001, 0.020008184479050617, 0.0006014691126990005, 0.05833965359174963], "25": [0.033740000000000006, 0.017792731717416983, 0.0005317546740940001, 0.05206448639151098], "26": [0.039130000000000005, 0.0208150796366013, 0.000552207557657, 0.06049728719425831], "27": [0.024430000000000004, 0.012721825488240768, 0.0004563976640579993, 0.037608223152298774], "28": [0.036120000000000006, 0.019134368527993384, 0.0005595393753739997, 0.05581390790336739], "29": [0.028980000000000002, 0.01520088352699592, 0.0004999279448799997, 0.04468081147187592], "30": [0.020440000000000003, 0.010614353268488195, 0.0004183655226589996, 0.03147271879114719], "31": [0.03626, 0.01916591956241456, 0.0005581577051260004, 0.055984077267540566], "32": [0.025970000000000003, 0.013417240804724033, 0.0006290413182270007, 0.04001628212295104], "33": [0.025410000000000002, 0.01326302939966423, 0.0004753011360159999, 0.03914833053568023], "34": [0.026250000000000002, 0.013712172660436079, 0.0004937948873200007, 0.040455967547756086], "35": [0.029330000000000002, 0.015419852307656828, 0.0005049212353919998, 0.04525477354304883], "36": [0.029960000000000004, 0.015769334611879505, 0.0005114600534750001, 0.04624079466535451], "37": [0.029890000000000003, 0.015693915084294408, 0.00048498757126399985, 0.04606890265555841], "38": [0.023590000000000003, 0.01232737249138829, 0.0004338902460689994, 0.03635126273745729], "39": [0.027090000000000003, 0.014273013997169988, 0.0004299894042849995, 0.04179300340145499], "40": [0.008960000000000001, 0.004534716142116413, 0.00028316109362099966, 0.013777877235737413], "41": [0.029820000000000003, 0.01574791133422419, 0.000506173666131001, 0.046074085000355196], "42": [0.01701, 0.008798279141109741, 0.0003442671328949995, 0.02615254627400474], "43": [0.01008, 0.005109034537126836, 0.0002939681845449997, 0.015483002721671836], "44": [0.027370000000000002, 0.014436251882760683, 0.0004321593092109999, 0.042238411191971685], "45": [0.02968, 0.015655125401529642, 0.0004523600149599996, 0.045787485416489644], "46": [0.028560000000000002, 0.015027199756750051, 0.0004950731565429998, 0.04408227291329305], "47": [0.026180000000000002, 0.013736808818572314, 0.00045583398628599986, 0.04037264280485832], "48": [0.022260000000000002, 0.01161143868840864, 0.0004238206129359999, 0.03429525930134464], "49": [0.026460000000000004, 0.013843755907698426, 0.00043904347213999997, 0.04074279937983843], "50": [0.02051, 0.010667571049705522, 0.00041000883642599927, 0.03158757988613152], "51": [0.017290000000000003, 0.008943520148863536, 0.00031619236577599925, 0.02654971251463954], "52": [0.023520000000000003, 0.012351299925990118, 0.0004068826715589997, 0.03627818259754912], "53": [0.021210000000000003, 0.011081538059788542, 0.00034797446236, 0.03263951252214854], "54": [0.0238, 0.01246020789368555, 0.0004099274779529995, 0.03667013537163855], "55": [0.024290000000000003, 0.012726827556781894, 0.00040108398054199953, 0.0374179115373239], "56": [0.015610000000000002, 0.008099194891085335, 0.00027484706737600033, 0.023984041958461336], "57": [0.01694, 0.008722737334356707, 0.0004017459982759998, 0.026064483332632706], "58": [0.02219, 0.011629327424386141, 0.0003905448517039995, 0.03420987227609014], "59": [0.01939, 0.010082815293030404, 0.00037745354336199893, 0.029850268836392402], "60": [0.021070000000000002, 0.011009544660378845, 0.0003748359486619995, 0.03245438060904085], "61": [0.022470000000000004, 0.01173197893743297, 0.00036293834642099935, 0.03456491728385397], "62": [0.02296, 0.012034190019889741, 0.0003924508062719997, 0.03538664082616175], "63": [0.00833, 0.0042106810782683, 0.00022955225769700035, 0.0127702333359653], "64": [0.027440000000000003, 0.014448744594113588, 0.00047019085702399994, 0.04235893545113759], "65": [0.024430000000000004, 0.012797996174065638, 0.00041589789045, 0.03764389406451564], "66": [0.019250000000000003, 0.010061115924549119, 0.0003300673356749997, 0.02964118326022412], "67": [0.02135, 0.011138762753360933, 0.0003976081325649995, 0.032886370885925935], "68": [0.01743, 0.009050851319039073, 0.0002899141031990002, 0.026770765422238073], "69": [0.02135, 0.011170792628423803, 0.000375637970175999, 0.032896430598599806], "70": [0.019950000000000002, 0.010417205812790407, 0.00037409684030599957, 0.03074130265309641], "71": [0.01932, 0.01010123841240559, 0.00034046215054599926, 0.02976170056295159], "72": [0.009240000000000002, 0.004697412444436883, 0.0002573747617419996, 0.014194787206178883], "73": [0.01148, 0.005835351174953136, 0.0003214382635379996, 0.017636789438491136], "74": [0.01617, 0.008383981323613445, 0.0003124819499970005, 0.024866463273610445], "75": [0.02065, 0.010766010167932308, 0.00036310829949099977, 0.03177911846742331], "76": [0.017290000000000003, 0.008971431833173933, 0.0003692375314249997, 0.026630669364598934], "77": [0.0182, 0.009480627639902364, 0.00033153493442999895, 0.028012162574332367], "78": [0.01855, 0.009647552370474499, 0.00037034416310499906, 0.0285678965335795], "79": [0.005600000000000001, 0.002824848416804989, 0.00018225025259, 0.00860709866939499], "80": [0.01708, 0.008878559122958297, 0.00035277397330699947, 0.026311333096265297], "81": [0.00952, 0.004832964052096315, 0.00026271370682899993, 0.014615677758925315], "82": [0.015680000000000003, 0.00814148877808768, 0.00028245980557200037, 0.024103948583659683], "83": [0.01701, 0.008887011934958314, 0.0002896963913479999, 0.02618670832630632], "84": [0.01631, 0.00844980606878704, 0.00032708187278899907, 0.02508688794157604], "85": [0.01785, 0.00929260420201147, 0.0003158853624989998, 0.027458489564510472], "86": [0.0076300000000000005, 0.003861416252388704, 0.0002272354560140001, 0.011718651708402705],