{"0": [0.07362, 0.0014938138295640005, 0.0011922541785090003, 0.076306068008073], "1": [0.06372, 0.0013088643454800008, 0.0011127794564610004, 0.066141643801941], "2": [0.048150000000000005, 0.0008642133130410005, 0.0010255599242729992, 0.050039773237314004], "3": [0.07200000000000001, 0.0017281487549340002, 0.001077599350808999, 0.07480574810574302], "4": [0.03735, 0.0005423345181990001, 0.0008604294131880012, 0.038752763931387005], "5": [0.06687, 0.0014572588554270008, 0.0010832979532860007, 0.069410556808713], "6": [0.06651, 0.0015213034625490005, 0.0010109440943280009, 0.069042247556877], "7": [0.05004, 0.0009130652111340004, 0.0009440405054550011, 0.05189710571658901], "8": [0.05958, 0.0011797713494280002, 0.0010224000018450002, 0.06178217135127301], "9": [0.03519, 0.0004963357406969999, 0.0009602246308320011, 0.036646560371529], "10": [0.055170000000000004, 0.0011690747778690005, 0.000935234306874, 0.057274309084743], "11": [0.035370000000000006, 0.0005023717255890002, 0.0008321731938540013, 0.036704544919443007], "12": [0.04707, 0.0008302411462950003, 0.000946887999057001, 0.048847129145352004], "13": [0.048690000000000004, 0.0010012021610670003, 0.0008749104680430015, 0.050566112629110004], "14": [0.04626, 0.0009250674630840003, 0.0008789697585000007, 0.048064037221584005], "15": [0.042120000000000005, 0.0007599534435180001, 0.0008215094577510005, 0.04370146290126901], "16": [0.05364, 0.0010412216597520002, 0.001042344284678999, 0.055723565944430994], "17": [0.04095, 0.00047685985056899994, 0.0011863258863569976, 0.042613185736926], "18": [0.044730000000000006, 0.0008967626112690001, 0.000858031482870001, 0.04648479409413901], "19": [0.051570000000000005, 0.0010012638268530002, 0.001067985653102999, 0.053639249479956], "20": [0.048240000000000005, 0.0008604107472240002, 0.0010480052817719993, 0.050148416028996], "21": [0.028800000000000003, 0.0003699136440719999, 0.0007891638217110006, 0.029959077465783003], "22": [0.02367, 0.00015489523930500002, 0.0008196954377220007, 0.024644590677027], "23": [0.04437, 0.0007780746012750003, 0.001010726729370001, 0.046158801330645], "24": [0.048510000000000005, 0.0009375104257470001, 0.0009941398301969993, 0.05044165025594401], "25": [0.04338, 0.0007567582240440002, 0.0008789289848820012, 0.04501568720892601], "26": [0.05031, 0.0010243932039989997, 0.0009127204732710015, 0.05224711367727], "27": [0.03141, 0.00041774788959300006, 0.0007543939903740011, 0.032582141879967004], "28": [0.04644, 0.0008804458145340002, 0.0009248434007220012, 0.048245289215256004], "29": [0.03726, 0.000584177289948, 0.0008263353866400016, 0.038670512676588005], "30": [0.02628, 0.0003255155168040001, 0.0006915299440770006, 0.027297045460881002], "31": [0.04662, 0.0008494370962920002, 0.0009225617907780008, 0.048391998887070006], "32": [0.03339, 0.0003593933249490001, 0.001039755357980999, 0.03478914868293], "33": [0.032670000000000005, 0.00045896876270100004, 0.0007856376144480006, 0.033914606377149], "34": [0.03375, 0.0004832220444930001, 0.0008161978899600009, 0.035049419934453], "35": [0.03771, 0.0006201978495749999, 0.0008345850629760022, 0.039164782912551], "36": [0.038520000000000006, 0.0006477421813740002, 0.0008453928629250012, 0.04001313504429901], "37": [0.038430000000000006, 0.000615239519463, 0.0008016402193920015, 0.03984687973885501], "38": [0.030330000000000003, 0.000438159383667, 0.0007171893533070009, 0.031485348736974006], "39": [0.03483, 0.000597642234795, 0.0007107408143550007, 0.03613838304915], "40": [0.01152, 4.673524262400001e-05, 0.00046805711676300114, 0.012034792359387002], "41": [0.03834, 0.0006879104580239999, 0.0008366521632930004, 0.039864562621317], "42": [0.02187, 0.00024185300314500004, 0.0005690613191850001, 0.02268091432233], "43": [0.012960000000000001, 5.8588568784000004e-05, 0.00048592080913500036, 0.013504509377919003], "44": [0.03519, 0.0006164244070650003, 0.0007143274245330003, 0.036520751831597996], "45": [0.03816, 0.0006693113553120001, 0.0007477102288800003, 0.039577021584192], "46": [0.03672, 0.0006135049646460002, 0.0008183106493290012, 0.03815181561397501], "47": [0.03366, 0.000531244576782, 0.0007534597982580006, 0.03494470437504], "48": [0.028620000000000003, 0.0003961605291300001, 0.0007005505132080005, 0.029716711042338004], "49": [0.03402, 0.000504170921808, 0.000725709522420002, 0.035249880444228006], "50": [0.02637, 0.000339675712839, 0.0006777240546780002, 0.027387399767517], "51": [0.02223, 0.000245891448333, 0.0005226600077279989, 0.022998551456061], "52": [0.030240000000000003, 0.0004858371823860001, 0.0006725517007769997, 0.03139838888316301], "53": [0.027270000000000003, 0.00039226358421900006, 0.0005751888310800002, 0.028237452415299003], "54": [0.030600000000000002, 0.00046024897458599997, 0.000677585852559001, 0.031737834827145005], "55": [0.03123, 0.0004785372554310001, 0.0006629674834260007, 0.032371504738857], "56": [0.02007, 0.00024244811581500004, 0.0004543187525280004, 0.020766766868343], "57": [0.02178, 0.00020977294496400006, 0.0006640736552280004, 0.022653846600192002], "58": [0.028530000000000003, 0.0004393899552690001, 0.0006455483367119992, 0.029614938291981002], "59": [0.02493, 0.00031910395945500004, 0.000623915249886001, 0.025873019209341], "60": [0.027090000000000003, 0.00039000972827700004, 0.0006195877357860004, 0.028099597464063004], "61": [0.028890000000000002, 0.0004089919950090001, 0.0005999223951630005, 0.029898914390172004], "62": [0.02952, 0.00045532506315600015, 0.0006486989276160017, 0.030624023990772003], "63": [0.01071, 3.827243738700002e-05, 0.00037945328939100083, 0.011127725726778002], "64": [0.03528, 0.00059834106027, 0.0007771855806720014, 0.036655526640942], "65": [0.03141, 0.0004790515626630001, 0.0006874517263500021, 0.032576503289013], "66": [0.02475, 0.0003587084412750001, 0.0005455906895250001, 0.0256542991308], "67": [0.027450000000000002, 0.0003812045157090001, 0.0006572278111950013, 0.028488432326904], "68": [0.022410000000000003, 0.000276800482791, 0.0004792229516970004, 0.023166023434488002], "69": [0.027450000000000002, 0.0004072969617930001, 0.0006209127809280013, 0.028478209742721004], "70": [0.025650000000000003, 0.0003635290828890001, 0.0006183663183180007, 0.026631895401207], "71": [0.02484, 0.0003627590397840002, 0.0005627725450380004, 0.025765531584822], "72": [0.01188, 6.481857897e-05, 0.0004254411070260004, 0.012370259685996001], "73": [0.01476, 7.956956835000001e-05, 0.0005313354808139998, 0.015370905049164002], "74": [0.020790000000000003, 0.000246263263929, 0.0005165259362909993, 0.021552789200220003], "75": [0.02655, 0.000362700834399, 0.000600202607373, 0.027512903441772], "76": [0.02223, 0.00026884396084500003, 0.0006103366017749999, 0.02310918056262], "77": [0.0234, 0.0003130109543699999, 0.0005480179002900004, 0.02426102885466], "78": [0.023850000000000003, 0.0003065629570650001, 0.0006121655688150007, 0.024768728525880003], "79": [0.007200000000000001, 2.1005830440000003e-05, 0.00030126371877000084, 0.007522269549210001], "80": [0.02196, 0.000278796404844, 0.0005831238552210003, 0.022821920260065], "81": [0.012240000000000001, 6.0984904536e-05, 0.00043426573958700083, 0.012735250644123002], "82": [0.02016, 0.000248320507194, 0.00046690219551600074, 0.02087522270271], "83": [0.02187, 0.00031430782341900003, 0.0004788620632439999, 0.022663169886663], "84": [0.020970000000000003, 0.00024264845570700003, 0.0005406595214670005, 0.021753307977174004], "85": [0.02295, 0.0003024980051130001, 0.0005221509995970004, 0.02377464900471], "86": [0.009810000000000001, 3.875901038100001e-05, 0.0003756238986420009, 0.010224382909023002], "87": [0.017730000000000003, 0.000193781904957, 0.0004511611324440001, 0.018374943037401], "88": [0.024300000000000002, 0.0003555022897980001, 0.0005174058810059995, 0.025172908170804], "89": [0.020790000000000003, 0.000276032635353, 0.0004891828796910004, 0.021555215515044003], "90": [0.01584, 0.00016910092494000004, 0.00037964330526599964, 0.016388744230206],