{"1": [0.041580000000000006, 0.03809181292863589, 0.0007482150577350011, 0.0804200279863709], "2": [0.032400000000000005, 0.029700123403861592, 0.00045047108898900386, 0.0625505944928506], "3": [0.00945, 0.008593523426497838, 0.000143744439509999, 0.018187267866007835], "4": [0.0171, 0.015558928284231437, 0.0003299170945500032, 0.03298884537878144], "5": [0.009720000000000001, 0.008845036962420295, 0.00010053580923000051, 0.018665572771650298], "6": [0.016560000000000002, 0.015057560486630298, 0.0002581528989870022, 0.0318757133856173], "7": [0.00774, 0.007026306817268299, 9.423468055800117e-05, 0.014860541497826299], "8": [0.025470000000000003, 0.02324971330918597, 0.0004147650556020028, 0.04913447836478797], "9": [0.006750000000000001, 0.006120813814701899, 0.00010027527216300097, 0.0129710890868649], "11": [0.00864, 0.00784039252327457, 0.00016360724209499937, 0.01664399976536957], "12": [0.01548, 0.01409442967390452, 0.00031426467609600175, 0.029888694350000522], "13": [0.0041400000000000005, 0.003747945057634139, 4.8621817025999896e-05, 0.007936566874660139], "14": [0.005580000000000001, 0.0050549270377131614, 7.937338140900068e-05, 0.010714300419122162], "15": [0.0037800000000000004, 0.0034134307394057526, 6.657223650300063e-05, 0.007260002975908753], "17": [0.01341, 0.012139446902592142, 0.00024340631041799916, 0.025792853213010142], "18": [0.00783, 0.007102939409223625, 8.889329529000054e-05, 0.015021832704513627], "19": [0.0056700000000000006, 0.005131586894220597, 8.542239450300109e-05, 0.0108870092887236], "20": [0.027360000000000002, 0.02511323880506122, 0.00046446863370300077, 0.05293770743876422], "21": [0.01314, 0.011966944979905202, 0.00020681260564499852, 0.025313757585550205], "22": [0.00396, 0.0035836185023650304, 1.0874858390999993e-05, 0.00755449336075603], "23": [0.030600000000000002, 0.028026967201532645, 0.0005703060996449989, 0.05919727330117765], "24": [0.00792, 0.007188272948516622, 0.00014532725435399858, 0.01525360020287062], "25": [0.00774, 0.007020944303823253, 9.00286406190001e-05, 0.014850972944442252], "26": [0.00423, 0.0038264331219822825, 5.5287515600999885e-05, 0.008111720637583284], "27": [0.011160000000000002, 0.010101010178343844, 0.000132608503296, 0.021393618681639845], "28": [0.00333, 0.002998719616821524, 6.393608486100023e-05, 0.006392655701682524], "29": [0.02223, 0.02042803653827383, 0.000382492824840004, 0.04304052936311383], "30": [0.0017100000000000001, 0.0015410499622598643, 2.101050989100006e-05, 0.0032720604721508647], "32": [0.00432, 0.0039023175754336805, 6.462826274700015e-05, 0.00828694583818068], "33": [0.01017, 0.009199889127821548, 0.00016714428229799912, 0.019537033410119545], "34": [0.0008100000000000001, 0.0007294625214146536, 5.199776450999999e-06, 0.0015446622978656538], "36": [0.00666, 0.006012944791477689, 9.34653602160002e-05, 0.01276641015169369], "37": [0.00855, 0.0077344131277765835, 8.385432838200049e-05, 0.016368267456158585], "38": [0.010530000000000001, 0.009565170603949827, 0.00017512429229999847, 0.02027029489624983], "39": [0.00513, 0.004633619806460143, 6.705800176500033e-05, 0.009830677808225143], "40": [0.00792, 0.007186697179204372, 0.000106746250059001, 0.015213443429263373], "41": [0.04653, 0.042847348992194244, 0.0006021429759000015, 0.08997949196809424], "42": [0.00459, 0.004153099448829628, 1.4365446632999977e-05, 0.008757464895462629], "43": [0.019440000000000002, 0.01765617649388622, 0.00040135217423400185, 0.03749752866812022], "44": [0.019440000000000002, 0.017782636851570527, 0.00033274653552000185, 0.03755538338709053], "45": [0.02043, 0.018536267153156812, 0.00023081163783299934, 0.03919707879098981], "46": [0.01305, 0.01183214462627717, 0.00018561720442499829, 0.025067761830702168], "47": [0.012060000000000001, 0.010988468677006773, 0.00012056460965100047, 0.023169033286657773], "48": [0.00927, 0.008406372135055004, 0.00010149857571600096, 0.017777870710771006], "49": [0.0016200000000000001, 0.001461675931437539, 1.9560458988000014e-05, 0.003101236390425539], "50": [0.0020700000000000002, 0.0018670814850089183, 2.8095508692000077e-05, 0.003965176993700918], "51": [0.02475, 0.022689741476932174, 0.0004343261027310018, 0.04787406757966318], "52": [0.00918, 0.00833264561388645, 0.00015925382403299794, 0.01767189943791945], "53": [0.00783, 0.007078103861253261, 0.00011596790695500011, 0.015024071768208263], "54": [0.006750000000000001, 0.006105636388836907, 8.241854927400029e-05, 0.012938054938110908], "55": [0.018090000000000002, 0.016480790421412296, 0.0001587185424179994, 0.0347295089638303], "56": [0.00693, 0.0062535712915402575, 0.00017819244051299907, 0.013361763732053257], "57": [0.02016, 0.018367789189055902, 0.00041304578305500247, 0.038940834972110906], "58": [0.00846, 0.007668620597526353, 0.0001792079762309982, 0.016307828573757354], "59": [0.012870000000000001, 0.011687178214749579, 0.00016444655972099905, 0.024721624774470576], "60": [0.00423, 0.0038301157839096323, 4.7552381558999905e-05, 0.008107668165468634], "61": [0.030420000000000003, 0.027846636970608414, 0.000522487809342, 0.058789124779950415], "62": [0.02376, 0.021858319147988282, 0.0003760363435140011, 0.04599435549150228], "63": [0.04032, 0.03700509874383211, 0.0006080278221629992, 0.07793312656599512], "64": [0.009810000000000001, 0.00890754127120266, 0.00018261023502599784, 0.01890015150622866], "65": [0.030510000000000002, 0.028090469522734078, 0.0003855247189110041, 0.058985994241645086], "66": [0.004050000000000001, 0.003662259241771091, 0.0001130073714540005, 0.007825266613225093], "67": [0.0020700000000000002, 0.0018693068033606027, 9.474994520999991e-06, 0.003948781797881603], "68": [0.009000000000000001, 0.008145201239827725, 0.00010640948859000011, 0.017251610728417726], "69": [0.0064800000000000005, 0.00586038894802757, 7.876160250300009e-05, 0.012419150550530571], "70": [0.008190000000000001, 0.007406869868798608, 0.00011553212136600022, 0.015712401990164607], "71": [0.0054, 0.004879115383280697, 0.00012577321510200004, 0.010404888598382697], "72": [0.0108, 0.009817841213412662, 0.00017758320492599833, 0.02079542441833866], "73": [0.00198, 0.0017825070289219248, 2.871240266700007e-05, 0.003791219431588925], "74": [0.01071, 0.009749549038511262, 0.000242945643816, 0.020702494682327263], "75": [0.011340000000000001, 0.010298214656123116, 0.00018649099232999897, 0.021824705648453117], "76": [0.013500000000000002, 0.012248625090967542, 0.00020857110130799767, 0.02595719619227554], "77": [0.010530000000000001, 0.00956768918328131, 0.00020307230784899813, 0.020300761491130307], "78": [0.01494, 0.01359032837260172, 0.00022011385135499857, 0.02875044222395672], "79": [0.00693, 0.006262973623007446, 0.00015351707241899969, 0.013346490695426446], "80": [0.012870000000000001, 0.011702708007628116, 0.00017055063985499844, 0.024743258647483116], "81": [0.00144, 0.0012990632298962306, 7.450882443e-06, 0.0027465141123392306], "82": [0.00252, 0.0022769945106982242, 1.0171045583999992e-05, 0.004807165556282224], "83": [0.0009000000000000001, 0.000810267305094379, 1.1752668431999979e-05, 0.001722019973526379], "84": [0.007110000000000001, 0.0064376979585332155, 0.00011190767341500084, 0.013659605631948216], "85": [0.038610000000000005, 0.035395845152741634, 0.0004807132490700036, 0.07448655840181165], "86": [0.0064800000000000005, 0.0058487515080402515, 8.160070871700048e-05, 0.012410352216757252], "87": [0.004050000000000001, 0.003659307831399175, 5.9667880094999994e-05, 0.007768975711494175], "88": [0.00396, 0.003584507129115746, 4.891321363499985e-05, 0.007593420342750746], "89": [0.00333, 0.003010535957086678, 4.1512989240000006e-05, 0.006382048946326679], "90": [0.006030000000000001, 0.005449663603957975, 6.476837508900022e-05, 0.011544431979046975], "91": [0.0056700000000000006, 0.005131651175820802, 9.135997079400126e-05, 0.010893011146614803], "92": [0.00288, 0.0026015935970265494, 4.4351337536999906e-05, 0.0055259449345635495],