{"0": [0.04908, 0.026227664347906427, 0.0005300288973360002, 0.07583769324524242], "1": [0.04248, 0.022722332996464575, 0.0004946860315440006, 0.06569701902800858], "2": [0.0321, 0.017025489622096563, 0.0004558904071920001, 0.049581380029288566], "3": [0.047999999999999994, 0.025963261318851568, 0.0004790626965360003, 0.07444232401538756], "4": [0.0249, 0.013059060199060472, 0.00038246724835200053, 0.038341527447412475], "5": [0.044579999999999995, 0.023944378440803167, 0.0004815827713440002, 0.06900596121214717], "6": [0.04434, 0.02389716473392821, 0.00044941659091199973, 0.0686865813248402], "7": [0.033359999999999994, 0.0177094380876077, 0.0004196537053200006, 0.051489091792927696], "8": [0.03972, 0.02119634078350441, 0.00045449333388000046, 0.061370834117384414], "9": [0.023459999999999998, 0.012287435971456009, 0.00042682860172800024, 0.036174264573184005], "10": [0.03678, 0.019713748600962207, 0.00041574366129600027, 0.05690949226225821], "11": [0.023579999999999997, 0.012354433404561186, 0.00036990463521600046, 0.03630433803977719], "12": [0.03138, 0.016625146528318917, 0.0004209174071280004, 0.04842606393544691], "13": [0.032459999999999996, 0.017356277938473625, 0.0003889155312720003, 0.050205193469745626], "14": [0.030839999999999996, 0.016459590090534253, 0.0003907194840000003, 0.04769030957453425], "15": [0.028079999999999997, 0.01489716706389411, 0.0003651694097040007, 0.04334233647359811], "16": [0.03576, 0.01905554034838789, 0.00046335835101600015, 0.05527889869940389], "17": [0.027299999999999998, 0.014178926337777918, 0.0005273435663280004, 0.042006269904105914], "18": [0.029819999999999996, 0.015918161373907298, 0.00038141115048000016, 0.046119572524387295], "19": [0.034379999999999994, 0.018321321449789513, 0.0004747561935120007, 0.053176077643301504], "20": [0.032159999999999994, 0.0170508522924714, 0.000465868483488, 0.049676720775959395], "21": [0.0192, 0.01001335995641902, 0.00035078911754400047, 0.029564149073963018], "22": [0.01578, 0.008060617909738837, 0.0003643439222880011, 0.024204961832026837], "23": [0.02958, 0.015666376263733548, 0.00044929098648000036, 0.04569566725021355], "24": [0.032339999999999994, 0.017228364406288495, 0.00044192354968800013, 0.05001028795597649], "25": [0.028919999999999998, 0.015313761084164388, 0.00039069780292800025, 0.044624458887092384], "26": [0.03354, 0.017927545786907, 0.0004057284957840004, 0.051873274282691], "27": [0.020939999999999997, 0.010938319478053321, 0.0003353257452960005, 0.032213645223349324], "28": [0.030959999999999998, 0.016474140822868587, 0.0004111144742880005, 0.04784525529715659], "29": [0.024839999999999997, 0.013077269865409942, 0.0003673109145600001, 0.03828458077996994], "30": [0.017519999999999997, 0.009124225523242078, 0.00030738256120800095, 0.026951608084450077], "31": [0.031079999999999997, 0.016498451614258117, 0.0004100988417120004, 0.047988550455970114], "32": [0.02226, 0.011529193025885275, 0.00046217246162400064, 0.034251365487509275], "33": [0.021779999999999997, 0.01140565746106287, 0.00034921511539200026, 0.03353487257645487], "34": [0.0225, 0.01179273626269559, 0.00036280481184000065, 0.03465554107453559], "35": [0.02514, 0.013267993784044618, 0.00037098046310400065, 0.038778974247148615], "36": [0.025679999999999998, 0.013569915027365466, 0.0003757847742000008, 0.03962569980156547], "37": [0.025619999999999997, 0.013502437027583818, 0.00035633382796800017, 0.03947877085555181], "38": [0.02022, 0.010601832068651233, 0.00031878934912800026, 0.03114062141777923], "39": [0.023219999999999998, 0.012283112832539139, 0.0003159234709200003, 0.03581903630345914], "40": [0.007679999999999999, 0.003890671091977159, 0.00020804239015199965, 0.011778713482129157], "41": [0.02556, 0.013554875051362531, 0.0003719013372720003, 0.039486776388634535], "42": [0.01458, 0.007560725521117601, 0.00025293836124000007, 0.0223936638823576], "43": [0.008639999999999998, 0.0043838568760355455, 0.0002159825360399998, 0.013239839412075544], "44": [0.023459999999999998, 0.012424552139592275, 0.00031751777023200086, 0.036202069909824275], "45": [0.025439999999999997, 0.013473787548181598, 0.00033236137152000024, 0.039246148919701594], "46": [0.02448, 0.012930760793361985, 0.0003637440146160005, 0.037774504807977984], "47": [0.022439999999999998, 0.011817653265707686, 0.00033491214763200057, 0.03459256541333969], "48": [0.01908, 0.009984728450430694, 0.0003113897224320003, 0.029376118172862696], "49": [0.02268, 0.011907107425527395, 0.0003225750436800003, 0.0349096824692074], "50": [0.01758, 0.00917101825789385, 0.0003012411273120002, 0.02705225938520585], "51": [0.014819999999999998, 0.007685503122501281, 0.0002323102245119996, 0.02273781334701328], "52": [0.020159999999999997, 0.010626360541454102, 0.0002989453780080005, 0.0310853059194621], "53": [0.018179999999999998, 0.009530145068433627, 0.0002556623203200006, 0.027965807388753625], "54": [0.020399999999999998, 0.01071760988914847, 0.00030118217853600005, 0.03141879206768447], "55": [0.020819999999999998, 0.01094751473108191, 0.00029468480990400023, 0.03206219954098591], "56": [0.01338, 0.006961469909816681, 0.00020193296371199957, 0.020543402873528682], "57": [0.014519999999999998, 0.007493175122563196, 0.00029516856451200014, 0.022308343687075197], "58": [0.01902, 0.0100036146051344, 0.0002869411812480009, 0.0293105557863824], "59": [0.01662, 0.008668013286966439, 0.000277321377744, 0.025565334664710438], "60": [0.01806, 0.009468267978176157, 0.0002753983513440001, 0.027803666329520155], "61": [0.01926, 0.010089048035362161, 0.00026665678375200003, 0.02961570481911416], "62": [0.01968, 0.010351951393449512, 0.0002883414896640001, 0.03032029288311351], "63": [0.00714, 0.003612134341790055, 0.00016865300426399985, 0.010920787346054055], "64": [0.02352, 0.01243350088344414, 0.00034546160908799996, 0.03629896249253214], "65": [0.020939999999999997, 0.011008493742870221, 0.00030556940040000043, 0.03225406314327022], "66": [0.016499999999999997, 0.008652615980214549, 0.0002425053005999997, 0.025395121280814545], "67": [0.018299999999999997, 0.009578256351712743, 0.00029212976628, 0.02817038611799274], "68": [0.014939999999999998, 0.0077800008789355125, 0.00021300318568799948, 0.02293300406462351], "69": [0.018299999999999997, 0.009607867809976408, 0.00027598775731200016, 0.028183855567288404], "70": [0.017099999999999997, 0.008958265305012082, 0.00027485524987200054, 0.026333120554884078], "71": [0.01656, 0.008687331280804591, 0.00025014262075200055, 0.02549747390155659], "72": [0.00792, 0.004031428512074012, 0.00018909502430399986, 0.012140523536378012], "73": [0.00984, 0.005007924001392477, 0.00023616353505599957, 0.015084087536448475], "74": [0.013859999999999999, 0.007205893790319211, 0.00022958432186399947, 0.021295478112183207], "75": [0.017699999999999997, 0.009257228560955953, 0.00026678180959200043, 0.02722401037054795], "76": [0.014819999999999998, 0.00771128977274458, 0.00027128447460000025, 0.02280257424734458], "77": [0.0156, 0.008151271231411763, 0.0002435832741599999, 0.02399485450557176], "78": [0.015899999999999997, 0.00829384777472095, 0.00027209759076000033, 0.024465945365480947], "79": [0.0048, 0.0024229511130128487, 0.00013389972407999967, 0.007356850837092848], "80": [0.014639999999999999, 0.007632421290589825, 0.00025918823858400014, 0.022531609529173824], "81": [0.008159999999999999, 0.004147289482715583, 0.00019301773024799968, 0.012500307212963581], "82": [0.013439999999999999, 0.006998159691458661, 0.00020752619126399952, 0.02064568588272266], "83": [0.01458, 0.0076425312604178446, 0.00021284345577599948, 0.022435374716193845], "84": [0.01398, 0.0072619954376884725, 0.00024031101376799995, 0.021482306451456473], "85": [0.0153, 0.00798924037778361, 0.0002320850072879997, 0.02352132538507161], "86": [0.00654, 0.0033127848887754266, 0.00016695076996799967, 0.010019735658743426], "87": [0.011819999999999999, 0.006126945211333533, 0.0002005281725759998, 0.018147473383909533],