{"0": [4.908, 6.214741056000006, 5.026749336000002, 16.149490392000008], "1": [4.248, 5.541037919999999, 4.714439544000001, 14.503477464], "2": [3.21, 3.694383864000001, 4.388631191999998, 11.293015056], "3": [4.8, 7.254427536, 4.5339165359999996, 16.588344071999998], "4": [2.49, 2.3415330960000005, 3.7174043520000004, 8.548937448000002], "5": [4.458, 6.158749608000002, 4.584139343999993, 15.200888951999996], "6": [4.434, 6.419141496000002, 4.2801189119999945, 15.133260407999998], "7": [3.336, 3.895188336, 4.037845319999996, 11.269033655999996], "8": [3.972, 5.0159733120000025, 4.3601338799999985, 13.348107192], "9": [2.346, 2.1421496880000004, 4.145329728000006, 8.633479416000007], "10": [3.678, 4.967098776, 3.991177296000003, 12.636276072000005], "11": [2.358, 2.171773656, 3.6002792160000032, 8.130052872000004], "12": [3.138, 3.5384446800000005, 4.0541471279999985, 10.730591808], "13": [3.246, 4.204416168000002, 3.7576152720000007, 11.208031440000003], "14": [3.084, 3.8888631360000003, 3.776004, 10.748867136000001], "15": [2.8080000000000003, 3.2627106720000016, 3.544585704000001, 9.615296376000003], "16": [3.576, 4.431165408000001, 4.447019016000004, 12.454184424000005], "17": [2.73, 2.023839576, 5.099954328000006, 9.853793904000007], "18": [2.982, 3.7833323760000006, 3.6877384799999997, 10.453070856], "19": [3.438, 4.274695511999999, 4.557673511999994, 12.270369023999994], "20": [3.216, 3.6882336960000015, 4.4837354880000015, 11.387969184000003], "21": [1.92, 1.595246688, 3.4096015440000027, 6.924848232000002], "22": [1.578, 0.6668377200000002, 3.574458288000003, 5.819296008000004], "23": [2.958, 3.329490600000001, 4.33627848, 10.623769080000002], "24": [3.234, 4.003662888, 4.253657687999998, 11.491320575999998], "25": [2.892, 3.2544869760000004, 3.7828349279999998, 9.929321904], "26": [3.354, 4.369168296000001, 3.9088797839999994, 11.63204808], "27": [2.094, 1.8113004720000005, 3.274993295999998, 7.1802937679999985], "28": [3.096, 3.783105936, 3.966678288000004, 10.845784224000004], "29": [2.484, 2.524603392, 3.5726385599999992, 8.581241952], "30": [1.752, 1.4162420160000002, 3.002705208000001, 6.170947224000001], "31": [3.108, 3.6518215679999995, 3.9596577119999994, 10.719479279999998], "32": [2.226, 1.537131096, 4.504965624000002, 8.268096720000003], "33": [2.178, 1.992132504, 3.4073233919999995, 7.577455895999999], "34": [2.25, 2.093382072, 3.5286638400000028, 7.872045912000003], "35": [2.5140000000000002, 2.6751978000000007, 3.603343103999994, 8.792540903999996], "36": [2.568, 2.7965172959999993, 3.6497141999999996, 9.014231495999999], "37": [2.562, 2.657558951999999, 3.465751968000004, 8.685310920000003], "38": [2.0220000000000002, 1.9018705680000003, 3.1116131280000014, 7.035483696000002], "39": [2.322, 2.58052068, 3.082678919999997, 7.985199599999998], "40": [0.768, 0.200107296, 2.0467541520000063, 3.014861448000006], "41": [2.556, 2.960968896, 3.608269272000003, 9.125238168000003], "42": [1.458, 1.0569250800000003, 2.48538924, 5.00031432], "43": [0.864, 0.25130793600000007, 2.1247160399999996, 3.240023976], "44": [2.346, 2.6634927600000005, 3.098126232000002, 8.107618992000003], "45": [2.544, 2.8849596479999997, 3.2330995199999975, 8.662059167999997], "46": [2.448, 2.6518767840000015, 3.537662615999999, 8.6375394], "47": [2.244, 2.3037605280000006, 3.267691632000003, 7.815452160000005], "48": [1.9080000000000001, 1.72219752, 3.046698431999999, 6.676895951999999], "49": [2.2680000000000002, 2.1895168320000002, 3.1515436799999965, 7.6090605119999974], "50": [1.758, 1.479583656, 2.9521473119999992, 6.189730967999999], "51": [1.482, 1.076229432, 2.2896645120000025, 4.847893944000003], "52": [2.016, 2.107029744, 2.9231020080000003, 7.046131752000001], "53": [1.818, 1.7046311760000001, 2.511400320000001, 6.034031496000001], "54": [2.04, 1.997942544, 2.946658535999999, 6.984601079999999], "55": [2.082, 2.076416424, 2.882309903999999, 7.040726328], "56": [1.338, 1.0606827600000002, 1.9925637119999995, 4.391246472], "57": [1.452, 0.9084346560000001, 2.902744512000001, 5.263179168000001], "58": [1.9020000000000001, 1.9071563759999994, 2.8084092479999994, 6.617565623999999], "59": [1.6620000000000001, 1.3935373200000003, 2.7223057440000016, 5.7778430640000025], "60": [1.806, 1.6987420080000002, 2.7024553440000023, 6.207197352000002], "61": [1.926, 1.7771733360000004, 2.6178437520000046, 6.321017088000005], "62": [1.968, 1.9786818239999997, 2.8223216640000017, 6.769003488000001], "63": [0.714, 0.167717448, 1.6724762640000022, 2.5541937120000022], "64": [2.352, 2.58900408, 3.363941087999997, 8.304945167999996], "65": [2.094, 2.082235752, 2.9858004000000005, 7.162036152000001], "66": [1.6500000000000001, 1.5635106, 2.384364600000002, 5.5978752000000025], "67": [1.83, 1.661822136, 2.864834280000001, 6.356656416000002], "68": [1.494, 1.2087098640000002, 2.099921688000004, 4.802631552000004], "69": [1.83, 1.7737452719999998, 2.707365312000002, 6.3111105840000015], "70": [1.71, 1.5852688560000001, 2.6975178719999997, 5.992786728], "71": [1.6560000000000001, 1.581687936, 2.4588767520000023, 5.696564688000002], "72": [0.792, 0.28168488, 1.8709763040000007, 2.944661184000001], "73": [0.984, 0.34750440000000005, 2.333059056000001, 3.664563456000001], "74": [1.3860000000000001, 1.0776530160000002, 2.261709864000003, 4.725362880000003], "75": [1.77, 1.580989896, 2.6181295919999985, 5.969119487999999], "76": [1.482, 1.1750338800000002, 2.6657946000000012, 5.322828480000002], "77": [1.56, 1.36829448, 2.3967021600000025, 5.324996640000002], "78": [1.59, 1.33952076, 2.6734467600000023, 5.602967520000002], "79": [0.48, 0.09173376000000001, 1.3296160799999992, 1.901349839999999], "80": [1.464, 1.218550176, 2.5481625840000026, 5.230712760000003], "81": [0.8160000000000001, 0.266317344, 1.9089222479999985, 2.9912395919999986], "82": [1.344, 1.0867505759999998, 2.047335264000006, 4.478085840000006], "83": [1.458, 1.3719479760000004, 2.097007776000004, 4.926955752000005], "84": [1.3980000000000001, 1.063306728, 2.3676817680000015, 4.828988496000002], "85": [1.53, 1.321818552, 2.285415288, 5.13723384], "86": [0.654, 0.17004722400000002, 1.6560139679999983, 2.480061191999998], "87": [1.182, 0.8510687280000001, 1.9812965760000014, 4.014365304000002], "88": [1.62, 1.5496837920000002, 2.2623942240000012, 5.432078016000002], "89": [1.3860000000000001, 1.2081435120000001, 2.1432914640000025, 4.737434976000003], "90": [1.056, 0.74365776, 1.669677263999997, 3.469335023999997], "91": [0.726, 0.213296904, 1.5139701360000004, 2.4532670400000005], "92": [0.726, 0.213296904, 1.5139701360000004, 2.4532670400000005], "93": [0.726, 0.213296904, 1.5139701360000004, 2.4532670400000005], "94": [1.446, 1.3360562640000002, 2.175766560000002, 4.957822824000003], "95": [0.888, 0.308154816, 2.0683434240000023, 3.264498240000002], "96": [0.882, 0.32828176800000003, 2.0675662560000063, 3.277848024000006], "97": [1.6320000000000001, 1.5143905440000003, 2.4457248000000007, 5.5921153440000015], "98": [0.966, 0.638947224, 1.6484618159999984, 3.2534090399999984], "99": [1.116, 0.7937974080000001, 1.8448938000000017, 3.754691208000002], "100": [1.614, 1.4255699760000002, 2.4792441839999997, 5.51881416], "101": [0.516, 0.10716768000000002, 1.348486488000002, 1.971654168000002], "102": [1.512, 1.210396608, 2.4834597840000034, 5.205856392000003], "103": [0.768, 0.22139654400000003, 1.8733124880000038, 2.862709032000004], "104": [0.54, 0.17295839999999998, 1.266875207999999, 1.979833607999999], "105": [1.23, 0.9392959439999998, 2.0288960640000036, 4.198192008000003], "106": [0.294, 0.051237432000000006, 0.7677395999999996, 1.1129770319999996], "107": [0.48, 0.082439712, 1.1647993680000022, 1.7272390800000021], "108": [1.092, 0.81938016, 1.6687049039999997, 3.580085064], "109": [1.35, 1.036188504, 2.184596064000002, 4.570784568000002], "110": [1.062, 0.7369520399999999, 1.818493271999998, 3.6174453119999983], "111": [1.062, 0.749756088, 1.7876188079999986, 3.5993748959999987],