{"0": [0.49080000000000007, 0.06602546505600003, 0.052754217335999984, 0.609579682392], "1": [0.42480000000000007, 0.057933457919999994, 0.04925731154400004, 0.531990769464], "2": [0.321, 0.038283003864, 0.045434247191999885, 0.4047172510559999], "3": [0.48000000000000004, 0.076438795536, 0.04767289653600006, 0.6041116920720001], "4": [0.24900000000000003, 0.024044349096, 0.03814920835200003, 0.31119355744800004], "5": [0.44580000000000003, 0.06449268160800001, 0.04794765134399996, 0.5582403329519999], "6": [0.4434, 0.06731818149600002, 0.04474707091199999, 0.555465252408], "7": [0.3336, 0.04044012033599999, 0.041821105319999954, 0.4158612256559999], "8": [0.39720000000000005, 0.05223800131200001, 0.04528133387999994, 0.494719335192], "9": [0.23460000000000003, 0.022004321688000008, 0.04257108172799995, 0.29917540341599996], "10": [0.3678, 0.051761446775999996, 0.041423221295999964, 0.46098466807199995], "11": [0.2358, 0.022275001656000017, 0.036900675216000024, 0.29497567687200005], "12": [0.3138, 0.036768856680000024, 0.04195080712799994, 0.39251966380799996], "13": [0.32460000000000006, 0.04428613216800001, 0.038771971272000015, 0.40765810344000003], "14": [0.3084, 0.040922063136, 0.03895268399999994, 0.38827474713599996], "15": [0.28080000000000005, 0.033676590672000004, 0.036419569703999996, 0.3508961603760001], "16": [0.35760000000000003, 0.04610696140800002, 0.04616623101599998, 0.44987319242400003], "17": [0.273, 0.021111327576, 0.05257664632800003, 0.346687973904], "18": [0.2982, 0.03968156037599999, 0.03802623047999992, 0.37590779085599996], "19": [0.34380000000000005, 0.04434928351200001, 0.047302993512000034, 0.4354522770240001], "20": [0.32160000000000005, 0.038123277696000005, 0.04642780348799999, 0.406151081184], "21": [0.192, 0.016398482688000007, 0.034989557543999975, 0.243388040232], "22": [0.15780000000000002, 0.00686560572, 0.036371682288000015, 0.20103728800800003], "23": [0.2958, 0.034470102600000004, 0.04478670647999997, 0.37505680908], "24": [0.3234, 0.041526426888000005, 0.044041829688, 0.40896825657600006], "25": [0.2892, 0.03353973897600001, 0.038956922927999946, 0.36169666190399996], "26": [0.33540000000000003, 0.04537007229600002, 0.04043793578399994, 0.42120800808000003], "27": [0.20940000000000003, 0.018527432472, 0.03346142529599996, 0.26138885776799997], "28": [0.30960000000000004, 0.03901875393600001, 0.04098011428799996, 0.38959886822400003], "29": [0.2484, 0.025901527392000013, 0.036639754559999925, 0.31094128195199994], "30": [0.17520000000000002, 0.014441042016000001, 0.03067360120799993, 0.22031464322399996], "31": [0.3108, 0.03764622556800001, 0.040881401712000026, 0.38932762728000003], "32": [0.22260000000000002, 0.015921111096, 0.046111101623999944, 0.28463221271999994], "33": [0.21780000000000002, 0.020357424504, 0.03484439539199996, 0.273001819896], "34": [0.22500000000000003, 0.021429702071999995, 0.03619013183999993, 0.28261983391199996], "35": [0.2514, 0.027494245800000004, 0.037001263103999954, 0.315895508904], "36": [0.25680000000000003, 0.028717489296000005, 0.03748017419999995, 0.32299766349599995], "37": [0.25620000000000004, 0.027277670952000004, 0.03554466796799995, 0.31902233892], "38": [0.20220000000000002, 0.019434482568, 0.03180958912799998, 0.25344407169600003], "39": [0.23220000000000002, 0.026496580680000006, 0.03152275091999994, 0.29021933159999996], "40": [0.07680000000000001, 0.002070559296000001, 0.020773630151999935, 0.09964418944799994], "41": [0.25560000000000005, 0.030490600895999996, 0.03708945727199992, 0.32318005816799994], "42": [0.1458, 0.010733509080000002, 0.02525384123999991, 0.18178735031999993], "43": [0.0864, 0.0025960959360000002, 0.021566336039999957, 0.11056243197599996], "44": [0.23460000000000003, 0.02733090876000001, 0.03168173023199996, 0.29361263899199996], "45": [0.2544, 0.02966971564800001, 0.03315385151999995, 0.317223567168], "46": [0.24480000000000002, 0.027202328784000005, 0.03628369461599994, 0.3082860234], "47": [0.22440000000000002, 0.023561400528000005, 0.03341718763199998, 0.28137858816], "48": [0.19080000000000003, 0.017573897520000003, 0.03107788243199992, 0.23945177995199993], "49": [0.22680000000000003, 0.022363376832000004, 0.03219004367999994, 0.28135342051199996], "50": [0.1758, 0.015070735656000001, 0.03006932731199993, 0.22094006296799995], "51": [0.14820000000000003, 0.010914165432000003, 0.023200624511999886, 0.1823147899439999], "52": [0.20160000000000003, 0.021547677744000005, 0.02983421800799996, 0.25298189575200003], "53": [0.18180000000000002, 0.017400487176000002, 0.025525120319999907, 0.22472560749599993], "54": [0.20400000000000001, 0.020414426544000004, 0.030058978535999942, 0.25447340507999994], "55": [0.20820000000000002, 0.021224816424000006, 0.029409809903999926, 0.258834626328], "56": [0.1338, 0.010760918760000003, 0.020168963711999933, 0.16472988247199996], "57": [0.14520000000000002, 0.009302626656, 0.029472364511999943, 0.18397499116799998], "58": [0.1902, 0.019489016376000003, 0.028638661247999915, 0.23832767762399992], "59": [0.16620000000000001, 0.014161081320000005, 0.027685857743999957, 0.20804693906399996], "60": [0.1806, 0.017303878008, 0.027492991343999924, 0.22539686935199996], "61": [0.19260000000000002, 0.018142413336000005, 0.02662138375199992, 0.23736379708799993], "62": [0.19680000000000003, 0.020197849824000004, 0.028778609663999945, 0.24577645948799998], "63": [0.0714, 0.0016989414480000004, 0.016852524263999986, 0.08995146571199998], "64": [0.23520000000000002, 0.02653228008, 0.03446372908799995, 0.296196009168], "65": [0.20940000000000003, 0.021250723752000007, 0.030493400399999933, 0.261144124152], "66": [0.165, 0.015916062600000003, 0.024213540599999923, 0.20512960319999993], "67": [0.18300000000000002, 0.016914446136000003, 0.029161646279999953, 0.22907609241599997], "68": [0.1494, 0.012283677864000002, 0.02127294568799992, 0.18295662355199993], "69": [0.18300000000000002, 0.018070621272, 0.027551037311999902, 0.22862165858399994], "70": [0.171, 0.016130600856000002, 0.027439129871999927, 0.21456973072799995], "71": [0.16560000000000002, 0.016096239936, 0.024975580751999953, 0.206671820688], "72": [0.0792, 0.0028753048800000004, 0.01889134430399996, 0.10096664918399997], "73": [0.09840000000000002, 0.0035311284000000007, 0.023590375055999924, 0.12552150345599994], "74": [0.1386, 0.010930493016000001, 0.022927401863999892, 0.17245789487999988], "75": [0.17700000000000002, 0.016093273896, 0.026633009591999924, 0.21972628348799994], "76": [0.14820000000000003, 0.011931509880000003, 0.027085674599999915, 0.18721718447999994], "77": [0.15600000000000003, 0.013891866480000003, 0.024322754159999942, 0.19421462063999997], "78": [0.159, 0.013605188760000003, 0.02716655075999994, 0.19977173951999994], "79": [0.048, 0.0009321897600000002, 0.013381444080000004, 0.06231363384000001], "80": [0.1464, 0.012373222176, 0.025879078583999907, 0.18465230075999992], "81": [0.0816, 0.002706361344000001, 0.019282450247999964, 0.10358881159199997], "82": [0.13440000000000002, 0.011021886576000003, 0.020727231263999918, 0.16614911783999994], "83": [0.1458, 0.013947683976000004, 0.021255775775999936, 0.18100345975199994], "84": [0.1398, 0.010771318728000003, 0.02399889376799995, 0.17457021249599997], "85": [0.15300000000000002, 0.013424838552000004, 0.023176287287999926, 0.18960112583999994], "86": [0.0654, 0.001720711224, 0.016682809967999975, 0.08380352119199998], "87": [0.11820000000000001, 0.008603740728000003, 0.020031012575999922, 0.14683475330399995], "88": [0.162, 0.015773931792000005, 0.022963726223999947, 0.20073765801599996], "89": [0.1386, 0.012252007512000002, 0.021714835463999906, 0.17256684297599992], "90": [0.10560000000000001, 0.007508777760000001, 0.01685782526399993, 0.12996660302399995], "91": [0.07260000000000001, 0.0021760889040000004, 0.015241526136000015, 0.09001761504000003], "92": [0.07260000000000001, 0.0021760889040000004, 0.015241526136000015, 0.09001761504000003],