{"1": [4.1579999999999995, 12.769712314498802, 7.394620061618979, 24.32233237611778], "2": [3.2399999999999998, 10.840214986196399, 4.221757988999979, 18.301972975196378], "3": [0.945, 1.9698561984626997, 1.415208510000023, 4.330064708462722], "4": [1.71, 3.6197655611823003, 3.110768549999979, 8.44053411118228], "5": [0.972, 2.0063737990782005, 0.9157722299999921, 3.8941460290781924], "6": [1.656, 3.3727014107658, 2.45104598699998, 7.47974739776578], "7": [0.7739999999999999, 1.4290967018142, 0.933615557999989, 3.136712259814189], "8": [2.5469999999999997, 6.920662123554298, 3.927628601999991, 13.39529072555429], "9": [0.6749999999999999, 1.1579708946914997, 0.992033162999994, 2.8250040576914937], "11": [0.8639999999999999, 1.5311479639067995, 1.5913660949999953, 3.9865140589067947], "12": [1.5479999999999998, 3.5450210288258996, 3.0152100959999713, 8.10823112482587], "13": [0.414, 0.6258846063365998, 0.48376002600000745, 1.5236446323366073], "14": [0.5579999999999999, 0.8881287695261997, 0.787181408999993, 2.2333101785261924], "15": [0.37799999999999995, 0.4661788317065999, 0.6560565029999937, 1.5002353347065935], "17": [1.341, 1.9923760395440993, 2.3230944179999913, 5.65647045754409], "18": [0.7829999999999999, 1.3568845013828998, 0.8687322899999957, 3.0086167913828956], "19": [0.567, 0.8440039407050999, 0.8460015029999912, 2.257005443705091], "20": [2.7359999999999998, 8.832979923465599, 4.359904201718997, 15.928884125184595], "21": [1.3139999999999998, 2.9983437749016, 2.0233836450000178, 6.335727419901618], "22": [0.39599999999999996, 0.5721355912086, 0.10534139099999998, 1.0734769822086], "23": [3.0599999999999996, 9.610676034485397, 5.230957728726, 17.901633763211397], "24": [0.7919999999999999, 1.4508073607525998, 1.4262993540000302, 3.6691067147526297], "25": [0.7739999999999999, 1.3460315023565996, 0.8493416189999989, 2.9693731213565986], "26": [0.423, 0.6024302426024998, 0.5498216010000011, 1.575251843602501], "27": [1.1159999999999999, 1.6090996977107994, 1.2252072960000016, 3.950306993710801], "28": [0.33299999999999996, 0.3168703132641, 0.6340988609999998, 1.2839691742640997], "29": [2.223, 7.718925414357899, 3.5485802810189706, 13.49050569537687], "30": [0.17099999999999999, 0.1750444158105, 0.20922389099999877, 0.5552683068104988], "32": [0.43199999999999994, 0.5441826341574, 0.6366427469999995, 1.6128253811573994], "33": [1.017, 1.4151812346674995, 1.5920272980000196, 4.024208532667519], "34": [0.08099999999999999, 0.0775334806569, 0.05157845099999998, 0.21011193165689995], "36": [0.6659999999999999, 0.7957946523941999, 0.8940242159999987, 2.3558188683941985], "37": [0.855, 1.2112821506492997, 0.8175833819999941, 2.8838655326492937], "38": [1.053, 2.028916643390099, 1.721436300000028, 4.803352943390127], "39": [0.513, 0.6415493077034999, 0.6606817649999943, 1.8152310727034942], "40": [0.7919999999999999, 1.4428333277081995, 1.0478110590000098, 3.282644386708209], "41": [4.653, 18.468004073797804, 5.976386057682013, 29.097390131479816], "42": [0.45899999999999996, 0.6570642430269, 0.13974063299999967, 1.2558048760268998], "43": [1.944, 3.669050700516598, 3.810249233999972, 9.42329993451657], "44": [1.944, 5.437637721778499, 3.070757706974964, 10.452395428753462], "45": [2.0429999999999997, 3.4393382271674993, 2.125795833, 7.608134060167499], "46": [1.305, 2.194921684404899, 1.789648425000038, 5.289570109404936], "47": [1.206, 2.7086013689777992, 1.0975476510000086, 5.012149019977808], "48": [0.9269999999999999, 1.5713557341560997, 0.988429715999987, 3.4867854501560864], "49": [0.16199999999999998, 0.18428095550879997, 0.19457398799999914, 0.540854943508799], "50": [0.207, 0.2293525676205, 0.27759769200000056, 0.7139502596205005], "51": [2.4749999999999996, 7.834359310320599, 4.123474937351971, 14.43283424767257], "52": [0.9179999999999999, 1.7132400008333997, 1.5601890330000283, 4.191429033833428], "53": [0.7829999999999999, 1.0289968107866996, 1.0957319550000035, 2.907728765786703], "54": [0.6749999999999999, 0.9567294902684997, 0.8011672739999964, 2.432896764268496], "55": [1.809, 4.067958038053499, 1.4819904180000119, 7.358948456053511], "56": [0.693, 0.8043630399728999, 1.7503835130000152, 3.247746552972915], "57": [2.016, 4.681187675129699, 3.836213054999988, 10.533400730129687], "58": [0.846, 1.3969614365117997, 1.7475062310000151, 3.990467667511815], "59": [1.287, 2.4668179138502992, 1.6127457210000242, 5.366563634850324], "60": [0.423, 0.6491097004940999, 0.4728325590000068, 1.5449422594941067], "61": [3.042, 9.647460584662497, 4.871928430737, 17.5613890153995], "62": [2.376, 8.6941054309176, 3.515913093689994, 14.586018524607594], "63": [4.032, 14.268147745445997, 5.703568105455002, 24.003715850901], "64": [0.9809999999999999, 1.8621674221976996, 1.7817850260000334, 4.624952448197733], "65": [3.0509999999999997, 11.6987676222321, 3.6043927952039803, 18.35416041743608], "66": [0.40499999999999997, 0.5544246152240999, 1.110245454000016, 2.0696700692241157], "67": [0.207, 0.25333970652989996, 0.09276452099999993, 0.5531042275298999], "68": [0.8999999999999999, 1.2888732566826002, 0.9917145899999983, 3.1805878466825983], "69": [0.6479999999999999, 0.883560867093, 0.7447515029999969, 2.276312370092997], "70": [0.819, 1.1267068537250997, 1.125048366000006, 3.070755219725106], "71": [0.5399999999999999, 0.6901794414288, 1.2221071020000094, 2.4522865434288095], "72": [1.0799999999999998, 2.1962660198993995, 1.726534926000017, 5.002800945899416], "73": [0.19799999999999998, 0.18323727711840004, 0.2850476670000001, 0.6662849441184002], "74": [1.071, 2.3181544342178997, 2.3515868159999784, 5.740741250217878], "75": [1.134, 2.1697883246447995, 1.821441330000017, 5.125229654644817], "76": [1.3499999999999999, 2.4008919748487996, 2.009680308000023, 5.760572282848822], "77": [1.053, 2.1179674652283, 1.9638068490000375, 5.134774314228338], "78": [1.494, 3.123771731667, 2.125355354999994, 6.743127086666995], "79": [0.693, 0.9146955907250998, 1.5089084190000188, 3.116604009725118], "80": [1.287, 2.6974253728449, 1.670499855000026, 5.654925227844926], "81": [0.144, 0.1616081210604, 0.07340244299999998, 0.3790105640604], "82": [0.252, 0.32306867316180005, 0.09918158399999993, 0.6742502571617999], "83": [0.09, 0.08367724088459999, 0.11709943200000014, 0.29077667288460013], "84": [0.711, 1.0711655471421, 1.1011314150000169, 2.8832969621421167], "85": [3.8609999999999998, 12.850735297446901, 4.487713034948983, 21.199448332395882], "86": [0.6479999999999999, 0.7683139790946, 0.801264716999994, 2.217578696094594], "87": [0.40499999999999997, 0.5138937186813001, 0.5678500949999981, 1.486743813681298], "88": [0.39599999999999996, 0.5919768742806, 0.486472635000008, 1.4744495092806078], "89": [0.33299999999999996, 0.44726312710529986, 0.4075952400000011, 1.187858367105301], "90": [0.603, 0.7989087111398997, 0.6324130889999972, 2.034321800139897], "91": [0.567, 0.8386654050818998, 0.9056507939999869, 2.3113161990818867], "92": [0.288, 0.3629509524521999, 0.4392935370000052, 1.0902444894522052], "93": [1.8179999999999998, 3.5565880591008, 3.877951058999982, 9.252539118100781], "94": [0.351, 0.5422235324121, 0.433171881000006, 1.3263954134121059], "95": [1.377, 2.9670323110352994, 1.7913144330000241, 6.135346744035323], "96": [0.486, 0.6325715933477999, 0.5386702499999987, 1.6572418433477987], "97": [2.5559999999999996, 8.4628051034715, 3.703032391598969, 14.721837495070467], "98": [0.423, 0.6449781459032999, 0.7753602689999841, 1.843338414903284], "99": [0.6389999999999999, 0.9337414852574997, 0.8843238989999925, 2.457065384257492], "100": [0.026999999999999996, 0.0245407952853, 0.05407381800000002, 0.1056146132853], "101": [0.576, 0.8927857890503998, 0.7962463619999834, 2.265032151050383], "102": [0.7739999999999999, 1.4726066085809997, 0.9703627469999893, 3.216969355580989], "103": [0.126, 0.117327970665, 0.11353332600000014, 0.35686129666500016], "104": [1.251, 2.1312922919661, 1.8264429990000022, 5.208735290966102],