{"1": [0.09240000000000001, 0.05083589440499922, 0.003690793720000021, 0.14692668812499926], "2": [0.07200000000000001, 0.039705289316673054, 0.0022228235280000105, 0.11392811284467308], "3": [0.021, 0.01109004765840839, 0.0007097135199999981, 0.03279976117840839], "4": [0.038, 0.020166456325594818, 0.0016280715999999944, 0.059794527925594816], "5": [0.0216, 0.011483425989738715, 0.00049592696, 0.03357935294973871], "6": [0.0368, 0.019452671522340648, 0.0012740336239999968, 0.057526705146340645], "7": [0.0172, 0.009000185417875395, 0.00046530321599999824, 0.026665488633875394], "8": [0.056600000000000004, 0.030522922268052727, 0.0020468811040000056, 0.08916980337205274], "9": [0.015000000000000001, 0.007805103098186223, 0.0004951211759999989, 0.023300224274186224], "11": [0.019200000000000002, 0.010038775223040086, 0.0008076644400000002, 0.03004643966304009], "12": [0.0344, 0.01830463553108599, 0.0015511473919999964, 0.05425578292308599], "13": [0.0092, 0.0047454438122103955, 0.00024009275199999772, 0.014185536564210392], "14": [0.012400000000000001, 0.006418657817947587, 0.0003919273679999985, 0.019210585185947586], "15": [0.008400000000000001, 0.004277776058881668, 0.00032869285599999994, 0.013006468914881669], "17": [0.0298, 0.01539188649727446, 0.0012013299359999964, 0.04639321643327445], "18": [0.017400000000000002, 0.009083674514348728, 0.00043885607999999974, 0.02692253059434873], "19": [0.0126, 0.006490248680500565, 0.0004217888559999982, 0.019512037536500566], "20": [0.0608, 0.033859661166516716, 0.0022912672560000094, 0.09695092842251674], "21": [0.0292, 0.015542865510442655, 0.0010210240400000015, 0.04576388955044265], "22": [0.0088, 0.004534984755928654, 5.3682232e-05, 0.013388666987928654], "23": [0.068, 0.03739001172859952, 0.002813352040000013, 0.10820336376859953], "24": [0.0176, 0.009203798627715327, 0.0007175010079999994, 0.027521299635715327], "25": [0.0172, 0.008981024417056543, 0.0004442752879999989, 0.026625299705056543], "26": [0.0094, 0.004828608589978432, 0.0002730061519999975, 0.01450161474197843], "27": [0.024800000000000003, 0.012812258695109251, 0.0006542417920000002, 0.03826650048710926], "28": [0.0074, 0.0037135116410572464, 0.00031570167199999926, 0.011429213313057246], "29": [0.0494, 0.02761600463215611, 0.0018867676799999976, 0.0789027723121561], "30": [0.0038, 0.0019140301856715525, 0.00010375023200000039, 0.005817780417671553], "32": [0.009600000000000001, 0.004898196680115625, 0.0003190931439999991, 0.014817289824115624], "33": [0.022600000000000002, 0.011637888194387044, 0.0008249196959999973, 0.035062807890387036], "34": [0.0018000000000000002, 0.0009035833337641534, 2.5675352000000014e-05, 0.0027292586857641534], "36": [0.0148, 0.007537649872251945, 0.0004613096319999995, 0.022798959504251946], "37": [0.019, 0.00977924019642141, 0.00041396766399999957, 0.02919320786042141], "38": [0.0234, 0.012287047384700739, 0.0008646295999999996, 0.03655167698470074], "39": [0.0114, 0.005816375887198474, 0.00033109028000000016, 0.017547466167198475], "40": [0.0176, 0.009197082673396629, 0.0005270221679999978, 0.027324104841396628], "41": [0.1034, 0.058475803254626216, 0.002970056800000011, 0.16484586005462623], "42": [0.0102, 0.005252789740466965, 7.091661600000008e-05, 0.015523706356466967], "43": [0.0432, 0.02270412470089331, 0.001980746767999997, 0.06788487146889331], "44": [0.0432, 0.023607891235738244, 0.001641375040000002, 0.06844926627573825], "45": [0.0454, 0.023775700777186066, 0.001138699015999998, 0.07031439979318607], "46": [0.029, 0.015101968256365955, 0.0009162225999999977, 0.04501819085636595], "47": [0.0268, 0.014345759718683133, 0.0005947217519999986, 0.04174048147068313], "48": [0.0206, 0.010732546278824149, 0.0005010656319999972, 0.03183361191082414], "49": [0.0036000000000000003, 0.0018247169637734305, 9.658857600000022e-05, 0.005521305539773431], "50": [0.0046, 0.0023282263975807245, 0.00013872278399999974, 0.007066949181580724], "51": [0.055, 0.030360222189342246, 0.0021426939120000035, 0.08750291610134225], "52": [0.0204, 0.010675790079038638, 0.0007862414159999997, 0.03186203149503864], "53": [0.017400000000000002, 0.008926704832420113, 0.0005722911599999998, 0.026898995992420113], "54": [0.015000000000000001, 0.00771033698961213, 0.00040686484799999916, 0.023117201837612133], "55": [0.0402, 0.02151927482971359, 0.0007831539360000005, 0.06250242876571359], "56": [0.0154, 0.007814756880245636, 0.0008797703759999973, 0.024094527256245633], "57": [0.0448, 0.02395496578819611, 0.0020379383600000025, 0.07079290414819611], "58": [0.0188, 0.00977180866331568, 0.000884705911999999, 0.02945651457531568], "59": [0.0286, 0.015000272864170135, 0.0008118883919999991, 0.04441216125617013], "60": [0.0094, 0.004853521181870609, 0.000234810167999998, 0.014488331349870608], "61": [0.06760000000000001, 0.0370337996367732, 0.0025779215840000137, 0.10721172122077323], "62": [0.0528, 0.029717298866509603, 0.0018547813280000017, 0.0843720801945096], "63": [0.0896, 0.04978643071455351, 0.00299924117600002, 0.1423856718905535], "64": [0.0218, 0.011429302121402597, 0.0009015087519999974, 0.0341308108734026], "65": [0.0678, 0.03831418871855788, 0.0019016572720000034, 0.10801584599055788], "66": [0.009000000000000001, 0.004617806182063362, 0.0005579402079999991, 0.014175746390063363], "67": [0.0046, 0.00234325864814709, 4.6777992000000024e-05, 0.00699003664014709], "68": [0.02, 0.01032586511235705, 0.0005250376799999994, 0.03085090279235705], "69": [0.014400000000000001, 0.007403704777992155, 0.0003886848559999994, 0.022192389633992157], "70": [0.0182, 0.00935127573445498, 0.0005703444319999993, 0.02812162016645498], "71": [0.012, 0.0061344047608678995, 0.0006208851039999992, 0.018755289864867897], "72": [0.024, 0.012663985766000856, 0.000876653551999998, 0.037540639318000855], "73": [0.0044, 0.002204281992389843, 0.00014177698399999998, 0.006746058976389843], "74": [0.0238, 0.012648943828267924, 0.001199256831999998, 0.03764820066026792], "75": [0.0252, 0.013223217161727285, 0.000920678159999999, 0.03934389532172729], "76": [0.030000000000000002, 0.015677222417798942, 0.0010295172159999993, 0.04670673963379894], "77": [0.0234, 0.012315474536953827, 0.0010024182479999974, 0.036717892784953826], "78": [0.0332, 0.01757715351379692, 0.001086519960000001, 0.051863673473796924], "79": [0.0154, 0.007876235907439206, 0.0007579488880000004, 0.024034184795439208], "80": [0.0286, 0.015103663588146663, 0.0008420119599999997, 0.04454567554814666], "81": [0.0032, 0.0016209467907620729, 3.6787735999999965e-05, 0.004857734526762073], "82": [0.0056, 0.002861845673998719, 5.0211968000000026e-05, 0.008512057641998718], "83": [0.002, 0.0010021213525662819, 5.803526399999984e-05, 0.0030601566165662816], "84": [0.0158, 0.00816464743082084, 0.0005525210799999967, 0.02451716851082084], "85": [0.0858, 0.04734647837024325, 0.002371854640000019, 0.13551833301024327], "86": [0.014400000000000001, 0.007316051712613273, 0.00040287658399999955, 0.022118928296613275], "87": [0.009000000000000001, 0.004603557334395111, 0.0002944804399999999, 0.01389803777439511], "88": [0.0088, 0.004535771196848203, 0.00024153051999999752, 0.013577301716848202], "89": [0.0074, 0.0037928210934964463, 0.00020495647999999988, 0.011397777573496446], "90": [0.0134, 0.006855783732736813, 0.00031975072799999947, 0.020575534460736816], "91": [0.0126, 0.006490028875786788, 0.00045111188799999816, 0.019541140763786786], "92": [0.0064, 0.0032645353595484004, 0.00021899322399999852, 0.009883528583548398], "93": [0.040400000000000005, 0.0212739104080043, 0.002003470168000009, 0.06367738057600432], "94": [0.0078000000000000005, 0.0040303680592664055, 0.00021493671199999817, 0.012045304771266403], "95": [0.030600000000000002, 0.01618986744924996, 0.0009040382159999985, 0.04769390566524996], "96": [0.0108, 0.005533625657975532, 0.0002792979999999996, 0.016612923657975533], "97": [0.0568, 0.03148852663055439, 0.0019005948159999998, 0.09018912144655439],