{"1": [0.3234, 0.182626477922, 0.04498418074500019, 0.5510106586670003], "2": [0.25200000000000006, 0.14294359641800003, 0.02713353376300012, 0.4220771301810002], "3": [0.07350000000000001, 0.03955293048700001, 0.008686442170000027, 0.12173937265700005], "4": [0.133, 0.07179869055800003, 0.01987991985000014, 0.2246786104080002], "5": [0.07560000000000001, 0.04082790982200001, 0.006044693410000043, 0.12247260323200006], "6": [0.12880000000000003, 0.06923012296200001, 0.01556261662900005, 0.21359273959100009], "7": [0.06020000000000001, 0.032011781158000005, 0.0056970003860000295, 0.09790878154400005], "8": [0.19810000000000003, 0.10933542932900005, 0.024999602334000053, 0.33243503166300015], "9": [0.052500000000000005, 0.027701559585000004, 0.006061595421000017, 0.08626315500600003], "11": [0.06720000000000001, 0.035629692798000004, 0.00987871286500004, 0.11270840566300006], "12": [0.12040000000000002, 0.065317672406, 0.018958294432000124, 0.20467596683800013], "13": [0.032200000000000006, 0.016796190726000002, 0.0029403017419999855, 0.051936492467999994], "14": [0.04340000000000001, 0.022744044273999998, 0.004798885903000026, 0.07094293017700003], "15": [0.029400000000000003, 0.015061340994000005, 0.004023206201000012, 0.04848454719500002], "17": [0.10430000000000002, 0.05436225283300002, 0.014678621006000024, 0.17334087383900007], "18": [0.06090000000000001, 0.03221144264100001, 0.005369129430000013, 0.09848057207100003], "19": [0.04410000000000001, 0.022956276314999996, 0.005164122201000032, 0.07222039851600003], "20": [0.21280000000000004, 0.12153550318000003, 0.027934108601000044, 0.3622696117810001], "21": [0.10220000000000001, 0.05555812201800002, 0.012492355715000096, 0.17025047773300014], "22": [0.030800000000000004, 0.016018163518000002, 0.0006564506970000001, 0.04747461421500001], "23": [0.23800000000000004, 0.13420021081599998, 0.034297943715000105, 0.40649815453100013], "24": [0.06160000000000001, 0.03270714330800001, 0.008780230718000001, 0.10308737402600003], "25": [0.06020000000000001, 0.03182543925399999, 0.005425077972999994, 0.097450517227], "26": [0.032900000000000006, 0.017066696409, 0.003343288766999981, 0.05330998517599999], "27": [0.08680000000000002, 0.045176676104, 0.007980216832000023, 0.13995689293600005], "28": [0.025900000000000003, 0.013003519515000006, 0.0038655591869999973, 0.04276907870200001], "29": [0.17290000000000003, 0.09958267487700001, 0.02299676428000015, 0.2954794391570002], "30": [0.013300000000000003, 0.006714858801000001, 0.0012706411970000065, 0.021285499998000012], "32": [0.033600000000000005, 0.017251911614000002, 0.003905618548999994, 0.054757530162999994], "33": [0.07910000000000002, 0.041013396318999994, 0.010078306965999977, 0.130191703285], "34": [0.006300000000000001, 0.003164422415, 0.0003143807170000004, 0.009778803132000002], "36": [0.051800000000000006, 0.026492611880000003, 0.005637250472000013, 0.08392986235200002], "37": [0.0665, 0.034484450483000015, 0.005063988594000011, 0.10604843907700003], "38": [0.08190000000000001, 0.043743036309000005, 0.010581594100000069, 0.1362246304090001], "39": [0.039900000000000005, 0.020472898453, 0.004052495755000004, 0.06442539420800002], "40": [0.06160000000000001, 0.032654322484, 0.006449350453000046, 0.10070367293700005], "41": [0.36190000000000005, 0.21110593098699995, 0.03618893530000009, 0.6091948662870001], "42": [0.0357, 0.018545665103000004, 0.0008673999110000005, 0.05511306501400001], "43": [0.15120000000000003, 0.08063326667200005, 0.024195142678000072, 0.25602840935000015], "44": [0.15120000000000003, 0.08452283561400004, 0.020005629840000042, 0.25572846545400013], "45": [0.1589, 0.08409144194500001, 0.013887170310999975, 0.256878612256], "46": [0.10150000000000002, 0.053491710964999994, 0.011201143975000043, 0.16619285494000008], "47": [0.09380000000000001, 0.051093171766000006, 0.007248645117000022, 0.15214181688300005], "48": [0.07210000000000001, 0.038048511697000006, 0.006129038972000053, 0.11627755066900007], "49": [0.012600000000000002, 0.006416485544000001, 0.0011828601960000044, 0.02019934574000001], "50": [0.016100000000000003, 0.008178879359, 0.0016982143640000044, 0.025977093723000007], "51": [0.19250000000000003, 0.10921626754500002, 0.026129601477000042, 0.3278458690220001], "52": [0.0714, 0.037933079646000005, 0.009620475711000028, 0.11895355535700003], "53": [0.06090000000000001, 0.031419486903, 0.006988858485000019, 0.09930834538800003], "54": [0.052500000000000005, 0.027215840518999983, 0.004976280357999988, 0.08469212087699998], "55": [0.14070000000000002, 0.07655233292700002, 0.009557925006000029, 0.22681025793300005], "56": [0.05390000000000001, 0.027472717642999994, 0.010766479871000082, 0.09213919751400008], "57": [0.15680000000000002, 0.08540164400599999, 0.02486485718500014, 0.26706650119100017], "58": [0.06580000000000001, 0.034622794724000004, 0.010822515977000069, 0.11124531070100008], "59": [0.10010000000000001, 0.05334441587300003, 0.009934864807000048, 0.16337928068000007], "60": [0.032900000000000006, 0.017183100319000003, 0.0028755109529999888, 0.052958611272], "61": [0.23660000000000003, 0.13298053455400008, 0.03145341291400005, 0.40103394746800014], "62": [0.18480000000000002, 0.107133323822, 0.02259922443800008, 0.31453254826000004], "63": [0.31360000000000005, 0.17918166306600003, 0.03655331542100022, 0.5293349784870003], "64": [0.0763, 0.04063207731100001, 0.011028437742000033, 0.12796051505300005], "65": [0.23730000000000004, 0.13826839082700002, 0.023174555537000204, 0.39874294636400026], "66": [0.03150000000000001, 0.016294920131000003, 0.006828036418000028, 0.05462295654900003], "67": [0.016100000000000003, 0.008249175249000002, 0.0005723564069999996, 0.024921531656000005], "68": [0.07, 0.036409999794, 0.006407140529999994, 0.112817140324], "69": [0.05040000000000001, 0.026087531512000006, 0.0047468382010000055, 0.08123436971300002], "70": [0.0637, 0.03297709883300001, 0.0069764425220000025, 0.10365354135500002], "71": [0.04200000000000001, 0.021600538806000005, 0.007593748834000008, 0.07119428764000002], "72": [0.08400000000000002, 0.04508699196400002, 0.010722271042000048, 0.13980926300600008], "73": [0.015400000000000002, 0.007715645014, 0.0017360631890000011, 0.024851708203000006], "74": [0.08330000000000001, 0.045134611137000014, 0.014664461672000102, 0.14309907280900014], "75": [0.08820000000000001, 0.047012504336000016, 0.011263551110000098, 0.14647605544600012], "76": [0.10500000000000001, 0.05560580884600001, 0.012585775636000033, 0.17319158448200003], "77": [0.08190000000000001, 0.043811126513, 0.012256907383000027, 0.13796803389600004], "78": [0.11620000000000001, 0.062652209172, 0.013284143285000032, 0.19213635245700003], "79": [0.05390000000000001, 0.02777118683499998, 0.009275958573000042, 0.09094714540800003], "80": [0.10010000000000001, 0.05383541958900003, 0.010302762785000072, 0.16423818237400012], "81": [0.011200000000000002, 0.005696859476, 0.000450274181000001, 0.017347133657000004], "82": [0.019600000000000003, 0.010083821524000001, 0.000614238128, 0.030298059652], "83": [0.007000000000000001, 0.0035083169660000005, 0.0007107869440000014, 0.011219103910000004], "84": [0.05530000000000001, 0.02887032466500001, 0.006762291305000034, 0.09093261597000005], "85": [0.30030000000000007, 0.17041943138500004, 0.028941742690000063, 0.49966117407500016], "86": [0.05040000000000001, 0.02572823636599999, 0.004930233539000016, 0.08105846990500001], "87": [0.03150000000000001, 0.016197213837000006, 0.0035975988649999957, 0.05129481270200001], "88": [0.030800000000000004, 0.016050694128, 0.002957846044999983, 0.04980854017299999], "89": [0.025900000000000003, 0.013377131971000003, 0.0025081590800000004, 0.04178529105100001], "90": [0.046900000000000004, 0.024164795290999987, 0.0039117624629999995, 0.07497655775399999], "91": [0.04410000000000001, 0.022958845679000004, 0.0055234221980000565, 0.07258226787700008],