{"1": [18.68, 695.7835836415999, 553.8490459071999, 1268.3126295487996], "2": [2.92, 3.290422380800001, 25.275656000000005, 31.486078380800006], "3": [0.74, 0.35476, 6.289096, 7.383856], "4": [2.58, 1.975688, 24.759511999999994, 29.315199999999994], "5": [18.64, 632.7665534528, 685.4272775008009, 1336.833830953601], "6": [15.040000000000001, 429.1474819487999, 509.2791825599998, 953.4666645087998], "7": [5.04, 21.164099500799995, 60.58264404159999, 86.78674354239999], "8": [13.98, 382.30131667520004, 306.61989788479997, 702.90121456], "9": [4.34, 15.2731044384, 47.36047278720002, 66.97357722560002], "10": [12.72, 226.11761123840006, 366.7023315648003, 605.5399428032003], "11": [8.78, 83.98599971839998, 108.10298448960002, 200.868984208], "12": [2.2800000000000002, 2.0178327808, 19.89417599999998, 24.19200878079998], "13": [5.2, 24.7336556992, 57.30268416320004, 87.23633986240004], "14": [19.76, 643.9875106304, 574.5230685791998, 1238.2705792095999], "15": [18.68, 637.788493824, 523.2076355840004, 1179.6761294080004], "16": [14.06, 334.0044660032001, 448.3057798527998, 796.3702458559999], "17": [5.04, 13.459090812800001, 48.10028072640004, 66.59937153920004], "18": [22.240000000000002, 780.5430835296003, 935.9896562272008, 1738.772739756801], "19": [14.26, 443.9680192736, 484.08026896000007, 942.3082882336], "20": [16.4, 533.1717390112001, 541.8462072160007, 1091.417946227201], "21": [7.98, 221.9270204576, 176.09691150079985, 406.00393195839985], "22": [3.9, 10.6033470464, 39.09142065280003, 53.594767699200034], "23": [1.58, 1.0944880000000001, 16.55061599999999, 19.22510399999999], "24": [2.22, 1.6464332928000003, 20.041368, 23.9078012928], "25": [3.96, 17.051506041599996, 50.3037380928, 71.3152441344], "26": [14.48, 344.99113251200015, 407.97703540159995, 767.4481679136002], "27": [14.0, 438.8100047968, 403.82167577919995, 856.631680576], "28": [10.8, 215.0498873504, 294.4722745407998, 520.3221618911998], "29": [14.4, 429.26037495680004, 425.0285138816001, 868.6888888384001], "30": [22.2, 739.2633076351998, 963.4832371552002, 1724.9465447904], "31": [20.400000000000002, 638.9177016351999, 782.7478542495996, 1442.0655558847996], "32": [3.2, 8.2174340576, 34.54503175679999, 45.96246581439999], "33": [14.540000000000001, 438.9969717919999, 432.32722728319993, 885.8641990751998], "34": [2.72, 2.8427458944000006, 24.608000000000015, 30.170745894400014], "35": [13.32, 318.0503492672, 372.64240314559987, 704.0127524127998], "36": [15.4, 472.88669656, 479.91461764799953, 968.2013142079995], "37": [10.38, 145.98686951359997, 255.34209932160007, 411.70896883520004], "38": [7.0200000000000005, 58.84658196800001, 93.12484490879999, 158.9914268768], "39": [15.6, 450.740322528, 539.1418772192002, 1005.4821997472002], "40": [7.4, 112.34159579519999, 150.71604075200008, 270.4576365472001], "41": [5.48, 22.613009392000002, 62.58869731520003, 90.68170670720004], "42": [14.540000000000001, 446.7097032864001, 450.9992918912001, 912.2489951776001], "43": [2.2, 2.3938099295999997, 20.239816000000015, 24.833625929600014], "44": [2.54, 2.7151285216000005, 23.576639999999994, 28.831768521599994], "45": [14.8, 373.85449700160007, 353.75489263999987, 742.4093896416], "46": [11.6, 246.1697094784, 247.4480394208001, 505.21774889920005], "47": [13.86, 262.2645722272, 389.8048826272001, 665.9294548544001], "48": [3.9, 6.9936762272, 36.01790400000002, 46.91158022720002], "49": [1.8800000000000001, 0.92312, 13.108456000000006, 15.911576000000005], "50": [9.1, 77.7418076512, 132.247048176, 219.0888558272], "51": [4.64, 9.214163894400002, 40.61138215359998, 54.465546047999986], "52": [14.120000000000001, 392.92217126720004, 300.9095054944002, 707.9516767616003], "53": [5.0200000000000005, 15.690969472, 49.63783665919998, 70.34880613119998], "54": [13.08, 225.3131912064, 364.74787379200006, 603.1410649984001], "55": [2.54, 2.5963606144000004, 22.18831999999998, 27.32468061439998], "56": [16.96, 363.64956521919987, 475.6214362079999, 856.2310014271998], "57": [11.700000000000001, 261.06064450559995, 286.0220835104, 558.782728016], "58": [6.6000000000000005, 14.105016774400001, 69.2188658208, 89.92388259520001], "59": [5.16, 23.6849700096, 54.58973344959996, 83.43470345919997], "60": [3.3000000000000003, 8.12410904, 30.656242294399988, 42.08035133439999], "61": [3.3000000000000003, 3.5526835744000005, 33.02766156480002, 39.88034513920002], "62": [15.620000000000001, 475.38126108800014, 482.08601002880044, 973.0872711168006], "63": [1.16, 0.601136, 9.890472000000003, 11.651608000000003], "64": [8.68, 116.48931941760003, 122.08440208639992, 247.25372150399994], "65": [14.46, 283.92988353600003, 492.3091033376002, 790.6989868736002], "66": [18.5, 524.2888492256, 540.1413835392001, 1082.9302327648002], "67": [5.68, 18.261647193599998, 61.20247839040002, 85.14412558400002], "68": [14.16, 256.05773823680005, 296.7080157152001, 566.9257539520002], "69": [2.6, 2.5360718304000005, 22.76494399999999, 27.90101583039999], "70": [3.34, 3.4925613568000005, 30.763377180800006, 37.595938537600006], "71": [16.48, 417.42800151039984, 658.5848997151994, 1092.4929012255993], "72": [3.7, 5.341080883200002, 32.47707399999999, 41.51815488319999], "73": [3.22, 3.5086162656, 28.528999999999964, 35.257616265599964], "74": [2.86, 2.5070739168, 26.24058399999997, 31.60765791679997], "75": [12.84, 385.09063663359996, 384.7687574080001, 782.6993940416], "76": [3.74, 7.288137203199999, 39.37108714239999, 50.39922434559999], "77": [15.24, 368.5736768992001, 413.0956666816002, 796.9093435808004], "78": [0.8200000000000001, 0.39239199999999996, 6.421919999999998, 7.634311999999998], "79": [7.94, 86.57977892799998, 111.45913214079991, 205.9789110687999], "80": [14.48, 484.1657685632001, 434.58561396479985, 933.231382528], "81": [1.1400000000000001, 0.590008, 8.595591999999998, 10.325599999999998], "82": [1.6600000000000001, 1.3316080000000001, 13.666272000000014, 16.657880000000013], "83": [3.58, 4.143654720000001, 30.0273644288, 37.7510191488], "84": [1.22, 0.6564080000000001, 10.388080000000018, 12.264488000000018], "85": [2.4, 2.2045115776, 18.184599999999993, 22.789111577599993], "86": [16.26, 381.0893272607999, 564.9634464159999, 962.3127736767998], "87": [7.74, 31.748564560000005, 109.34138132160002, 148.82994588160003], "88": [1.16, 0.5329919999999999, 9.407735999999995, 11.100727999999995], "89": [1.54, 0.76308, 11.859391999999996, 14.162471999999996], "90": [6.1000000000000005, 40.20914257280001, 65.62041511359998, 111.92955768639999], "91": [4.9, 14.1010980352, 46.1712911968, 65.172389232], "92": [1.0, 0.4284, 6.655503999999993, 8.083903999999993], "93": [1.3, 0.562936, 10.439856000000011, 12.30279200000001], "94": [1.44, 0.7643519999999999, 11.525856000000003, 13.730208000000003], "95": [4.4, 15.149299872, 37.06814725119998, 56.61744712319998], "96": [2.7600000000000002, 2.6123362656, 22.320584, 27.6929202656], "97": [1.44, 0.7228, 10.818064000000007, 12.980864000000008], "98": [19.5, 561.155135856, 808.8795254464003, 1389.5346613024003], "99": [2.16, 1.615984, 18.29572, 22.071704], "100": [5.7, 42.76221024320001, 55.02505804480002, 103.48726828800002], "101": [2.0, 1.467824, 16.819008000000004, 20.286832000000004], "102": [7.12, 29.9708551424, 87.81352284800003, 124.90437799040004], "103": [10.040000000000001, 101.63734448960001, 239.13224104640014, 350.80958553600016], "104": [6.72, 127.108596704, 150.5687123584, 284.39730906240004], "105": [18.66, 577.1154018656002, 661.9661640288002, 1257.7415658944005], "106": [13.44, 269.96242434559997, 218.8144779264001, 502.2169022720001], "107": [0.76, 0.28615999999999997, 7.491367999999998, 8.537527999999998], "108": [4.14, 9.606015049600003, 40.960574086399994, 54.706589136], "109": [8.44, 68.8482720032, 164.44165745919977, 241.72992946239975], "110": [13.58, 375.14781696000006, 403.7653452767997, 792.4931622367997], "111": [3.7600000000000002, 7.457696112, 40.846128067200006, 52.063824179200004],