{"0": [7.362000000000001, 170.3783125959224, 64.58848323333108, 242.32879582925347], "1": [6.372000000000001, 153.15359807586418, 38.29280397175624, 197.81840204762045], "2": [4.815, 119.91320723638023, 21.104619742083138, 145.83282697846337], "3": [7.200000000000001, 241.6350083381481, 26.779073236761715, 275.6140815749098], "4": [3.7350000000000003, 96.56571959374672, 9.536673272897819, 109.83739286664454], "5": [6.687000000000001, 180.14307924035543, 41.644852500299294, 228.47493174065474], "6": [6.651000000000001, 205.29861781701126, 21.459176230518512, 233.4087940475298], "7": [5.0040000000000004, 119.7197279018975, 13.384114719897791, 138.1078426217953], "8": [5.958000000000001, 141.6323839432169, 22.760334107731687, 170.3507180509486], "9": [3.5190000000000006, 96.6277529363043, 13.55881953606902, 113.70557247237333], "10": [5.517, 154.88082066235262, 19.120894933965022, 179.51871559631763], "11": [3.5370000000000004, 92.46071407693482, 11.024973431056841, 107.02268750799166], "12": [4.707000000000001, 114.19963404007216, 17.654433593216897, 136.56106763328907], "13": [4.869000000000001, 133.8559396320331, 10.256983054774139, 148.98192268680725], "14": [4.626, 127.79828555797579, 12.78899218364224, 145.21327774161804], "15": [4.212000000000001, 119.55890692096143, 9.75948168125349, 133.53038860221494], "16": [5.364000000000001, 129.4197067451879, 20.22927813518848, 155.0129848803764], "17": [4.095000000000001, 13.78692687684762, 111.08808380767951, 128.97001068452713], "18": [4.473000000000001, 127.08233404446415, 9.791418759644808, 141.34675280410897], "19": [5.157000000000001, 129.77686145417968, 22.158500713212316, 157.092362167392], "20": [4.824000000000001, 117.13451785911263, 18.868617813978393, 140.82713567309102], "21": [2.8800000000000003, 38.4575032036541, 8.351747794490745, 49.68925099814484], "22": [2.3670000000000004, 1.6120884977807288, 23.19367950106698, 27.17276799884771], "23": [4.437, 112.87390096231316, 19.280827888505762, 136.59172885081892], "24": [4.851000000000001, 126.03941849910333, 20.484454299950944, 151.3748727990543], "25": [4.338, 113.31652248037653, 15.024812656101165, 132.6793351364777], "26": [5.031000000000001, 133.60702115059482, 15.471306206224156, 154.109327356819], "27": [3.1410000000000005, 49.17464994966096, 7.766956646226872, 60.08260659588783], "28": [4.644, 118.84945614151474, 11.146680533611814, 134.64013667512654], "29": [3.7260000000000004, 107.40542845375467, 8.941438147401207, 120.07286660115588], "30": [2.628, 25.239496514766998, 6.675268076999998, 34.542764591766996], "31": [4.662000000000001, 117.03519499892774, 12.077335555475456, 133.77453055440319], "32": [3.3390000000000004, 9.790275354750456, 77.77197112191133, 90.9012464766618], "33": [3.2670000000000003, 66.28325448262832, 8.106968072943694, 77.65722255557202], "34": [3.3750000000000004, 74.65873878869269, 8.75610812703669, 86.78984691572938], "35": [3.7710000000000004, 109.5062794663882, 8.633507358415756, 121.91078682480395], "36": [3.8520000000000003, 108.37082087859127, 12.254326236168056, 124.47714711475933], "37": [3.8430000000000004, 108.32524474283166, 8.351795157037838, 120.5200398998695], "38": [3.0330000000000004, 52.6558279334772, 7.0318301219213915, 62.72065805539859], "39": [3.4830000000000005, 110.55493381658148, 7.809337370012182, 121.84727118659367], "40": [1.1520000000000001, 0.4415556240000001, 4.566935763000005, 6.160491387000006], "41": [3.8340000000000005, 111.90726056879859, 10.348848257968228, 126.09010882676682], "42": [2.1870000000000003, 14.777562742719981, 5.542132185000005, 22.506694927719984], "43": [1.2960000000000003, 0.5550657840000001, 5.18217748338868, 7.03324326738868], "44": [3.5190000000000006, 111.66113419056876, 7.0249530474094355, 122.2050872379782], "45": [3.8160000000000003, 111.48649975359497, 9.807018990904, 125.10951874449897], "46": [3.6720000000000006, 108.09311631044811, 8.970548298301983, 120.73566460875008], "47": [3.3660000000000005, 81.55999331143167, 7.501793816743739, 92.42778712817541], "48": [2.8620000000000005, 44.925858250119575, 7.282507914389392, 55.07036616450897], "49": [3.4020000000000006, 80.9440122943437, 7.936469709048121, 92.28248200339182], "50": [2.6370000000000005, 33.177102756839886, 6.85427051446972, 42.668373271309605], "51": [2.2230000000000003, 15.325961068217486, 5.113747728000003, 22.66270879621749], "52": [3.0240000000000005, 67.42079309618322, 7.438121493193723, 77.88291458937694], "53": [2.7270000000000003, 38.689770765195846, 5.599261080000001, 47.01603184519585], "54": [3.0600000000000005, 66.54574862195585, 7.692872288309538, 77.2986209102654], "55": [3.123, 60.68604547946504, 7.050437634243545, 70.85948311370858], "56": [2.007, 12.472438141290551, 4.452852528000013, 18.932290669290563], "57": [2.1780000000000004, 3.325357902574206, 21.70509600706701, 27.208453909641214], "58": [2.853, 52.39264541937293, 7.547989675067467, 62.793635094440404], "59": [2.4930000000000003, 25.593268195684, 6.067337885999997, 34.153606081683996], "60": [2.7090000000000005, 43.30321882037374, 6.39828103308823, 52.41049985346198], "61": [2.8890000000000002, 43.97295590471702, 5.834780163000004, 52.696736067717026], "62": [2.9520000000000004, 60.07108486944534, 6.865049014258844, 69.88813388370419], "63": [1.0710000000000002, 0.37464338700000005, 3.747101390999999, 5.192744777999999], "64": [3.5280000000000005, 106.45217550938844, 9.31452296632, 119.29469847570844], "65": [3.1410000000000005, 60.819111876373874, 6.6386263499999885, 70.59873822637385], "66": [2.475, 28.80082260527966, 5.52061540645304, 36.796438011732704], "67": [2.745, 41.417216548916464, 6.568736966367518, 50.73095351528398], "68": [2.241, 17.24536859973274, 4.732011308067955, 24.218379907800696], "69": [2.745, 43.88052644277523, 6.031898928000003, 52.65742537077523], "70": [2.5650000000000004, 33.493236870626816, 6.155875506046243, 42.21411237667306], "71": [2.4840000000000004, 30.70338866322276, 5.656548684202971, 38.84393734742574], "72": [1.1880000000000002, 0.6264839700000002, 4.186999026000007, 6.001482996000007], "73": [1.4760000000000002, 0.7748743500000002, 7.03828586306251, 9.289160213062509], "74": [2.079, 13.859829673269113, 5.050059291000008, 20.988888964269123], "75": [2.6550000000000002, 36.85753177464037, 6.0063665701596705, 45.51889834480004], "76": [2.2230000000000003, 17.987484986437764, 5.944571775000001, 26.155056761437763], "77": [2.3400000000000003, 21.948957421211762, 5.3481132900000095, 29.63707071121177], "78": [2.3850000000000002, 22.77422712293163, 5.96124481499999, 31.120471937931622], "79": [0.7200000000000001, 0.20454444000000005, 2.9809757699999953, 3.9055202099999953], "80": [2.196, 16.729749940959582, 5.683684221000006, 24.60943416195959], "81": [1.2240000000000002, 0.5938155360000001, 4.465504134982193, 6.283319670982193], "82": [2.016, 12.531054520290551, 4.574769516000011, 19.121824036290562], "83": [2.1870000000000003, 19.556591431732638, 4.682555244000004, 26.426146675732642], "84": [2.0970000000000004, 13.596499828933744, 5.287024467000013, 20.98052429593376], "85": [2.2950000000000004, 19.667738741844285, 5.101917597000003, 27.06465633884429], "86": [0.9810000000000001, 0.380076381, 3.7106976419999946, 5.071774022999994], "87": [1.7730000000000001, 6.841591127654259, 4.4306614440000125, 13.045252571654272], "88": [2.43, 28.439633815216798, 5.153356831571038, 36.02299064678783], "89": [2.079, 15.151575323378447, 4.787165691000009, 22.017741014378455], "90": [1.584, 4.55590372554982, 3.7366422659999934, 9.876545991549813], "91": [1.0890000000000002, 0.4745280510000001, 3.3937047089999894, 4.9572327599999895], "92": [1.0890000000000002, 0.4745280510000001, 3.3937047089999894, 4.9572327599999895], "93": [1.0890000000000002, 0.4745280510000001, 3.3937047089999894, 4.9572327599999895], "94": [2.169, 18.517260384594774, 4.858820640000012, 25.545081024594786], "95": [1.332, 0.6873890040000001, 5.070125404388683, 7.089514408388684],