{"1": [0.18480000000000002, 0.007385494656000003, 0.01473338975999998, 0.206918884416], "2": [0.14400000000000002, 0.005844961664000001, 0.008878748224000053, 0.15872370988800008], "3": [0.042, 0.0009365957760000001, 0.0028378681599999984, 0.045774463936], "4": [0.076, 0.001886208384000001, 0.006503932800000005, 0.084390141184], "5": [0.0432, 0.001120745856, 0.001979735680000008, 0.04630048153600001], "6": [0.0736, 0.0017002645760000005, 0.0050903489920000105, 0.08039061356800001], "7": [0.0344, 0.0006365571840000001, 0.0018608257280000255, 0.036897382912000024], "8": [0.11320000000000001, 0.0035171585920000005, 0.008177768832000042, 0.12489492742400005], "9": [0.030000000000000002, 0.00048698208, 0.001980009408000016, 0.032466991488000016], "11": [0.038400000000000004, 0.000710603904, 0.0032286755200000004, 0.042339279424], "12": [0.0688, 0.001762306688, 0.00619893913600001, 0.07676124582400001], "13": [0.0184, 0.00023253004800000002, 0.0009602620159999993, 0.019592792064], "14": [0.024800000000000003, 0.000349389952, 0.0015674189440000182, 0.026716808896000022], "15": [0.016800000000000002, 0.00012705651200000003, 0.0013143428480000075, 0.018241399360000007], "17": [0.0596, 0.0008123475840000001, 0.004800399487999999, 0.065212747072], "18": [0.034800000000000005, 0.000624139968, 0.001754528640000011, 0.037178668608000016], "19": [0.0252, 0.0003046211200000001, 0.0016867908480000225, 0.027191411968000023], "20": [0.1216, 0.005538768640000001, 0.009147578048000074, 0.13628634668800008], "21": [0.0584, 0.0014959504640000003, 0.004082112319999986, 0.06397806278399999], "22": [0.0176, 0.000221582464, 0.00021457785600000008, 0.01803616032], "23": [0.136, 0.005397882367999999, 0.011231776320000025, 0.15262965868800005], "24": [0.0352, 0.0006453603840000001, 0.0028688080640000032, 0.038714168448000005], "25": [0.0344, 0.000622244992, 0.0017748423040000062, 0.036797087296], "26": [0.0188, 0.000205674432, 0.001091889216000009, 0.02009756364800001], "27": [0.049600000000000005, 0.0006957137920000001, 0.002612494336000004, 0.05290820812800001], "28": [0.0148, 2.429472e-05, 0.001262573376000004, 0.016086868096000004], "29": [0.0988, 0.004628514496, 0.007531901439999988, 0.11096041593599999], "30": [0.0076, 2.3187648000000003e-05, 0.0004149618559999982, 0.008038149503999998], "32": [0.019200000000000002, 0.000161350272, 0.001275945152000005, 0.020637295424000005], "33": [0.045200000000000004, 0.0005696021120000001, 0.003296157568000006, 0.049065759680000015], "34": [0.0036000000000000003, 6.393920000000001e-06, 0.00010268281600000001, 0.0037090767360000005], "36": [0.0296, 0.00023482623999999998, 0.0018434370560000044, 0.03167826329600001], "37": [0.038, 0.0004647347840000001, 0.0016549413120000103, 0.040119676096000007], "38": [0.0468, 0.0009345896320000001, 0.0034571967999999973, 0.051191786432], "39": [0.0228, 0.00019368134400000003, 0.001323922240000009, 0.024317603584000008], "40": [0.0352, 0.000637516032, 0.002107217344000013, 0.03794473337600001], "41": [0.2068, 0.010654579775999994, 0.011854854400000047, 0.22930943417600005], "42": [0.0204, 0.00025138054400000004, 0.00028349292799999975, 0.020934873472], "43": [0.0864, 0.0017930946560000011, 0.007913974144000042, 0.09610706880000004], "44": [0.0864, 0.0032300222719999997, 0.006552280319999978, 0.09618230259199999], "45": [0.0908, 0.0018024073600000003, 0.004546712128, 0.097149119488], "46": [0.058, 0.0009836643200000002, 0.0036619407999999975, 0.06264560512], "47": [0.0536, 0.0015419879680000006, 0.0023740940160000045, 0.05751608198400001], "48": [0.0412, 0.0007025458559999999, 0.0020030850560000197, 0.04390563091200002], "49": [0.007200000000000001, 4.0294912000000006e-05, 0.0003863086079999983, 0.00762660352], "50": [0.0092, 4.6836032000000004e-05, 0.000554742272, 0.009801578303999999], "51": [0.11, 0.00454475616, 0.008555311296000066, 0.12310006745600006], "52": [0.0408, 0.000760782208, 0.003143531328, 0.044704313536000004], "53": [0.034800000000000005, 0.00038562694400000005, 0.0022863292800000008, 0.03747195622400001], "54": [0.030000000000000002, 0.000343803712, 0.0016264387840000064, 0.03197024249600001], "55": [0.0804, 0.002313560896, 0.0031279514879999997, 0.08584151238400001], "56": [0.0308, 0.00018983046399999998, 0.0035176830080000028, 0.034507513472000005], "57": [0.0896, 0.002507183488000001, 0.008138706880000032, 0.10024589036800002], "58": [0.0376, 0.000602551552, 0.0035368472959999946, 0.041739398848], "59": [0.0572, 0.001118541504, 0.0032461471359999947, 0.06156468864], "60": [0.0188, 0.000245634112, 0.0009391213439999992, 0.019984755456], "61": [0.13520000000000001, 0.005114379392000001, 0.010295212672000034, 0.15060959206400004], "62": [0.1056, 0.0052607778559999995, 0.007403210624000009, 0.11826398848000001], "63": [0.1792, 0.007881290368000001, 0.011972489408000019, 0.19905377977600003], "64": [0.0436, 0.000847128128, 0.003604070016000005, 0.04805119814400001], "65": [0.1356, 0.0069783800960000015, 0.007590858175999995, 0.150169238272], "66": [0.018000000000000002, 0.00019264748800000003, 0.002230881664000001, 0.020423529152000002], "67": [0.0092, 7.126675200000001e-05, 0.0001870239359999999, 0.009458290688], "68": [0.04, 0.0005493989120000001, 0.0020969414400000006, 0.042646340352], "69": [0.028800000000000003, 0.00034329497600000007, 0.001552838848000004, 0.030696133824000008], "70": [0.0364, 0.0004174355840000001, 0.002280035455999999, 0.039097471040000005], "71": [0.024, 0.000224213888, 0.002481960831999999, 0.02670617472], "72": [0.048, 0.0010661470720000003, 0.0035044284160000005, 0.052570575488], "73": [0.0088, 7.993472e-06, 0.0005670158719999977, 0.009375009343999997], "74": [0.0476, 0.001201206976, 0.00479357465599998, 0.05359478163199998], "75": [0.0504, 0.0009990753280000005, 0.003680785279999991, 0.05507986060799999], "76": [0.060000000000000005, 0.0010997838080000003, 0.004114697727999995, 0.065214481536], "77": [0.0468, 0.0009849402239999999, 0.004006705983999998, 0.051791646208], "78": [0.0664, 0.001567014656, 0.004342719679999997, 0.07230973433599999], "79": [0.0308, 0.0002868700800000001, 0.0030306311039999955, 0.034117501184], "80": [0.0572, 0.0012790030720000005, 0.003366495679999995, 0.061845498752], "81": [0.0064, 3.4530048e-05, 0.00014710188799999974, 0.006581631936000001], "82": [0.0112, 0.00010191795200000002, 0.00020073574400000018, 0.011502653696], "83": [0.004, 3.837568e-06, 0.00023212211200000053, 0.004235959680000001], "84": [0.0316, 0.0004322019200000001, 0.0022092886400000124, 0.03424149056000002], "85": [0.1716, 0.007022028480000002, 0.009472597120000007, 0.1880946256], "86": [0.028800000000000003, 0.00019172876800000005, 0.0016108526720000089, 0.030602581440000012], "87": [0.018000000000000002, 0.00017585657600000003, 0.0011766435200000038, 0.019352500096000005], "88": [0.0176, 0.00021702374400000006, 0.0009660041599999985, 0.018783027904], "89": [0.0148, 0.000152383808, 0.0008194918400000001, 0.015771875648], "90": [0.0268, 0.0002552471680000001, 0.0012783258240000035, 0.028333572992000004], "91": [0.0252, 0.00030416339200000004, 0.0018040951040000275, 0.027308258496000028], "92": [0.0128, 0.00010487744000000002, 0.0008757857919999986, 0.013780663232], "93": [0.08080000000000001, 0.0017352958720000004, 0.008005841344000052, 0.09054113721600006], "94": [0.015600000000000001, 0.00020807174400000003, 0.0008596536959999986, 0.01666772544], "95": [0.061200000000000004, 0.0014157476479999998, 0.003614385727999994, 0.06623013337599999], "96": [0.0216, 0.00022608307200000003, 0.0011159840000000024, 0.022942067072000007], "97": [0.1136, 0.004904824064000002, 0.007586998528000007, 0.12609182259200002], "98": [0.0188, 0.00024100793600000006, 0.0015422247040000274, 0.02058323264000003], "99": [0.0284, 0.000372005056, 0.0017939667840000076, 0.03056597184000001], "100": [0.0012000000000000001, 4.798080000000001e-07, 0.000107029888, 0.0013075096960000001], "101": [0.0256, 0.00034328972800000006, 0.0015871729920000264, 0.027530462720000027],