{"0": [0.7362000000000001, 1.2282228880547494, 0.11838614850900017, 2.08280903656375], "1": [0.6372000000000001, 1.065856787613541, 0.11056483646100014, 1.8136216240745413], "2": [0.48150000000000004, 0.745830722010517, 0.10203356427300021, 1.329364286283517], "3": [0.7200000000000001, 1.3199157693641992, 0.10697230080900007, 2.1468880701731994], "4": [0.37350000000000005, 0.5210173412934593, 0.0857138231880001, 0.9802311644814595], "5": [0.6687000000000001, 1.1625192138422997, 0.10761893328600011, 1.9388381471282998], "6": [0.6651, 1.1831347631772837, 0.10043767432800008, 1.9486724375052837], "7": [0.5004000000000001, 0.7774107783359424, 0.09391715545500018, 1.3717279337909427], "8": [0.5958000000000001, 0.9786056666437011, 0.10167300184500021, 1.6760786684887015], "9": [0.35190000000000005, 0.4869025101497688, 0.09564521083200024, 0.9344477209817692], "10": [0.5517000000000001, 0.9319545058686165, 0.09301331687400008, 1.5766678227426167], "11": [0.3537, 0.49029123038814515, 0.0829142838540001, 0.9269055142421453], "12": [0.47070000000000006, 0.7191539095965271, 0.09421314905700018, 1.2840670586535274], "13": [0.48690000000000005, 0.7949178080486065, 0.08708745804300004, 1.3689052660916066], "14": [0.46260000000000007, 0.7429196840270246, 0.08749445850000008, 1.2930141425270247], "15": [0.4212, 0.6489798728251459, 0.0818223177510002, 1.1520021905761462], "16": [0.5364000000000001, 0.8603318641961222, 0.10366201467900014, 1.5003938788751223], "17": [0.40950000000000003, 0.5163283605838076, 0.11810031635700033, 1.0439286769408078], "18": [0.44730000000000003, 0.718561778097047, 0.08541541287000012, 1.2512771909670473], "19": [0.5157, 0.827980823919729, 0.10621595310300014, 1.4498967770227291], "20": [0.48240000000000005, 0.7419880957146451, 0.10426375177200008, 1.328651847486645], "21": [0.28800000000000003, 0.3811268688373601, 0.0786148117110002, 0.7477416805483603], "22": [0.23670000000000002, 0.2586458652261521, 0.08175789772200011, 0.5771037629481522], "23": [0.44370000000000004, 0.6738064113552659, 0.10059209937000022, 1.2180985107252662], "24": [0.48510000000000003, 0.7741190606635564, 0.09890596019700022, 1.3581250208605566], "25": [0.4338, 0.6590901417442493, 0.0875120048820001, 1.1804021466262495], "26": [0.5031, 0.8250404334722011, 0.09081671327100016, 1.4189571467432014], "27": [0.31410000000000005, 0.4218343171186984, 0.07519927037400014, 0.8111335874926986], "28": [0.46440000000000003, 0.732634716544091, 0.092041090722, 1.289075807266091], "29": [0.37260000000000004, 0.5365674394232607, 0.08232527664, 0.9914927160632607], "30": [0.26280000000000003, 0.342742972520577, 0.06893478407700013, 0.6744777565975771], "31": [0.46620000000000006, 0.7212240072442339, 0.09182255077800014, 1.279246558022234], "32": [0.33390000000000003, 0.41185130238995094, 0.10361729798100011, 0.8493686003709511], "33": [0.32670000000000005, 0.4491906036452864, 0.07830349444800015, 0.8541940980932865], "34": [0.3375, 0.46759225468011767, 0.08131485996000018, 0.8864071146401179], "35": [0.37710000000000005, 0.5537488785834422, 0.08313186297599999, 1.0139807415594424], "36": [0.38520000000000004, 0.5726042625063561, 0.08420751292500005, 1.042011775431356], "37": [0.38430000000000003, 0.558239974077499, 0.0798646093920002, 1.0224045834694993], "38": [0.3033, 0.4195687051015909, 0.07148489330700013, 0.7943535984085911], "39": [0.34830000000000005, 0.5205569313069369, 0.07083919435500008, 0.939696125661937], "40": [0.11520000000000001, 0.11670643521519794, 0.046702406763000005, 0.27860884197819796], "41": [0.3834, 0.5844396228681108, 0.08332543329300003, 1.0511650561611108], "42": [0.21870000000000003, 0.27518331141746244, 0.05677114918500006, 0.5506544606024625], "43": [0.12960000000000002, 0.13317797878156937, 0.04848435913500006, 0.31126233791656943], "44": [0.35190000000000005, 0.5306130813813198, 0.07119633453300006, 0.9537094159143198], "45": [0.38160000000000005, 0.5760833404704888, 0.07449330888000011, 1.032176649350489], "46": [0.3672, 0.5422475699817602, 0.08152492932899992, 0.99097249931076], "47": [0.3366, 0.48372355671285583, 0.07509613825800014, 0.8954196949708559], "48": [0.2862, 0.3899501156832217, 0.06984887320800011, 0.7459989888912218], "49": [0.34020000000000006, 0.477660544050703, 0.07234327241999994, 0.890203816470703], "50": [0.26370000000000005, 0.3497809710547662, 0.06758750467800011, 0.6810684757327663], "51": [0.22230000000000003, 0.27989171910769955, 0.0521634077279999, 0.5543551268356994], "52": [0.3024, 0.4370356722146629, 0.06705159077700001, 0.8064872629916628], "53": [0.2727, 0.37574931226438973, 0.057380131079999966, 0.7058294433443897], "54": [0.30600000000000005, 0.43158383541659256, 0.06755865255900005, 0.8051424879755927], "55": [0.3123, 0.44180002392657886, 0.06609873342600005, 0.820198757352579], "56": [0.20070000000000002, 0.2587629054328596, 0.045349752527999894, 0.5048126579608595], "57": [0.21780000000000002, 0.2601794499707679, 0.06625720522800001, 0.544236655198768], "58": [0.28530000000000005, 0.4043561541293261, 0.0643676667120001, 0.7540238208413262], "59": [0.24930000000000002, 0.32936033324903125, 0.062235329886000036, 0.6408956631350312], "60": [0.27090000000000003, 0.3744554093084237, 0.06180067578600005, 0.7071560850944237], "61": [0.28890000000000005, 0.396286205706113, 0.059842745162999963, 0.745028950869113], "62": [0.2952, 0.41942115589657747, 0.06468244761600006, 0.7793036035125775], "63": [0.10710000000000001, 0.10735112783280344, 0.037902209391, 0.2523533372238035], "64": [0.35280000000000006, 0.5225865288805329, 0.07744035067200003, 0.952826879552533], "65": [0.31410000000000005, 0.4438200246825236, 0.06853072635, 0.8264507510325236], "66": [0.24750000000000003, 0.34109361268134863, 0.05443422952499998, 0.6430278422063487], "67": [0.2745, 0.37426539784868684, 0.06554954119500003, 0.7143149390436869], "68": [0.22410000000000002, 0.2915077073101772, 0.04782991169699993, 0.5634376190071771], "69": [0.2745, 0.3836431344132258, 0.061930160927999967, 0.7200732953412258], "70": [0.2565, 0.3514152308655894, 0.061680048317999926, 0.6695952791835893], "71": [0.2484, 0.3434924212622916, 0.05614670503799999, 0.6480391263002916], "72": [0.11880000000000002, 0.12570901930484774, 0.042482827025999995, 0.28699184633084773], "73": [0.1476, 0.1560511468759285, 0.053045870813999974, 0.3566970176899285], "74": [0.20790000000000003, 0.2667977397532672, 0.05154786629099997, 0.5262456060442672], "75": [0.2655, 0.35944405823401343, 0.05986780737299997, 0.6848118656070135], "76": [0.22230000000000003, 0.2876005817381055, 0.060889301775000015, 0.5707898835131056], "77": [0.234, 0.3131628562869604, 0.05468173029, 0.6018445865769604], "78": [0.23850000000000002, 0.3149333857982353, 0.061070728814999996, 0.6145041146132353], "79": [0.07200000000000001, 0.0706762899103456, 0.030097588770000013, 0.1727738786803456], "80": [0.21960000000000002, 0.288018880557809, 0.058178245220999916, 0.5657971257788089], "81": [0.12240000000000001, 0.12782461408085544, 0.04336135958700001, 0.29358597366785544], "82": [0.20160000000000003, 0.26145280316722835, 0.046604535515999926, 0.5096573386832284], "83": [0.21870000000000003, 0.29931815634955083, 0.04778978324399992, 0.5658079395935508], "84": [0.20970000000000003, 0.26729381883084535, 0.05395725146700002, 0.5309510702978454], "85": [0.2295, 0.30516897416623623, 0.052106379597, 0.5867753537632363], "86": [0.0981, 0.09944905632910402, 0.03752098864199994, 0.23507004497110395], "87": [0.1773, 0.22110936225689556, 0.045042522444, 0.4434518847008956], "88": [0.24300000000000002, 0.33580410415932105, 0.05162591100599999, 0.630430015165321], "89": [0.20790000000000003, 0.27670808942693215, 0.04882313969099997, 0.5334312291179322], "90": [0.1584, 0.1957497608015084, 0.03790997526599994, 0.3920597360675083], "91": [0.10890000000000001, 0.11201223887925502, 0.034280705708999964, 0.25519294458825503], "92": [0.10890000000000001, 0.11201223887925502, 0.034280705708999964, 0.25519294458825503],