{"1": [13.86, 195.85039503554992, 220.83090577229754, 430.5413008078475], "2": [10.799999999999999, 178.12131598314994, 79.75124338139975, 268.67255936454967], "3": [3.15, 42.7356628734, 15.14222999999993, 61.027892873399935], "4": [5.7, 60.49203924119999, 59.26282815509995, 125.45486739629995], "5": [3.2399999999999998, 32.5680099826, 17.523368499600068, 53.33137848220007], "6": [5.52, 64.53071026405, 60.71883272729997, 130.76954299134997], "7": [2.58, 23.8774416069, 10.144853999999942, 36.60229560689994], "8": [8.49, 128.90352848005, 68.96649726539957, 206.36002574544958], "9": [2.25, 17.76850765875, 10.786348915199959, 30.80485657394996], "11": [2.88, 23.00686412535, 19.19258155529993, 45.079445680649926], "12": [5.16, 68.19164405405, 42.408305138699944, 115.75994919274994], "13": [1.38, 6.531861848100002, 5.310737999999986, 13.22259984809999], "14": [1.8599999999999999, 10.905522536549997, 8.574866999999937, 21.340389536549935], "15": [1.26, 3.0236179976999993, 7.036388999999969, 11.320006997699968], "17": [4.47, 21.133552222200006, 26.291529038700098, 51.8950812609001], "18": [2.61, 20.14495979445, 9.123569999999987, 31.878529794449985], "19": [1.89, 9.4334765778, 9.184688999999937, 20.508165577799936], "20": [9.12, 64.03801727975001, 88.63441795359982, 161.79243523334983], "21": [4.38, 66.7245924001, 21.57161360760015, 92.67620600770013], "22": [1.3199999999999998, 4.966445560349999, 1.081233, 7.367678560349998], "23": [10.2, 129.24425774005002, 170.56694319869902, 310.011200938749], "24": [2.6399999999999997, 26.419788919050003, 15.20566701119993, 44.265455930249935], "25": [2.58, 21.878766364300006, 9.621460145699995, 34.08022651], "26": [1.41, 5.439297869849999, 6.029162999999971, 12.87846086984997], "27": [3.7199999999999998, 14.3374365933, 15.2998193754, 33.3572559687], "28": [1.1099999999999999, 0.8011361071500002, 6.907742999999994, 8.818879107149993], "29": [7.41, 109.4793638275, 105.70692370559952, 222.5962875330995], "30": [0.57, 0.58512793245, 2.3016330000000056, 3.4567609324500057], "32": [1.44, 3.5508855698999993, 6.951902627699963, 11.942788197599963], "33": [3.3899999999999997, 12.038224267199997, 17.931821155200062, 33.36004542240006], "34": [0.27, 0.20111873175000003, 0.5621130000000001, 1.0332317317500002], "36": [2.2199999999999998, 4.399764038849999, 9.083007870299985, 15.702771909149984], "37": [2.85, 13.087543899899996, 9.692389298699991, 25.629933198599986], "38": [3.51, 37.71314401095, 18.53852462370013, 59.761668634650135], "39": [1.71, 4.2595764115499986, 7.081694999999985, 13.051271411549983], "40": [2.6399999999999997, 26.996911231150015, 12.315263062499964, 41.95217429364998], "41": [15.51, 179.61376507885004, 159.9084405629989, 355.0322056418489], "42": [1.53, 5.86888396425, 1.4501790000000003, 8.84906296425], "43": [6.4799999999999995, 61.93839381289999, 68.27901528719944, 136.69740910009943], "44": [6.4799999999999995, 71.809752121, 73.62874626129964, 151.91849838229965], "45": [6.81, 38.47224552905, 28.172086432200032, 73.45433196125003], "46": [4.35, 33.587713104, 19.414177999200177, 57.35189110320018], "47": [4.02, 42.96069447344999, 15.238506486599979, 62.21920096004997], "48": [3.09, 21.9413025591, 10.354734365399992, 35.38603692449999], "49": [0.54, 0.8451183311999999, 2.1349440000000066, 3.5200623312000063], "50": [0.69, 1.0344623029499997, 2.996496000000007, 4.720958302950007], "51": [8.25, 126.68709460960001, 114.23929287649922, 249.17638748609926], "52": [3.06, 32.54883854655, 16.488279000000006, 52.09711754655001], "53": [2.61, 7.3366098057, 11.592463517999988, 21.539073323699988], "54": [2.25, 9.791092061999995, 8.299061999999967, 20.34015406199996], "55": [6.029999999999999, 45.01061320640001, 16.139645153099995, 67.1802583595], "56": [2.31, 4.5461684406, 18.90011029770012, 25.756278738300118], "57": [6.72, 75.27824137849996, 87.35713879409988, 169.35538017259984], "58": [2.82, 18.95538552, 21.402891604800114, 43.17827712480012], "59": [4.29, 49.79132017455, 17.579098987200116, 71.66041916175011], "60": [1.41, 7.144255809750001, 5.183216999999986, 13.737472809749985], "61": [10.139999999999999, 149.3017485439, 110.97407487619954, 270.4158234200995], "62": [7.92, 86.69338590750002, 104.42879756399996, 199.04218347149998], "63": [13.44, 180.72158978675003, 135.0084297312985, 329.17001951804855], "64": [3.27, 35.185632816600005, 19.999322025300195, 58.454954841900204], "65": [10.17, 111.98593900205, 94.1807300299994, 216.3366690320494], "66": [1.3499999999999999, 4.358978765550001, 12.01152277889994, 17.720501544449938], "67": [0.69, 1.4555384188499996, 0.9787229999999998, 3.124261418849999], "68": [3.0, 11.092840783349997, 11.243556636300013, 25.336397419650012], "69": [2.16, 6.803216081099998, 7.478276091299991, 16.44149217239999], "70": [2.73, 9.194455169249997, 14.628694920299989, 26.553150089549987], "71": [1.7999999999999998, 4.609372922999999, 13.572260657999998, 19.981633580999997], "72": [3.5999999999999996, 41.85596735469999, 23.048371559700144, 68.50433891440014], "73": [0.6599999999999999, 0.40489193670000007, 3.1128210000000074, 4.177712936700008], "74": [3.57, 50.196160538250005, 33.54834854790003, 87.31450908615003], "75": [3.78, 38.67137648095, 23.580719136000155, 66.03209561695016], "76": [4.5, 39.35658164684999, 21.220416442800104, 65.07699808965009], "77": [3.51, 42.66507472395, 23.705900001000174, 69.88097472495016], "78": [4.9799999999999995, 63.27248271459999, 29.369295092700067, 97.62177780730006], "79": [2.31, 7.256626934250003, 16.94194969410003, 26.50857662835003], "80": [4.29, 57.62668287055, 17.838491587200124, 79.75517445775012], "81": [0.48, 0.7252911041999999, 0.7866090000000008, 1.9919001042000006], "82": [0.84, 2.0785274754, 1.0357920000000005, 3.9543194754], "83": [0.3, 0.18838694670000003, 1.289916, 1.7783029467000002], "84": [2.37, 10.450224807449999, 12.532889851199977, 25.35311465864998], "85": [12.87, 200.1719953808, 85.13682245549974, 298.17881783629974], "86": [2.16, 4.868766195749998, 8.516870999999975, 15.545637195749974], "87": [1.3499999999999999, 3.3154951567499995, 6.639538630499991, 11.30503378724999], "88": [1.3199999999999998, 5.906296318799997, 5.335604999999982, 12.561901318799979], "89": [1.1099999999999999, 3.33061806975, 4.331519999999992, 8.772138069749992], "90": [2.01, 6.969166792799999, 6.6801593276999816, 15.65932612049998], "91": [1.89, 8.41918803255, 9.854621999999933, 20.163810032549932], "92": [0.96, 2.2713768021000003, 4.770530999999997, 8.001907802099998], "93": [6.06, 63.90911293920003, 76.90429628279963, 146.87340922199968], "94": [1.17, 5.538590049599999, 4.758002999999994, 11.466593049599993], "95": [4.59, 63.3009721714, 19.098328147200146, 86.98930031860014], "96": [1.6199999999999999, 4.350918758849999, 5.367573749699995, 11.338492508549994], "97": [8.52, 135.07486071454997, 82.4934982411994, 226.08835895574938], "98": [1.41, 6.96576558, 8.468846999999938, 16.84461257999994], "99": [2.13, 9.658784965349998, 9.230539145399991, 21.019324110749988], "100": [0.09, 0.04900703355, 0.5978340000000001, 0.7368410335500001], "101": [1.92, 10.4970285321, 8.650205999999951, 21.067234532099953], "102": [2.58, 26.4771531651, 10.529360999999959, 39.586514165099956], "103": [0.42, 0.2650464975000001, 1.2481380000000015, 1.9331844975000017], "104": [4.17, 30.303053937850013, 21.311036711100066, 55.78409064895008], "105": [1.1099999999999999, 5.505918693899998, 4.578704999999999, 11.194623693899997], "106": [1.17, 1.53331102935, 2.4633630000000015, 5.166674029350002], "107": [5.31, 93.2635909951, 60.66397987290004, 159.23757086800003], "108": [7.2299999999999995, 78.70183344829996, 81.86863105359944, 167.8004645018994], "109": [2.58, 17.221139666849993, 8.269292995199955, 28.070432662049946], "110": [1.23, 1.5754244929499996, 5.180894999999995, 7.9863194929499945], "111": [3.3, 32.91700308690001, 22.302747354600143, 58.51975044150015], "112": [5.43, 18.7824851655, 39.29699696219994, 63.50948212769994],