{"0": [1.1452, 0.3563439983040001, 0.2852116528239998, 1.786755651128], "1": [0.9912, 0.31338041728000005, 0.2664744510960001, 1.5710548683760002], "2": [0.749, 0.20734953797599995, 0.24611569432799998, 1.202465232304], "3": [1.1199999999999999, 0.4141169498929673, 0.25767008562400007, 1.7917870355169674], "4": [0.581, 0.13040076666399997, 0.2069146927679997, 0.9183154594319995], "5": [1.0402, 0.34878354487200003, 0.25934944929599973, 1.6483329941679998], "6": [1.0346, 0.36398809826399997, 0.24205342380799974, 1.6406415220719996], "7": [0.7784, 0.21897359982399994, 0.22652906387999974, 1.2239026637039996], "8": [0.9268, 0.2827305974079999, 0.24517664892000002, 1.454707246328], "9": [0.5474, 0.11933120959199998, 0.23087430195199993, 0.8976055115439998], "10": [0.8582, 0.28012618978400006, 0.2243073164639997, 1.3626335062479997], "11": [0.5502, 0.12082552770400003, 0.20017945774399967, 0.8712049854479997], "12": [0.7322, 0.19906935412, 0.22726209055199972, 1.1585314446719996], "13": [0.7574, 0.23930504791199997, 0.21012731504799934, 1.2068323629599993], "14": [0.7196, 0.221157765024, 0.21111375599999943, 1.1518715210239994], "15": [0.6552, 0.18250382964799994, 0.1974989425359999, 1.0352027721839998], "16": [0.8344, 0.24957872307199994, 0.2499814799439996, 1.3339602030159996], "17": [0.637, 0.11423535698399999, 0.2849785633520002, 1.0362139203360003], "18": [0.6958, 0.2145532921839999, 0.20610505831999965, 1.1164583505039996], "19": [0.8022, 0.24016479720799996, 0.25614614720799983, 1.2985109444159997], "20": [0.7504, 0.20655914406399997, 0.2514907657920001, 1.208449909856], "21": [0.448, 0.08892087859200003, 0.18977798509599975, 0.7266988636879997], "22": [0.36819999999999997, 0.03722032748000001, 0.19751779499199976, 0.6029381224719997], "23": [0.6902, 0.18672266340000002, 0.24269022231999973, 1.1196128857199998], "24": [0.7545999999999999, 0.22488667639200005, 0.23856918159199955, 1.2180558579839995], "25": [0.6748, 0.18180279958399995, 0.2111885127519996, 1.0677913123359994], "26": [0.7826, 0.24566107546399996, 0.21907390125599954, 1.2473349767199995], "27": [0.4886, 0.100537305848, 0.18160499246399975, 0.7707422983119997], "28": [0.7224, 0.21147746222399996, 0.22205464299199934, 1.1559321052159994], "29": [0.5796, 0.14049071612799993, 0.19874639903999972, 0.9188371151679996], "30": [0.4088, 0.078398718944, 0.16647922127199977, 0.6536779402159998], "31": [0.7252, 0.20405294851199995, 0.2215402010079996, 1.1507931495199994], "32": [0.5194, 0.08623814466399998, 0.25019318581600014, 0.8558313304800002], "33": [0.5082, 0.11048311573600003, 0.18908636812799953, 0.8077694838639995], "34": [0.525, 0.116272852248, 0.19630641855999956, 0.8375792708079995], "35": [0.5866, 0.14909219219999997, 0.2006706831359995, 0.9363628753359994], "36": [0.5992, 0.155743968464, 0.20326582779999944, 0.9582097962639994], "37": [0.5978, 0.14794547616799994, 0.19280541011199978, 0.9385508862799997], "38": [0.4718, 0.10547460151200001, 0.1726262085519995, 0.7499008100639996], "39": [0.5418, 0.14370151012000001, 0.17106251427999997, 0.8565640243999999], "40": [0.1792, 0.011216998464, 0.11285398896800011, 0.3032709874320001], "41": [0.5964, 0.165293852864, 0.20111944904799967, 0.9628133019119998], "42": [0.3402, 0.058305505720000005, 0.13717054315999994, 0.5356760488799999], "43": [0.2016, 0.014067340224, 0.11715927636000016, 0.33282661658400015], "44": [0.5474, 0.14824024684000003, 0.1719244336879997, 0.8675646805279997], "45": [0.5936, 0.16087362323200002, 0.17984059967999977, 0.9343142229119998], "46": [0.5712, 0.14755021825600004, 0.19681293234399969, 0.9155631505999997], "47": [0.5236, 0.12785625115199997, 0.18134093028799964, 0.8327971814399995], "48": [0.4452, 0.09539625367999999, 0.1687090634879997, 0.7093053171679997], "49": [0.5292, 0.12137851308799999, 0.17471277711999936, 0.8252912902079993], "50": [0.4102, 0.08183005370400001, 0.16326889140799958, 0.6552989451119996], "51": [0.3458, 0.05929907048799999, 0.12606932620800032, 0.5311683966960004], "52": [0.4704, 0.116930086896, 0.16194421247199972, 0.7492742993679997], "53": [0.4242, 0.09445031338399998, 0.13863849887999988, 0.6572888122639999], "54": [0.476, 0.110794346096, 0.16317662362399965, 0.7499709697199997], "55": [0.4858, 0.115185779016, 0.15964684433599968, 0.7606326233519998], "56": [0.3122, 0.05846293684000001, 0.10961253900800019, 0.4802754758480001], "57": [0.3388, 0.05047157270400002, 0.1601017862079995, 0.5493733589119996], "58": [0.4438, 0.10577015618399996, 0.15547429363199988, 0.7050444498159998], "59": [0.3878, 0.07691716788000001, 0.15036082689599964, 0.6150779947759997], "60": [0.4214, 0.09395475247200001, 0.14930622929599982, 0.6646609817679998], "61": [0.4494, 0.098476376824, 0.14458137136799978, 0.6924577481919998], "62": [0.4592, 0.10963453961599999, 0.1562355701759997, 0.7250701097919996], "63": [0.1666, 0.009232235431999998, 0.09164958157600024, 0.2674818170080002], "64": [0.5488, 0.14393550472, 0.18697097619199943, 0.8797064809119993], "65": [0.4886, 0.11535287136799999, 0.1655071235999991, 0.7694599949679991], "66": [0.385, 0.08642750340000004, 0.13153092539999997, 0.6029584288000001], "67": [0.427, 0.091850832024, 0.15835494051999946, 0.6772057725439994], "68": [0.3486, 0.066719243976, 0.11559858559200024, 0.5309178295680003], "69": [0.427, 0.09811576504799999, 0.14961504140799967, 0.6747308064559996], "70": [0.399, 0.08759800050399999, 0.14901660244799972, 0.6356146029519998], "71": [0.3864, 0.087409756224, 0.13566616436800003, 0.6094759205920001], "72": [0.1848, 0.01560728792, 0.10270641393600022, 0.3031137018560002], "73": [0.2296, 0.019179795599999997, 0.12822694830400025, 0.37700674390400024], "74": [0.3234, 0.05938627794400001, 0.12457667997600007, 0.5073629579200001], "75": [0.413, 0.08739036986399999, 0.1446375959280001, 0.6450279657920001], "76": [0.3458, 0.06481431292, 0.14712145139999985, 0.5577357643199998], "77": [0.364, 0.07546498232, 0.13213695544000004, 0.57160193776], "78": [0.371, 0.07390332684000002, 0.14755826483999965, 0.5924615916799997], "79": [0.112, 0.005063275839999999, 0.07278574072000013, 0.18984901656000014], "80": [0.3416, 0.067213908384, 0.14057662645600003, 0.54939053484], "81": [0.19039999999999999, 0.014699799296, 0.10482637463200022, 0.3099261739280002], "82": [0.3136, 0.059883527984, 0.1126434845760003, 0.4861270125600003], "83": [0.3402, 0.07575332458400001, 0.11549545078400011, 0.5314487753680002], "84": [0.3262, 0.058532334952, 0.13040086231200007, 0.5151331972640001], "85": [0.357, 0.07292410456799998, 0.12592217999200023, 0.5558462845600002], "86": [0.15259999999999999, 0.009351992215999999, 0.09072968811200022, 0.2526816803280002], "87": [0.2758, 0.046767532952, 0.10888186198400017, 0.43144939493600015], "88": [0.378, 0.08565679572799999, 0.12475066721600027, 0.5884074629440003], "89": [0.3234, 0.06656779320799999, 0.11799782237600004, 0.507965615584], "90": [0.2464, 0.040822887839999995, 0.09165159057600009, 0.3788744784160001], "91": [0.1694, 0.011812815336, 0.08289951202400031, 0.26411232736000034], "92": [0.1694, 0.011812815336, 0.08289951202400031, 0.26411232736000034], "93": [0.1694, 0.011812815336, 0.08289951202400031, 0.26411232736000034], "94": [0.3374, 0.07367148157600001, 0.11981837504000026, 0.5308898566160003], "95": [0.2072, 0.016998426144, 0.11354148601600024, 0.3377399121600002], "96": [0.2058, 0.018073066311999997, 0.11348202510400021, 0.33735509141600023], "97": [0.38079999999999997, 0.08356151809599999, 0.13493408320000003, 0.599295601296], "98": [0.2254, 0.035052296216, 0.09042036914400024, 0.3508726653600002], "99": [0.2604, 0.043605655071999996, 0.10130817620000009, 0.4053138312720001], "100": [0.3766, 0.07862991858400001, 0.13673334085599992, 0.59196325944], "101": [0.1204, 0.005911501119999999, 0.07383239679200013, 0.20014389791200013], "102": [0.3528, 0.066686575872, 0.1369146212559999, 0.5564011971279998], "103": [0.1792, 0.012207228096, 0.10269702279200026, 0.29410425088800024],