{"0": [4.09, 7.807984499999998, 3.5227776249999994, 15.420762124999998], "1": [3.54, 6.92365, 3.3010886249999993, 13.764738625], "2": [2.6750000000000003, 4.898488625000001, 3.0675671249999974, 10.64105575], "3": [4.0, 8.499420749999997, 3.1785651249999995, 15.677985874999997], "4": [2.075, 3.4457413750000017, 2.5940715000000023, 8.114812875000004], "5": [3.715, 7.507897874999999, 3.2105167499999983, 14.433414624999997], "6": [3.6950000000000003, 7.668535125000002, 2.9973289999999997, 14.360864125000003], "7": [2.7800000000000002, 5.124295750000003, 2.822611875000004, 10.726907625000006], "8": [3.31, 6.3694315, 3.049475624999995, 12.728907124999996], "9": [1.955, 3.1998566249999993, 2.893076000000001, 8.047932625], "10": [3.065, 6.1185001250000015, 2.791088250000003, 11.974588375000005], "11": [1.965, 3.2328351250000007, 2.511740750000004, 7.709575875000005], "12": [2.615, 4.730074375, 2.833504125000003, 10.178578500000004], "13": [2.705, 5.238322875000001, 2.6248333750000037, 10.568156250000005], "14": [2.57, 4.903219499999999, 2.637562500000004, 10.110782000000004], "15": [2.34, 4.314482750000001, 2.4740398750000043, 9.128522625000006], "16": [2.98, 5.6704159999999995, 3.1100188749999984, 11.760434874999998], "17": [2.275, 3.380447625, 3.5619166250000043, 9.217364250000005], "18": [2.485, 4.763495125, 2.5757037500000037, 9.824198875000004], "19": [2.865, 5.470062125000001, 3.1872508749999997, 11.522313], "20": [2.68, 4.906522000000001, 3.134158499999997, 10.720680499999997], "21": [1.6, 2.5029660000000002, 2.3792698750000087, 6.4822358750000095], "22": [1.315, 1.616065625, 2.490327250000005, 5.421392875000005], "23": [2.465, 4.4634768750000005, 3.029616250000001, 9.958093125000001], "24": [2.695, 5.132482874999998, 2.973286625000001, 10.800769499999998], "25": [2.41, 4.3754795, 2.6414822500000015, 9.426961750000002], "26": [2.795, 5.472161375000001, 2.7318498750000058, 10.999011250000006], "27": [1.745, 2.7925246250000004, 2.283450750000004, 6.820975375000005], "28": [2.58, 4.890810750000001, 2.7715272500000037, 10.242338000000004], "29": [2.07, 3.5730565000000003, 2.4927450000000024, 8.135801500000003], "30": [1.46, 2.2684595, 2.0935266250000044, 5.821986125000004], "31": [2.59, 4.8087285, 2.76628525, 10.16501375], "32": [1.855, 2.689775125, 3.1420986250000063, 7.686873750000006], "33": [1.815, 2.983991125000001, 2.376114000000006, 7.175105125000007], "34": [1.875, 3.102457125, 2.4620800000000043, 7.439537125000005], "35": [2.095, 3.6976743750000005, 2.5147680000000037, 8.307442375000004], "36": [2.14, 3.825185750000001, 2.5471656250000057, 8.512351375000007], "37": [2.1350000000000002, 3.723068375000001, 2.4181809999999984, 8.276249374999999], "38": [1.685, 2.805667875, 2.1697603750000036, 6.660428250000003], "39": [1.935, 3.493976875000001, 2.149699375000003, 7.578676250000004], "40": [0.64, 0.697587, 1.4252933749999994, 2.7628803749999995], "41": [2.13, 3.925877000000001, 2.5186896250000057, 8.574566625000006], "42": [1.215, 1.8095406249999997, 1.7311081249999993, 4.755648749999999], "43": [0.72, 0.804552, 1.4796018749999997, 3.0041538749999996], "44": [1.955, 3.5710506250000003, 2.1604846250000036, 7.686535250000004], "45": [2.12, 3.864391, 2.2557900000000073, 8.240181000000007], "46": [2.04, 3.637411750000001, 2.4683751250000063, 8.145786875000008], "47": [1.87, 3.2510497500000004, 2.278750250000004, 7.399800000000004], "48": [1.59, 2.5995012500000003, 2.1236190000000015, 6.313120250000002], "49": [1.8900000000000001, 3.1905289999999997, 2.197247500000008, 7.277776500000009], "50": [1.465, 2.3223663749999996, 2.0571477500000057, 5.844514125000005], "51": [1.235, 1.8435321250000003, 1.5939539999999996, 4.672486125000001], "52": [1.68, 2.9448142500000003, 2.037689125000003, 6.662503375000004], "53": [1.5150000000000001, 2.520123875000001, 1.7493149999999993, 5.784438875], "54": [1.7, 2.88912425, 2.0539088750000034, 6.643033125000004], "55": [1.735, 2.971512375, 2.0091492500000023, 6.715661625000003], "56": [1.115, 1.724854375, 1.3868539999999985, 4.2267083749999985], "57": [1.21, 1.6977345, 2.0215165000000037, 4.929251000000004], "58": [1.585, 2.722375125, 1.9574160000000005, 6.264791125], "59": [1.385, 2.195424375, 1.89644175, 5.476866125], "60": [1.5050000000000001, 2.511769125000001, 1.8827292499999992, 5.899498375], "61": [1.605, 2.6506776250000006, 1.8236433749999983, 6.079320999999998], "62": [1.6400000000000001, 2.8233305, 1.967087999999998, 6.430418499999997], "63": [0.595, 0.6453428750000001, 1.1630848749999994, 2.4034277499999996], "64": [1.96, 3.5258987499999996, 2.3466710000000046, 7.832569750000005], "65": [1.745, 2.9890433750000005, 2.081643750000004, 6.815687125000005], "66": [1.375, 2.303236874999999, 1.660565624999999, 5.338802499999998], "67": [1.5250000000000001, 2.5049951249999998, 1.996069374999999, 6.026064499999999], "68": [1.245, 1.941012375, 1.4617991249999975, 4.647811499999998], "69": [1.5250000000000001, 2.5825646249999994, 1.8862539999999983, 5.993818624999998], "70": [1.425, 2.363892625, 1.8792427500000013, 5.668135375000001], "71": [1.3800000000000001, 2.3214870000000003, 1.7125277499999974, 5.414014749999998], "72": [0.66, 0.7784862499999998, 1.3016242500000004, 2.7401105], "73": [0.8200000000000001, 0.9683437500000003, 1.6235207499999997, 3.4118645], "74": [1.155, 1.7731776250000004, 1.5746223749999981, 4.502799999999999], "75": [1.475, 2.403786375, 1.8239546249999965, 5.702740999999997], "76": [1.235, 1.910723125, 1.856746874999998, 5.002469999999998], "77": [1.3, 2.1047112500000003, 1.6689512499999968, 5.073662499999997], "78": [1.325, 2.105735625, 1.8621168750000008, 5.2928525], "79": [0.4, 0.41822499999999996, 0.924441250000001, 1.742666250000001], "80": [1.22, 1.9281345000000003, 1.774668624999998, 4.922803124999998], "81": [0.68, 0.787688, 1.3281253749999973, 2.795813374999997], "82": [1.12, 1.7487432499999997, 1.4250254999999958, 4.2937687499999955], "83": [1.215, 2.0300738750000002, 1.459929499999999, 4.705003374999999], "84": [1.165, 1.7743078750000003, 1.648365374999999, 4.587673249999999], "85": [1.2750000000000001, 2.049299625, 1.5912366249999974, 4.915536249999997], "86": [0.545, 0.603246125, 1.1515872499999984, 2.2998333749999986], "87": [0.985, 1.4685691249999997, 1.3787044999999973, 3.832273624999997], "88": [1.35, 2.2721427500000004, 1.5754767499999986, 5.197619499999999], "89": [1.155, 1.865404625, 1.4920223749999963, 4.512426999999997], "90": [0.88, 1.3013025, 1.1615692499999986, 3.3428717499999987], "91": [0.605, 0.6829398750000001, 1.052677624999997, 2.340617499999997], "92": [0.605, 0.6829398750000001, 1.052677624999997, 2.340617499999997], "93": [0.605, 0.6829398750000001, 1.052677624999997, 2.340617499999997], "94": [1.205, 1.9983148750000004, 1.5147199999999978, 4.718034874999998], "95": [0.74, 0.8709345000000002, 1.4389330000000005, 3.0498675000000004], "96": [0.735, 0.8818153750000002, 1.4383457499999992, 3.0551611249999997], "97": [1.36, 2.2593467499999997, 1.7033499999999957, 5.322696749999996], "98": [0.805, 1.1618161249999999, 1.1466251249999992, 3.1134412499999993], "99": [0.93, 1.3798735, 1.2835718749999967, 3.593445374999997], "100": [1.345, 2.184777625, 1.7265561249999977, 5.256333749999998], "101": [0.43, 0.456325, 0.9375991250000019, 1.8239241250000018], "102": [1.26, 1.9604460000000001, 1.7293498749999991, 4.9497958749999995], "103": [0.64, 0.722343, 1.3028678749999971, 2.665210874999997], "104": [0.45, 0.5208625, 0.8807578750000016, 1.8516203750000015], "105": [1.025, 1.5647223750000003, 1.4119629999999985, 4.001685374999998], "106": [0.245, 0.25335962500000003, 0.5335937500000001, 1.031953375], "107": [0.4, 0.4132515, 0.809752875000001, 1.6230043750000012], "108": [0.91, 1.379875, 1.1608648749999972, 3.4507398749999973], "109": [1.125, 1.720931125, 1.520587999999999, 4.366519124999999], "110": [0.885, 1.301066875, 1.2651271250000005, 3.451194], "111": [0.885, 1.309764125, 1.2436891250000002, 3.4384532500000002],