{"1": [0.00030000000000000003, 0.00027000897300000004, 1.8628055999999988e-05, 0.0005886370290000001], "3": [0.10020000000000001, 0.09137174761800006, 0.008657148419999936, 0.20022889603799998], "14": [0.0342, 0.030977954136000005, 0.001216049093999993, 0.06639400323], "15": [0.0234, 0.02107790127, 0.001117068263999997, 0.045594969533999996], "18": [0.024900000000000002, 0.022448469806999993, 0.001269998126999979, 0.04861846793399998], "20": [0.08910000000000001, 0.08144800080300005, 0.007680949911000072, 0.17822895071400013], "27": [0.024900000000000002, 0.022585946229, 0.0008352996210000093, 0.04832124585000001], "34": [0.032100000000000004, 0.029019855465, 0.001037195055000001, 0.06215705052000001], "38": [0.0048000000000000004, 0.004321996164000002, 0.0001792520819999988, 0.009301248246], "39": [0.025500000000000002, 0.023002853859, 0.001010043684000006, 0.049512897543000006], "43": [0.008700000000000001, 0.007833298275000003, 0.00032824488600000047, 0.016861543161000005], "47": [0.0108, 0.009729526608000003, 0.000510264864000002, 0.021039791472000007], "54": [0.016800000000000002, 0.015133943754000009, 0.0006602556240000111, 0.03259419937800002], "55": [0.021900000000000003, 0.019736668917, 0.0018106901189999798, 0.043447359035999986], "59": [0.014100000000000001, 0.012699625311000006, 0.0005030487360000039, 0.02730267404700001], "62": [0.00030000000000000003, 0.00027000897300000004, 9.719298000000001e-06, 0.0005797282710000002], "63": [0.0078000000000000005, 0.007021330758000003, 0.00034481592900000187, 0.015166146687000006], "71": [0.0345, 0.031151168991, 0.002477211299999938, 0.06812838029099993], "72": [0.014400000000000001, 0.012965088762000008, 0.0006592127220000148, 0.028024301484000022], "74": [0.11850000000000001, 0.10902489506100001, 0.009726425927999974, 0.23725132098899998], "77": [0.0747, 0.06792736250700002, 0.006652201617000094, 0.14927956412400012], "79": [0.0117, 0.010535043303000003, 0.0004448564280000033, 0.022679899731000007], "80": [0.008400000000000001, 0.0075628236240000025, 0.00028875986100000044, 0.016251583485000005], "89": [0.033, 0.029774781900000012, 0.002324967677999947, 0.06509974957799997], "97": [0.11250000000000002, 0.10374074914500006, 0.009546563987999966, 0.22578731313300004], "99": [0.0444, 0.040173565662000005, 0.0018827037719999964, 0.08645626943399999], "106": [0.0078000000000000005, 0.007024601898000002, 0.00046142347500000214, 0.015286025373000004], "110": [0.006600000000000001, 0.005943432924000001, 0.0002689633710000005, 0.012812396295000002], "117": [0.0408, 0.036786443453999985, 0.003225399839999933, 0.08081184329399992], "118": [0.0183, 0.016494608673000004, 0.0009260413200000156, 0.03572064999300002], "119": [0.0315, 0.028416611007000013, 0.001491069095999976, 0.06140768010299999], "120": [0.023100000000000002, 0.020806743375000002, 0.0011064804479999897, 0.04501322382299999], "122": [0.10620000000000002, 0.09805619194200005, 0.009097781660999924, 0.21335397360299999], "131": [0.0117, 0.010535942601000006, 0.0005865866910000066, 0.022822529292000016], "134": [0.0099, 0.008917111251000002, 0.000386191089000003, 0.019203302340000006], "141": [0.0171, 0.01540113569100001, 0.0007606722420000114, 0.03326180793300002], "147": [0.10320000000000001, 0.09391236766200008, 0.00827496033300003, 0.20538732799500012], "156": [0.030600000000000002, 0.027581200452000007, 0.0011138563349999996, 0.059295056787000006], "158": [0.024300000000000002, 0.02189258268300001, 0.001884915188999994, 0.04807749787200001], "159": [0.014100000000000001, 0.012707607267000003, 0.0006406993260000073, 0.02744830659300001], "160": [0.042600000000000006, 0.03855351173399999, 0.001662335702999986, 0.08281584743699999], "162": [0.024, 0.021631105944000004, 0.0009630640620000137, 0.046594170006000024], "164": [0.04650000000000001, 0.04210655577300001, 0.004581190647000051, 0.09318774642000006], "165": [0.006, 0.005405321304000001, 0.0002575143359999989, 0.01166283564], "172": [0.025200000000000004, 0.022722878627999998, 0.0007905823020000117, 0.048713460930000015], "173": [0.009300000000000001, 0.008375080437000002, 0.0003644296920000018, 0.018039510129000003], "178": [0.012300000000000002, 0.011073353409000009, 0.0005634707850000085, 0.02393682419400002], "181": [0.0108, 0.009723918654000005, 0.0005924365560000105, 0.021116355210000017], "183": [0.021300000000000003, 0.019207280385000004, 0.0008759802150000136, 0.04138326060000003], "184": [0.024900000000000002, 0.022441725675000003, 0.0008749878750000187, 0.04821671355000002], "193": [0.014100000000000001, 0.012697614603000007, 0.0005826095730000082, 0.027380224176000018], "197": [0.016200000000000003, 0.014581761948000014, 0.0006920745210000141, 0.03147383646900003], "198": [0.05310000000000001, 0.04807595641500003, 0.002219550668999955, 0.103395507084], "200": [0.0228, 0.020535098886000004, 0.001334314151999983, 0.04466941303799999], "205": [0.0102, 0.009185665302000004, 0.00043325952300000416, 0.019818924825000007], "210": [0.023700000000000002, 0.021353521275000002, 0.0010284144300000096, 0.04608193570500002], "211": [0.012, 0.010807731252000003, 0.0004415888339999999, 0.023249320086000003], "213": [0.006900000000000001, 0.006223669533000002, 0.00033824963699999897, 0.013461919170000001], "215": [0.15030000000000002, 0.13857911000100007, 0.01058631060599992, 0.299465420607], "219": [0.0114, 0.010263200868000007, 0.0004110513120000045, 0.02207425218000001], "220": [0.028200000000000003, 0.025416074556000003, 0.0019335254849999833, 0.05554960004099999], "222": [0.003, 0.0027004496220000003, 0.00010303612200000004, 0.005803485744], "232": [0.014400000000000001, 0.012976111494000008, 0.0004357315170000036, 0.027811843011000013], "236": [0.013200000000000002, 0.011891553264000007, 0.0004943137680000034, 0.025585867032000012], "242": [0.04650000000000001, 0.041979699855000004, 0.0038141187029999643, 0.09229381855799998], "245": [0.0183, 0.016539276645000007, 0.0006666265260000107, 0.03550590317100002], "246": [0.0279, 0.025131615650999993, 0.0011085840719999942, 0.054140199722999986], "248": [0.025200000000000004, 0.022713414390000002, 0.0008623337130000133, 0.04877574810300002], "250": [0.0285, 0.025678269225, 0.0012264711929999897, 0.055404740418], "252": [0.0117, 0.010535688117000005, 0.0005345190360000081, 0.022770207153000013], "253": [0.0216, 0.019477125432, 0.0011367668519999855, 0.042213892283999986], "257": [0.0078000000000000005, 0.007022913408000003, 0.0002619384839999986, 0.015084851892000001], "259": [0.0417, 0.03774904202700002, 0.0014027471279999895, 0.080851789155], "261": [0.018600000000000002, 0.016750105416000007, 0.0006779268180000055, 0.03602803223400001], "267": [0.069, 0.062455874076000006, 0.0024574967279999485, 0.13391337080399995], "269": [0.0051, 0.004590872325000001, 0.00019949970599999833, 0.009890372031000001], "270": [0.032100000000000004, 0.02895868062899999, 0.0015377543189999828, 0.06259643494799998], "272": [0.018000000000000002, 0.01621760835600001, 0.0005998602240000062, 0.03481746858000002], "275": [0.0228, 0.020533606236000004, 0.0009368819910000135, 0.04427048822700002], "285": [0.024900000000000002, 0.022429348839000007, 0.0009087547680000129, 0.048238103607000024], "290": [0.020100000000000003, 0.018113472099000005, 0.0011816300249999864, 0.03939510212399999], "295": [0.0345, 0.031122245582999995, 0.001343158397999985, 0.066965403981], "322": [0.025500000000000002, 0.022969958517000004, 0.000770403762000014, 0.04924036227900002], "333": [0.023700000000000002, 0.021352121505000005, 0.0011823477029999868, 0.04623446920799999], "339": [0.014700000000000001, 0.013264696971000006, 0.00046035879300000183, 0.02842505576400001], "343": [0.031200000000000002, 0.02813837783399999, 0.0014142151259999775, 0.06075259295999997], "346": [0.021, 0.01891937788200001, 0.0011179422720000005, 0.04103732015400001], "353": [0.0108, 0.009726977412000005, 0.0004074247979999993, 0.020934402210000005],