{"1": [23.1, 115.2667740625, 351.0007040625049, 489.36747812500494], "2": [18.0, 139.16316812499997, 242.24984031250028, 399.41300843750025], "3": [5.25, 68.0069759375, 43.7305440625, 116.98752], "4": [9.5, 63.278716875000015, 166.0273240625005, 238.8060409375005], "5": [5.4, 22.74526999999999, 35.605572500000065, 63.750842500000054], "6": [9.200000000000001, 81.67955218749998, 170.06098531250007, 260.94053750000006], "7": [4.3, 61.62117, 27.575249999999613, 93.49641999999962], "8": [14.15, 139.21586437500005, 252.82542062500067, 406.19128500000073], "9": [3.75, 36.881466875, 34.93891499999991, 75.57038187499991], "11": [4.800000000000001, 45.861396875000004, 87.30737812499927, 137.96877499999928], "12": [8.6, 76.13952312500003, 188.507114375001, 273.24663750000104], "13": [2.3000000000000003, 13.320250000000001, 14.581749999999985, 30.201999999999988], "14": [3.1, 25.756924375000008, 24.029918437499745, 52.88684281249975], "15": [2.1, 4.0323259375, 19.05884312499988, 25.191169062499878], "17": [7.45, 37.17066968750001, 116.78593406249958, 161.4066037499996], "18": [4.3500000000000005, 37.56094624999999, 26.529517499999848, 68.44046374999985], "19": [3.1500000000000004, 21.7631309375, 25.699380624999637, 50.612511562499634], "20": [15.200000000000001, 18.642523125, 200.2035965625003, 234.04611968750032], "21": [7.300000000000001, 98.928235, 76.92554562499949, 183.15378062499948], "22": [2.2, 7.996905937500003, 2.7673750000000017, 12.964280937500003], "23": [17.0, 74.498358125, 297.3505143750033, 388.84887250000327], "24": [4.4, 45.6951571875, 46.788945312500076, 96.88410250000007], "25": [4.3, 28.019131875000006, 38.36547406250005, 70.68460593750005], "26": [2.35, 9.740995000000003, 16.536124999999945, 28.627119999999948], "27": [6.2, 18.927794062500002, 59.54770375, 84.6754978125], "28": [1.85, 0.330625, 19.011699687499906, 21.192324687499905], "29": [12.350000000000001, 54.65745562500001, 208.8447987500003, 275.8522543750003], "30": [0.9500000000000001, 0.33837500000000004, 6.332375000000002, 7.620750000000002], "32": [2.4000000000000004, 4.351870937500002, 22.254555624999828, 29.00642656249983], "33": [5.65, 17.326258750000008, 73.83591281249971, 96.81217156249971], "34": [0.45, 0.08812500000000002, 1.532375000000001, 2.070500000000001], "36": [3.7, 4.204739999999999, 30.25538499999998, 38.16012499999998], "37": [4.75, 18.429939062500004, 41.05464156250011, 64.23458062500012], "38": [5.8500000000000005, 74.44749, 56.51991968749996, 136.81740968749995], "39": [2.85, 5.7821862500000005, 24.662204374999863, 33.29439062499986], "40": [4.4, 36.724478437500004, 50.526245624999945, 91.65072406249995], "41": [25.85, 106.5126290625, 234.6141096875008, 366.9767387500008], "42": [2.5500000000000003, 10.083615625, 3.757125000000009, 16.39074062500001], "43": [10.8, 86.62628906250004, 247.82157406250093, 345.24786312500095], "44": [10.8, 35.202670624999996, 129.55899437499974, 175.56166499999972], "45": [11.350000000000001, 33.951907187499984, 87.1034343749997, 132.40534156249967], "46": [7.25, 51.30485937500001, 65.39466156249992, 123.94952093749993], "47": [6.7, 23.861935312499998, 29.255060937499874, 59.816996249999875], "48": [5.15, 49.795840312500005, 34.77179406249984, 89.71763437499985], "49": [0.9, 0.5810000000000001, 5.859000000000004, 7.340000000000004], "50": [1.1500000000000001, 0.6947871875000001, 8.090999999999996, 9.935787187499995], "51": [13.75, 80.08260999999997, 232.1536031250004, 325.98621312500035], "52": [5.1000000000000005, 47.888713437499995, 48.7729668750001, 101.76168031250009], "53": [4.3500000000000005, 9.149883437500003, 47.12453531250009, 60.624418750000096], "54": [3.75, 21.193633125, 24.3550631249999, 49.29869624999991], "55": [10.05, 12.062988124999997, 40.91838031250007, 63.03136843750006], "56": [3.85, 5.747732187500001, 64.87574718749977, 74.47347937499977], "57": [11.200000000000001, 55.536463125, 230.59983562500017, 297.3362987500002], "58": [4.7, 36.8112921875, 98.94212343749909, 140.45341562499908], "59": [7.15, 72.47672374999999, 56.500452187500095, 136.12717593750008], "60": [2.35, 15.37397, 14.211374999999984, 31.935344999999984], "61": [16.900000000000002, 113.721325, 248.8810684375006, 379.5023934375006], "62": [13.200000000000001, 17.208657187499995, 205.06011625000002, 235.46877343750003], "63": [22.400000000000002, 112.675268125, 264.701184687503, 399.77645281250295], "64": [5.45, 55.12788, 72.03512968749946, 132.61300968749947], "65": [16.95, 41.656093750000004, 205.19327250000038, 263.7993662500004], "66": [2.25, 6.500409687500001, 40.53787281250007, 49.28828250000007], "67": [1.1500000000000001, 1.0958021875000004, 2.7081496874999993, 4.953951875], "68": [5.0, 15.499106562500005, 43.22313281250009, 63.72223937500009], "69": [3.6, 9.336085000000004, 27.261281562499942, 40.197366562499944], "70": [4.55, 14.453927500000002, 74.8707115624999, 93.87463906249991], "71": [3.0, 5.709757500000002, 61.95949468750002, 70.66925218750002], "72": [6.0, 61.54934718750001, 116.32312156249924, 183.87246874999926], "73": [1.1, 0.11225000000000004, 8.502874999999998, 9.715124999999997], "74": [5.95, 71.637765, 155.2682137500003, 232.8559787500003], "75": [6.300000000000001, 55.917811875000005, 107.72438531249949, 169.94219718749952], "76": [7.5, 56.2945765625, 72.64683999999943, 136.44141656249943], "77": [5.8500000000000005, 52.103750000000005, 99.51007218749893, 157.46382218749895], "78": [8.3, 90.82366812500001, 137.83577968749984, 236.95944781249983], "79": [3.85, 12.359129374999998, 69.3240924999997, 85.5332218749997], "80": [7.15, 77.95564375, 55.10230937500007, 140.20795312500007], "81": [0.8, 0.48150000000000004, 2.1083750000000023, 3.3898750000000026], "82": [1.4000000000000001, 1.9879034375000002, 3.326844687500002, 6.7147481250000025], "83": [0.5, 0.05525000000000002, 3.553500000000014, 4.108750000000014], "84": [3.95, 18.873777187500004, 41.92364406250008, 64.74742125000009], "85": [21.450000000000003, 154.60174218750004, 288.8763853125048, 464.92812750000485], "86": [3.6, 7.472694687500003, 24.042534687499927, 35.11522937499993], "87": [2.25, 3.8091621874999997, 32.525129374999985, 38.584291562499985], "88": [2.2, 11.411645000000005, 14.63687499999997, 28.248519999999978], "89": [1.85, 4.539940937500001, 11.555044999999984, 17.944985937499986], "90": [3.35, 13.728364687500006, 19.214307187499923, 36.292671874999925], "91": [3.1500000000000004, 16.640563437500003, 30.56774968749957, 50.358313124999576], "92": [1.6, 2.182895, 12.959124999999979, 16.74201999999998], "93": [10.100000000000001, 80.26196343749996, 294.0462687500035, 384.4082321875035], "94": [1.9500000000000002, 10.508418437500001, 13.071124999999988, 25.52954343749999], "95": [7.65, 76.6387978125, 63.258284062500074, 147.5470818750001], "96": [2.7, 5.4507821875000015, 18.547749999999958, 26.69853218749996], "97": [14.200000000000001, 82.536086875, 165.36735562500067, 262.10344250000065], "98": [2.35, 14.692924687500009, 23.13762499999962, 40.18054968749963], "99": [3.5500000000000003, 16.731288437500005, 33.457878750000006, 53.739167187500016], "100": [0.15000000000000002, 0.007125000000000001, 1.652749999999999, 1.809874999999999], "101": [3.2, 24.209445937500014, 24.893041874999632, 52.30248781249965], "102": [4.3, 65.31924999999998, 28.660824687499627, 98.2800746874996], "103": [0.7000000000000001, 0.07925000000000001, 3.4317500000000085, 4.211000000000008], "104": [6.95, 32.7453996875, 86.93009187499985, 126.62549156249985], "105": [1.85, 10.503668437500002, 12.584374999999989, 24.938043437499992], "106": [1.9500000000000002, 0.9531250000000003, 6.647337187499995, 9.550462187499996], "107": [8.85, 86.08415062500002, 187.04706187499977, 281.9812124999998], "108": [12.05, 69.71908687500002, 172.37008156250013, 254.13916843750013], "109": [4.3, 33.6487353125, 22.588567187499866, 60.53730249999987], "110": [2.0500000000000003, 1.0299609375, 14.092864062499991, 17.172824999999992], "111": [5.5, 62.14289906250001, 99.17447187499911, 166.8173709374991],