{"0": [0.0073620000000000005, 0.006680623381966074, 1.1930934478508993e-05, 0.014054554316444583], "1": [0.006372, 0.00578303073551204, 1.1134925656461004e-05, 0.012166165661168502], "2": [0.004815, 0.004365329575343696, 1.0260823524272996e-05, 0.009190590398867968], "3": [0.0072, 0.006543723394193215, 1.0783869850808992e-05, 0.013754507264044025], "4": [0.003735, 0.003381458336049068, 8.607585313187989e-06, 0.0071250659213622555], "5": [0.006687, 0.006072048547209251, 1.0840088153285994e-05, 0.012769888635362539], "6": [0.006651, 0.006042016705650593, 1.0116008294327989e-05, 0.012703132713944921], "7": [0.005004, 0.004537209121949568, 9.445274005455002e-06, 0.009550654395955023], "8": [0.005958, 0.005405697794178891, 1.0229670001844984e-05, 0.011373927464180736], "9": [0.003519, 0.00318535595407426, 9.606018830832014e-06, 0.0067139619729050925], "10": [0.005517, 0.005008407396512786, 9.357444206874008e-06, 0.010534764840719659], "11": [0.003537, 0.0032017910551097, 8.324762293854006e-06, 0.006747115817403555], "12": [0.004707, 0.004266839139146056, 9.473636499057027e-06, 0.008983312775645114], "13": [0.004869, 0.00441885408212177, 8.753140568042999e-06, 0.009296607222689813], "14": [0.004626, 0.004197344844358874, 8.793722758500002e-06, 0.008832138567117375], "15": [0.0042120000000000005, 0.0038188118454441583, 8.218380857750998e-06, 0.008039030226301909], "16": [0.005364, 0.004865948902136348, 1.0429166984679003e-05, 0.010240378069121026], "17": [0.004095, 0.003702917655211919, 1.1868581586357018e-05, 0.007809786236798276], "18": [0.004473, 0.004058629904512519, 8.58419218286998e-06, 0.008540214096695389], "19": [0.005157, 0.004678208741479458, 1.0685682653102996e-05, 0.009845894424132562], "20": [0.004824, 0.004373310357767107, 1.0485420581771999e-05, 0.00920779577834888], "21": [0.00288, 0.0026055666242309553, 7.89465392171101e-06, 0.0054934612781526665], "22": [0.002367, 0.0021359333332637083, 8.19907083772202e-06, 0.004511132404101431], "23": [0.004437, 0.004021946487026945, 1.011207302936999e-05, 0.008469058560056315], "24": [0.004851, 0.004400449984098411, 9.946478530197009e-06, 0.009261396462628609], "25": [0.004338, 0.003932105987764522, 8.793098784881991e-06, 0.008278899086549404], "26": [0.005031, 0.004565664480196034, 9.131758073270997e-06, 0.009605796238269305], "27": [0.003141, 0.0028422730135138174, 7.546341190373985e-06, 0.005990819354704192], "28": [0.004644, 0.00421208232296711, 9.252866500722003e-06, 0.00886533518946783], "29": [0.003726, 0.003374929118888529, 8.266436486639994e-06, 0.007109195555375169], "30": [0.002628, 0.0023771726753004318, 6.917481544076984e-06, 0.005012090156844509], "31": [0.004662, 0.0042271292927197725, 9.229954190777994e-06, 0.00889835924691055], "32": [0.003339, 0.003018253623883083, 1.0401135957980996e-05, 0.006367654759841064], "33": [0.003267, 0.002957214859795878, 7.858978814447993e-06, 0.006232073838610326], "34": [0.003375, 0.0030552954540394965, 8.165028189959997e-06, 0.006438460482229456], "35": [0.003771, 0.0034167572195679748, 8.349117062976001e-06, 0.00719610633663095], "36": [0.003852, 0.003490691610194392, 8.457246362924993e-06, 0.0073511488565573165], "37": [0.003843, 0.003481378969255558, 8.019396319392e-06, 0.00733239836557495], "38": [0.003033, 0.0027458449380844767, 7.1742339533069864e-06, 0.005786019172037783], "39": [0.003483, 0.0031567416775924073, 7.10975701435498e-06, 0.006646851434606762], "40": [0.001152, 0.0010384720595027171, 4.681604216762983e-06, 0.00219515366371948], "41": [0.003834, 0.003475964325409035, 8.369919463292993e-06, 0.007318334244872328], "42": [0.002187, 0.0019772072616286804, 5.691963019184984e-06, 0.004169899224647865], "43": [0.001296, 0.0011685087760084198, 4.860285309134995e-06, 0.0024693690613175547], "44": [0.003519, 0.003189843943848768, 7.1456383245329865e-06, 0.006715989582173301], "45": [0.003816, 0.003459075891722336, 7.479879428879984e-06, 0.007282555771151215], "46": [0.003672, 0.0033274272074163215, 8.186167849328994e-06, 0.00700761337526565], "47": [0.003366, 0.0030490003074793073, 7.537096398257985e-06, 0.006422537403877565], "48": [0.002862, 0.0025904011960865697, 7.007566913207987e-06, 0.005459408762999778], "49": [0.003402, 0.0030803993488846292, 7.259372022419974e-06, 0.006489658720907049], "50": [0.002637, 0.0023858179997305637, 6.779089554677977e-06, 0.005029597089285242], "51": [0.002223, 0.002009765859694789, 5.2276260077279746e-06, 0.004237993485702517], "52": [0.003024, 0.0027395201210738576, 6.727552800776985e-06, 0.005770247673874635], "53": [0.0027270000000000003, 0.0024687563345921833, 5.753275831079978e-06, 0.005201509610423263], "54": [0.0030600000000000002, 0.0027709781303191954, 6.777857852558983e-06, 0.0058377559881717545], "55": [0.003123, 0.002828341756079157, 6.6316549834259765e-06, 0.0059579734110625825], "56": [0.002007, 0.001815237490297795, 4.5440087525279815e-06, 0.003826781499050323], "57": [0.0021780000000000002, 0.0019678960028992934, 6.642238155227982e-06, 0.004152538241054521], "58": [0.002853, 0.0025839013092640844, 6.457355036711984e-06, 0.005443358664300796], "59": [0.002493, 0.0022554704186031147, 6.240714449885985e-06, 0.004754711133053001], "60": [0.002709, 0.002452490662596906, 6.197458335785982e-06, 0.005167688120932692], "61": [0.002889, 0.002615174514534492, 6.000718895162979e-06, 0.005510175233429655], "62": [0.002952, 0.0026735997677027924, 6.488863727615982e-06, 0.005632088631430408], "63": [0.0010710000000000001, 0.000965294935770734, 3.794964089391011e-06, 0.002040089899860125], "64": [0.003528, 0.003197276128172116, 7.774637880671986e-06, 0.006733050766052788], "65": [0.003141, 0.0028445763923169707, 6.876661726349978e-06, 0.005992453054043321], "66": [0.002475, 0.0022407346978157595, 5.4571552895249766e-06, 0.004721191853105284], "67": [0.002745, 0.0024845663641012306, 6.5740105111949715e-06, 0.0052361403746124255], "68": [0.002241, 0.0020270996553024734, 4.7931533516969785e-06, 0.00427289280865417], "69": [0.002745, 0.0024855342159653816, 6.210738980927984e-06, 0.005236744954946309], "70": [0.002565, 0.002321916390707418, 6.1852290183179725e-06, 0.0048931016197257355], "71": [0.002484, 0.0022489890042802097, 5.629030945037992e-06, 0.004738618035225248], "72": [0.001188, 0.0010715626485946668, 4.255023907025987e-06, 0.002263817672501693], "73": [0.001476, 0.0013313095426478554, 5.314231580813987e-06, 0.0028126237742286697], "74": [0.002079, 0.0018801812489262879, 5.166306636290977e-06, 0.0039643475555625795], "75": [0.0026550000000000002, 0.0024028790136548057, 6.003550607372979e-06, 0.005063882564262179], "76": [0.002223, 0.00201061218913462, 6.104809601774985e-06, 0.004239716998736396], "77": [0.00234, 0.0021175547031965377, 5.481379600289986e-06, 0.0044630360827968285], "78": [0.002385, 0.0021578104154299834, 6.123113968814984e-06, 0.004548933529398798], "79": [0.00072, 0.0006487594116714938, 3.0129250187700054e-06, 0.001371772336690264], "80": [0.002196, 0.001986682630152669, 5.832579955220976e-06, 0.00418851521010789], "81": [0.001224, 0.0011038270590778129, 4.3433095395869925e-06, 0.0023321703686174002], "82": [0.002016, 0.0018235593045107606, 4.669878795515972e-06, 0.0038442291833062766], "83": [0.002187, 0.0019798992868261312, 4.789584863243981e-06, 0.004171688871689375], "84": [0.002097, 0.001896254358447279, 5.407682221466981e-06, 0.003998662040668745], "85": [0.002295, 0.0020766619179930614, 5.2225971995969815e-06, 0.004376884515192659], "86": [0.000981, 0.0008843171827110568, 3.7566529986420043e-06, 0.0018690738357096989], "87": [0.001773, 0.0016028528980453509, 4.512347232443988e-06, 0.0033803652452777952], "88": [0.00243, 0.002200118732627141, 5.175205581005978e-06, 0.004635293938208146], "89": [0.002079, 0.0018812903850164754, 4.892780279690985e-06, 0.003965183165296166], "90": [0.0015840000000000001, 0.0014318433601728776, 3.7969766052660107e-06, 0.0030196403367781437], "91": [0.0010890000000000001, 0.0009818836161259296, 3.4318508157090078e-06, 0.0020743154669416388],