{"1": [0.0014000000000000002, 1.9572560000000008e-06, 0.00040552243200000013, 0.0018074796880000004], "3": [0.46760000000000007, 0.032492855696, 0.18654661423999525, 0.6866394699359952], "14": [0.15960000000000002, 0.005307984192000004, 0.026408512368000417, 0.19131649656000044], "15": [0.10920000000000002, 0.0006911234399999996, 0.024297580608000458, 0.13418870404800048], "18": [0.11620000000000001, 0.0012779149039999996, 0.027615265944000718, 0.14509318084800074], "20": [0.41580000000000006, 0.032441145016000004, 0.16564902799199593, 0.613890173007996], "27": [0.11620000000000001, 0.004546686088000004, 0.01814143111200025, 0.13888811720000027], "34": [0.14980000000000002, 0.003650917480000002, 0.02251873596000027, 0.1759696534400003], "38": [0.022400000000000003, 8.213340800000003e-05, 0.003901482703999963, 0.026383616111999967], "39": [0.11900000000000002, 0.0015701634480000002, 0.02196565884800035, 0.14253582229600037], "43": [0.040600000000000004, 0.00015435980000000007, 0.007142446191999978, 0.04789680599199998], "47": [0.05040000000000001, 0.000347518976, 0.011095255808000068, 0.061842774784000076], "54": [0.07840000000000001, 0.000534575888, 0.014365774528000117, 0.09330035041600013], "55": [0.10220000000000001, 0.000962946824, 0.03935216616799965, 0.14251511299199965], "59": [0.06580000000000001, 0.0003690487920000001, 0.010944003392000053, 0.07711305218400007], "62": [0.0014000000000000002, 1.9572560000000008e-06, 0.00021160865600000002, 0.0016135659120000002], "63": [0.0364, 7.827377600000004e-05, 0.007504208487999987, 0.043982482263999985], "71": [0.16100000000000003, 0.0032086497520000005, 0.05377977359999923, 0.21798842335199925], "72": [0.06720000000000001, 0.00022682766400000017, 0.01434602478400011, 0.08177285244800013], "74": [0.553, 0.061825534792000036, 0.2089193980159964, 0.8237449328079964], "77": [0.3486000000000001, 0.018652413304, 0.1437515732239958, 0.5110039865279958], "79": [0.05460000000000001, 0.0002169810160000001, 0.009679714016000027, 0.06449669503200003], "80": [0.039200000000000006, 0.00012127852800000007, 0.0062845443920000015, 0.04560582292000001], "89": [0.15400000000000003, 0.0024229128000000017, 0.05050308401599912, 0.20692599681599916], "97": [0.525, 0.06353004644000003, 0.20517872233599574, 0.7937087687759958], "99": [0.20720000000000002, 0.005763396464000004, 0.04090718038399955, 0.2538705768479996], "106": [0.0364, 0.00019145985600000007, 0.01004107020000007, 0.04663253005600007], "110": [0.030800000000000004, 0.00014844412800000008, 0.0058537011120000145, 0.03680214524000002], "117": [0.1904, 0.0023517702880000014, 0.07001764448000053, 0.26276941476800053], "118": [0.08540000000000002, 0.000740367656, 0.020148063040000497, 0.10628843069600051], "119": [0.14700000000000002, 0.0022870013040000004, 0.03234593331200058, 0.1816329346160006], "120": [0.10780000000000002, 0.0006502789999999997, 0.024069571456000763, 0.1325198504560008], "122": [0.4956000000000001, 0.06274313662400004, 0.19558871399199607, 0.7539318506159962], "131": [0.05460000000000001, 0.00023650967200000012, 0.012764708152000074, 0.06760121782400008], "134": [0.046200000000000005, 0.00026185247200000004, 0.008403284008000026, 0.054865136480000035], "141": [0.07980000000000001, 0.0004335641519999999, 0.016550758224000258, 0.09678432237600026], "147": [0.4816000000000001, 0.02890354846399998, 0.17843516717599484, 0.6889387156399949], "156": [0.1428, 0.0014311653440000002, 0.02421550012000046, 0.16844666546400047], "158": [0.11340000000000001, 0.0008471523759999999, 0.040973819207999466, 0.15522097158399947], "159": [0.06580000000000001, 0.0005738280239999999, 0.013937781872000107, 0.08031160989600011], "160": [0.19880000000000003, 0.005753734448000004, 0.036111401815999915, 0.24066513626399996], "162": [0.11200000000000002, 0.0010648695680000003, 0.020942577264000367, 0.1340074468320004], "164": [0.21700000000000003, 0.0074851588560000005, 0.09922281538400206, 0.3237079742400021], "165": [0.028000000000000004, 0.00018943948800000004, 0.005602846591999991, 0.03379228608], "172": [0.11760000000000001, 0.0014454404160000002, 0.017175786544000166, 0.1362212269600002], "173": [0.04340000000000001, 0.00018965626400000007, 0.007930854623999997, 0.051520510888000005], "178": [0.05740000000000001, 0.00016623504800000012, 0.012262420520000088, 0.0698286555680001], "181": [0.05040000000000001, 0.00018369668800000008, 0.01289209443200011, 0.06347579112000012], "183": [0.09940000000000002, 0.0011757197200000001, 0.019048971480000374, 0.11962469120000038], "184": [0.11620000000000001, 0.0010765005999999998, 0.019019987000000467, 0.1362964876000005], "193": [0.06580000000000001, 0.000300986616, 0.012676728456000064, 0.07877771507200008], "197": [0.07560000000000001, 0.0001369914560000001, 0.015062623912000118, 0.09079961536800013], "198": [0.24780000000000005, 0.00921847388, 0.04795364576799925, 0.3049721196479993], "200": [0.10640000000000002, 0.000609374192, 0.029020399744000638, 0.13602977393600066], "205": [0.0476, 0.00021120254400000006, 0.009428204856000037, 0.05723940740000004], "210": [0.11060000000000002, 0.0008042957999999997, 0.02236659096000052, 0.13377088676000054], "211": [0.05600000000000001, 0.0002911509440000001, 0.00960634964800002, 0.06589750059200003], "213": [0.032200000000000006, 0.00042138157600000016, 0.007354318663999999, 0.03997570024000001], "215": [0.7014000000000001, 0.08560799447199993, 0.22704406603199714, 1.0140520605039973], "219": [0.05320000000000001, 0.00015060169600000006, 0.008946299264000028, 0.06229690096000004], "220": [0.13160000000000002, 0.001284582432, 0.04202607891999954, 0.17491066135199956], "222": [0.014000000000000002, 2.7401584000000015e-05, 0.0022427895839999905, 0.016270191167999992], "232": [0.06720000000000001, 0.0005844931679999998, 0.009478206024000018, 0.07726269919200002], "236": [0.06160000000000001, 0.000454572608, 0.01075337849600007, 0.07280795110400008], "242": [0.21700000000000003, 0.004189129560000003, 0.08273313781600088, 0.3039222673760009], "245": [0.08540000000000002, 0.00186903444, 0.014488620272000102, 0.10175765471200011], "246": [0.1302, 0.0008123772719999999, 0.024110881984000652, 0.15512325925600068], "248": [0.11760000000000001, 0.00119873208, 0.018740082536000336, 0.13753881461600034], "250": [0.133, 0.0009744042, 0.026677173096000727, 0.16065157729600074], "252": [0.05460000000000001, 0.0002519372240000001, 0.011626984992000057, 0.06647892221600006], "253": [0.10080000000000001, 0.0012677719039999999, 0.024696914144000583, 0.1267646860480006], "257": [0.0364, 0.00012321657600000008, 0.005700324447999986, 0.042223541023999986], "259": [0.19460000000000002, 0.005867066744000002, 0.030463044416000465, 0.2309301111600005], "261": [0.08680000000000002, 0.00040268435200000005, 0.014745918096000078, 0.1019486024480001], "267": [0.32200000000000006, 0.011604891872, 0.05312009561599916, 0.3867249874879992], "269": [0.0238, 4.8931400000000024e-05, 0.004342241231999971, 0.028191172631999974], "270": [0.14980000000000002, 0.0023849628880000017, 0.03337502856799991, 0.18555999145599994], "272": [0.08400000000000002, 0.0006279040319999997, 0.013050065728000089, 0.09767796976000011], "275": [0.10640000000000002, 0.0005487513919999999, 0.020380209752000483, 0.1273289611440005], "285": [0.11620000000000001, 0.0007419380079999999, 0.01976389049600037, 0.13670582850400037], "290": [0.09380000000000001, 0.0008127567279999998, 0.025698941800000572, 0.12031169852800058], "295": [0.16100000000000003, 0.002200297176000002, 0.02919338385600063, 0.19239368103200066], "322": [0.11900000000000002, 0.0007691420239999999, 0.016749235664000238, 0.13651837768800026], "333": [0.11060000000000002, 0.00087149636, 0.025714385816000655, 0.13718588217600067], "339": [0.06860000000000001, 0.001000192312, 0.010011920296000044, 0.07961211260800005], "343": [0.1456, 0.001971365648, 0.030708639472000768, 0.17828000512000075], "346": [0.09800000000000002, 0.0007677563039999997, 0.024307352384000547, 0.12307510868800056],