{"1": [18.68, 387.61387792000005, 257.2052092800001, 663.4990872000001], "2": [2.92, 3.0480992000000007, 25.275656000000005, 31.243755200000006], "3": [0.74, 0.35476, 6.289096, 7.383856], "4": [2.58, 1.975688, 24.759511999999994, 29.315199999999994], "5": [18.64, 311.06369248000004, 296.4624174399999, 626.1661099199999], "6": [15.040000000000001, 142.17710720000002, 241.8801351999999, 399.0972423999999], "7": [5.04, 11.940415999999999, 53.84541807999998, 70.82583407999998], "8": [13.98, 121.86596272, 176.77703984, 312.62300256], "9": [4.34, 9.64956624, 44.52353248000002, 58.51309872000002], "10": [12.72, 79.64848224, 192.36651519999995, 284.73499744], "11": [8.78, 36.241028160000006, 88.81222704000002, 133.83325520000002], "12": [2.2800000000000002, 1.98438976, 19.89417599999998, 24.15856575999998], "13": [5.2, 14.102056960000002, 52.10778928000005, 71.40984624000005], "14": [19.76, 412.81969072000004, 261.6353156800001, 694.2150064000001], "15": [18.68, 397.83006656000003, 246.9258847999998, 663.4359513599999], "16": [14.06, 144.69925471999997, 227.44959680000014, 386.2088515200001], "17": [5.04, 9.253213280000002, 47.03091344000003, 61.32412672000003], "18": [22.240000000000002, 341.70005504, 361.65441008000005, 725.59446512], "19": [14.26, 198.8095352, 235.03156847999992, 448.10110367999994], "20": [16.4, 308.34052752, 248.53884896000002, 573.27937648], "21": [7.98, 72.92332560000001, 105.23875423999996, 186.14207983999998], "22": [3.9, 7.007821439999999, 36.66312896000002, 47.57095040000002], "23": [1.58, 1.0944880000000001, 16.55061599999999, 19.22510399999999], "24": [2.22, 1.56550944, 20.041368, 23.826877439999997], "25": [3.96, 9.744820160000002, 43.129963520000004, 56.83478368], "26": [14.48, 128.62255263999998, 222.22453151999986, 365.3270841599998], "27": [14.0, 211.36137664000006, 209.12315519999996, 434.48453184000005], "28": [10.8, 92.90549648, 166.28411600000013, 269.9896124800001], "29": [14.4, 204.93446271999997, 213.58272096000016, 432.9171836800001], "30": [22.2, 413.3265223999999, 372.0140332800004, 807.5405556800002], "31": [20.400000000000002, 364.71587760000006, 345.1813224, 730.2972], "32": [3.2, 5.48224848, 31.973774080000005, 40.656022560000004], "33": [14.540000000000001, 219.22455552000002, 222.0076540800001, 455.7722096000001], "34": [2.72, 2.7009385600000004, 24.608000000000015, 30.028938560000014], "35": [13.32, 160.84253023999997, 196.03919648000004, 370.20172672], "36": [15.4, 223.17743711999998, 237.08043183999996, 475.65786896], "37": [10.38, 56.3433704, 140.74558079999986, 207.46895119999985], "38": [7.0200000000000005, 27.087772639999997, 75.07632224000001, 109.18409488], "39": [15.6, 210.51973408, 252.17822480000007, 478.29795888000007], "40": [7.4, 40.955060800000005, 91.66077584, 140.01583664], "41": [5.48, 13.253468640000003, 55.340220000000016, 74.07368864000003], "42": [14.540000000000001, 185.65120879999998, 225.80961519999988, 426.00082399999985], "43": [2.2, 2.2397511999999997, 20.239816000000015, 24.679567200000015], "44": [2.54, 2.58535952, 23.576639999999994, 28.701999519999994], "45": [14.8, 131.52045023999997, 190.66583455999995, 336.9862847999999], "46": [11.6, 80.45422464, 149.7669268800001, 241.82115152000011], "47": [13.86, 89.45294352, 207.29937456, 310.61231808], "48": [3.9, 5.387753119999999, 35.77252800000003, 45.06028112000003], "49": [1.8800000000000001, 0.92312, 13.108456000000006, 15.911576000000005], "50": [9.1, 35.24966703999999, 97.76606351999997, 142.11573055999997], "51": [4.64, 6.815142880000001, 40.28866671999998, 51.74380959999998], "52": [14.120000000000001, 131.77471136000003, 169.48422032000008, 315.3789316800001], "53": [5.0200000000000005, 10.09956736, 47.90738559999998, 63.026952959999974], "54": [13.08, 78.30621888, 190.55373599999993, 281.93995487999996], "55": [2.54, 2.4632655999999997, 22.18831999999998, 27.19158559999998], "56": [16.96, 124.45233408000004, 233.71574864000013, 375.1280827200002], "57": [11.700000000000001, 84.7889056, 156.5484052800001, 253.03731088000012], "58": [6.6000000000000005, 10.254948160000001, 65.60051952, 82.45546768000001], "59": [5.16, 12.9325376, 51.88851375999997, 69.98105135999997], "60": [3.3000000000000003, 5.823703520000001, 30.159688159999984, 39.28339167999999], "61": [3.3000000000000003, 3.2714308800000005, 32.81048688000001, 39.381917760000015], "62": [15.620000000000001, 233.32956399999998, 244.37899007999994, 493.3285540799999], "63": [1.16, 0.601136, 9.890472000000003, 11.651608000000003], "64": [8.68, 45.17985120000001, 92.95278367999992, 146.81263487999993], "65": [14.46, 96.61801168000001, 225.11660720000006, 336.19461888000006], "66": [18.5, 183.23402895999996, 252.64332928, 454.3773582399999], "67": [5.68, 11.463269120000001, 56.182767200000015, 73.32603632000001], "68": [14.16, 89.47955280000002, 173.20387856000002, 276.84343136000007], "69": [2.6, 2.3962180800000006, 22.76494399999999, 27.76116207999999], "70": [3.34, 3.2995984000000007, 30.736491680000007, 37.37609008000001], "71": [16.48, 206.93900368, 288.83640128000013, 512.2554049600001], "72": [3.7, 4.372153600000001, 32.42891599999999, 40.50106959999999], "73": [3.22, 3.2315300800000006, 28.528999999999964, 34.980530079999966], "74": [2.86, 2.42388912, 26.24058399999997, 31.524473119999968], "75": [12.84, 168.23491584, 204.32100511999988, 385.3959209599999], "76": [3.74, 5.446894400000001, 36.86003231999999, 46.04692671999999], "77": [15.24, 126.39346816, 215.94514719999995, 357.57861535999996], "78": [0.8200000000000001, 0.39239199999999996, 6.421919999999998, 7.634311999999998], "79": [7.94, 36.66946480000001, 84.52921375999996, 129.13867855999996], "80": [14.48, 205.79689728000002, 218.24185264000005, 438.51874992000006], "81": [1.1400000000000001, 0.590008, 8.595591999999998, 10.325599999999998], "82": [1.6600000000000001, 1.3316080000000001, 13.666272000000014, 16.657880000000013], "83": [3.58, 3.8020099200000006, 30.010958719999998, 37.39296864], "84": [1.22, 0.6564080000000001, 10.388080000000018, 12.264488000000018], "85": [2.4, 2.17065952, 18.184599999999993, 22.755259519999992], "86": [16.26, 128.46447456, 251.2799889600001, 396.0044635200001], "87": [7.74, 18.80557552, 84.67813040000006, 111.22370592000006], "88": [1.16, 0.5329919999999999, 9.407735999999995, 11.100727999999995], "89": [1.54, 0.76308, 11.859391999999996, 14.162471999999996], "90": [6.1000000000000005, 20.06637088, 56.802589919999974, 82.96896079999998], "91": [4.9, 9.324944640000002, 44.38309296, 58.6080376], "92": [1.0, 0.4284, 6.655503999999993, 8.083903999999993], "93": [1.3, 0.562936, 10.439856000000011, 12.30279200000001], "94": [1.44, 0.7643519999999999, 11.525856000000003, 13.730208000000003], "95": [4.4, 9.568865280000002, 36.52000416, 50.48886944], "96": [2.7600000000000002, 2.4826891200000003, 22.320584, 27.56327312], "97": [1.44, 0.7228, 10.818064000000007, 12.980864000000008], "98": [19.5, 206.72379792000004, 334.8185088, 561.04230672], "99": [2.16, 1.615984, 18.29572, 22.071704], "100": [5.7, 20.57109392, 52.744474720000014, 79.01556864000001], "101": [2.0, 1.467824, 16.819008000000004, 20.286832000000004], "102": [7.12, 17.641919360000006, 73.12592736000002, 97.88784672000003], "103": [10.040000000000001, 44.150560479999996, 144.75920272000022, 198.9497632000002], "104": [6.72, 41.953944320000005, 94.5614624, 143.23540672000001], "105": [18.66, 288.4469776, 294.97550288000014, 602.0824804800002], "106": [13.44, 90.32064672, 145.13329920000004, 248.89394592000002], "107": [0.76, 0.28615999999999997, 7.491367999999998, 8.537527999999998], "108": [4.14, 6.859996320000001, 39.91043936, 50.91043568], "109": [8.44, 32.17139568, 111.28516735999996, 151.89656303999996], "110": [13.58, 122.82682864000003, 208.33129904000012, 344.73812768000016], "111": [3.7600000000000002, 5.581416160000001, 40.14828272000001, 49.48969888000001], "112": [23.94, 342.06217967999993, 451.01619631999995, 817.0183759999999], "113": [3.22, 4.18422976, 31.19328880000002, 38.59751856000002],