{"0": [8.18, 84.274932835, 22.64977374999998, 115.10470658499997], "1": [7.08, 73.20263034999998, 18.306755309999986, 98.58938565999996], "2": [5.3500000000000005, 44.739544260000024, 15.23703350999997, 65.32657777], "3": [8.0, 102.82639119499993, 16.412245519999992, 127.23863671499993], "4": [4.15, 24.304903194999994, 10.966512759999977, 39.42141595499997], "5": [7.43, 85.42535592000002, 17.801750840000004, 110.65710676000003], "6": [7.390000000000001, 88.77537234000003, 14.861609339999996, 111.02698168000003], "7": [5.5600000000000005, 45.935496225, 12.605695639999977, 64.10119186499998], "8": [6.62, 65.865356555, 15.175763039999985, 87.661119595], "9": [3.91, 22.827344585000002, 13.123577799999975, 39.86092238499998], "10": [6.13, 64.135559095, 13.369226679999972, 83.63478577499997], "11": [3.93, 22.92261949999999, 11.20531785999998, 38.05793735999997], "12": [5.23, 41.22481850500001, 13.18841009999997, 59.643228604999976], "13": [5.41, 49.081429240000006, 11.149952079999961, 65.64138131999997], "14": [5.14, 44.375195504999986, 11.672846439999983, 61.188041944999966], "15": [4.68, 37.59103172000001, 10.538057759999969, 52.80908947999998], "16": [5.96, 53.709487330000016, 15.161389409999993, 74.83087674000001], "17": [4.55, 15.66026204, 27.005648309999984, 47.21591034999999], "18": [4.97, 42.840733735000015, 10.82411914999998, 58.634852884999994], "19": [5.73, 52.01320362999998, 15.671982539999973, 73.41518616999996], "20": [5.36, 43.22527727499999, 15.013193099999981, 63.59847037499997], "21": [3.2, 15.272546799999997, 9.855527749999977, 28.328074549999975], "22": [2.63, 4.845515800000002, 12.944145469999967, 20.41966126999997], "23": [4.93, 37.70910623, 14.701389369999976, 57.34049559999998], "24": [5.39, 47.60808947, 14.578834909999962, 67.57692437999997], "25": [4.82, 37.37527466, 12.220461709999968, 54.41573636999997], "26": [5.59, 53.03228170500001, 12.766670869999967, 71.38895257499998], "27": [3.49, 17.60777175000001, 9.340757459999981, 30.438529209999988], "28": [5.16, 43.892894645, 11.865556779999961, 60.91845142499996], "29": [4.14, 26.805070089999997, 10.300233549999971, 41.24530363999997], "30": [2.92, 12.976964735000003, 8.226854839999985, 24.123819574999988], "31": [5.18, 41.75949700000002, 12.101536129999971, 59.04103312999999], "32": [3.71, 11.948258235000003, 20.290101629999967, 35.94835986499997], "33": [3.63, 20.114676945000003, 9.738688419999981, 33.48336536499998], "34": [3.75, 21.393425985000004, 10.161924579999972, 35.305350564999976], "35": [4.19, 28.598652425000004, 10.333790709999976, 43.122443134999976], "36": [4.28, 30.550411185, 11.352673119999968, 46.18308430499997], "37": [4.2700000000000005, 28.329201265, 9.876953419999968, 42.47615468499997], "38": [3.37, 18.516599615000004, 8.661479429999991, 30.548079044999994], "39": [3.87, 27.699932620000006, 8.916436259999983, 40.486368879999986], "40": [1.28, 1.5529064899999998, 5.6879168400000175, 8.520823330000017], "41": [4.26, 32.04769839, 10.900868149999965, 47.208566539999964], "42": [2.43, 9.546221329999998, 6.8604342000000145, 18.836655530000012], "43": [1.44, 1.8946776600000002, 6.1574087500000125, 9.492086410000013], "44": [3.91, 28.61174703, 8.627724209999982, 41.14947123999998], "45": [4.24, 31.162067375, 9.888289739999976, 45.29035711499998], "46": [4.08, 28.11252007000001, 10.314408579999974, 42.50692864999998], "47": [3.74, 23.419371589999997, 9.195081459999976, 36.354453049999975], "48": [3.18, 16.792316845000002, 8.60408615999998, 28.57640300499998], "49": [3.7800000000000002, 22.314044355000007, 9.102178959999955, 35.19622331499996], "50": [2.93, 14.099969394999999, 8.420865859999966, 25.450835254999966], "51": [2.47, 9.74729222, 6.297632000000009, 18.51492422000001], "52": [3.36, 21.249818450000003, 8.443994499999985, 33.05381294999999], "53": [3.0300000000000002, 16.224057695, 6.925510000000017, 26.179567695000017], "54": [3.4, 20.267009454999997, 8.649950859999995, 32.31696031499999], "55": [3.47, 20.321842035000007, 8.284935739999982, 32.07677777499999], "56": [2.23, 9.217908635, 5.484832000000022, 16.932740635000023], "57": [2.42, 6.718965875000001, 11.048873089999988, 20.18783896499999], "58": [3.17, 18.683140735000002, 8.238470540000002, 30.091611275000005], "59": [2.77, 12.937971279999998, 7.478157730000012, 23.18612901000001], "60": [3.0100000000000002, 16.554392879999998, 7.602469279999999, 27.16686216], "61": [3.21, 17.114250295, 7.210969710000011, 27.535220005000014], "62": [3.2800000000000002, 19.648778925000006, 8.09243261, 31.021211535000006], "63": [1.19, 1.3913813650000002, 4.67352775000001, 7.25490911500001], "64": [3.92, 26.713920995000002, 10.040798719999954, 40.67471971499996], "65": [3.49, 20.435957955, 8.176445359999985, 32.10240331499999], "66": [2.75, 14.411559395, 6.678729479999998, 23.840288874999995], "67": [3.0500000000000003, 16.03073524, 7.998021449999999, 27.07875669], "68": [2.49, 10.769618505000002, 5.835888040000022, 19.095506545000024], "69": [3.0500000000000003, 17.279199130000002, 7.422232000000006, 27.751431130000007], "70": [2.85, 14.926466934999999, 7.523288510000012, 25.29975544500001], "71": [2.7600000000000002, 14.661628129999999, 6.870982240000003, 24.292610370000002], "72": [1.32, 2.04906398, 5.272983999999999, 8.64204798], "73": [1.6400000000000001, 2.5549536800000006, 7.196016000000015, 11.390969680000016], "74": [2.31, 9.526107314999999, 6.218679000000013, 18.054786315000012], "75": [2.95, 15.077133245000002, 7.390618290000008, 25.417751535000008], "76": [2.47, 10.616809705, 7.330589720000008, 20.417399425000006], "77": [2.6, 12.420548799999997, 6.584310000000008, 21.604858800000006], "78": [2.65, 12.156076444999998, 7.395353590000003, 22.201430035], "79": [0.8, 0.8120728600000001, 3.6758299999999964, 5.287902859999996], "80": [2.44, 10.738925715, 7.024027880000012, 20.20295359500001], "81": [1.36, 1.9844026000000001, 5.481192680000018, 8.82559528000002], "82": [2.24, 9.384675110000002, 5.634804000000017, 17.25947911000002], "83": [2.43, 12.119460590000001, 5.811278690000014, 20.360739280000015], "84": [2.33, 9.422786900000002, 6.5106230000000105, 18.263409900000013], "85": [2.5500000000000003, 11.801860709999996, 6.282093000000012, 20.633953710000007], "86": [1.09, 1.3590177350000001, 4.5747980000000155, 7.023815735000015], "87": [1.97, 7.05009903, 5.458736000000024, 14.478835030000024], "88": [2.7, 14.203800465000002, 6.3079973900000175, 23.21179785500002], "89": [2.31, 10.579115915000001, 5.895579000000016, 18.784694915000017], "90": [1.76, 5.934126675, 4.604854000000021, 12.29898067500002], "91": [1.21, 1.6122783250000001, 4.184521000000012, 7.006799325000012], "92": [1.21, 1.6122783250000001, 4.184521000000012, 7.006799325000012], "93": [1.21, 1.6122783250000001, 4.184521000000012, 7.006799325000012], "94": [2.41, 11.785695085, 5.983460000000011, 20.179155085000012], "95": [1.48, 2.2614550400000004, 6.02515775000001, 9.76661279000001], "96": [1.47, 2.381729505, 6.119690090000022, 9.971419595000022], "97": [2.72, 13.922619850000002, 6.718030990000016, 23.36065084000002], "98": [1.61, 5.189855595000001, 4.549301000000015, 11.349156595000016], "99": [1.86, 6.629657985, 5.08637500000003, 13.57603298500003], "100": [2.69, 12.695179065, 6.809048999999997, 22.194228064999997], "101": [0.86, 0.9209205900000001, 3.727392999999996, 5.508313589999997], "102": [2.52, 10.604758335, 6.822899000000008, 19.947657335000006], "103": [1.28, 1.6962615100000002, 5.349759250000017, 8.326020760000016], "104": [0.9, 1.29276, 3.50336299999999, 5.696122999999989], "105": [2.05, 7.982065595000001, 5.58770400000003, 15.61976959500003], "106": [0.49, 0.4730766450000001, 2.125549999999998, 3.088626644999998], "107": [0.8, 0.7675414600000001, 3.2217229999999906, 4.789264459999991], "108": [1.82, 6.645512530000002, 4.602619000000015, 13.068131530000016], "109": [2.25, 8.861754829999999, 6.012204000000013, 17.123958830000014], "110": [1.77, 5.989696400000001, 5.014817000000013, 12.774513400000014],