{"1": [4.62, 3.978354, 8.314814999999982, 16.913168999999982], "2": [3.6, 3.319526, 5.172841000000048, 12.09236700000005], "3": [1.05, 0.5727090000000001, 1.744090000000011, 3.366799000000011], "4": [1.9000000000000001, 1.063206, 3.814349999999965, 6.777555999999965], "5": [1.08, 0.6036540000000001, 1.1181700000000072, 2.8018240000000074], "6": [1.84, 0.9850340000000001, 3.0079029999999642, 5.832936999999964], "7": [0.86, 0.391806, 1.1514020000000111, 2.403208000000011], "8": [2.83, 2.0668029999999997, 4.818438000000048, 9.715241000000049], "9": [0.75, 0.29869500000000004, 1.2232470000000049, 2.2719420000000046], "11": [0.96, 0.41838600000000004, 1.9584549999999947, 3.3368409999999944], "12": [1.72, 1.0400420000000001, 3.7048239999999715, 6.464865999999972], "13": [0.46, 0.143682, 0.5968939999999966, 1.2005759999999968], "14": [0.62, 0.215218, 0.9709209999999914, 1.8061389999999915], "15": [0.42, 0.077258, 0.8086069999999966, 1.3058649999999967], "17": [1.49, 0.4697310000000001, 2.8526419999999746, 4.812372999999974], "18": [0.87, 0.36578700000000014, 1.0697100000000073, 2.3054970000000075], "19": [0.63, 0.18770499999999998, 1.0433069999999995, 1.8610119999999997], "20": [3.04, 2.6632600000000015, 5.192507000000028, 10.895767000000031], "21": [1.46, 0.9078260000000002, 2.4918049999999528, 4.859630999999952], "22": [0.44, 0.13102600000000003, 0.12957900000000003, 0.700605], "23": [3.4, 2.9099120000000003, 6.370905000000034, 12.680817000000035], "24": [0.88, 0.392556, 1.7571260000000135, 3.0296820000000135], "25": [0.86, 0.3577780000000001, 1.041511000000002, 2.259289000000002], "26": [0.47000000000000003, 0.127263, 0.6783689999999938, 1.2756319999999937], "27": [1.24, 0.38252800000000003, 1.4986240000000006, 3.1211520000000004], "28": [0.37, 0.014805000000000002, 0.7821089999999988, 1.166913999999999], "29": [2.47, 2.4373389999999997, 4.252360000000068, 9.159699000000067], "30": [0.19, 0.014307000000000002, 0.25817900000000055, 0.46248600000000056], "32": [0.48, 0.09709800000000002, 0.7846429999999976, 1.3617409999999976], "33": [1.1300000000000001, 0.31763300000000005, 1.9544620000000088, 3.402095000000009], "34": [0.09, 0.0039050000000000005, 0.063619, 0.157524], "36": [0.74, 0.13636, 1.0981040000000022, 1.9744640000000022], "37": [0.9500000000000001, 0.2654810000000001, 1.0064580000000007, 2.2219390000000008], "38": [1.17, 0.5725629999999999, 2.1210999999999705, 3.8636629999999705], "39": [0.5700000000000001, 0.11507100000000002, 0.8142849999999979, 1.499355999999998], "40": [0.88, 0.3851880000000001, 1.2908710000000128, 2.5560590000000127], "41": [5.17, 5.430608999999999, 6.648100000000045, 17.248709000000044], "42": [0.51, 0.147821, 0.1719770000000001, 0.829798], "43": [2.16, 1.0315040000000004, 4.675846000000037, 7.867350000000037], "44": [2.16, 1.6770979999999995, 3.6985799999999616, 7.535677999999962], "45": [2.27, 0.9562149999999998, 2.5991769999999903, 5.82539199999999], "46": [1.45, 0.5761549999999999, 2.200224999999971, 4.2263799999999705], "47": [1.34, 0.8231620000000001, 1.3400190000000038, 3.503181000000004], "48": [1.03, 0.41727900000000007, 1.2166040000000151, 2.6638830000000153], "49": [0.18, 0.024808000000000004, 0.2400720000000003, 0.4448800000000003], "50": [0.23, 0.028613, 0.3422480000000003, 0.6008610000000003], "51": [2.75, 2.4582149999999996, 4.883139000000062, 10.091354000000061], "52": [1.02, 0.46082199999999995, 1.9216770000000116, 3.4024990000000113], "53": [0.87, 0.21502099999999996, 1.343895000000005, 2.428916000000005], "54": [0.75, 0.20473300000000003, 0.9859059999999991, 1.9406389999999991], "55": [2.0100000000000002, 1.1789889999999996, 1.8150420000000085, 5.004031000000008], "56": [0.77, 0.114901, 2.1565969999999717, 3.041497999999972], "57": [2.24, 1.3819420000000004, 4.695295000000051, 8.317237000000052], "58": [0.9400000000000001, 0.3572680000000001, 2.1512389999999786, 3.448506999999979], "59": [1.43, 0.679611, 1.9866490000000174, 4.096260000000018], "60": [0.47000000000000003, 0.151633, 0.5833709999999973, 1.2050039999999973], "61": [3.38, 2.874578, 5.940298000000035, 12.194876000000036], "62": [2.64, 2.6516539999999993, 4.149566000000017, 9.441220000000015], "63": [4.48, 4.256362, 6.7485470000000465, 15.484909000000046], "64": [1.09, 0.511577, 2.1935939999999663, 3.795170999999966], "65": [3.39, 3.5331889999999997, 4.2711590000000745, 11.194348000000074], "66": [0.45, 0.115717, 1.3679260000000053, 1.9336430000000053], "67": [0.23, 0.043143, 0.11424900000000007, 0.38739200000000007], "68": [1.0, 0.3043580000000001, 1.214310000000001, 2.5186680000000012], "69": [0.72, 0.19438400000000003, 0.913507, 1.827891], "70": [0.91, 0.244031, 1.3847540000000027, 2.5387850000000025], "71": [0.6, 0.13134200000000001, 1.5038380000000058, 2.235180000000006], "72": [1.2, 0.6361480000000002, 2.1246939999999763, 3.9608419999999764], "73": [0.22, 0.0048980000000000004, 0.3516230000000007, 0.5765210000000007], "74": [1.19, 0.7040589999999999, 2.8924039999999835, 4.7864629999999835], "75": [1.26, 0.6009520000000002, 2.2426699999999706, 4.103621999999971], "76": [1.5, 0.6481220000000001, 2.4705519999999463, 4.618673999999946], "77": [1.17, 0.5888909999999999, 2.4151809999999494, 4.174071999999949], "78": [1.6600000000000001, 0.926204, 2.613394999999982, 5.199598999999982], "79": [0.77, 0.174345, 1.85921100000001, 2.80355600000001], "80": [1.43, 0.7772230000000001, 2.057494999999989, 4.26471799999999], "81": [0.16, 0.021131999999999998, 0.09046699999999984, 0.27159899999999987], "82": [0.28, 0.061267999999999996, 0.12209600000000002, 0.46336400000000005], "83": [0.1, 0.0023620000000000004, 0.14450799999999991, 0.24686999999999992], "84": [0.79, 0.256355, 1.3569350000000147, 2.403290000000015], "85": [4.29, 3.934395000000001, 5.475730000000058, 13.70012500000006], "86": [0.72, 0.115762, 0.9871729999999982, 1.8229349999999982], "87": [0.45, 0.10055900000000001, 0.6970549999999988, 1.2476139999999987], "88": [0.44, 0.13419599999999995, 0.600214999999997, 1.174410999999997], "89": [0.37, 0.091397, 0.5021600000000002, 0.9635570000000002], "90": [0.67, 0.15303700000000003, 0.7786409999999981, 1.6016779999999982], "91": [0.63, 0.18775299999999998, 1.1169860000000076, 1.9347390000000075], "92": [0.32, 0.06430999999999999, 0.5417529999999984, 0.9260629999999983], "93": [2.02, 1.0043980000000001, 4.762471000000037, 7.786869000000037], "94": [0.39, 0.128721, 0.5344889999999985, 1.0532099999999986], "95": [1.53, 0.857057, 2.2059769999999634, 4.593033999999964], "96": [0.54, 0.12934800000000002, 0.6612499999999996, 1.3305979999999997], "97": [2.84, 2.662676, 4.280452000000066, 9.783128000000065], "98": [0.47000000000000003, 0.148949, 0.9564609999999891, 1.575409999999989], "99": [0.71, 0.21577900000000003, 1.0883310000000084, 2.0141100000000085], "100": [0.03, 0.000297, 0.06674200000000001, 0.09703900000000001], "101": [0.64, 0.211102, 0.9819779999999904, 1.8330799999999905], "102": [0.86, 0.41032399999999997, 1.1966430000000121, 2.466967000000012], "103": [0.14, 0.003354, 0.14009400000000002, 0.28344800000000003], "104": [1.3900000000000001, 0.5500150000000001, 2.2421309999999877, 4.182145999999988], "105": [0.37, 0.12852300000000003, 0.5141149999999992, 1.0126379999999993], "106": [0.39, 0.04442499999999999, 0.28516900000000034, 0.7195940000000003], "107": [1.77, 1.323839, 3.5541539999999423, 6.647992999999943], "108": [2.41, 1.4826089999999996, 4.4031070000000385, 8.295716000000038], "109": [0.86, 0.3346420000000001, 0.9632669999999963, 2.1579089999999965], "110": [0.41000000000000003, 0.046145000000000005, 0.6228849999999992, 1.0790299999999993], "111": [1.1, 0.501842, 2.260445999999967, 3.862287999999967], "112": [1.81, 0.481149, 3.817912999999968, 6.109061999999968], "113": [0.39, 0.06292700000000001, 0.5374519999999984, 0.9903789999999983], "114": [1.48, 0.8580860000000002, 1.347713000000008, 3.6857990000000083], "115": [1.07, 0.267939, 3.107811999999989, 4.445750999999989],