{"0": [0.016360000000000003, 0.014860952844161047, 5.891256656800007e-05, 0.03127986541072905], "1": [0.01416, 0.012865018418696342, 5.498250487200004e-05, 0.027080000923568343], "2": [0.010700000000000001, 0.009709899948077591, 5.0667229896e-05, 0.02046056717797359], "3": [0.016, 0.014559865337660873, 5.324839616800002e-05, 0.030613113733828873], "4": [0.0083, 0.0075201274592873665, 4.250438697600001e-05, 0.015862631846263367], "5": [0.014860000000000002, 0.013508921137607445, 5.3526532272000003e-05, 0.028422447669879444], "6": [0.014780000000000001, 0.013442877735024129, 4.995119225600007e-05, 0.02827282892728013], "7": [0.011120000000000001, 0.010092331773828456, 4.6640063160000044e-05, 0.021258971836988456], "8": [0.013240000000000002, 0.012025216720668962, 5.051308644000001e-05, 0.02531572980710896], "9": [0.00782, 0.007083822325906193, 4.743460006400008e-05, 0.014951256925970194], "10": [0.012260000000000002, 0.01114225684783568, 4.6206180048e-05, 0.02344846302788368], "11": [0.00786, 0.007120447707534612, 4.110790500800001e-05, 0.015021555612542611], "12": [0.01046, 0.009490583965622662, 4.678020026399999e-05, 0.019997364165886662], "13": [0.010820000000000001, 0.009829960172850314, 4.322267893600001e-05, 0.020693182851786316], "14": [0.010280000000000001, 0.009336912720872764, 4.342309200000006e-05, 0.019660335812872763], "15": [0.00936, 0.008494400826137644, 4.058239295200005e-05, 0.017894983219089645], "16": [0.011920000000000002, 0.010824252796554457, 5.149822040799999e-05, 0.022795751016962462], "17": [0.0091, 0.008233489222240993, 5.8606709864e-05, 0.017392095932104994], "18": [0.009940000000000001, 0.009028440649747107, 4.238847224000003e-05, 0.019010829121987108], "19": [0.011460000000000001, 0.010406716770931383, 5.276489605600001e-05, 0.021919481666987383], "20": [0.01072, 0.009727673399780168, 5.177625494399999e-05, 0.020499449654724167], "21": [0.0064, 0.005793980501725103, 3.898392287200006e-05, 0.012232964424597103], "22": [0.005260000000000001, 0.0047480224338076376, 4.048781934399998e-05, 0.010048510253151637], "23": [0.00986, 0.008945920265083385, 4.993294024000004e-05, 0.018855853205323386], "24": [0.010780000000000001, 0.009788786005093291, 4.9115005544e-05, 0.020617901010637294], "25": [0.009640000000000001, 0.008746167817971764, 4.342015566399996e-05, 0.018429587973635767], "26": [0.01118, 0.010156872218727023, 4.509204799199999e-05, 0.02138196426671902], "27": [0.006980000000000001, 0.006320630258899122, 3.7264272048e-05, 0.013337894530947123], "28": [0.010320000000000001, 0.009369700661153953, 4.5690195344000054e-05, 0.019735390856497954], "29": [0.008280000000000001, 0.007506138615700748, 4.081984127999999e-05, 0.01582695845698075], "30": [0.005840000000000001, 0.005286084124990762, 3.4158939304000026e-05, 0.011160243064294762], "31": [0.010360000000000001, 0.009402789150433329, 4.557711265600004e-05, 0.01980836626308933], "32": [0.00742, 0.006710913559509782, 5.136123191200004e-05, 0.014182274791421782], "33": [0.007260000000000001, 0.006576554749967587, 3.8808026496000006e-05, 0.013875362776463588], "34": [0.007500000000000001, 0.006794733295092436, 4.031908191999999e-05, 0.014335052377012438], "35": [0.00838, 0.007599474126028634, 4.122801715199999e-05, 0.016020702143180632], "36": [0.00856, 0.0077641129531274555, 4.1761954599999995e-05, 0.016365874907727455], "37": [0.00854, 0.007743040008835413, 3.959994918400004e-05, 0.016322639958019414], "38": [0.00674, 0.006106618564611233, 3.5426746264000034e-05, 0.012882045310875233], "39": [0.00774, 0.0070214599073070314, 3.510833595999997e-05, 0.014796568243267033], "40": [0.00256, 0.0023080967787866592, 2.3118340375999943e-05, 0.004891215119162659], "41": [0.008520000000000002, 0.007731795582079768, 4.133065693600003e-05, 0.01629312623901577], "42": [0.004860000000000001, 0.004396415577291428, 2.8107554119999973e-05, 0.009284523131411428], "43": [0.00288, 0.0025971979012621, 2.400068651999994e-05, 0.0055011985877821004], "44": [0.00782, 0.007095249647174909, 3.528551741599997e-05, 0.01495053516459091], "45": [0.008480000000000001, 0.0076940606083490135, 3.693581376000004e-05, 0.016210996422109013], "46": [0.00816, 0.007400940465203046, 4.042346720800004e-05, 0.015601363932411046], "47": [0.0074800000000000005, 0.006781357335520659, 3.721855361600006e-05, 0.01429857588913666], "48": [0.00636, 0.005760745983827408, 3.4603886016e-05, 0.012155349869843407], "49": [0.007560000000000001, 0.006850833662276887, 3.5847223839999986e-05, 0.014446680886116888], "50": [0.005860000000000001, 0.005305506917356473, 3.3475745456000064e-05, 0.011198982662812475], "51": [0.004940000000000001, 0.004468838871098663, 2.5814749055999933e-05, 0.009434653620154665], "52": [0.00672, 0.006093116444941383, 3.3221117704000056e-05, 0.012846337562645383], "53": [0.00606, 0.005490382078555723, 2.841030815999994e-05, 0.011578792386715723], "54": [0.0068000000000000005, 0.006162750413694569, 3.346956216799998e-05, 0.01299621997586257], "55": [0.006940000000000001, 0.006290402958732823, 3.2747585552000066e-05, 0.013263150544284825], "56": [0.00446, 0.004036514949098749, 2.2438998655999914e-05, 0.008518953947754749], "57": [0.0048400000000000006, 0.004375312248042279, 3.280016905599998e-05, 0.009248112417098279], "58": [0.00634, 0.005746784230909534, 3.1886917824000035e-05, 0.012118671148733535], "59": [0.005540000000000001, 0.0050156562007495145, 3.081729547199998e-05, 0.010586473496221514], "60": [0.00602, 0.005454255424184493, 3.060367227199996e-05, 0.011504859096456493], "61": [0.00642, 0.005815939884722157, 2.9632177175999956e-05, 0.012265572061898157], "62": [0.006560000000000001, 0.005946314350939924, 3.2042514432000026e-05, 0.012538356865371924], "63": [0.00238, 0.0021454828324294463, 1.8740274231999962e-05, 0.004544223106661446], "64": [0.007840000000000001, 0.007111582926769712, 3.8391407744000014e-05, 0.014989974334513715], "65": [0.006980000000000001, 0.006326529026412561, 3.395738519999998e-05, 0.013340486411612562], "66": [0.0055000000000000005, 0.0049833509350744615, 2.6948077799999953e-05, 0.010510299012874461], "67": [0.0061, 0.005525443236923654, 3.2463087639999943e-05, 0.011657906324563653], "68": [0.00498, 0.004507679925552506, 2.3669273543999944e-05, 0.009511349199096505], "69": [0.0061, 0.005527889674362195, 3.066923545599998e-05, 0.011658558909818196], "70": [0.0057, 0.005163815202010133, 3.054329073599995e-05, 0.010894358492746134], "71": [0.005520000000000001, 0.005001750650677912, 2.779680817599995e-05, 0.010549547458853913], "72": [0.0026400000000000004, 0.002381897142975752, 2.1012052751999944e-05, 0.005042909195727752], "73": [0.0032800000000000004, 0.0029592850140254317, 2.6242530927999936e-05, 0.006265527544953432], "74": [0.00462, 0.004180883101616574, 2.5511923031999917e-05, 0.008826395024648576], "75": [0.005900000000000001, 0.005343702983725723, 2.9646141095999952e-05, 0.011273349124821724], "76": [0.004940000000000001, 0.004470969103264103, 3.0146239799999955e-05, 0.009441115343064103], "77": [0.005200000000000001, 0.004709137818016172, 2.7067736079999958e-05, 0.009936205554096172], "78": [0.0053, 0.004798507192323758, 3.0236621879999926e-05, 0.010128743814203757], "79": [0.0016, 0.001441881301036937, 1.4878449039999986e-05, 0.0030567597500769372], "80": [0.004880000000000001, 0.00441791308932474, 2.8801964391999965e-05, 0.00932671505371674], "81": [0.00272, 0.0024535696676901177, 2.1448004823999936e-05, 0.005195017672514118], "82": [0.0044800000000000005, 0.004055087155531647, 2.3060555231999937e-05, 0.008558147710763646], "83": [0.004860000000000001, 0.004403244078639324, 2.3651624287999938e-05, 0.009286895702927324], "84": [0.00466, 0.0042165795263714384, 2.6703874583999963e-05, 0.008903283400955439], "85": [0.0051, 0.004618138332377809, 2.5789874343999952e-05, 0.00974392820672181], "86": [0.00218, 0.001965549387654951, 1.8551095183999936e-05, 0.0041641004828389516], "87": [0.00394, 0.003564049020265633, 2.2282702687999945e-05, 0.007526331722953633],