{"1": [0.4158, 0.03712008756599999, 0.07421081773499996, 0.5271309053009999], "2": [0.324, 0.029449391453999996, 0.044789878988999866, 0.3982392704429999], "3": [0.0945, 0.004736173760999999, 0.014354229509999934, 0.11359040327099992], "4": [0.17099999999999999, 0.009500129873999995, 0.03282043455000008, 0.21332056442400008], "5": [0.0972, 0.005632933265999999, 0.00997213922999996, 0.11280507249599994], "6": [0.1656, 0.008574838686, 0.025696668987000123, 0.19987150767300013], "7": [0.0774, 0.0032200216740000003, 0.009415530557999962, 0.09003555223199995], "8": [0.2547, 0.017750172086999996, 0.041276485601999986, 0.31372665768899993], "9": [0.0675, 0.0024629552549999996, 0.010017782162999981, 0.07998073741799998], "11": [0.0864, 0.003586572594, 0.01632008209500005, 0.10630665468900005], "12": [0.1548, 0.008895774618, 0.031310616096000055, 0.19500639071400006], "13": [0.0414, 0.001176487578, 0.0048599470259999816, 0.04743643460399998], "14": [0.055799999999999995, 0.001767457422, 0.007931381409000019, 0.06549883883100001], "15": [0.0378, 0.0006423155820000001, 0.0066484365030000155, 0.04509075208500002], "17": [0.1341, 0.004096484199000002, 0.02423975041800009, 0.16243623461700007], "18": [0.0783, 0.003149456823, 0.00887096528999998, 0.09032042211299997], "19": [0.0567, 0.0015410124450000006, 0.008534764502999989, 0.06677577694799999], "20": [0.2736, 0.027703161540000007, 0.04608824370299991, 0.34739140524299994], "21": [0.1314, 0.007561798253999999, 0.020640585645000084, 0.15960238389900006], "22": [0.039599999999999996, 0.001118612754, 0.0010843883909999997, 0.041803001145], "23": [0.306, 0.027131128847999997, 0.05658708964499998, 0.389718218493], "24": [0.07919999999999999, 0.003262583124, 0.014508204353999923, 0.09697078747799992], "25": [0.0774, 0.003136984362, 0.00895655061899998, 0.08949353498099998], "26": [0.0423, 0.0010406853270000004, 0.005525975600999984, 0.04886666092799998], "27": [0.11159999999999999, 0.0034999899120000005, 0.013169143295999998, 0.12826913320799999], "28": [0.033299999999999996, 0.000122832045, 0.00638882486100001, 0.039811656906000005], "29": [0.2223, 0.023239697931000003, 0.037938264840000076, 0.28347796277100007], "30": [0.0171, 0.000117309303, 0.002100249890999998, 0.019317559193999998], "32": [0.0432, 0.0008152554419999998, 0.006454062747000008, 0.05046931818900001], "33": [0.1017, 0.0028674240569999993, 0.016642232298000093, 0.12120965635500008], "34": [0.0081, 3.2330744999999995e-05, 0.0005195964509999999, 0.008651927196], "36": [0.06659999999999999, 0.0011844176399999997, 0.009309600215999993, 0.077094017856], "37": [0.08549999999999999, 0.002342182149, 0.008366378381999984, 0.09620856053099998], "38": [0.10529999999999999, 0.004726485026999999, 0.01748533230000013, 0.12751181732700012], "39": [0.0513, 0.000977989059, 0.006696801764999991, 0.058974790823999985], "40": [0.07919999999999999, 0.0032218310519999994, 0.01065676005899995, 0.09307859111099993], "41": [0.4653, 0.053420535261, 0.05969407589999998, 0.578414611161], "42": [0.045899999999999996, 0.001268694009, 0.0014329866329999992, 0.048601680641999996], "43": [0.1944, 0.009039918815999996, 0.03995042423399996, 0.24339034304999996], "44": [0.1944, 0.016207847442, 0.03300360552, 0.24361145296199999], "45": [0.20429999999999998, 0.009052846335000002, 0.02291541783300006, 0.23626826416800004], "46": [0.1305, 0.004963501395, 0.018501244425000125, 0.15396474582000014], "47": [0.1206, 0.007747006698000001, 0.011958189650999974, 0.140305196349], "48": [0.09269999999999999, 0.0035474363909999995, 0.010125715715999939, 0.10637315210699992], "49": [0.0162, 0.00020383423199999998, 0.001955108987999998, 0.018358943219999996], "50": [0.0207, 0.00023682917699999998, 0.0028064986919999944, 0.02374332786899999], "51": [0.2475, 0.022846563134999998, 0.043115542730999934, 0.31346210586599993], "52": [0.09179999999999999, 0.003845272338, 0.015895974033000002, 0.11154124637099999], "53": [0.0783, 0.0019412694090000001, 0.011538656954999999, 0.091779926364], "54": [0.0675, 0.001736226657, 0.008220929274000026, 0.07745715593100003], "55": [0.1809, 0.011599767081000002, 0.01577622241800001, 0.208275989499], "56": [0.0693, 0.000959437629, 0.01779057051299998, 0.08805000814199998], "57": [0.2016, 0.012614549417999998, 0.04103708305500007, 0.2552516324730001], "58": [0.0846, 0.0030422637720000003, 0.017880276231000088, 0.10552254000300007], "59": [0.1287, 0.005654399318999999, 0.016415819721000046, 0.15077021904000004], "60": [0.0423, 0.0012427260570000004, 0.004752791558999988, 0.04829551761599998], "61": [0.30419999999999997, 0.025755740262000004, 0.0519110193419999, 0.38186675960399985], "62": [0.2376, 0.026364235266000006, 0.03727733351399998, 0.30124156877999997], "63": [0.4032, 0.03961661059799999, 0.06030096216299998, 0.503117572761], "64": [0.09809999999999999, 0.0042810438330000014, 0.018220735026000127, 0.12060177885900011], "65": [0.3051, 0.03497861078100001, 0.038229118911, 0.378307729692], "66": [0.0405, 0.000973300293, 0.011282711453999974, 0.05275601174699998], "67": [0.0207, 0.00036019784699999996, 0.0009456945209999998, 0.022005892368], "68": [0.09, 0.0027648719819999995, 0.010575148590000007, 0.10334002057200001], "69": [0.0648, 0.0017294193360000004, 0.007837192503000003, 0.07436661183900001], "70": [0.0819, 0.0021061521989999997, 0.011525691365999992, 0.095531843565], "71": [0.054, 0.001131373818, 0.012544935101999959, 0.06767630891999996], "72": [0.108, 0.005384631492, 0.0177135049260001, 0.1310981364180001], "73": [0.019799999999999998, 4.0425641999999996e-05, 0.002869352667000003, 0.022709778309], "74": [0.1071, 0.006061410711, 0.024223773816000084, 0.13738518452700008], "75": [0.1134, 0.005047917407999999, 0.018609582330000082, 0.13705749973800008], "76": [0.135, 0.005551099938000001, 0.02078799130800018, 0.1613390912460002], "77": [0.10529999999999999, 0.004974997239, 0.020246397849000116, 0.1305213950880001], "78": [0.1494, 0.007910576316, 0.02194249135500014, 0.17925306767100016], "79": [0.0693, 0.0014501920050000005, 0.015327832418999933, 0.08607802442399994], "80": [0.1287, 0.006465606866999999, 0.017023239855000063, 0.1521888467220001], "81": [0.0144, 0.00017461882799999997, 0.0007440824429999998, 0.015318701270999999], "82": [0.0252, 0.000514934172, 0.0010148055839999998, 0.026729739755999998], "83": [0.009, 1.9412297999999998e-05, 0.0011748784319999994, 0.010194290729999998], "84": [0.0711, 0.0021822124950000004, 0.011174453414999947, 0.08445666590999995], "85": [0.3861, 0.035357330655, 0.04776743907000004, 0.46922476972500005], "86": [0.0648, 0.0009689104980000001, 0.008146668717000035, 0.07391557921500004], "87": [0.0405, 0.0008863288110000001, 0.005940580094999992, 0.047326908906], "88": [0.039599999999999996, 0.0010980735840000002, 0.004888903634999984, 0.04558697721899998], "89": [0.033299999999999996, 0.000769821813, 0.004144449240000002, 0.038214271052999994], "90": [0.0603, 0.0012894497730000004, 0.006462955089000013, 0.06805240486200001], "91": [0.0567, 0.0015388361370000001, 0.00912877079399996, 0.06736760693099997], "92": [0.0288, 0.0005304195900000001, 0.004431297536999986, 0.033761717126999984], "93": [0.1818, 0.008751117041999996, 0.04042782405899989, 0.23097894110099987], "94": [0.0351, 0.001052804709, 0.004350817880999986, 0.04050362258999999], "95": [0.1377, 0.0071555005529999995, 0.018275462433000055, 0.16313096298600002], "96": [0.0486, 0.0011395024920000001, 0.005634380249999998, 0.05537388274199999], "97": [0.2556, 0.024660724103999998, 0.03821451760799999, 0.318475241712], "98": [0.0423, 0.0012193935210000001, 0.007804378268999983, 0.05132377178999998], "99": [0.0639, 0.001876220091, 0.009068077898999998, 0.07484429798999999], "100": [0.0027, 2.4278130000000004e-06, 0.0005417748179999995, 0.0032442026309999995], "101": [0.0576, 0.001736447058, 0.008030842361999977, 0.06736728941999998], "102": [0.0774, 0.003374307396, 0.009791262746999957, 0.09056557014299996],