{"0": [5.726, 118.37381169396552, 12.744324293828639, 136.84413598779415], "1": [4.956, 105.69556848174925, 9.57865944153901, 120.23022792328825], "2": [3.745, 58.134524749879326, 7.173270065057834, 69.05279481493716], "3": [5.6000000000000005, 141.27138797122257, 7.995753380094911, 154.86714135131746], "4": [2.9050000000000002, 26.426545386787645, 5.0352205960000145, 34.36676598278766], "5": [5.2010000000000005, 119.77818010702235, 9.661968755256982, 134.64114886227935], "6": [5.173, 124.36536469970574, 7.051911377615411, 136.59027607732116], "7": [3.892, 58.89721479372185, 5.861523661347474, 68.65073845506933], "8": [4.634, 96.64866316395214, 7.374565731137522, 108.65722889508966], "9": [2.737, 25.246412899825167, 5.890380580349937, 33.87379348017511], "10": [4.291, 90.64411684266278, 6.463262878147825, 101.39837972081061], "11": [2.751, 25.07655052981848, 5.0273822605641625, 32.85493279038264], "12": [3.661, 51.97854060333046, 6.424677971158885, 62.064218574489345], "13": [3.787, 62.516570952909085, 5.199724170749643, 71.50329512365873], "14": [3.598, 55.02574867365195, 5.565147820597401, 64.18889649424935], "15": [3.2760000000000002, 45.320146292193236, 4.896137734356295, 53.492284026549534], "16": [4.172, 71.34165082464467, 7.079797748614437, 82.59344857325911], "17": [3.185, 13.304827051840794, 20.602885254818492, 37.09271230665929], "18": [3.479, 52.347287055090774, 5.100788948112761, 60.92707600320354], "19": [4.011, 68.70479661158119, 7.48819517220429, 80.20399178378547], "20": [3.7520000000000002, 54.67179337925687, 6.9878512119368805, 65.41164459119375], "21": [2.24, 15.096658454663237, 4.618324137000023, 21.95498259166326], "22": [1.841, 3.751537579083031, 6.720648145296967, 12.313185724379998], "23": [3.451, 45.84242840892774, 6.863162270332527, 56.15659067926026], "24": [3.773, 60.93680294234375, 6.9694727229542615, 71.67927566529802], "25": [3.374, 45.59316420533085, 5.798797052198918, 54.76596125752977], "26": [3.9130000000000003, 69.88252586336446, 5.972976826723654, 79.76850269008811], "27": [2.443, 17.74876698847686, 4.439696058000013, 24.631463046476874], "28": [3.612, 54.813150131834554, 5.5182792014312625, 63.94342933326582], "29": [2.898, 29.618113897927934, 4.859591252440407, 37.37570515036835], "30": [2.044, 12.182664059848873, 4.070718659000001, 18.297382718848873], "31": [3.626, 51.269888367204445, 5.603094265245273, 60.49898263244972], "32": [2.597, 9.996952160167107, 13.160915469096627, 25.754867629263735], "33": [2.541, 20.962769706990496, 4.618308016000015, 28.12207772299051], "34": [2.625, 22.571828785736905, 4.791898144584222, 29.98872693032113], "35": [2.9330000000000003, 32.03159587039206, 4.880155392000017, 39.84475126239208], "36": [2.996, 35.0941502928346, 5.3651831768549405, 43.45533346968954], "37": [2.989, 31.57125116603684, 4.706680088584221, 39.26693125462106], "38": [2.359, 18.722849434344532, 4.217772069000011, 25.299621503344547], "39": [2.709, 30.617303874249263, 4.188184678368215, 37.51448855261748], "40": [0.896, 1.13744468424797, 2.778144621000001, 4.811589305247971], "41": [2.982, 36.42258638106312, 5.03830869174752, 44.44289507281064], "42": [1.701, 8.58751067568432, 3.3728098950000014, 13.661320570684321], "43": [1.008, 1.397732901817826, 2.883929545000001, 5.289662446817827], "44": [2.737, 31.746748954032782, 4.199238211000003, 38.682987165032785], "45": [2.968, 35.45446591584974, 4.586414395688164, 43.00888031153791], "46": [2.856, 31.148116974494577, 4.7922885430000175, 38.7964055174946], "47": [2.618, 24.680131702230316, 4.429032286000002, 31.727163988230316], "48": [2.226, 16.754912430590956, 4.135689889827333, 23.116602320418288], "49": [2.646, 23.74804412655138, 4.319540024188946, 30.713584150740328], "50": [2.051, 13.718459189940189, 4.004391425999994, 19.773850615940184], "51": [1.729, 8.784086429443317, 3.1088257759999993, 13.621912205443316], "52": [2.352, 22.001289374152922, 4.014459915279792, 28.367749289432716], "53": [2.121, 15.819907646632172, 3.4079323599999944, 21.348840006632166], "54": [2.38, 21.123637705747637, 4.036507240936233, 27.540144946683867], "55": [2.4290000000000003, 20.75316080478006, 3.9118684103233217, 27.094029215103383], "56": [1.561, 8.145077811154362, 2.705967375999996, 12.412045187154359], "57": [1.694, 5.342167437919183, 5.810963047296975, 12.847130485216159], "58": [2.219, 18.84181878492559, 3.9080820208456215, 24.968900805771213], "59": [1.939, 12.184159308401995, 3.693695361999995, 17.81685467040199], "60": [2.107, 16.45703047888744, 3.6665346619999952, 22.230565140887435], "61": [2.247, 16.91296417075268, 3.5520114210000004, 22.71197559175268], "62": [2.2960000000000003, 20.143831927163777, 3.8274942719999956, 26.267326199163772], "63": [0.833, 1.0050939553452665, 2.2732056969999994, 4.111299652345266], "64": [2.744, 29.0949993601943, 4.597459126753362, 36.436458486947664], "65": [2.443, 20.81381818402019, 4.047990450000007, 27.304808634020198], "66": [1.925, 13.619088578778728, 3.2360616749999975, 18.780150253778725], "67": [2.1350000000000002, 15.889034501944922, 3.886419564999998, 21.91045406694492], "68": [1.743, 9.780802449274265, 2.8513271989999933, 14.375129648274259], "69": [2.1350000000000002, 17.058894255011445, 3.6729921760000015, 22.866886431011448], "70": [1.995, 14.388227672086801, 3.6599273060000024, 20.043154978086804], "71": [1.932, 13.971095759608794, 3.3370545459999987, 19.240150305608793], "72": [0.924, 1.5282494545213352, 2.542029742, 4.994279196521335], "73": [1.1480000000000001, 1.9062767170399328, 3.2465644942500016, 6.300841211289935], "74": [1.617, 8.505612247452895, 3.070616996999996, 13.193229244452892], "75": [2.065, 14.783861007378482, 3.5521794909999986, 20.401040498378478], "76": [1.729, 9.716801082459103, 3.617661424999994, 15.063462507459096], "77": [1.82, 11.449442243415074, 3.253211429999999, 16.522653673415075], "78": [1.855, 11.346111614038461, 3.6279671049999997, 16.829078719038463], "79": [0.56, 0.576201517926916, 1.8076055899999992, 2.943807107926915], "80": [1.708, 9.706050547588987, 3.4583143069999953, 14.872364854588982], "81": [0.9520000000000001, 1.4643852676829041, 2.5933848290000014, 5.009770096682906], "82": [1.568, 8.282222568604885, 2.780251571999995, 12.63047414060488], "83": [1.701, 11.037837957227378, 2.847059347999997, 15.585897305227375], "84": [1.631, 8.39252230267928, 3.2145597889999986, 13.23808209167928], "85": [1.7850000000000001, 10.800130020376583, 3.102584498999998, 15.68771451937658], "86": [0.763, 0.9838180905226415, 2.2509270139999975, 3.997745104522639], "87": [1.379, 5.9099958035742155, 2.6912687479999966, 9.980264551574212], "88": [1.8900000000000001, 13.403913507282725, 3.0708054019999955, 18.364718909282722], "89": [1.617, 9.441686718262305, 2.910151796999997, 13.968838515262302], "90": [1.232, 4.827464466486042, 2.2685568220000016, 8.328021288486044], "91": [0.847, 1.1724962265303944, 2.058115003000001, 4.077611229530396], "92": [0.847, 1.1724962265303944, 2.058115003000001, 4.077611229530396], "93": [0.847, 1.1724962265303944, 2.058115003000001, 4.077611229530396], "94": [1.687, 10.680502159736674, 2.9540688800000012, 15.321571039736675], "95": [1.036, 1.6731219162906077, 2.8101817519999983, 5.519303668290606], "96": [1.029, 1.7731229641753707, 2.809217138000004, 5.611340102175374], "97": [1.9040000000000001, 13.157101029701154, 3.3192403999999938, 18.380341429701147], "98": [1.127, 4.199915977436189, 2.2400941429999963, 7.567010120436185], "99": [1.302, 5.54986043502734, 2.5064100249999934, 9.358270460027335], "100": [1.883, 11.712418755551754, 3.365003607000001, 16.960422362551757], "101": [0.602, 0.6564865542914979, 1.8331855989999988, 3.091672153291497], "102": [1.764, 9.532775790834913, 3.371003657, 14.667779447834913], "103": [0.896, 1.2299173231559621, 2.5459518489999997, 4.6718691721559615], "104": [0.63, 0.94299048239375, 1.722430408999999, 3.295420891393749], "105": [1.435, 6.8732073749383344, 2.755658472000001, 11.063865846938334],