{"1": [0.2772, 0.016569544464000004, 0.033083110439999765, 0.3268526549039998], "2": [0.21600000000000003, 0.013126145616000002, 0.01994895525599992, 0.24907510087199997], "3": [0.063, 0.0021063907440000006, 0.00638298504000005, 0.07148937578400005], "4": [0.114, 0.004235293296000002, 0.014615053200000025, 0.13285034649600003], "5": [0.06480000000000001, 0.002514417264, 0.004445467919999997, 0.071759885184], "6": [0.11040000000000001, 0.003819772944000002, 0.01144026784800001, 0.12566004079200002], "7": [0.05160000000000001, 0.0014318004960000006, 0.004185986832000021, 0.05721778732800003], "8": [0.1698, 0.007903750248, 0.018378029807999848, 0.19608178005599985], "9": [0.045000000000000005, 0.00109528452, 0.004453951752000032, 0.05054923627200004], "11": [0.057600000000000005, 0.0015969281760000004, 0.007260059880000023, 0.06645698805600003], "12": [0.10320000000000001, 0.003960585072000001, 0.013934899584000042, 0.12109548465600006], "13": [0.027600000000000003, 0.0005230689120000001, 0.002160344304000023, 0.030283413216000026], "14": [0.037200000000000004, 0.0007858910880000001, 0.0035260389360000305, 0.041511930024000034], "15": [0.025200000000000004, 0.0002857157280000001, 0.0029563071120000226, 0.028442022840000025], "17": [0.08940000000000001, 0.0018249330960000002, 0.010789828272000023, 0.10201476136800003], "18": [0.0522, 0.0014024923920000004, 0.0039456741600000155, 0.05754816655200002], "19": [0.0378, 0.0006851962800000004, 0.0037944591120000317, 0.042279655392000036], "20": [0.1824, 0.012402344159999999, 0.02054269591199985, 0.21534504007199984], "21": [0.08760000000000001, 0.003363852816000001, 0.009180289080000043, 0.10014414189600006], "22": [0.026400000000000003, 0.0004980008160000001, 0.00048246026400000007, 0.02738046108], "23": [0.20400000000000001, 0.012110452992, 0.025222825079999785, 0.2413332780719998], "24": [0.05280000000000001, 0.0014512512960000003, 0.006452127216000049, 0.060703378512000056], "25": [0.05160000000000001, 0.0013977168480000005, 0.00398831277600002, 0.05698602962400003], "26": [0.028200000000000003, 0.00046267120800000015, 0.0024564461040000305, 0.031119117312000035], "27": [0.07440000000000001, 0.0015614340480000002, 0.005868048384000023, 0.08182948243200004], "28": [0.0222, 5.463468000000001e-05, 0.0028402651440000096, 0.02509489982400001], "29": [0.14820000000000003, 0.010379996423999999, 0.016912647359999897, 0.17549264378399992], "30": [0.0114, 5.215831200000001e-05, 0.0009335762639999953, 0.012385734575999997], "32": [0.028800000000000003, 0.00036275716800000004, 0.0028699148880000215, 0.03203267205600002], "33": [0.06780000000000001, 0.0012787271280000005, 0.007408431792000011, 0.07648715892000003], "34": [0.0054, 1.437948e-05, 0.00023099450399999998, 0.005645373984], "36": [0.0444, 0.0005275785600000002, 0.004143680064000011, 0.04907125862400001], "37": [0.057, 0.0010437798960000002, 0.0037215269280000216, 0.06176530682400002], "38": [0.07020000000000001, 0.0021019600080000003, 0.007775719200000062, 0.08007767920800007], "39": [0.0342, 0.0004353345360000001, 0.0029778375600000196, 0.03761317209600002], "40": [0.05280000000000001, 0.0014334166080000002, 0.004739278536000027, 0.05897269514400003], "41": [0.31020000000000003, 0.023880666744000002, 0.026616333599999785, 0.3606970003439998], "42": [0.030600000000000002, 0.0005649093360000002, 0.0006374686319999984, 0.031802377968], "43": [0.12960000000000002, 0.004027774464, 0.017786162735999877, 0.15141393719999988], "44": [0.12960000000000002, 0.0072419251680000025, 0.014712886080000027, 0.15155481124800005], "45": [0.13620000000000002, 0.004042644840000002, 0.010211913431999993, 0.150454558272], "46": [0.08700000000000001, 0.0022103470800000006, 0.008232730200000015, 0.09744307728000001], "47": [0.08040000000000001, 0.003458929392000001, 0.005330927304000013, 0.08918985669600003], "48": [0.06180000000000001, 0.001579092264, 0.004504292064000016, 0.06788338432800003], "49": [0.0108, 9.063532800000002e-05, 0.0008690915519999961, 0.011759726879999998], "50": [0.013800000000000002, 0.00010533160800000001, 0.0012478351680000018, 0.015153166776000003], "51": [0.165, 0.01019703204, 0.01921465562399991, 0.1944116876639999], "52": [0.061200000000000004, 0.0017106599520000008, 0.007069718232000051, 0.06998037818400005], "53": [0.0522, 0.0008657109360000002, 0.005137861320000018, 0.05820357225600002], "54": [0.045000000000000005, 0.0007727975280000005, 0.0036571908960000236, 0.04942998842400003], "55": [0.12060000000000001, 0.005185488024, 0.007027396272000022, 0.13281288429600005], "56": [0.046200000000000005, 0.00042683781600000005, 0.007911640152000035, 0.05453847796800004], "57": [0.13440000000000002, 0.0056272842719999995, 0.018282735719999898, 0.1583100199919999], "58": [0.056400000000000006, 0.0013542914880000005, 0.007953459624000011, 0.06570775111200002], "59": [0.0858, 0.002515257576, 0.007300666584000069, 0.09561592416000007], "60": [0.028200000000000003, 0.0005525351280000004, 0.00211275453600002, 0.030865289664000022], "61": [0.2028, 0.011483210448, 0.02312716276799977, 0.23741037321599978], "62": [0.1584, 0.011789025264, 0.016621415855999997, 0.18681044112], "63": [0.26880000000000004, 0.017682694992000005, 0.026883031751999825, 0.3133657267439999], "64": [0.0654, 0.0019046974320000006, 0.008104736304000026, 0.07540943373600002], "65": [0.20340000000000003, 0.015639232824, 0.017043946343999892, 0.23608317916799992], "66": [0.027000000000000003, 0.00043310527200000003, 0.0050175056160000255, 0.032450610888000025], "67": [0.013800000000000002, 0.00016024528800000004, 0.0004206057840000002, 0.014380851072000001], "68": [0.060000000000000005, 0.0012332213280000005, 0.004710897360000006, 0.06594411868800001], "69": [0.0432, 0.0007709005440000002, 0.0034896111120000157, 0.04746051165600002], "70": [0.0546, 0.0009379650960000004, 0.0051270596640000205, 0.06066502476000002], "71": [0.036000000000000004, 0.000503821872, 0.005580857808000026, 0.04208467968000003], "72": [0.07200000000000001, 0.002396566368, 0.007880045904000037, 0.08227661227200003], "73": [0.013200000000000002, 1.7977968000000002e-05, 0.0012755785679999996, 0.014493556536], "74": [0.0714, 0.002699213544000001, 0.010777774464000023, 0.08487698800800003], "75": [0.0756, 0.0022461592320000006, 0.008277430320000025, 0.08612358955200003], "76": [0.09000000000000001, 0.0024715703520000005, 0.009250484832000002, 0.10172205518400002], "77": [0.07020000000000001, 0.002214113256000001, 0.009008412695999985, 0.081422525952], "78": [0.09960000000000001, 0.0035217944640000007, 0.009763558920000038, 0.11288535338400005], "79": [0.046200000000000005, 0.0006450865200000006, 0.006816299976000033, 0.05366138649600004], "80": [0.0858, 0.0028760953680000007, 0.007571122920000058, 0.09624721828800006], "81": [0.009600000000000001, 7.765891200000001e-05, 0.00033086887199999994, 0.010008527784], "82": [0.016800000000000002, 0.00022913308800000004, 0.00045140313599999974, 0.017480536224], "83": [0.006, 8.631792e-06, 0.000522232127999999, 0.0065308639199999985], "84": [0.047400000000000005, 0.0009714214800000001, 0.00496910916000002, 0.05334053064000002], "85": [0.2574, 0.015765486120000005, 0.021279995279999856, 0.2944454813999999], "86": [0.0432, 0.0004310845920000001, 0.003622947768000029, 0.04725403236000003], "87": [0.027000000000000003, 0.00039497594400000007, 0.00264457188000001, 0.03003954782400001], "88": [0.026400000000000003, 0.00048819513600000013, 0.002173244040000023, 0.029061439176000025], "89": [0.0222, 0.0003425753520000001, 0.0018431049600000006, 0.024385680312000002], "90": [0.04020000000000001, 0.0005738191920000005, 0.0028747096560000156, 0.04364852884800002], "91": [0.0378, 0.0006841914480000002, 0.004058420976000032, 0.04254261242400003], "92": [0.019200000000000002, 0.00023588136000000007, 0.001970097048000011, 0.02140597840800001], "93": [0.12120000000000002, 0.003898403568000001, 0.0179950545359999, 0.1430934581039999],