{"1": [92.39999999999999, 2.136000000000001, 184.08799999999994, 278.6239999999999], "2": [72.0, 1.9920000000000044, 289.376000000001, 363.368000000001], "3": [21.0, 48.112, 463.0000000000017, 532.1120000000017], "4": [38.0, 9.584000000000001, 445.2160000000016, 492.8000000000016], "5": [21.599999999999998, 0.10400000000000006, 73.13600000000021, 94.8400000000002], "6": [36.8, 21.000000000000004, 313.78400000000124, 371.58400000000125], "7": [17.2, 50.352000000000004, 368.61600000000124, 436.16800000000126], "8": [56.599999999999994, 18.952, 390.24000000000177, 465.79200000000174], "9": [14.999999999999998, 38.120000000000005, 365.5440000000008, 418.6640000000008], "11": [19.2, 0.12799999999999997, 326.0719999999997, 345.3999999999997], "12": [34.4, 15.968000000000004, 438.4640000000014, 488.8320000000014], "13": [9.2, 28.215999999999998, 212.87199999999945, 250.28799999999944], "14": [12.399999999999999, 36.18400000000001, 319.36800000000034, 367.95200000000034], "15": [8.399999999999999, 11.143999999999998, 221.65599999999966, 241.19999999999965], "17": [29.799999999999997, 9.968000000000002, 291.95200000000034, 331.72000000000037], "18": [17.4, 3.6800000000000015, 230.85599999999982, 251.9359999999998], "19": [12.6, 31.311999999999998, 330.73600000000084, 374.6480000000008], "20": [60.8, 0.5439999999999999, 363.8000000000004, 425.1440000000004], "21": [29.2, 47.176, 510.73600000000147, 587.1120000000014], "22": [8.799999999999999, 0.07999999999999999, 19.67999999999999, 28.559999999999988], "23": [68.0, 0.3039999999999999, 293.59200000000027, 361.8960000000003], "24": [17.599999999999998, 28.200000000000003, 415.42400000000174, 461.22400000000175], "25": [17.2, 0.27999999999999997, 78.17599999999992, 95.65599999999992], "26": [9.399999999999999, 28.512, 239.19199999999915, 277.10399999999913], "27": [24.799999999999997, 0.2480000000000001, 96.22399999999996, 121.27199999999996], "28": [7.3999999999999995, 2.92, 257.432, 267.752], "29": [49.4, 17.400000000000002, 235.1439999999993, 301.9439999999993], "30": [3.8, 4.255999999999999, 93.99199999999995, 102.04799999999994], "32": [9.6, 7.864000000000002, 207.34399999999948, 224.80799999999948], "33": [22.599999999999998, 0.5839999999999999, 256.96799999999956, 280.1519999999996], "34": [1.7999999999999998, 0.84, 21.031999999999996, 23.671999999999997], "36": [14.799999999999999, 0.5600000000000002, 96.48800000000006, 111.84800000000006], "37": [19.0, 1.104, 207.7839999999994, 227.8879999999994], "38": [23.4, 59.696000000000005, 527.9920000000005, 611.0880000000005], "39": [11.399999999999999, 4.032000000000002, 218.59999999999968, 234.03199999999967], "40": [17.599999999999998, 23.456, 298.1120000000005, 339.16800000000046], "41": [103.39999999999999, 0.4160000000000001, 250.3599999999995, 354.1759999999995], "42": [10.2, 0.17599999999999996, 33.04799999999999, 43.423999999999985], "43": [43.199999999999996, 2.9920000000000018, 376.96800000000087, 423.1600000000009], "44": [43.199999999999996, 0.1280000000000003, 326.83200000000033, 370.1600000000003], "45": [45.4, 0.03200000000000002, 233.13599999999968, 278.5679999999997], "46": [28.999999999999996, 24.656000000000002, 377.24800000000096, 430.90400000000096], "47": [26.799999999999997, 0.12799999999999995, 137.79999999999987, 164.72799999999987], "48": [20.599999999999998, 24.096, 264.4239999999997, 309.11999999999966], "49": [3.5999999999999996, 6.943999999999999, 85.17599999999995, 95.71999999999994], "50": [4.6, 6.223999999999998, 101.54400000000011, 112.36800000000011], "51": [54.99999999999999, 18.192, 343.56000000000085, 416.75200000000086], "52": [20.4, 23.168, 430.8880000000016, 474.4560000000016], "53": [17.4, 0.864, 103.68799999999986, 121.95199999999986], "54": [14.999999999999998, 3.3760000000000017, 165.27200000000013, 183.64800000000014], "55": [40.199999999999996, 2.9360000000000004, 319.200000000001, 362.33600000000104], "56": [15.399999999999999, 13.208000000000002, 510.67200000000145, 539.2800000000015], "57": [44.8, 0.39999999999999986, 343.5360000000004, 388.7360000000004], "58": [18.799999999999997, 4.656000000000002, 372.96800000000064, 396.42400000000066], "59": [28.599999999999998, 43.84, 460.23200000000065, 532.6720000000007], "60": [9.399999999999999, 27.615999999999996, 205.00799999999947, 242.02399999999946], "61": [67.6, 9.368000000000004, 383.7360000000009, 460.7040000000009], "62": [52.8, 0.32000000000000006, 219.89599999999945, 273.01599999999945], "63": [89.6, 5.840000000000002, 278.92000000000064, 374.36000000000064], "64": [21.799999999999997, 23.056000000000004, 421.2000000000023, 466.0560000000023], "65": [67.8, 6.664000000000002, 280.89600000000036, 355.36000000000035], "66": [9.0, 7.752000000000002, 333.1280000000009, 349.8800000000009], "67": [4.6, 6.183999999999999, 24.791999999999987, 35.575999999999986], "68": [20.0, 0.2719999999999999, 81.09599999999996, 101.36799999999997], "69": [14.399999999999999, 0.272, 70.04800000000006, 84.72000000000006], "70": [18.2, 1.392000000000001, 218.36800000000002, 237.96000000000004], "71": [11.999999999999998, 4.328, 241.27199999999974, 257.59999999999974], "72": [23.999999999999996, 17.648, 354.98400000000106, 396.6320000000011], "73": [4.3999999999999995, 1.184, 118.784, 124.36800000000001], "74": [23.799999999999997, 1.3680000000000019, 408.87200000000064, 434.04000000000065], "75": [25.2, 29.96, 425.81600000000134, 480.97600000000136], "76": [29.999999999999996, 22.528000000000006, 394.84000000000145, 447.3680000000015], "77": [23.4, 17.952, 344.38400000000127, 385.73600000000124], "78": [33.199999999999996, 22.016000000000002, 345.2400000000012, 400.4560000000012], "79": [15.399999999999999, 21.22399999999999, 428.96000000000083, 465.5840000000008], "80": [28.599999999999998, 45.8, 457.40800000000144, 531.8080000000015], "81": [3.1999999999999997, 4.895999999999999, 24.535999999999987, 32.631999999999984], "82": [5.6, 5.120000000000002, 21.927999999999994, 32.647999999999996], "83": [1.9999999999999998, 0.656, 53.30400000000014, 55.960000000000136], "84": [15.799999999999999, 10.704, 354.8560000000017, 381.3600000000017], "85": [85.8, 5.488000000000005, 230.77599999999998, 322.06399999999996], "86": [14.399999999999999, 10.112, 238.77599999999936, 263.28799999999933], "87": [9.0, 0.12799999999999997, 36.936000000000035, 46.064000000000036], "88": [8.799999999999999, 27.999999999999996, 212.07999999999927, 248.87999999999926], "89": [7.3999999999999995, 5.160000000000002, 122.376, 134.936], "90": [13.399999999999999, 6.408000000000003, 151.34399999999997, 171.15199999999996], "91": [12.6, 37.736, 355.93600000000146, 406.27200000000147], "92": [6.3999999999999995, 15.448, 172.26399999999975, 194.11199999999974], "93": [40.4, 6.192000000000002, 362.92000000000127, 409.51200000000125], "94": [7.799999999999999, 27.76, 191.67199999999963, 227.23199999999963], "95": [30.599999999999998, 45.64000000000001, 484.9680000000013, 561.2080000000013], "96": [10.799999999999999, 0.17600000000000002, 51.616000000000064, 62.59200000000006], "97": [56.8, 23.464000000000002, 332.30400000000105, 412.56800000000106], "98": [9.399999999999999, 28.48, 323.76800000000156, 361.64800000000156], "99": [14.2, 0.25600000000000006, 212.27999999999986, 226.73599999999985], "100": [0.6, 0.09599999999999997, 25.495999999999956, 26.191999999999958], "101": [12.799999999999999, 32.808, 313.5840000000008, 359.1920000000008], "102": [17.2, 48.831999999999994, 377.14400000000103, 443.176000000001], "103": [2.8, 0.992, 50.672000000000075, 54.46400000000008], "104": [27.799999999999997, 0.5920000000000001, 261.6720000000001, 290.0640000000001], "105": [7.3999999999999995, 27.696, 185.23999999999967, 220.33599999999967], "106": [7.799999999999999, 5.8, 70.51199999999999, 84.11199999999998], "107": [35.4, 21.560000000000002, 346.1840000000016, 403.1440000000016], "108": [48.199999999999996, 0.5999999999999999, 354.2320000000006, 403.0320000000006],