{"0": [0.1636, 0.007368080927999998, 0.005882046568000006, 0.17685012749600001], "1": [0.1416, 0.00645781696, 0.0054904248720000015, 0.153548241832], "2": [0.10700000000000001, 0.004264689032000002, 0.005060989896000009, 0.11632567892800003], "3": [0.16, 0.008525253168000001, 0.005316196168000007, 0.17384144933600001], "4": [0.083, 0.002676771448, 0.0042468269760000095, 0.08992359842400002], "5": [0.1486, 0.007189764504000002, 0.005344852272000002, 0.161134616776], "6": [0.14780000000000001, 0.0075055326480000005, 0.004987912256000003, 0.16029344490400002], "7": [0.11120000000000001, 0.004505595568000001, 0.004658663160000004, 0.12036425872800001], "8": [0.13240000000000002, 0.005821327455999999, 0.005045086440000002, 0.14326641389600003], "9": [0.0782, 0.0024497215440000006, 0.004739320064000008, 0.08538904160800001], "10": [0.1226, 0.005768477288000002, 0.00461502004800001, 0.132983497336], "11": [0.0786, 0.002479586728, 0.004107465008000013, 0.08518705173600001], "12": [0.1046, 0.004096822840000001, 0.00467280026400001, 0.113369623104], "13": [0.1082, 0.004939133784, 0.004317838936000008, 0.11745697272000001], "14": [0.1028, 0.0045636319680000025, 0.004337892000000006, 0.11170152396800001], "15": [0.0936, 0.003750481136000001, 0.0040546329520000065, 0.10140511408800001], "16": [0.1192, 0.005137771903999999, 0.005143540408000006, 0.129481312312], "17": [0.091, 0.002352887688, 0.005854829864000012, 0.09920771755200002], "18": [0.0994, 0.004424274088000001, 0.0042345922400000065, 0.108058866328], "19": [0.11460000000000001, 0.004940886056000002, 0.0052700960560000025, 0.12481098211200001], "20": [0.1072, 0.004246133247999999, 0.005171734943999997, 0.116617868192], "21": [0.064, 0.0018257245439999997, 0.0038950828720000067, 0.06972080741600001], "22": [0.0526, 0.0007644683599999999, 0.0040464593440000035, 0.057410927704000005], "23": [0.09860000000000001, 0.0038396838000000003, 0.00498802024, 0.10742770404000002], "24": [0.1078, 0.0046263091440000015, 0.004905925544000005, 0.11733223468800001], "25": [0.0964, 0.0037348258880000006, 0.00433783566400001, 0.10447266155200001], "26": [0.11180000000000001, 0.005054933048000003, 0.004504207992000015, 0.12135914104000003], "27": [0.0698, 0.0020620145360000005, 0.0037237920480000025, 0.07558580658399999], "28": [0.1032, 0.004345192368, 0.00456415534400001, 0.11210934771200001], "29": [0.0828, 0.002883342496, 0.0040786012800000035, 0.089761943776], "30": [0.0584, 0.0016068534080000002, 0.0034134993040000018, 0.063420352712], "31": [0.10360000000000001, 0.004192197984, 0.0045529526560000085, 0.11234515064000002], "32": [0.0742, 0.0017735374480000003, 0.005132191912000001, 0.08110572936], "33": [0.0726, 0.002265525352, 0.003877946496000005, 0.07874347184800001], "34": [0.075, 0.0023851593360000004, 0.004028561920000009, 0.08141372125600001], "35": [0.0838, 0.0030610254, 0.004119217152000008, 0.090980242552], "36": [0.08560000000000001, 0.003197024048, 0.004172554600000003, 0.09296957864800001], "37": [0.0854, 0.0030366307759999997, 0.003956709184000008, 0.09239333996000001], "38": [0.0674, 0.0021628089840000004, 0.0035401062640000036, 0.073102915248], "39": [0.07740000000000001, 0.00294975484, 0.0035082559600000045, 0.08385801080000001], "40": [0.0256, 0.000230634048, 0.002310700375999998, 0.028141334424], "41": [0.0852, 0.003395094848000001, 0.004129336936000006, 0.09272443178400001], "42": [0.048600000000000004, 0.00119396404, 0.0028092741200000035, 0.05260323816000001], "43": [0.028800000000000003, 0.00028913836800000003, 0.0023988865200000047, 0.03148802488800001], "44": [0.0782, 0.0030424958800000013, 0.0035259574160000067, 0.08476845329600001], "45": [0.0848, 0.0033033850239999997, 0.0036905337600000045, 0.091793918784], "46": [0.0816, 0.0030281069920000004, 0.004038987208000006, 0.0886670942], "47": [0.0748, 0.0026222444640000005, 0.003719113616000006, 0.08114135808000002], "48": [0.0636, 0.0019555517600000002, 0.0034581260160000053, 0.069013677776], "49": [0.0756, 0.0024886732160000007, 0.0035822238399999986, 0.081670897056], "50": [0.058600000000000006, 0.0016767887280000004, 0.0033455454560000035, 0.06362233418400001], "51": [0.0494, 0.0012139350160000001, 0.0025803490560000007, 0.053194284072], "52": [0.06720000000000001, 0.002398115472, 0.003319877704000003, 0.072917993176], "53": [0.0606, 0.0019363024880000002, 0.00283950816, 0.06537581064800001], "54": [0.068, 0.0022718498720000002, 0.0033447621680000044, 0.07361661204000002], "55": [0.0694, 0.0023621043120000003, 0.003272585552000003, 0.07503468986400001], "56": [0.0446, 0.0011969258800000003, 0.0022429986560000017, 0.048039924536], "57": [0.048400000000000006, 0.0010354217280000005, 0.003278369056000003, 0.052713790784000014], "58": [0.0634, 0.002168882088, 0.0031866378240000075, 0.068755519912], "59": [0.055400000000000005, 0.00157531116, 0.0030800154720000026, 0.06005532663200001], "60": [0.060200000000000004, 0.001925257704, 0.003058632271999999, 0.065183889976], "61": [0.06420000000000001, 0.002018874568, 0.0029615771760000014, 0.069180451744], "62": [0.0656, 0.002247588512, 0.003202194432000002, 0.07104978294400001], "63": [0.0238, 0.000188950424, 0.0018735542319999984, 0.025862504656], "64": [0.0784, 0.00295331704, 0.0038360877440000033, 0.085189404784], "65": [0.0698, 0.002364717176, 0.003393385200000002, 0.075558102376], "66": [0.055, 0.0017707638000000001, 0.0026934378000000032, 0.0594642016], "67": [0.061000000000000006, 0.0018818209680000002, 0.0032444076400000047, 0.066126228608], "68": [0.049800000000000004, 0.0013664710319999998, 0.002365913543999999, 0.05353238457600001], "69": [0.061000000000000006, 0.0020105889360000004, 0.0030651554560000046, 0.06607574439200001], "70": [0.057, 0.001794576328, 0.003052610736000005, 0.06184718706400001], "71": [0.055200000000000006, 0.0017907703680000002, 0.0027782481760000037, 0.05976901854400001], "72": [0.0264, 0.00031995944000000006, 0.0021005327520000018, 0.028820492192000002], "73": [0.0328, 0.00039280920000000005, 0.002623290928000002, 0.035816100128], "74": [0.046200000000000005, 0.001215766408, 0.0025500430319999995, 0.04996580944000001], "75": [0.059000000000000004, 0.0017904738480000004, 0.0029629410960000046, 0.06375341494400001], "76": [0.0494, 0.0013272144400000001, 0.0030130398000000037, 0.05374025424000001], "77": [0.052000000000000005, 0.0015452602400000005, 0.0027054560800000038, 0.056250716320000005], "78": [0.053000000000000005, 0.0015134158800000003, 0.0030220618800000003, 0.05753547776000001], "79": [0.016, 0.00010369888, 0.0014875290399999994, 0.01759122792], "80": [0.0488, 0.0013763474880000002, 0.0028787243920000024, 0.053055071880000006], "81": [0.027200000000000002, 0.00030106227200000005, 0.0021440848239999972, 0.029645147096], "82": [0.0448, 0.001225924688, 0.0023051152320000003, 0.04833103992], "83": [0.048600000000000004, 0.001551620888, 0.0023641042880000003, 0.052515725176], "84": [0.0466, 0.0011979510639999998, 0.0026691945840000013, 0.050467145648000006], "85": [0.051000000000000004, 0.0014933495759999994, 0.0025777943439999973, 0.05507114392], "86": [0.0218, 0.000191356712, 0.0018546551840000003, 0.023846011896], "87": [0.039400000000000004, 0.0009567370640000002, 0.002227462688000001, 0.04258419975200001], "88": [0.054, 0.001754939696, 0.002554321712000004, 0.058309261408], "89": [0.046200000000000005, 0.0013627380560000005, 0.0024150798320000007, 0.049977817888], "90": [0.0352, 0.0008349028800000003, 0.001874417232000001, 0.037909320112], "91": [0.024200000000000003, 0.00024214255200000003, 0.0016943409679999993, 0.02613648352], "92": [0.024200000000000003, 0.00024214255200000003, 0.0016943409679999993, 0.02613648352], "93": [0.024200000000000003, 0.00024214255200000003, 0.0016943409679999993, 0.02613648352], "94": [0.0482, 0.0015084542320000002, 0.002452513279999998, 0.052160967512], "95": [0.0296, 0.00034808380800000003, 0.0023221333120000028, 0.03227021712], "96": [0.029400000000000003, 0.000369902584, 0.0023208285280000027, 0.032090731112000004],