{"0": [16.36, 387.4528683135998, 323.79108262079984, 727.6039509343997], "1": [14.16, 376.25842283199984, 252.5668497376002, 642.9852725696], "2": [10.700000000000001, 260.8804161536, 234.92046809600038, 506.50088424960035], "3": [16.0, 463.7960574656, 247.2470040800002, 727.0430615456002], "4": [8.3, 162.48209314880003, 118.9773382944, 289.7594314432], "5": [14.86, 403.98656139519983, 241.43816675520048, 660.2847281504003], "6": [14.780000000000001, 421.86935343680005, 223.5063946400002, 660.1557480768003], "7": [11.120000000000001, 285.3821807616, 175.24974252480033, 471.75192328640037], "8": [13.24, 343.8145553376, 215.46299945600018, 572.5175547936002], "9": [7.82, 140.7568995456, 182.30005341440054, 330.8769529600005], "10": [12.26, 346.5626207200001, 176.53527842240024, 535.3578991424004], "11": [7.86, 153.20571401919997, 142.41266356159997, 303.47837758079993], "12": [10.46, 255.71775260159995, 169.30508047040038, 435.4828330720003], "13": [10.82, 307.98323656639985, 134.5172406688005, 453.3204772352003], "14": [10.28, 284.9894136895999, 143.58894018240042, 438.8583538720003], "15": [9.36, 248.88353124160002, 118.99518746560008, 377.23871870720006], "16": [11.92, 326.61327677120016, 230.65191817920032, 569.1851949504005], "17": [9.1, 165.39234237440002, 231.47214421760003, 405.96448659200007], "18": [9.94, 287.3229063744001, 123.07267887680003, 420.3355852512001], "19": [11.46, 309.6892664288, 235.53292611520018, 556.6821925440001], "20": [10.72, 265.35256587520007, 233.76842146240023, 509.8409873376003], "21": [6.4, 118.4369705856, 100.5392838976001, 225.3762544832001], "22": [5.26, 25.3829419232, 155.78336457600003, 186.42630649920002], "23": [9.86, 244.75066263360003, 220.22493684800028, 474.8355994816003], "24": [10.78, 306.0074853568, 207.09091591040033, 523.8784012672003], "25": [9.64, 240.3335038752, 159.3968621152004, 409.3703659904004], "26": [11.18, 321.2591545472, 179.13960090880025, 511.5787554560003], "27": [6.98, 128.96993833279998, 87.82005183360015, 223.76999016640013], "28": [10.32, 296.3414130496, 140.9290725344005, 447.5904855840005], "29": [8.28, 194.0886243456, 104.7497856480001, 307.1184099936001], "30": [5.84, 116.57141266559996, 60.11622339519998, 182.52763606079995], "31": [10.36, 282.30478701439995, 153.0554082112003, 445.72019522560026], "32": [7.42, 131.81413371840003, 184.01997448320026, 323.2541082016003], "33": [7.26, 142.8523034464, 92.93342063999998, 243.04572408639996], "34": [7.5, 154.09599981119996, 103.29314093439994, 264.8891407455999], "35": [8.38, 200.2698562463999, 103.02434857919988, 311.67420482559976], "36": [8.56, 213.49530166400004, 145.5577330176005, 367.61303468160054], "37": [8.540000000000001, 200.0963039296, 95.94509923840002, 304.581403168], "38": [6.74, 142.792392352, 68.54923343680007, 218.08162578880007], "39": [7.74, 219.5938025312, 84.6096808864, 311.9434834176], "40": [2.56, 2.8787000351999996, 39.56004594559991, 44.99874598079991], "41": [8.52, 242.4534365952, 132.58049168320002, 383.5539282784], "42": [4.86, 103.58335667200001, 43.62903012800001, 152.0723868], "43": [2.88, 3.9491768352, 54.509235513599954, 61.338412348799956], "44": [7.82, 221.21129884800004, 64.9384004, 293.96969924800004], "45": [8.48, 222.4928404896, 117.26582305920017, 348.23866354880016], "46": [8.16, 211.04507889280003, 109.23090793599992, 328.43598682879997], "47": [7.48, 183.01746778560002, 80.3793770528, 270.8768448384], "48": [6.36, 134.4716727072, 70.50379649280006, 211.3354692000001], "49": [7.5600000000000005, 151.87104792960002, 83.04197428480006, 242.4730222144001], "50": [5.86, 114.11257454399998, 76.37226906560008, 196.34484360960005], "51": [4.94, 103.89931764159998, 37.67943566399989, 146.51875330559986], "52": [6.72, 180.20047099200002, 75.26580136960011, 262.1862723616001], "53": [6.0600000000000005, 142.0428468576, 44.48501192639991, 192.58785878399993], "54": [6.8, 154.992708, 84.37031309120013, 246.16302109120014], "55": [6.94, 160.54274057279994, 75.48109016000006, 242.9638307328], "56": [4.46, 108.15572176, 29.10833109439989, 141.7240528543999], "57": [4.84, 59.879989459200004, 129.7740138335998, 194.49400329279982], "58": [6.34, 156.97739764799996, 79.17000642240023, 242.4874040704002], "59": [5.54, 119.02001990399998, 46.512176908799944, 171.07219681279992], "60": [6.0200000000000005, 138.15401781760002, 52.510014876799886, 196.68403269439992], "61": [6.42, 140.4747219616, 47.39357349119986, 194.28829545279984], "62": [6.5600000000000005, 153.20035291520003, 70.74739507200012, 230.50774798720016], "63": [2.38, 2.5137289088, 33.1977579999999, 38.0914869087999], "64": [7.84, 202.36117789120001, 107.86494538879998, 318.06612328], "65": [6.98, 162.3247555712, 57.02377220159987, 226.32852777279987], "66": [5.5, 139.83592981120003, 43.40606607359995, 188.7419958848], "67": [6.1000000000000005, 126.72283742400003, 60.142453263999876, 192.9652906879999], "68": [4.98, 111.63092094720001, 34.147474790399976, 150.75839573759998], "69": [6.1000000000000005, 155.98036892160002, 46.4248555647999, 208.50522448639992], "70": [5.7, 131.2083543392, 55.073680742399866, 191.98203508159986], "71": [5.5200000000000005, 136.73314126080004, 43.94094452799991, 186.19408578879995], "72": [2.64, 5.8951826912000005, 37.85983741439995, 46.39502010559995], "73": [3.2800000000000002, 7.8682021824, 75.33276636160036, 86.48096854400036], "74": [4.62, 107.05160635839998, 37.63754417279996, 149.30915053119995], "75": [5.9, 120.58548044160001, 61.63122986879984, 188.11671031039987], "76": [4.94, 106.91135963200001, 52.644750124799856, 164.49610975679985], "77": [5.2, 124.4301912896, 35.17049683839991, 164.8006881279999], "78": [5.3, 112.0626169312, 52.87347049919991, 170.2360874303999], "79": [1.6, 0.97648, 17.285727999999974, 19.862207999999974], "80": [4.88, 112.04317582079999, 46.51137624639989, 163.4345520671999], "81": [2.72, 5.031533168, 42.753157743999886, 50.50469091199989], "82": [4.48, 109.8241189376, 29.57892599999992, 143.88304493759992], "83": [4.86, 128.80588944, 34.522421590399915, 168.18831103039992], "84": [4.66, 106.4726353856, 35.4644861088, 146.5971214944], "85": [5.1000000000000005, 119.49488952000002, 33.13227831999999, 157.72716784], "86": [2.18, 2.7880400000000005, 28.199418636799884, 33.167458636799886], "87": [3.94, 98.27876432960001, 25.17583144639992, 127.39459577599993], "88": [5.4, 133.7916030144, 41.45402617279988, 180.6456291871999], "89": [4.62, 120.68065298239999, 27.50553592639994, 152.80618890879992], "90": [3.52, 71.95041615360003, 19.060212662399923, 94.53062881599995], "91": [2.42, 2.9609703647999996, 27.113157209599898, 32.4941275743999], "92": [2.42, 2.9609703647999996, 27.113157209599898, 32.4941275743999], "93": [2.42, 2.9609703647999996, 27.113157209599898, 32.4941275743999], "94": [4.82, 126.7144473632, 29.760648847999924, 161.29509621119993], "95": [2.96, 6.016940630400001, 51.33490465599995, 60.31184528639995], "96": [2.94, 7.212969750400001, 55.53682004799991, 65.68978979839991], "97": [5.44, 128.02040882240001, 41.18436937599994, 174.64477819839996], "98": [3.22, 63.63284161280001, 18.9049175519999, 85.75775916479991], "99": [3.72, 93.33332863360002, 23.20484326399992, 120.25817189759994], "100": [5.38, 122.1383609312, 37.11220448319991, 164.6305654143999], "101": [1.72, 1.2349780000000001, 18.113744508799943, 21.068722508799944], "102": [5.04, 109.5655037344, 41.02596339519992, 155.6314671295999], "103": [2.56, 3.1511442144000004, 41.28947122879996, 47.00061544319996], "104": [1.8, 2.7412059999999996, 19.24442073279992, 23.78562673279992], "105": [4.1, 104.26444706880001, 27.752361836799903, 136.1168089055999], "106": [0.98, 0.5490160000000001, 8.431600000000016, 9.960616000000016], "107": [1.6, 0.884256, 15.919706380800015, 18.403962380800017], "108": [3.64, 88.56617098239997, 19.6830164991999, 111.88918748159986], "109": [4.5, 105.57826407040001, 31.570275852799917, 141.64853992319993], "110": [3.54, 76.30607042559998, 21.595853561599924, 101.44192398719991],