{"0": [0.7362, 0.148072539564, 0.11838614850900016, 1.0026586880730002], "1": [0.6372, 0.13003489548, 0.11056483646100014, 0.8777997319410001], "2": [0.4815, 0.08596936304100007, 0.10203356427300019, 0.6695029273140002], "3": [0.72, 0.17150047493400003, 0.10697230080900003, 0.998472775743], "4": [0.3735, 0.054021158199000004, 0.08571382318800005, 0.5132349813870001], "5": [0.6687, 0.14474538542700002, 0.10761893328600008, 0.9210643187130001], "6": [0.6651, 0.151075062549, 0.10043767432800006, 0.9166127368770002], "7": [0.5004, 0.09080424113399997, 0.09391715545500016, 0.6851213965890001], "8": [0.5958, 0.11727571942799998, 0.10167300184500018, 0.8147487212730001], "9": [0.3519, 0.049436870697, 0.09564521083200023, 0.4969820815290002], "10": [0.5517, 0.11620194786900001, 0.09301331687400005, 0.7609152647430001], "11": [0.3537, 0.05004909558900001, 0.08291428385400007, 0.4866633794430001], "12": [0.4707, 0.08255687629500003, 0.09421314905700012, 0.6474700253520003], "13": [0.4869, 0.09936355106699997, 0.08708745804300001, 0.67335100911], "14": [0.4626, 0.09182046308399995, 0.08749445850000008, 0.641914921584], "15": [0.42119999999999996, 0.075641143518, 0.0818223177510002, 0.5786634612690001], "16": [0.5364, 0.10351624975199995, 0.1036620146790001, 0.7435782644310001], "17": [0.4095, 0.047391370569, 0.1181003163570003, 0.5749916869260003], "18": [0.4473, 0.089052481269, 0.08541541287000011, 0.621767894139], "19": [0.5156999999999999, 0.099585596853, 0.10621595310300014, 0.7215015499560001], "20": [0.4824, 0.08562225722399999, 0.10426375177200004, 0.6722860089960001], "21": [0.288, 0.036840834072000006, 0.07861481171100018, 0.4034556457830002], "22": [0.2367, 0.015422959305000001, 0.08175789772200007, 0.3338808570270001], "23": [0.4437, 0.077410831275, 0.1005920993700002, 0.6217029306450003], "24": [0.4851, 0.09324823574699995, 0.09890596019700022, 0.6772541959440002], "25": [0.43379999999999996, 0.07534005404399997, 0.08751200488200006, 0.596652058926], "26": [0.5031, 0.10187286399900002, 0.09081671327100015, 0.6957895772700001], "27": [0.3141, 0.041634919593, 0.0751992703740001, 0.43093418996700006], "28": [0.4644, 0.087643734534, 0.09204109072199997, 0.644084825256], "29": [0.3726, 0.05819649994800001, 0.08232527663999996, 0.513121776588], "30": [0.2628, 0.032457516804, 0.0689347840770001, 0.3641923008810001], "31": [0.4662, 0.08456300629200003, 0.09182255077800013, 0.6425855570700002], "32": [0.3339, 0.03575377494899999, 0.1036172979810001, 0.4732710729300001], "33": [0.3267, 0.045749692701, 0.07830349444800011, 0.4507531871490001], "34": [0.33749999999999997, 0.048154844493000004, 0.08131485996000014, 0.4669697044530001], "35": [0.3771, 0.06176926957500001, 0.08313186297599995, 0.5220011325509999], "36": [0.3852, 0.064520311374, 0.08420751292500003, 0.533927824299], "37": [0.3843, 0.06128699946299999, 0.07986460939200017, 0.5254516088550001], "38": [0.3033, 0.043675613667, 0.0714848933070001, 0.4184605069740001], "39": [0.3483, 0.05953088479499999, 0.07083919435500005, 0.47867007915000004], "40": [0.1152, 0.004650072624, 0.046702406763, 0.166552479387], "41": [0.38339999999999996, 0.06849373802400002, 0.08332543329300002, 0.535219171317], "42": [0.2187, 0.024129863144999996, 0.05677114918500005, 0.29960101233], "43": [0.1296, 0.005830838784000001, 0.04848435913500005, 0.18391519791900005], "44": [0.3519, 0.06140754706499999, 0.07119633453300003, 0.48450388159800006], "45": [0.3816, 0.066654345312, 0.07449330888000008, 0.5227476541920001], "46": [0.36719999999999997, 0.061119794645999995, 0.0815249293289999, 0.5098447239749999], "47": [0.3366, 0.052947676781999985, 0.07509613825800013, 0.4646438150400001], "48": [0.2862, 0.03949727913, 0.06984887320800008, 0.3955461523380001], "49": [0.3402, 0.050259071807999996, 0.07234327241999991, 0.46280234422799993], "50": [0.2637, 0.033874792839, 0.06758750467800008, 0.3651622975170001], "51": [0.2223, 0.024537888332999996, 0.05216340772799989, 0.2990012960609999], "52": [0.3024, 0.04842260238599999, 0.067051590777, 0.417874193163], "53": [0.2727, 0.039106824219, 0.05738013107999996, 0.3691869552989999], "54": [0.306, 0.045878084585999984, 0.06755865255900001, 0.419436737145], "55": [0.31229999999999997, 0.04769825543100001, 0.06609873342600002, 0.426096988857], "56": [0.2007, 0.024192805815, 0.045349752527999894, 0.2702425583429999], "57": [0.2178, 0.020903624964, 0.066257205228, 0.304960830192], "58": [0.2853, 0.04379810526900001, 0.0643676667120001, 0.39346577198100013], "59": [0.2493, 0.031834219455, 0.06223532988600003, 0.34336954934100006], "60": [0.2709, 0.03889416827699999, 0.061800675786000035, 0.371594844063], "61": [0.2889, 0.04077409500900001, 0.059842745162999936, 0.38951684017199995], "62": [0.2952, 0.045393783156000005, 0.06468244761600003, 0.40527623077200003], "63": [0.1071, 0.0038198973869999994, 0.03790220939099999, 0.148822106778], "64": [0.3528, 0.059617350269999994, 0.07744035067199999, 0.489857700942], "65": [0.3141, 0.047760582663000005, 0.06853072634999995, 0.43039130901299993], "66": [0.2475, 0.035776021275, 0.05443422952499997, 0.3377102508], "67": [0.27449999999999997, 0.03802047570899998, 0.065549541195, 0.37807001690399994], "68": [0.2241, 0.027613702790999995, 0.047829911696999926, 0.2995436144879999], "69": [0.27449999999999997, 0.040617251793, 0.06193016092799995, 0.37704741272099995], "70": [0.2565, 0.03625911288900001, 0.061680048317999905, 0.3544391612069999], "71": [0.24839999999999998, 0.036181619784, 0.056146705037999976, 0.34072832482199994], "72": [0.1188, 0.00646212897, 0.04248282702599999, 0.16774495599599998], "73": [0.1476, 0.00793802835, 0.05304587081399997, 0.20858389916399997], "74": [0.2079, 0.024574363929, 0.05154786629099995, 0.28402223021999995], "75": [0.2655, 0.036174444399, 0.059867807372999966, 0.361542251772], "76": [0.2223, 0.026823250844999993, 0.06088930177500001, 0.31001255262], "77": [0.23399999999999999, 0.031230584369999998, 0.05468173029, 0.31991231466], "78": [0.2385, 0.030585427064999993, 0.061070728814999975, 0.33015615587999997], "79": [0.072, 0.0020955704399999997, 0.03009758876999999, 0.10419315920999998], "80": [0.2196, 0.027816284844, 0.0581782452209999, 0.3055945300649999], "81": [0.1224, 0.006083914536, 0.043361359587000006, 0.171845274123], "82": [0.2016, 0.024779947194, 0.04660453551599991, 0.2729844827099999], "83": [0.2187, 0.031353763418999994, 0.04778978324399991, 0.2978435466629999], "84": [0.2097, 0.024218185707, 0.05395725146699999, 0.287875437174], "85": [0.22949999999999998, 0.030180055113, 0.052106379596999985, 0.31178643470999995], "86": [0.09809999999999999, 0.003869070381, 0.03752098864199994, 0.13949005902299993], "87": [0.17729999999999999, 0.019346784956999995, 0.045042522443999984, 0.24168930740099995], "88": [0.243, 0.035456709798, 0.051625911005999975, 0.33008262080399997], "89": [0.2079, 0.027545695352999996, 0.04882313969099994, 0.2842688350439999], "90": [0.15839999999999999, 0.01688572494, 0.03790997526599993, 0.21319570020599993], "91": [0.1089, 0.004890810051, 0.03428070570899995, 0.14807151575999994], "92": [0.1089, 0.004890810051, 0.03428070570899995, 0.14807151575999994], "93": [0.1089, 0.004890810051, 0.03428070570899995, 0.14807151575999994], "94": [0.21689999999999998, 0.030487671891000004, 0.049577867640000016, 0.29696553953099997], "95": [0.13319999999999999, 0.007034792004000001, 0.04696460805599999, 0.18719940005999997], "96": [0.1323, 0.007477952967, 0.04693926461399994, 0.18671721758099993], "97": [0.2448, 0.034582999086, 0.055843441199999996, 0.335226440286], "98": [0.1449, 0.014497809381, 0.03739773312899993, 0.19679554250999995], "99": [0.1674, 0.018038124251999993, 0.04190596357499999, 0.22734408782699997], "100": [0.24209999999999998, 0.032540636169000006, 0.05658585812099996, 0.33122649428999995], "101": [0.0774, 0.002446468919999999, 0.030531000896999984, 0.11037746981699997], "102": [0.2268, 0.027594609552, 0.05665860827099993, 0.31105321782299994],