{"0.1_1_1_0": 0.44082887077997646, "0.1_1_1_1": 0.6090116414435396, "0.1_1_3_0": 0.8994959254947607, "0.1_1_3_1": 0.9046484284051212, "1_1_1_0": 0.28274272409778817, "1_1_1_1": 0.3779813736903378, "1_1_3_0": 0.4929674039580908, "1_1_3_1": 0.4971292200232829, "0.1_2_1_0": 0.6400062015503879, "0.1_2_1_1": 0.7612635658914727, "0.1_2_3_0": 0.89982480620155, "0.1_2_3_1": 0.9037937984496114, "0.1_3_1_0": 0.4084190476190479, "0.1_3_1_1": 0.5306380952380956, "0.1_3_3_0": 0.6507666666666663, "0.1_3_3_1": 0.6942190476190471, "0.1_4_1_0": 0.36880689655172366, "0.1_4_1_1": 0.497313793103448, "0.1_4_3_0": 0.7592517241379325, "0.1_4_3_1": 0.7845241379310393, "0.1_5_1_0": 0.4946539855072459, "0.1_5_1_1": 0.6471684782608698, "0.1_5_3_0": 0.8466050724637689, "0.1_5_3_1": 0.8578550724637667, "0.1_6_1_0": 0.6037482993197276, "0.1_6_1_1": 0.7317755102040839, "0.1_6_3_0": 0.9034625850340204, "0.1_6_3_1": 0.9055170068027278, "0.1_7_1_0": 0.5873475177304979, "0.1_7_1_1": 0.7137304964539015, "0.1_7_3_0": 0.8575248226950342, "0.1_7_3_1": 0.8609858156028355, "0.1_8_1_0": 0.6289370629370622, "0.1_8_1_1": 0.7614405594405593, "0.1_8_3_0": 0.7553426573426586, "0.1_8_3_1": 0.8264055944055944, "0.1_9_1_0": 0.3423023493360575, "0.1_9_1_1": 0.4676220633299284, "0.1_9_3_0": 0.6004637385086824, "0.1_9_3_1": 0.6456935648621039, "0.1_10_1_0": 0.6194985250737457, "0.1_10_1_1": 0.7522949852507371, "0.1_10_3_0": 0.8375988200589976, "0.1_10_3_1": 0.8663539823008856, "0.1_11_1_0": 0.684142131979696, "0.1_11_1_1": 0.8051302876480534, "0.1_11_3_0": 0.8640304568527911, "0.1_11_3_1": 0.8924196277495782, "0.1_12_1_0": 0.5012626728110611, "0.1_12_1_1": 0.6868479262672822, "0.1_12_3_0": 0.5421935483871005, "0.1_12_3_1": 0.7135483870967743, "0.1_13_1_0": 0.5035263157894736, "0.1_13_1_1": 0.6451315789473684, "0.1_13_3_0": 0.6325263157894747, "0.1_13_3_1": 0.7205526315789486, "0.1_14_1_0": 0.7492231404958671, "0.1_14_1_1": 0.8392314049586773, "0.1_14_3_0": 0.8690000000000003, "0.1_14_3_1": 0.898438016528926, "0.1_15_1_0": 0.5544764267990079, "0.1_15_1_1": 0.7028089330024806, "0.1_15_3_0": 0.7402282878411902, "0.1_15_3_1": 0.8135186104218366, "0.1_16_1_0": 0.6505810397553519, "0.1_16_1_1": 0.7731314984709494, "0.1_16_3_0": 0.7942507645259942, "0.1_16_3_1": 0.8492966360856269, "0.1_17_1_0": 0.4757616892911008, "0.1_17_1_1": 0.6335294117647045, "0.1_17_3_0": 0.8761266968325783, "0.1_17_3_1": 0.8867209653091992, "0.1_18_1_0": 0.7424923076923078, "0.1_18_1_1": 0.836092307692312, "0.1_18_3_0": 0.8973230769230718, "0.1_18_3_1": 0.9004461538461485, "0.1_19_1_0": 0.39892337164750946, "0.1_19_1_1": 0.5481877394636017, "0.1_19_3_0": 0.9029463601532564, "0.1_19_3_1": 0.906400383141762, "0.1_20_1_0": 0.7662850877192985, "0.1_20_1_1": 0.8541008771929832, "0.1_20_3_0": 0.9105087719298235, "0.1_20_3_1": 0.9090657894736837, "1_2_1_0": 0.39827906976744193, "1_2_1_1": 0.4553627906976747, "1_2_3_0": 0.49482945736434125, "1_2_3_1": 0.49656434108527203, "1_3_1_0": 0.25841428571428593, "1_3_1_1": 0.3241380952380955, "1_3_3_0": 0.36585714285714305, "1_3_3_1": 0.3905476190476194, "1_4_1_0": 0.23463448275861987, "1_4_1_1": 0.30326206896551766, "1_4_3_0": 0.42396896551724395, "1_4_3_1": 0.43852068965517227, "1_5_1_0": 0.3172735507246379, "1_5_1_1": 0.39774094202898536, "1_5_3_0": 0.46321920289855034, "1_5_3_1": 0.47106702898550723, "1_6_1_0": 0.3802925170068024, "1_6_1_1": 0.43999319727891195, "1_6_3_0": 0.49785714285714106, "1_6_3_1": 0.4986122448979595, "1_7_1_0": 0.40990070921985694, "1_7_1_1": 0.4517730496453887, "1_7_3_0": 0.47330496453900667, "1_7_3_1": 0.4778865248226946, "1_8_1_0": 0.4002237762237753, "1_8_1_1": 0.4616783216783221, "1_8_3_0": 0.4632447552447551, "1_8_3_1": 0.4794825174825181, "1_9_1_0": 0.22210010214504614, "1_9_1_1": 0.2907007150153219, "1_9_3_0": 0.3370051072522986, "1_9_3_1": 0.36017773237997996, "1_10_1_0": 0.39587020648967547, "1_10_1_1": 0.453120943952802, "1_10_3_0": 0.4589734513274332, "1_10_3_1": 0.47338053097345123, "1_11_1_0": 0.4323857868020302, "1_11_1_1": 0.48118104906937476, "1_11_3_0": 0.4885989847715737, "1_11_3_1": 0.4968494077834179, "1_12_1_0": 0.3557603686635928, "1_12_1_1": 0.4415483870967697, "1_12_3_0": 0.25613824884792646, "1_12_3_1": 0.3914193548387071, "1_13_1_0": 0.3367368421052627, "1_13_1_1": 0.4038684210526325, "1_13_3_0": 0.3622368421052631, "1_13_3_1": 0.4214736842105259, "1_14_1_0": 0.46266942148760376, "1_14_1_1": 0.48975206611570204, "1_14_3_0": 0.4889834710743804, "1_14_3_1": 0.4967107438016526, "1_15_1_0": 0.373940446650124, "1_15_1_1": 0.4439801488833748, "1_15_3_0": 0.4221687344913147, "1_15_3_1": 0.46141439205955315, "1_16_1_0": 0.4128868501529054, "1_16_1_1": 0.46629357798165155, "1_16_3_0": 0.437064220183486, "1_16_3_1": 0.4732905198776761, "1_17_1_0": 0.34156561085972903, "1_17_1_1": 0.41703469079939715, "1_17_3_0": 0.48161387631975905, "1_17_3_1": 0.4905067873303179, "1_18_1_0": 0.45753846153845956, "1_18_1_1": 0.48570769230769245, "1_18_3_0": 0.4956615384615378, "1_18_3_1": 0.49739999999999973, "1_19_1_0": 0.2698256704980843, "1_19_1_1": 0.3491475095785438, "1_19_3_0": 0.4996226053639857, "1_19_3_1": 0.49995019157088066, "1_20_1_0": 0.4760000000000009, "1_20_1_1": 0.497574561403509, "1_20_3_0": 0.49999561403508774, "1_20_3_1": 0.5}